{
  "dataset_info": {
    "seed": 111,
    "dataset_index": 10,
    "node_count": 20,
    "edge_count": 20,
    "graph_type": "ER",
    "shifted_nodes": [
      15,
      17,
      16,
      5
    ],
    "shift_types": {
      "15": [
        "sin_cos"
      ],
      "17": [
        "sin_cos"
      ],
      "16": [
        "noise_laplace"
      ],
      "5": [
        "noise_laplace"
      ]
    },
    "shift_case": "sin_cos_noise_laplace",
    "deleted_parents": {}
  },
  "model": "linearccp",
  "exp_type": "synthetic",
  "config_name": "ER",
  "device": "cuda:0",
  "linearccp": {
    "shifted_nodes": [
      15,
      17,
      18
    ],
    "functional_change_nodes": [
      15,
      17,
      18
    ],
    "noise_change_nodes": [
      15,
      17
    ],
    "node_results": {
      "5": {
        "is_shifted": false,
        "parents": [
          3,
          4
        ],
        "function_test": {
          "f_statistic": 0.5440915998802763,
          "p_value": 0.5804548894705178,
          "is_function_changed": false,
          "beta_env1": [
            -0.020804506981648554,
            -0.04043330685689861
          ],
          "beta_env2": [
            -0.03373021471990993,
            0.0013721670192222014
          ]
        },
        "noise_test": {
          "ks_statistic": 0.038,
          "p_value": 0.4659595288557257,
          "is_noise_changed": false
        }
      },
      "7": {
        "is_shifted": false,
        "parents": [
          0
        ],
        "function_test": {
          "f_statistic": 0.08569638168764487,
          "p_value": 0.7697517463460071,
          "is_function_changed": false,
          "beta_env1": [
            0.02107166125485509
          ],
          "beta_env2": [
            0.029848862829523592
          ]
        },
        "noise_test": {
          "ks_statistic": 0.023,
          "p_value": 0.9542189106778983,
          "is_noise_changed": false
        }
      },
      "8": {
        "is_shifted": false,
        "parents": [
          2,
          7
        ],
        "function_test": {
          "f_statistic": 1.7334088237023952,
          "p_value": 0.1769472356850711,
          "is_function_changed": false,
          "beta_env1": [
            0.0005271526302668095,
            0.1276524674531045
          ],
          "beta_env2": [
            0.02338291979202294,
            0.2236192991305996
          ]
        },
        "noise_test": {
          "ks_statistic": 0.039,
          "p_value": 0.43260886958153144,
          "is_noise_changed": false
        }
      },
      "10": {
        "is_shifted": false,
        "parents": [
          7
        ],
        "function_test": {
          "f_statistic": 1.4269279839141877,
          "p_value": 0.23240837525110303,
          "is_function_changed": false,
          "beta_env1": [
            0.10789171913197138
          ],
          "beta_env2": [
            0.16143730985619456
          ]
        },
        "noise_test": {
          "ks_statistic": 0.036,
          "p_value": 0.5362766985932181,
          "is_noise_changed": false
        }
      },
      "12": {
        "is_shifted": false,
        "parents": [
          1,
          9
        ],
        "function_test": {
          "f_statistic": 0.022624032789990898,
          "p_value": 0.9776302224475986,
          "is_function_changed": false,
          "beta_env1": [
            -0.009042497169345553,
            -0.01734389092167922
          ],
          "beta_env2": [
            -0.012948914734004476,
            -0.02436290731963904
          ]
        },
        "noise_test": {
          "ks_statistic": 0.04,
          "p_value": 0.4006338815832625,
          "is_noise_changed": false
        }
      },
      "13": {
        "is_shifted": false,
        "parents": [
          10
        ],
        "function_test": {
          "f_statistic": 0.2834049579988194,
          "p_value": 0.5945373751122491,
          "is_function_changed": false,
          "beta_env1": [
            0.12424233237950046
          ],
          "beta_env2": [
            0.10137601823717712
          ]
        },
        "noise_test": {
          "ks_statistic": 0.02,
          "p_value": 0.9883339509983219,
          "is_noise_changed": false
        }
      },
      "14": {
        "is_shifted": false,
        "parents": [
          1,
          9
        ],
        "function_test": {
          "f_statistic": 0.29839160552910976,
          "p_value": 0.74204383428559,
          "is_function_changed": false,
          "beta_env1": [
            -0.016776160209458168,
            0.02567242582112174
          ],
          "beta_env2": [
            -0.016950475862697045,
            -0.002997273090194836
          ]
        },
        "noise_test": {
          "ks_statistic": 0.025,
          "p_value": 0.9136894237272155,
          "is_noise_changed": false
        }
      },
      "15": {
        "is_shifted": true,
        "parents": [
          4
        ],
        "function_test": {
          "f_statistic": 56.79028884682904,
          "p_value": 7.30526750203353e-14,
          "is_function_changed": true,
          "beta_env1": [
            -0.016727515820603906
          ],
          "beta_env2": [
            0.2311856990799464
          ]
        },
        "noise_test": {
          "ks_statistic": 0.084,
          "p_value": 0.0017162135084044633,
          "is_noise_changed": true
        }
      },
      "16": {
        "is_shifted": false,
        "parents": [
          1,
          14
        ],
        "function_test": {
          "f_statistic": 1.3484962266813791,
          "p_value": 0.2598670587439018,
          "is_function_changed": false,
          "beta_env1": [
            -0.10215586787781752,
            0.2583270752438412
          ],
          "beta_env2": [
            -0.04149858453847553,
            0.20717420182840374
          ]
        },
        "noise_test": {
          "ks_statistic": 0.052,
          "p_value": 0.13385273551786803,
          "is_noise_changed": false
        }
      },
      "17": {
        "is_shifted": true,
        "parents": [
          1,
          3,
          15
        ],
        "function_test": {
          "f_statistic": 19.806314560669676,
          "p_value": 1.190825216212943e-12,
          "is_function_changed": true,
          "beta_env1": [
            -0.03897250008473108,
            -0.036935607845616114,
            0.14206926483890583
          ],
          "beta_env2": [
            0.1921293211304803,
            0.23548193465468992,
            0.30069965281877653
          ]
        },
        "noise_test": {
          "ks_statistic": 0.086,
          "p_value": 0.0012207544622917959,
          "is_noise_changed": true
        }
      },
      "18": {
        "is_shifted": true,
        "parents": [
          1,
          17
        ],
        "function_test": {
          "f_statistic": 15.816025563658926,
          "p_value": 1.531440249058491e-07,
          "is_function_changed": true,
          "beta_env1": [
            -0.07190577717129014,
            0.08643962879593539
          ],
          "beta_env2": [
            -0.024549898905722102,
            -0.14946987599643824
          ]
        },
        "noise_test": {
          "ks_statistic": 0.025,
          "p_value": 0.9136894237272155,
          "is_noise_changed": false
        }
      },
      "19": {
        "is_shifted": false,
        "parents": [
          14
        ],
        "function_test": {
          "f_statistic": 0.002095479392732504,
          "p_value": 0.9634930431558926,
          "is_function_changed": false,
          "beta_env1": [
            0.019458691005975585
          ],
          "beta_env2": [
            0.017484727572889828
          ]
        },
        "noise_test": {
          "ks_statistic": 0.029,
          "p_value": 0.7946637387576738,
          "is_noise_changed": false
        }
      }
    },