{
  "dataset_info": {
    "seed": 105,
    "dataset_index": 4,
    "node_count": 20,
    "edge_count": 20,
    "graph_type": "ER",
    "shifted_nodes": [
      8,
      7,
      5,
      17
    ],
    "shift_types": {
      "8": [
        "sin_cos"
      ],
      "7": [
        "sin_cos"
      ],
      "5": [
        "noise_N02"
      ],
      "17": [
        "noise_N02"
      ]
    },
    "shift_case": "sin_cos_noise_N02",
    "deleted_parents": {}
  },
  "model": "linearccp",
  "exp_type": "synthetic",
  "config_name": "ER",
  "device": "cuda:0",
  "linearccp": {
    "shifted_nodes": [
      8,
      13,
      17
    ],
    "functional_change_nodes": [
      8,
      13,
      17
    ],
    "noise_change_nodes": [
      8,
      17
    ],
    "node_results": {
      "4": {
        "is_shifted": false,
        "parents": [
          3
        ],
        "function_test": {
          "f_statistic": 1.2338951514902137,
          "p_value": 0.2667846500921631,
          "is_function_changed": false,
          "beta_env1": [
            0.028910260689517936
          ],
          "beta_env2": [
            -0.005554429181373835
          ]
        },
        "noise_test": {
          "ks_statistic": 0.019,
          "p_value": 0.9937026761524456,
          "is_noise_changed": false
        }
      },
      "5": {
        "is_shifted": false,
        "parents": [
          2,
          3
        ],
        "function_test": {
          "f_statistic": 0.6956482334503254,
          "p_value": 0.4988720370095837,
          "is_function_changed": false,
          "beta_env1": [
            -0.034133916860352616,
            -0.001317024263271358
          ],
          "beta_env2": [
            0.012776213963327135,
            0.008374986385340854
          ]
        },
        "noise_test": {
          "ks_statistic": 0.048,
          "p_value": 0.19957365535779528,
          "is_noise_changed": false
        }
      },
      "7": {
        "is_shifted": false,
        "parents": [
          4
        ],
        "function_test": {
          "f_statistic": 3.313066711952494,
          "p_value": 0.06888081852971606,
          "is_function_changed": false,
          "beta_env1": [
            0.1370666717644059
          ],
          "beta_env2": [
            0.22216250816704317
          ]
        },
        "noise_test": {
          "ks_statistic": 0.048,
          "p_value": 0.19957365535779528,
          "is_noise_changed": false
        }
      },
      "8": {
        "is_shifted": true,
        "parents": [
          0
        ],
        "function_test": {
          "f_statistic": 34.144247040007556,
          "p_value": 5.962015658944608e-09,
          "is_function_changed": true,
          "beta_env1": [
            0.056035659798329265
          ],
          "beta_env2": [
            0.2472530879163375
          ]
        },
        "noise_test": {
          "ks_statistic": 0.077,
          "p_value": 0.005306868855560685,
          "is_noise_changed": true
        }
      },
      "9": {
        "is_shifted": false,
        "parents": [
          3
        ],
        "function_test": {
          "f_statistic": 0.6371322703979486,
          "p_value": 0.42484611098981817,
          "is_function_changed": false,
          "beta_env1": [
            0.037333864599388526
          ],
          "beta_env2": [
            0.012770789319598139
          ]
        },
        "noise_test": {
          "ks_statistic": 0.028,
          "p_value": 0.8282194040312439,
          "is_noise_changed": false
        }
      },
      "11": {
        "is_shifted": false,
        "parents": [
          2
        ],
        "function_test": {
          "f_statistic": 0.4643343876416778,
          "p_value": 0.4956842783891613,
          "is_function_changed": false,
          "beta_env1": [
            -0.018385581752914222
          ],
          "beta_env2": [
            0.002742331295047299
          ]
        },
        "noise_test": {
          "ks_statistic": 0.021,
          "p_value": 0.9802627322900355,
          "is_noise_changed": false
        }
      },
      "12": {
        "is_shifted": false,
        "parents": [
          1,
          4
        ],
        "function_test": {
          "f_statistic": 1.1653932979521695,
          "p_value": 0.31201228587443075,
          "is_function_changed": false,
          "beta_env1": [
            0.015942826731026028,
            0.15073172379178693
          ],
          "beta_env2": [
            -0.038185247858569984,
            0.13575972463740182
          ]
        },
        "noise_test": {
          "ks_statistic": 0.041,
          "p_value": 0.37012017606173,
          "is_noise_changed": false
        }
      },
      "13": {
        "is_shifted": true,
        "parents": [
          11
        ],
        "function_test": {
          "f_statistic": 5.212603132879272,
          "p_value": 0.022528429706857644,
          "is_function_changed": true,
          "beta_env1": [
            0.0511564253348415
          ],
          "beta_env2": [
            0.15783560664915983
          ]
        },
        "noise_test": {
          "ks_statistic": 0.029,
          "p_value": 0.7946637387576738,
          "is_noise_changed": false
        }
      },
      "14": {
        "is_shifted": false,
        "parents": [
          2,
          13
        ],
        "function_test": {
          "f_statistic": 0.9006160865953565,
          "p_value": 0.40648446939139693,
          "is_function_changed": false,
          "beta_env1": [
            -0.012202378001604574,
            0.19177168093004698
          ],
          "beta_env2": [
            0.01820815853406011,
            0.2514717770200749
          ]
        },
        "noise_test": {
          "ks_statistic": 0.019,
          "p_value": 0.9937026761524456,
          "is_noise_changed": false
        }
      },
      "16": {
        "is_shifted": false,
        "parents": [
          1,
          9
        ],
        "function_test": {
          "f_statistic": 0.1968145156363802,
          "p_value": 0.8213589191356807,
          "is_function_changed": false,
          "beta_env1": [
            -0.008891048588300286,
            0.16476687620109567
          ],
          "beta_env2": [
            -0.025851621143349917,
            0.18771846241566084
          ]
        },
        "noise_test": {
          "ks_statistic": 0.038,
          "p_value": 0.4659595288557257,
          "is_noise_changed": false
        }
      },
      "17": {
        "is_shifted": true,
        "parents": [
          2,
          10,
          12,
          14
        ],
        "function_test": {
          "f_statistic": 2.88680046288402,
          "p_value": 0.02130504936319877,
          "is_function_changed": true,
          "beta_env1": [
            0.034704766197605784,
            -0.03453679085746783,
            -0.052420632675522674,
            0.25198162218028075
          ],
          "beta_env2": [
            -0.00931946302046849,
            -0.029901412975021295,
            0.16462471986654828,
            0.3281369335236161
          ]
        },
        "noise_test": {
          "ks_statistic": 0.066,
          "p_value": 0.025633868930359294,
          "is_noise_changed": true
        }
      },
      "19": {
        "is_shifted": false,
        "parents": [
          0,
          18
        ],
        "function_test": {
          "f_statistic": 0.6439570280101892,
          "p_value": 0.5253192251375899,
          "is_function_changed": false,
          "beta_env1": [
            0.03661102865987679,
            -0.03439689636272218
          ],
          "beta_env2": [
            0.0018233821149946901,
            -0.01218914555509869
          ]
        },
        "noise_test": {
          "ks_statistic": 0.021,
          "p_value": 0.9802627322900355,
          "is_noise_changed": false
        }
      }
    },