{
  "dataset_info": {
    "seed": 129,
    "dataset_index": 28,
    "node_count": 20,
    "edge_count": 20,
    "graph_type": "ER",
    "shifted_nodes": [
      19,
      9,
      7,
      17
    ],
    "shift_types": {
      "19": [
        "noise_N02"
      ],
      "9": [
        "noise_N02"
      ],
      "7": [
        "noise_laplace"
      ],
      "17": [
        "noise_laplace"
      ]
    },
    "shift_case": "noise_N02_laplace",
    "deleted_parents": {}
  },
  "model": "linearccp",
  "exp_type": "synthetic",
  "config_name": "ER",
  "device": "cuda:0",
  "linearccp": {
    "shifted_nodes": [
      12,
      15,
      19
    ],
    "functional_change_nodes": [
      12,
      15
    ],
    "noise_change_nodes": [
      19
    ],
    "node_results": {
      "2": {
        "is_shifted": false,
        "parents": [
          1
        ],
        "function_test": {
          "f_statistic": 0.39436195660603485,
          "p_value": 0.5300872779066735,
          "is_function_changed": false,
          "beta_env1": [
            -0.005452848528125138
          ],
          "beta_env2": [
            -0.024400076790205477
          ]
        },
        "noise_test": {
          "ks_statistic": 0.034,
          "p_value": 0.6101664688189142,
          "is_noise_changed": false
        }
      },
      "5": {
        "is_shifted": false,
        "parents": [
          4
        ],
        "function_test": {
          "f_statistic": 3.7345538998158574,
          "p_value": 0.053439229030212476,
          "is_function_changed": false,
          "beta_env1": [
            -0.09394956513668414
          ],
          "beta_env2": [
            -0.03462343809338223
          ]
        },
        "noise_test": {
          "ks_statistic": 0.025,
          "p_value": 0.9136894237272155,
          "is_noise_changed": false
        }
      },
      "6": {
        "is_shifted": false,
        "parents": [
          1,
          3,
          4
        ],
        "function_test": {
          "f_statistic": 1.2664700333201873,
          "p_value": 0.28426511611312977,
          "is_function_changed": false,
          "beta_env1": [
            0.034425061143796225,
            0.039211172637510845,
            -0.02030510784688157
          ],
          "beta_env2": [
            -0.028822747675831747,
            -0.00659138938719387,
            -0.046699193327020064
          ]
        },
        "noise_test": {
          "ks_statistic": 0.037,
          "p_value": 0.5005673707894058,
          "is_noise_changed": false
        }
      },
      "7": {
        "is_shifted": false,
        "parents": [
          3
        ],
        "function_test": {
          "f_statistic": 3.5091138720666564,
          "p_value": 0.06117812739753736,
          "is_function_changed": false,
          "beta_env1": [
            0.056643912154474875
          ],
          "beta_env2": [
            -0.010959604938367033
          ]
        },
        "noise_test": {
          "ks_statistic": 0.059,
          "p_value": 0.06153429181321559,
          "is_noise_changed": false
        }
      },
      "9": {
        "is_shifted": false,
        "parents": [
          1,
          4
        ],
        "function_test": {
          "f_statistic": 0.6443966589112199,
          "p_value": 0.525088478387709,
          "is_function_changed": false,
          "beta_env1": [
            0.007400276984421037,
            -0.06261288138682616
          ],
          "beta_env2": [
            0.03582056303781753,
            -0.02717497123856329
          ]
        },
        "noise_test": {
          "ks_statistic": 0.028,
          "p_value": 0.8282194040312439,
          "is_noise_changed": false
        }
      },
      "11": {
        "is_shifted": false,
        "parents": [
          9
        ],
        "function_test": {
          "f_statistic": 0.6346155771336083,
          "p_value": 0.42576206851587883,
          "is_function_changed": false,
          "beta_env1": [
            -0.009552335703986836
          ],
          "beta_env2": [
            -0.04231305616103007
          ]
        },
        "noise_test": {
          "ks_statistic": 0.032,
          "p_value": 0.6854967337920594,
          "is_noise_changed": false
        }
      },
      "12": {
        "is_shifted": true,
        "parents": [
          5
        ],
        "function_test": {
          "f_statistic": 5.244398278632449,
          "p_value": 0.022121427681766948,
          "is_function_changed": true,
          "beta_env1": [
            0.2114288466220076
          ],
          "beta_env2": [
            0.1118859453863301
          ]
        },
        "noise_test": {
          "ks_statistic": 0.026,
          "p_value": 0.8881734182535203,
          "is_noise_changed": false
        }
      },
      "14": {
        "is_shifted": false,
        "parents": [
          1,
          4,
          11
        ],
        "function_test": {
          "f_statistic": 1.869433458532873,
          "p_value": 0.13267360131973516,
          "is_function_changed": false,
          "beta_env1": [
            -0.06976658342806782,
            0.005814356239886329,
            0.03460344367493683
          ],
          "beta_env2": [
            0.0020106513773223973,
            -0.04944684335368436,
            0.09814730890947729
          ]
        },
        "noise_test": {
          "ks_statistic": 0.025,
          "p_value": 0.9136894237272155,
          "is_noise_changed": false
        }
      },
      "15": {
        "is_shifted": true,
        "parents": [
          0
        ],
        "function_test": {
          "f_statistic": 12.3452479581852,
          "p_value": 0.0004519532391339398,
          "is_function_changed": true,
          "beta_env1": [
            0.05068299091589721
          ],
          "beta_env2": [
            -0.05809855020484028
          ]
        },
        "noise_test": {
          "ks_statistic": 0.036,
          "p_value": 0.5362766985932181,
          "is_noise_changed": false
        }
      },
      "16": {
        "is_shifted": false,
        "parents": [
          8,
          12
        ],
        "function_test": {
          "f_statistic": 1.2195854975041434,
          "p_value": 0.29557278147120836,
          "is_function_changed": false,
          "beta_env1": [
            -0.011668504201044975,
            0.05048829961000197
          ],
          "beta_env2": [
            0.046882877577033945,
            0.04492170013630908
          ]
        },
        "noise_test": {
          "ks_statistic": 0.04,
          "p_value": 0.4006338815832625,
          "is_noise_changed": false
        }
      },
      "17": {
        "is_shifted": false,
        "parents": [
          0
        ],
        "function_test": {
          "f_statistic": 1.2494779562001943,
          "p_value": 0.2637867283292582,
          "is_function_changed": false,
          "beta_env1": [
            0.011917693884600842
          ],
          "beta_env2": [
            -0.029160074340312852
          ]
        },
        "noise_test": {
          "ks_statistic": 0.05,
          "p_value": 0.16411447756429137,
          "is_noise_changed": false
        }
      },
      "18": {
        "is_shifted": false,
        "parents": [
          9
        ],
        "function_test": {
          "f_statistic": 0.47640710762410843,
          "p_value": 0.49013451831772326,
          "is_function_changed": false,
          "beta_env1": [
            0.041836244563015296
          ],
          "beta_env2": [
            0.01475989194201183
          ]
        },
        "noise_test": {
          "ks_statistic": 0.03,
          "p_value": 0.7593695685682871,
          "is_noise_changed": false
        }
      },
      "19": {
        "is_shifted": true,
        "parents": [
          9,
          10
        ],
        "function_test": {
          "f_statistic": 0.5179841749165349,