{
  "dataset_info": {
    "seed": 130,
    "dataset_index": 29,
    "node_count": 20,
    "edge_count": 20,
    "graph_type": "ER",
    "shifted_nodes": [
      14,
      16,
      12,
      15
    ],
    "shift_types": {
      "14": [
        "noise_N02"
      ],
      "16": [
        "noise_N02"
      ],
      "12": [
        "noise_laplace"
      ],
      "15": [
        "noise_laplace"
      ]
    },
    "shift_case": "noise_N02_laplace",
    "deleted_parents": {}
  },
  "model": "linearccp",
  "exp_type": "synthetic",
  "config_name": "ER",
  "device": "cuda:0",
  "linearccp": {
    "shifted_nodes": [
      7,
      16
    ],
    "functional_change_nodes": [
      7
    ],
    "noise_change_nodes": [
      16
    ],
    "node_results": {
      "5": {
        "is_shifted": false,
        "parents": [
          1,
          4
        ],
        "function_test": {
          "f_statistic": 0.5528016569688418,
          "p_value": 0.5754238041400797,
          "is_function_changed": false,
          "beta_env1": [
            -0.026256478691938662,
            0.0007825457007846395
          ],
          "beta_env2": [
            -0.06357948268293906,
            0.012522375910599142
          ]
        },
        "noise_test": {
          "ks_statistic": 0.034,
          "p_value": 0.6101664688189142,
          "is_noise_changed": false
        }
      },
      "6": {
        "is_shifted": false,
        "parents": [
          2
        ],
        "function_test": {
          "f_statistic": 2.074021499216223,
          "p_value": 0.1499828242467155,
          "is_function_changed": false,
          "beta_env1": [
            -0.014687263441451843
          ],
          "beta_env2": [
            0.0308372129997777
          ]
        },
        "noise_test": {
          "ks_statistic": 0.037,
          "p_value": 0.5005673707894058,
          "is_noise_changed": false
        }
      },
      "7": {
        "is_shifted": true,
        "parents": [
          1
        ],
        "function_test": {
          "f_statistic": 4.302251155546985,
          "p_value": 0.038189883079772224,
          "is_function_changed": true,
          "beta_env1": [
            0.02858658977060489
          ],
          "beta_env2": [
            -0.038112154593827496
          ]
        },
        "noise_test": {
          "ks_statistic": 0.027,
          "p_value": 0.8595454206943325,
          "is_noise_changed": false
        }
      },
      "11": {
        "is_shifted": false,
        "parents": [
          1
        ],
        "function_test": {
          "f_statistic": 1.7441634810043085,
          "p_value": 0.18676354985154187,
          "is_function_changed": false,
          "beta_env1": [
            0.009802070095369113
          ],
          "beta_env2": [
            -0.031077443416779177
          ]
        },
        "noise_test": {
          "ks_statistic": 0.019,
          "p_value": 0.9937026761524456,
          "is_noise_changed": false
        }
      },
      "12": {
        "is_shifted": false,
        "parents": [
          2,
          11
        ],
        "function_test": {
          "f_statistic": 0.18842299279547986,
          "p_value": 0.8282790288415137,
          "is_function_changed": false,
          "beta_env1": [
            -0.00827752420910835,
            0.06596541063572381
          ],
          "beta_env2": [
            -0.009992214592614321,
            0.10175710916489104
          ]
        },
        "noise_test": {
          "ks_statistic": 0.043,
          "p_value": 0.3136800387320582,
          "is_noise_changed": false
        }
      },
      "13": {
        "is_shifted": false,
        "parents": [
          0,
          4,
          10
        ],
        "function_test": {
          "f_statistic": 2.27696394885315,
          "p_value": 0.07783017099922407,
          "is_function_changed": false,
          "beta_env1": [
            -0.020048207714926245,
            -0.010579754065068885,
            0.0732418835078687
          ],
          "beta_env2": [
            -0.05951990189749313,
            0.024254734492517582,
            -0.018736788961853698
          ]
        },
        "noise_test": {
          "ks_statistic": 0.029,
          "p_value": 0.7946637387576738,
          "is_noise_changed": false
        }
      },
      "14": {
        "is_shifted": false,
        "parents": [
          1
        ],
        "function_test": {
          "f_statistic": 3.796729199950309,
          "p_value": 0.05149276262212055,
          "is_function_changed": false,
          "beta_env1": [
            0.005570373918067406
          ],
          "beta_env2": [
            -0.06455476818406944
          ]
        },
        "noise_test": {
          "ks_statistic": 0.056,
          "p_value": 0.08689937254547132,
          "is_noise_changed": false
        }
      },
      "15": {
        "is_shifted": false,
        "parents": [
          8,
          12
        ],
        "function_test": {
          "f_statistic": 0.28044890804258243,
          "p_value": 0.7554743330479656,
          "is_function_changed": false,
          "beta_env1": [
            0.011535130608224026,
            0.07267098789543193
          ],
          "beta_env2": [
            -0.010239711049884394,
            0.042342307171263145
          ]
        },
        "noise_test": {
          "ks_statistic": 0.046,
          "p_value": 0.24068202486600215,
          "is_noise_changed": false
        }
      },
      "16": {
        "is_shifted": true,
        "parents": [
          2
        ],
        "function_test": {
          "f_statistic": 0.20533936692120855,
          "p_value": 0.6504944015416273,
          "is_function_changed": false,
          "beta_env1": [
            0.0017337963273690784
          ],
          "beta_env2": [
            0.017500789147979326
          ]
        },
        "noise_test": {
          "ks_statistic": 0.088,
          "p_value": 0.0008613642727365059,
          "is_noise_changed": true
        }
      },
      "17": {
        "is_shifted": false,
        "parents": [
          1,
          11
        ],
        "function_test": {
          "f_statistic": 2.1878886395030492,
          "p_value": 0.11242246268126999,
          "is_function_changed": false,
          "beta_env1": [
            -0.028291734327585142,
            0.47637887924807965
          ],
          "beta_env2": [
            -0.06835960630521197,
            0.5666634758425244
          ]
        },
        "noise_test": {
          "ks_statistic": 0.029,
          "p_value": 0.7946637387576738,
          "is_noise_changed": false
        }
      },
      "18": {
        "is_shifted": false,
        "parents": [
          3,
          4,
          17
        ],
        "function_test": {
          "f_statistic": 0.3639354230315755,
          "p_value": 0.7790585264857179,
          "is_function_changed": false,
          "beta_env1": [
            -0.008887906596715962,
            0.012037714343979263,
            0.03331254776672955
          ],
          "beta_env2": [
            -0.04008588876421174,
            -0.006039628277416921,
            0.0018227701154347896
          ]
        },
        "noise_test": {
          "ks_statistic": 0.032,
          "p_value": 0.6854967337920594,
          "is_noise_changed": false
        }
      },
      "19": {
        "is_shifted": false,
        "parents": [
          0
        ],
        "function_test": {
          "f_statistic": 1.0568601997138165,
          "p_value": 0.3040569559014735,
          "is_function_changed": false,
          "beta_env1": [
            0.021865922036089752
          ],
          "beta_env2": [
            -0.010325324899851994
          ]
        },
        "noise_test": {
          "ks_statistic": 0.026,
          "p_value": 0.8881734182535203,
          "is_noise_changed": false
        }
      }
    },