{
  "dataset_info": {
    "seed": 103,
    "dataset_index": 2,
    "node_count": 20,
    "edge_count": 20,
    "graph_type": "ER",
    "shifted_nodes": [
      7,
      19,
      4,
      18
    ],
    "shift_types": {
      "7": [
        "sin_cos"
      ],
      "19": [
        "sin_cos"
      ],
      "4": [
        "noise_N02"
      ],
      "18": [
        "noise_N02"
      ]
    },
    "shift_case": "sin_cos_noise_N02",
    "deleted_parents": {}
  },
  "model": "linearccp",
  "exp_type": "synthetic",
  "config_name": "ER",
  "device": "cuda:0",
  "linearccp": {
    "shifted_nodes": [
      4,
      7,
      12,
      18,
      19
    ],
    "functional_change_nodes": [
      7,
      12,
      18,
      19
    ],
    "noise_change_nodes": [
      4,
      7,
      18,
      19
    ],
    "node_results": {
      "4": {
        "is_shifted": true,
        "parents": [
          0,
          3
        ],
        "function_test": {
          "f_statistic": 0.2960636799058326,
          "p_value": 0.7437727533291185,
          "is_function_changed": false,
          "beta_env1": [
            -0.036404500569160225,
            -0.03616488767859763
          ],
          "beta_env2": [
            -0.030668803846507185,
            -0.005191546276654775
          ]
        },
        "noise_test": {
          "ks_statistic": 0.066,
          "p_value": 0.025633868930359294,
          "is_noise_changed": true
        }
      },
      "5": {
        "is_shifted": false,
        "parents": [
          2
        ],
        "function_test": {
          "f_statistic": 0.593160787176235,
          "p_value": 0.4412906000118221,
          "is_function_changed": false,
          "beta_env1": [
            -0.01796828365655279
          ],
          "beta_env2": [
            0.005507112395512752
          ]
        },
        "noise_test": {
          "ks_statistic": 0.025,
          "p_value": 0.9136894237272155,
          "is_noise_changed": false
        }
      },
      "7": {
        "is_shifted": true,
        "parents": [
          6
        ],
        "function_test": {
          "f_statistic": 41.04791567718857,
          "p_value": 1.8477408492145742e-10,
          "is_function_changed": true,
          "beta_env1": [
            0.0100609497994043
          ],
          "beta_env2": [
            0.22170061823334689
          ]
        },
        "noise_test": {
          "ks_statistic": 0.072,
          "p_value": 0.01118990326412112,
          "is_noise_changed": true
        }
      },
      "10": {
        "is_shifted": false,
        "parents": [
          5
        ],
        "function_test": {
          "f_statistic": 0.02266872714878956,
          "p_value": 0.880336946661806,
          "is_function_changed": false,
          "beta_env1": [
            0.1717017170781148
          ],
          "beta_env2": [
            0.1649510634372487
          ]
        },
        "noise_test": {
          "ks_statistic": 0.033,
          "p_value": 0.647814872077161,
          "is_noise_changed": false
        }
      },
      "11": {
        "is_shifted": false,
        "parents": [
          0
        ],
        "function_test": {
          "f_statistic": 0.4117236356092673,
          "p_value": 0.5211696264319705,
          "is_function_changed": false,
          "beta_env1": [
            -0.02056705331355853
          ],
          "beta_env2": [
            -0.0013074151306692245
          ]
        },
        "noise_test": {
          "ks_statistic": 0.027,
          "p_value": 0.8595454206943325,
          "is_noise_changed": false
        }
      },
      "12": {
        "is_shifted": true,
        "parents": [
          7
        ],
        "function_test": {
          "f_statistic": 4.7549454630531836,
          "p_value": 0.029330638287985655,
          "is_function_changed": true,
          "beta_env1": [
            0.10690415859656023
          ],
          "beta_env2": [
            0.015320816349635658
          ]
        },
        "noise_test": {
          "ks_statistic": 0.041,
          "p_value": 0.37012017606173,
          "is_noise_changed": false
        }
      },
      "13": {
        "is_shifted": false,
        "parents": [
          3,
          4,
          6
        ],
        "function_test": {
          "f_statistic": 1.9865993195671967,
          "p_value": 0.11394950880925014,
          "is_function_changed": false,
          "beta_env1": [
            -0.04632264861049358,
            0.24150088378314383,
            0.017442217423555374
          ],
          "beta_env2": [
            -0.027189876449988746,
            0.1401305158109567,
            0.07790892883439353
          ]
        },
        "noise_test": {
          "ks_statistic": 0.028,
          "p_value": 0.8282194040312439,
          "is_noise_changed": false
        }
      },
      "14": {
        "is_shifted": false,
        "parents": [
          13
        ],
        "function_test": {
          "f_statistic": 0.25598871732878764,
          "p_value": 0.612945322874735,
          "is_function_changed": false,
          "beta_env1": [
            -0.14385114743104951
          ],
          "beta_env2": [
            -0.12370811274565464
          ]
        },
        "noise_test": {
          "ks_statistic": 0.034,
          "p_value": 0.6101664688189142,
          "is_noise_changed": false
        }
      },
      "16": {
        "is_shifted": false,
        "parents": [
          4,
          15
        ],
        "function_test": {
          "f_statistic": 1.1492156216795695,
          "p_value": 0.3170950223634902,
          "is_function_changed": false,
          "beta_env1": [
            0.024354175603879136,
            0.06163168835687384
          ],
          "beta_env2": [
            -0.03098808417827288,
            0.024367839290644025
          ]
        },
        "noise_test": {
          "ks_statistic": 0.021,
          "p_value": 0.9802627322900355,
          "is_noise_changed": false
        }
      },
      "17": {
        "is_shifted": false,
        "parents": [
          1
        ],
        "function_test": {
          "f_statistic": 0.019224820585264576,
          "p_value": 0.889737873056745,
          "is_function_changed": false,
          "beta_env1": [
            0.00966641951758462
          ],
          "beta_env2": [
            0.005262495947976085
          ]
        },
        "noise_test": {
          "ks_statistic": 0.029,
          "p_value": 0.7946637387576738,
          "is_noise_changed": false
        }
      },
      "18": {
        "is_shifted": true,
        "parents": [
          7,
          14
        ],
        "function_test": {
          "f_statistic": 4.237524290521505,
          "p_value": 0.014573588371463164,
          "is_function_changed": true,
          "beta_env1": [
            0.15825329141421526,
            -0.0035284960193208794
          ],
          "beta_env2": [
            0.017992296666897716,
            0.07384725336247029
          ]
        },
        "noise_test": {
          "ks_statistic": 0.063,
          "p_value": 0.03776014017220749,
          "is_noise_changed": true
        }
      },
      "19": {
        "is_shifted": true,
        "parents": [
          5,
          11,
          13,
          14
        ],
        "function_test": {
          "f_statistic": 3.072001987939203,
          "p_value": 0.015543216292296935,
          "is_function_changed": true,
          "beta_env1": [
            0.05526892261807066,
            0.10719462777829303,
            -0.04733312052067799,
            0.4306100110094122
          ],
          "beta_env2": [
            0.2563491434136585,
            0.07484459233551499,
            -0.11006652492733264,
            0.3032532220518253
          ]
        },
        "noise_test": {
          "ks_statistic": 0.07,
          "p_value": 0.014870029418858987,
          "is_noise_changed": true
        }
      }
    },