{
  "dataset_info": {
    "seed": 95,
    "dataset_index": 24,
    "node_count": 10,
    "edge_count": 10,
    "graph_type": "SF",
    "shifted_nodes": [
      9,
      8
    ],
    "shift_types": {
      "9": [
        "sin_cos"
      ],
      "8": [
        "pa_delete"
      ]
    },
    "shift_case": "sin_cos_pa_delete",
    "deleted_parents": {
      "8": 3
    }
  },
  "model": "iscan",
  "config_name": "SF",
  "dag_structure": "standard",
  "device": "cuda:0",
  "iscan": {
    "detected_shifted_nodes": [
      2,
      0
    ],
    "order": [
      1,
      3,
      2,
      5,
      8,
      4,
      9,
      7,
      6,
      0
    ],
    "ratio_dict": {
      "2": 1.5054055917877744,
      "0": 1.2242971868061812,
      "8": 1.0128727301503186,
      "3": 0.9621948819635905,
      "7": 0.9258108801257784,
      "6": 0.8460611237266095,
      "5": 0.8407265546091246,
      "4": 0.823051594514643,
      "9": 0.6473634940249933
    },
    "true_shifted_node_summary": {
      "8": {
        "is_detected_as_shifted": false,
        "has_functional_shift_detected": true
      },
      "9": {
        "is_detected_as_shifted": false,
        "has_functional_shift_detected": true
      }
    },
    "functional_shift_results": {
      "8": {
        "shifted_edges": [
          [
            3,
            8
          ]
        ],
        "test_details": {
          "y_node": 8,
          "parents": [
            3
          ],
          "functional_shift_detected": true,
          "p_value_overall": 1.3553602684623911e-12,
          "parent_specific_p_values": {
            "3": 1.3553602684623911e-12
          },
          "coefficients_env1": {
            "Intercept": 1.9250082680415375,
            "bs(x3, df=4, degree=3)[0]": -1.7440613805380307,
            "bs(x3, df=4, degree=3)[1]": -2.2980388891939536,
            "bs(x3, df=4, degree=3)[2]": 0.20503177074072432,
            "bs(x3, df=4, degree=3)[3]": -4.458174368461778
          },
          "coefficients_env2": {
            "Intercept": -0.17541043708665263,
            "bs(x3, df=4, degree=3)[0]": 0.4013089778206293,
            "bs(x3, df=4, degree=3)[1]": 0.25655102309399874,
            "bs(x3, df=4, degree=3)[2]": 0.034197507986875056,
            "bs(x3, df=4, degree=3)[3]": 0.016476863691996135
          }
        },
        "has_functional_shift": true
      },
      "9": {
        "shifted_edges": [
          [
            1,
            9
          ]
        ],
        "test_details": {
          "y_node": 9,
          "parents": [
            1
          ],
          "functional_shift_detected": true,
          "p_value_overall": 1.1102230246251565e-16,
          "parent_specific_p_values": {
            "1": 1.1102230246251565e-16
          },
          "coefficients_env1": {
            "Intercept": -0.3386087035496511,
            "bs(x1, df=4, degree=3)[0]": 2.1191370746516367,
            "bs(x1, df=4, degree=3)[1]": -1.54602701755588,
            "bs(x1, df=4, degree=3)[2]": 2.8544369434549806,
            "bs(x1, df=4, degree=3)[3]": -2.289192097937187
          },
          "coefficients_env2": {
            "Intercept": 0.939400800319111,
            "bs(x1, df=4, degree=3)[0]": -2.4888591441894596,
            "bs(x1, df=4, degree=3)[1]": 1.4982315330838265,
            "bs(x1, df=4, degree=3)[2]": -1.3756617539703382,
            "bs(x1, df=4, degree=3)[3]": -0.6491009794242049
          }
        },
        "has_functional_shift": true
      }
    },
    "all_shifted_edges": [
      [
        3,
        8
      ],
      [
        1,
        9
      ]
    ]
  }
}