{
  "dataset_info": {
    "seed": 81,
    "dataset_index": 10,
    "node_count": 10,
    "edge_count": 10,
    "graph_type": "SF",
    "shifted_nodes": [
      7,
      3
    ],
    "shift_types": {
      "7": [
        "sin_cos"
      ],
      "3": [
        "noise_laplace"
      ]
    },
    "shift_case": "sin_cos_noise_laplace",
    "deleted_parents": {}
  },
  "model": "iscan",
  "config_name": "SF",
  "dag_structure": "standard",
  "device": "cuda:0",
  "iscan": {
    "detected_shifted_nodes": [
      2
    ],
    "order": [
      1,
      7,
      5,
      2,
      4,
      8,
      6,
      3,
      9,
      0
    ],
    "ratio_dict": {
      "2": 3.5706377602572545,
      "4": 1.5293512063001944,
      "7": 1.3071912698542276,
      "0": 1.172633413871473,
      "5": 1.0710281046352752,
      "3": 0.9926807777667299,
      "8": 0.9560748113658601,
      "6": 0.8423404664847238,
      "9": 0.8094940053292077
    },
    "true_shifted_node_summary": {
      "3": {
        "is_detected_as_shifted": false,
        "has_functional_shift_detected": false
      },
      "7": {
        "is_detected_as_shifted": false,
        "has_functional_shift_detected": true
      }
    },
    "functional_shift_results": {
      "3": {
        "shifted_edges": [],
        "test_details": {
          "y_node": 3,
          "parents": [
            1
          ],
          "functional_shift_detected": false,
          "p_value_overall": 0.08012678931432093,
          "parent_specific_p_values": {},
          "coefficients_env1": {
            "Intercept": -0.6939085647694632,
            "bs(x1, df=4, degree=3)[0]": 2.57429224526964,
            "bs(x1, df=4, degree=3)[1]": -1.3038534012347736,
            "bs(x1, df=4, degree=3)[2]": 3.27896409696681,
            "bs(x1, df=4, degree=3)[3]": -1.8616772914710447
          },
          "coefficients_env2": {
            "Intercept": 0.15203652575093696,
            "bs(x1, df=4, degree=3)[0]": 1.2426130877009962,
            "bs(x1, df=4, degree=3)[1]": -1.9453913971090615,
            "bs(x1, df=4, degree=3)[2]": 2.6328146944219313,
            "bs(x1, df=4, degree=3)[3]": -3.893314375188953
          }
        },
        "has_functional_shift": false
      },
      "7": {
        "shifted_edges": [
          [
            1,
            7
          ]
        ],
        "test_details": {
          "y_node": 7,
          "parents": [
            1
          ],
          "functional_shift_detected": true,
          "p_value_overall": 1.1102230246251565e-16,
          "parent_specific_p_values": {
            "1": 1.1102230246251565e-16
          },
          "coefficients_env1": {
            "Intercept": -0.9956328637361178,
            "bs(x1, df=4, degree=3)[0]": 3.0785852953109707,
            "bs(x1, df=4, degree=3)[1]": -1.1210618944225923,
            "bs(x1, df=4, degree=3)[2]": 3.7003135530194635,
            "bs(x1, df=4, degree=3)[3]": -1.4728792853061414
          },
          "coefficients_env2": {
            "Intercept": -0.15671834588575373,
            "bs(x1, df=4, degree=3)[0]": -0.8922671648090981,
            "bs(x1, df=4, degree=3)[1]": 2.325433377889512,
            "bs(x1, df=4, degree=3)[2]": -0.1034540769815821,
            "bs(x1, df=4, degree=3)[3]": 0.1737758756091407
          }
        },
        "has_functional_shift": true
      }
    },
    "all_shifted_edges": [
      [
        1,
        7
      ]
    ]
  }
}