{
  "dataset_info": {
    "seed": 156,
    "dataset_index": 25,
    "node_count": 20,
    "edge_count": 20,
    "graph_type": "SF",
    "shifted_nodes": [
      15,
      9,
      7,
      18
    ],
    "shift_types": {
      "15": [
        "sin_cos"
      ],
      "9": [
        "sin_cos"
      ],
      "7": [
        "pa_delete"
      ],
      "18": [
        "pa_delete"
      ]
    },
    "shift_case": "sin_cos_pa_delete",
    "deleted_parents": {
      "7": 0,
      "18": 11
    }
  },
  "model": "linearccp",
  "exp_type": "synthetic",
  "config_name": "SF",
  "device": "cuda:0",
  "linearccp": {
    "shifted_nodes": [
      7,
      8,
      9,
      10,
      15,
      17,
      18
    ],
    "functional_change_nodes": [
      8,
      9,
      10,
      15,
      17,
      18
    ],
    "noise_change_nodes": [
      7,
      8,
      9,
      15,
      18
    ],
    "node_results": {
      "1": {
        "is_shifted": false,
        "parents": [
          0
        ],
        "function_test": {
          "f_statistic": 0.41762844086356216,
          "p_value": 0.5181242675387434,
          "is_function_changed": false,
          "beta_env1": [
            -0.002546260077624386
          ],
          "beta_env2": [
            0.0002729542749765862
          ]
        },
        "noise_test": {
          "ks_statistic": 0.0050000000000000044,
          "p_value": 0.5578336507542049,
          "is_noise_changed": false
        }
      },
      "2": {
        "is_shifted": false,
        "parents": [
          0
        ],
        "function_test": {
          "f_statistic": 0.6210060583739793,
          "p_value": 0.43067554194317204,
          "is_function_changed": false,
          "beta_env1": [
            -0.00341228402554847
          ],
          "beta_env2": [
            1.759301858621062e-05
          ]
        },
        "noise_test": {
          "ks_statistic": 0.0043400000000000105,
          "p_value": 0.7323179467578325,
          "is_noise_changed": false
        }
      },
      "3": {
        "is_shifted": false,
        "parents": [
          2
        ],
        "function_test": {
          "f_statistic": 0.6149810374188928,
          "p_value": 0.4329203594250963,
          "is_function_changed": false,
          "beta_env1": [
            0.14625426620482687
          ],
          "beta_env2": [
            0.14128445242049673
          ]
        },
        "noise_test": {
          "ks_statistic": 0.003400000000000014,
          "p_value": 0.9337680314772105,
          "is_noise_changed": false
        }
      },
      "4": {
        "is_shifted": false,
        "parents": [
          0
        ],
        "function_test": {
          "f_statistic": 0.4360947586289798,
          "p_value": 0.5090149179703745,
          "is_function_changed": false,
          "beta_env1": [
            -0.0032465276963676206
          ],
          "beta_env2": [
            -0.00035835131411075225
          ]
        },
        "noise_test": {
          "ks_statistic": 0.0039000000000000146,
          "p_value": 0.840022849787458,
          "is_noise_changed": false
        }
      },
      "5": {
        "is_shifted": false,
        "parents": [
          1
        ],
        "function_test": {
          "f_statistic": 0.2501717812246355,
          "p_value": 0.6169552476583818,
          "is_function_changed": false,
          "beta_env1": [
            0.1469231592401625
          ],
          "beta_env2": [
            0.1437471585556326
          ]
        },
        "noise_test": {
          "ks_statistic": 0.004520000000000024,
          "p_value": 0.6849224542751065,
          "is_noise_changed": false
        }
      },
      "6": {
        "is_shifted": false,
        "parents": [
          0
        ],
        "function_test": {
          "f_statistic": 0.19425175452134016,
          "p_value": 0.6594021820752647,
          "is_function_changed": false,
          "beta_env1": [
            -7.374323801397126e-05
          ],
          "beta_env2": [
            0.0018403667280953064
          ]
        },
        "noise_test": {
          "ks_statistic": 0.004159999999999997,
          "p_value": 0.7782512730128979,
          "is_noise_changed": false
        }
      },
      "7": {
        "is_shifted": true,
        "parents": [
          0
        ],
        "function_test": {
          "f_statistic": 2.3797466106669467,
          "p_value": 0.122920647353286,
          "is_function_changed": false,
          "beta_env1": [
            -0.005851899149104007
          ],
          "beta_env2": [
            0.0025449928236952603
          ]
        },
        "noise_test": {
          "ks_statistic": 0.11260000000000003,
          "p_value": 1.4927678267573326e-276,
          "is_noise_changed": true
        }
      },
      "8": {
        "is_shifted": true,
        "parents": [
          7
        ],
        "function_test": {
          "f_statistic": 731.9208419756528,
          "p_value": 1.1102230246251565e-16,
          "is_function_changed": true,
          "beta_env1": [
            0.14847119829453476
          ],
          "beta_env2": [
            0.0015246826144263293
          ]
        },
        "noise_test": {
          "ks_statistic": 0.02214000000000005,
          "p_value": 4.461068999251507e-11,
          "is_noise_changed": true
        }
      },
      "9": {
        "is_shifted": true,
        "parents": [
          0
        ],
        "function_test": {
          "f_statistic": 2222.3203660620984,
          "p_value": 1.1102230246251565e-16,
          "is_function_changed": true,
          "beta_env1": [
            -0.0010508768269423348
          ],
          "beta_env2": [
            0.22142525310734795
          ]
        },
        "noise_test": {
          "ks_statistic": 0.06900000000000006,
          "p_value": 6.144455345755004e-104,
          "is_noise_changed": true
        }
      },
      "10": {
        "is_shifted": true,
        "parents": [
          4
        ],
        "function_test": {
          "f_statistic": 4.187408464809521,
          "p_value": 0.040727916894301885,
          "is_function_changed": true,
          "beta_env1": [
            0.15804510158994808
          ],
          "beta_env2": [
            0.14509210978303963
          ]
        },
        "noise_test": {
          "ks_statistic": 0.003320000000000045,
          "p_value": 0.9448560509635571,
          "is_noise_changed": false
        }
      },
      "11": {
        "is_shifted": false,
        "parents": [
          2
        ],
        "function_test": {
          "f_statistic": 1.546697181147333,
          "p_value": 0.21362660495417407,
          "is_function_changed": false,
          "beta_env1": [
            0.14761162880333756
          ],
          "beta_env2": [
            0.1396900360097099
          ]
        },
        "noise_test": {
          "ks_statistic": 0.0044399999999999995,
          "p_value": 0.706107883985639,
          "is_noise_changed": false
        }
      },
      "12": {
        "is_shifted": false,
        "parents": [
          10
        ],
        "function_test": {
          "f_statistic": 2.2046126152829495,
          "p_value": 0.13760160817386702,
          "is_function_changed": false,
          "beta_env1": [
            0.10860924074991786
          ],
          "beta_env2": [
            0.11784186183811118
          ]
        },
        "noise_test": {
          "ks_statistic": 0.00664000000000009,
          "p_value": 0.21935001691695377,
          "is_noise_changed": false
        }
      },
      "13": {
        "is_shifted": false,
        "parents": [
          0
        ],
        "function_test": {
          "f_statistic": 0.7335353483694479,
          "p_value": 0.39174169160233996,
          "is_function_changed": false,
          "beta_env1": [
            -0.004605029257001242
          ],