{
  "dataset_info": {
    "seed": 135,
    "dataset_index": 4,
    "node_count": 20,
    "edge_count": 20,
    "graph_type": "SF",
    "shifted_nodes": [
      18,
      3,
      2,
      16
    ],
    "shift_types": {
      "18": [
        "sin_cos"
      ],
      "3": [
        "sin_cos"
      ],
      "2": [
        "noise_N02"
      ],
      "16": [
        "noise_N02"
      ]
    },
    "shift_case": "sin_cos_noise_N02",
    "deleted_parents": {}
  },
  "model": "linearccp",
  "exp_type": "synthetic",
  "config_name": "SF",
  "device": "cuda:0",
  "linearccp": {
    "shifted_nodes": [
      2,
      3,
      12,
      13,
      16,
      17,
      18
    ],
    "functional_change_nodes": [
      2,
      3,
      12,
      13,
      17,
      18
    ],
    "noise_change_nodes": [
      2,
      3,
      12,
      16,
      17,
      18
    ],
    "node_results": {
      "1": {
        "is_shifted": false,
        "parents": [
          0
        ],
        "function_test": {
          "f_statistic": 1.543544787140882,
          "p_value": 0.2140938544761093,
          "is_function_changed": false,
          "beta_env1": [
            0.00831439743951306
          ],
          "beta_env2": [
            0.002881586793855367
          ]
        },
        "noise_test": {
          "ks_statistic": 0.0039000000000000146,
          "p_value": 0.840022849787458,
          "is_noise_changed": false
        }
      },
      "2": {
        "is_shifted": true,
        "parents": [
          1
        ],
        "function_test": {
          "f_statistic": 5.570516639347852,
          "p_value": 0.01826727980710119,
          "is_function_changed": true,
          "beta_env1": [
            0.13399494561619366
          ],
          "beta_env2": [
            0.15143504715762368
          ]
        },
        "noise_test": {
          "ks_statistic": 0.0685,
          "p_value": 1.925975702496153e-102,
          "is_noise_changed": true
        }
      },
      "3": {
        "is_shifted": true,
        "parents": [
          1
        ],
        "function_test": {
          "f_statistic": 130.07593294669863,
          "p_value": 1.1102230246251565e-16,
          "is_function_changed": true,
          "beta_env1": [
            0.13232151160975475
          ],
          "beta_env2": [
            0.2072916827782991
          ]
        },
        "noise_test": {
          "ks_statistic": 0.04702000000000006,
          "p_value": 1.801197125394378e-48,
          "is_noise_changed": true
        }
      },
      "4": {
        "is_shifted": false,
        "parents": [
          1
        ],
        "function_test": {
          "f_statistic": 0.27349015058694137,
          "p_value": 0.6010012593191811,
          "is_function_changed": false,
          "beta_env1": [
            0.14268894868260434
          ],
          "beta_env2": [
            0.13937953698411742
          ]
        },
        "noise_test": {
          "ks_statistic": 0.0048199999999999354,
          "p_value": 0.605063219707177,
          "is_noise_changed": false
        }
      },
      "5": {
        "is_shifted": false,
        "parents": [
          1
        ],
        "function_test": {
          "f_statistic": 0.46331382059237775,
          "p_value": 0.49608088944693596,
          "is_function_changed": false,
          "beta_env1": [
            0.1391111366755546
          ],
          "beta_env2": [
            0.14339856632791967
          ]
        },
        "noise_test": {
          "ks_statistic": 0.0041200000000000125,
          "p_value": 0.7881626114615253,
          "is_noise_changed": false
        }
      },
      "6": {
        "is_shifted": false,
        "parents": [
          4
        ],
        "function_test": {
          "f_statistic": 1.196472004046446,
          "p_value": 0.2740305877595005,
          "is_function_changed": false,
          "beta_env1": [
            0.11764504843842005
          ],
          "beta_env2": [
            0.12447955473926205
          ]
        },
        "noise_test": {
          "ks_statistic": 0.0046800000000000175,
          "p_value": 0.6422924421567748,
          "is_noise_changed": false
        }
      },
      "7": {
        "is_shifted": false,
        "parents": [
          1
        ],
        "function_test": {
          "f_statistic": 0.0021694288265683664,
          "p_value": 0.9628503546881644,
          "is_function_changed": false,
          "beta_env1": [
            0.13979144138861715
          ],
          "beta_env2": [
            0.13949709798413973
          ]
        },
        "noise_test": {
          "ks_statistic": 0.0040999999999999925,
          "p_value": 0.7930696291258396,
          "is_noise_changed": false
        }
      },
      "8": {
        "is_shifted": false,
        "parents": [
          1
        ],
        "function_test": {
          "f_statistic": 0.26668352987930755,
          "p_value": 0.6055663570670786,
          "is_function_changed": false,
          "beta_env1": [
            0.1404231789368667
          ],
          "beta_env2": [
            0.1371587499161584
          ]
        },
        "noise_test": {
          "ks_statistic": 0.003980000000000011,
          "p_value": 0.8217424912264963,
          "is_noise_changed": false
        }
      },
      "9": {
        "is_shifted": false,
        "parents": [
          4
        ],
        "function_test": {
          "f_statistic": 0.5970278209889541,
          "p_value": 0.4397161255379002,
          "is_function_changed": false,
          "beta_env1": [
            0.11406329998418487
          ],
          "beta_env2": [
            0.1188838860691341
          ]
        },
        "noise_test": {
          "ks_statistic": 0.0049400000000000555,
          "p_value": 0.5734648739518806,
          "is_noise_changed": false
        }
      },
      "10": {
        "is_shifted": false,
        "parents": [
          1
        ],
        "function_test": {
          "f_statistic": 0.04777693071189545,
          "p_value": 0.8269781889460801,
          "is_function_changed": false,
          "beta_env1": [
            0.1429192962224195
          ],
          "beta_env2": [
            0.14154003673172805
          ]
        },
        "noise_test": {
          "ks_statistic": 0.004280000000000006,
          "p_value": 0.7478385814475214,
          "is_noise_changed": false
        }
      },
      "11": {
        "is_shifted": false,
        "parents": [
          5
        ],
        "function_test": {
          "f_statistic": 3.657065460196415,
          "p_value": 0.05583474244419229,
          "is_function_changed": false,
          "beta_env1": [
            0.12270051240962752
          ],
          "beta_env2": [
            0.11069921585527634
          ]
        },
        "noise_test": {
          "ks_statistic": 0.003980000000000095,
          "p_value": 0.821742491226477,
          "is_noise_changed": false
        }
      },
      "12": {
        "is_shifted": true,
        "parents": [
          2
        ],
        "function_test": {
          "f_statistic": 444.2663589972831,
          "p_value": 1.1102230246251565e-16,
          "is_function_changed": true,
          "beta_env1": [
            0.11570105459874923
          ],
          "beta_env2": [
            -0.004696778991537015
          ]
        },
        "noise_test": {
          "ks_statistic": 0.014940000000000009,
          "p_value": 2.816450969172961e-05,
          "is_noise_changed": true
        }
      },
      "13": {
        "is_shifted": true,
        "parents": [
          10
        ],
        "function_test": {
          "f_statistic": 3.988278936634815,
          "p_value": 0.0458205469077525,
          "is_function_changed": true,
          "beta_env1": [
            0.11191082897706368
          ],
          "beta_env2": [
            0.12438445187106129
          ]
        },