{
  "dataset_info": {
    "seed": 145,
    "dataset_index": 14,
    "node_count": 20,
    "edge_count": 20,
    "graph_type": "SF",
    "shifted_nodes": [
      7,
      10,
      4,
      14
    ],
    "shift_types": {
      "7": [
        "pa_delete"
      ],
      "10": [
        "pa_delete"
      ],
      "4": [
        "noise_N02"
      ],
      "14": [
        "noise_N02"
      ]
    },
    "shift_case": "pa_delete_noise_N02",
    "deleted_parents": {
      "7": 1,
      "10": 8
    }
  },
  "model": "linearccp",
  "exp_type": "synthetic",
  "config_name": "SF",
  "device": "cuda:0",
  "linearccp": {
    "shifted_nodes": [
      4,
      7,
      10,
      12,
      14
    ],
    "functional_change_nodes": [
      7,
      10,
      12
    ],
    "noise_change_nodes": [
      4,
      7,
      10,
      12,
      14
    ],
    "node_results": {
      "1": {
        "is_shifted": false,
        "parents": [
          0
        ],
        "function_test": {
          "f_statistic": 0.13525986553594482,
          "p_value": 0.7130403555942217,
          "is_function_changed": false,
          "beta_env1": [
            0.00029650858703395987
          ],
          "beta_env2": [
            -0.0013050959393384367
          ]
        },
        "noise_test": {
          "ks_statistic": 0.004520000000000024,
          "p_value": 0.6849224542751065,
          "is_noise_changed": false
        }
      },
      "2": {
        "is_shifted": false,
        "parents": [
          1
        ],
        "function_test": {
          "f_statistic": 1.2410187792338048,
          "p_value": 0.26527747811532165,
          "is_function_changed": false,
          "beta_env1": [
            0.1366210560101437
          ],
          "beta_env2": [
            0.14365721079828736
          ]
        },
        "noise_test": {
          "ks_statistic": 0.0048799999999999955,
          "p_value": 0.5892150994807934,
          "is_noise_changed": false
        }
      },
      "3": {
        "is_shifted": false,
        "parents": [
          2
        ],
        "function_test": {
          "f_statistic": 1.973809619178877,
          "p_value": 0.1600471786983263,
          "is_function_changed": false,
          "beta_env1": [
            0.1130862619777109
          ],
          "beta_env2": [
            0.12187112733742925
          ]
        },
        "noise_test": {
          "ks_statistic": 0.0037000000000000366,
          "p_value": 0.8821711875387847,
          "is_noise_changed": false
        }
      },
      "4": {
        "is_shifted": true,
        "parents": [
          3
        ],
        "function_test": {
          "f_statistic": 0.22275965507542966,
          "p_value": 0.6369462267689328,
          "is_function_changed": false,
          "beta_env1": [
            0.11060611849700516
          ],
          "beta_env2": [
            0.11403791422462271
          ]
        },
        "noise_test": {
          "ks_statistic": 0.06944,
          "p_value": 2.9028031772372195e-105,
          "is_noise_changed": true
        }
      },
      "5": {
        "is_shifted": false,
        "parents": [
          0
        ],
        "function_test": {
          "f_statistic": 0.04535695626817332,
          "p_value": 0.8313494499351591,
          "is_function_changed": false,
          "beta_env1": [
            0.002157976259187691
          ],
          "beta_env2": [
            0.0012271959847178762
          ]
        },
        "noise_test": {
          "ks_statistic": 0.0033200000000000174,
          "p_value": 0.9448560509635606,
          "is_noise_changed": false
        }
      },
      "6": {
        "is_shifted": false,
        "parents": [
          0
        ],
        "function_test": {
          "f_statistic": 0.9117470397516285,
          "p_value": 0.33965361045314113,
          "is_function_changed": false,
          "beta_env1": [
            0.001506353595636404
          ],
          "beta_env2": [
            -0.0026624390611407487
          ]
        },
        "noise_test": {
          "ks_statistic": 0.006500000000000006,
          "p_value": 0.24040405027738576,
          "is_noise_changed": false
        }
      },
      "7": {
        "is_shifted": true,
        "parents": [
          1
        ],
        "function_test": {
          "f_statistic": 320.6754499941572,
          "p_value": 1.1102230246251565e-16,
          "is_function_changed": true,
          "beta_env1": [
            0.1371470321223782
          ],
          "beta_env2": [
            -0.0039078140217180275
          ]
        },
        "noise_test": {
          "ks_statistic": 0.10422,
          "p_value": 6.9033249581051e-237,
          "is_noise_changed": true
        }
      },
      "8": {
        "is_shifted": false,
        "parents": [
          5
        ],
        "function_test": {
          "f_statistic": 0.009180424763769552,
          "p_value": 0.9236680666762196,
          "is_function_changed": false,
          "beta_env1": [
            0.14396607485316446
          ],
          "beta_env2": [
            0.1445690939440658
          ]
        },
        "noise_test": {
          "ks_statistic": 0.00494,
          "p_value": 0.573464873951895,
          "is_noise_changed": false
        }
      },
      "9": {
        "is_shifted": false,
        "parents": [
          5
        ],
        "function_test": {
          "f_statistic": 0.01587522089603716,
          "p_value": 0.8997346252128483,
          "is_function_changed": false,
          "beta_env1": [
            0.1441623456325566
          ],
          "beta_env2": [
            0.14336880945180283
          ]
        },
        "noise_test": {
          "ks_statistic": 0.0033199999999999896,
          "p_value": 0.9448560509635644,
          "is_noise_changed": false
        }
      },
      "10": {
        "is_shifted": true,
        "parents": [
          8
        ],
        "function_test": {
          "f_statistic": 204.9296488638313,
          "p_value": 1.1102230246251565e-16,
          "is_function_changed": true,
          "beta_env1": [
            0.11274969270783505
          ],
          "beta_env2": [
            0.0008447150926911723
          ]
        },
        "noise_test": {
          "ks_statistic": 0.10862000000000001,
          "p_value": 2.5053047838129285e-257,
          "is_noise_changed": true
        }
      },
      "11": {
        "is_shifted": false,
        "parents": [
          9
        ],
        "function_test": {
          "f_statistic": 1.8043993950509867,
          "p_value": 0.17918458657478786,
          "is_function_changed": false,
          "beta_env1": [
            0.11506485261058652
          ],
          "beta_env2": [
            0.1234350808283723
          ]
        },
        "noise_test": {
          "ks_statistic": 0.0026000000000000467,
          "p_value": 0.9957363057176276,
          "is_noise_changed": false
        }
      },
      "12": {
        "is_shifted": true,
        "parents": [
          4
        ],
        "function_test": {
          "f_statistic": 407.56321681478005,
          "p_value": 1.1102230246251565e-16,
          "is_function_changed": true,
          "beta_env1": [
            0.11260157517887809
          ],
          "beta_env2": [
            -0.003411589292817516
          ]
        },
        "noise_test": {
          "ks_statistic": 0.015040000000000053,
          "p_value": 2.4241895195811248e-05,
          "is_noise_changed": true
        }
      },
      "13": {
        "is_shifted": false,
        "parents": [
          5
        ],
        "function_test": {
          "f_statistic": 0.11660204905219988,
          "p_value": 0.7327501855861849,
          "is_function_changed": false,
          "beta_env1": [
            0.14492439901405846
          ],
          "beta_env2": [
            0.14277642092782908
          ]
        },