{
  "dataset_info": {
    "seed": 158,
    "dataset_index": 27,
    "node_count": 20,
    "edge_count": 20,
    "graph_type": "SF",
    "shifted_nodes": [
      11,
      1,
      4,
      2
    ],
    "shift_types": {
      "11": [
        "noise_N02"
      ],
      "1": [
        "noise_N02"
      ],
      "4": [
        "noise_laplace"
      ],
      "2": [
        "noise_laplace"
      ]
    },
    "shift_case": "noise_N02_laplace",
    "deleted_parents": {}
  },
  "model": "linearccp",
  "exp_type": "synthetic",
  "config_name": "SF",
  "device": "cuda:0",
  "linearccp": {
    "shifted_nodes": [
      1,
      2,
      3,
      4,
      6,
      7,
      8,
      9,
      10,
      11,
      13,
      18
    ],
    "functional_change_nodes": [
      2,
      3,
      6,
      7,
      8,
      9,
      10,
      13
    ],
    "noise_change_nodes": [
      1,
      2,
      3,
      4,
      6,
      7,
      8,
      9,
      10,
      11,
      13,
      18
    ],
    "node_results": {
      "1": {
        "is_shifted": true,
        "parents": [
          0
        ],
        "function_test": {
          "f_statistic": 1.3578154611154774,
          "p_value": 0.24391921985591336,
          "is_function_changed": false,
          "beta_env1": [
            -0.00349205810640767
          ],
          "beta_env2": [
            0.0022772154269160945
          ]
        },
        "noise_test": {
          "ks_statistic": 0.05536000000000002,
          "p_value": 4.9025587218634815e-67,
          "is_noise_changed": true
        }
      },
      "2": {
        "is_shifted": true,
        "parents": [
          1
        ],
        "function_test": {
          "f_statistic": 238.35578994494927,
          "p_value": 1.1102230246251565e-16,
          "is_function_changed": true,
          "beta_env1": [
            0.14931517025618787
          ],
          "beta_env2": [
            0.04357225431155375
          ]
        },
        "noise_test": {
          "ks_statistic": 0.047540000000000006,
          "p_value": 1.536802637781119e-49,
          "is_noise_changed": true
        }
      },
      "3": {
        "is_shifted": true,
        "parents": [
          2
        ],
        "function_test": {
          "f_statistic": 216.7373117519512,
          "p_value": 1.1102230246251565e-16,
          "is_function_changed": true,
          "beta_env1": [
            0.11420903220971886
          ],
          "beta_env2": [
            0.031032881800763287
          ]
        },
        "noise_test": {
          "ks_statistic": 0.017960000000000087,
          "p_value": 1.9545801826405343e-07,
          "is_noise_changed": true
        }
      },
      "4": {
        "is_shifted": true,
        "parents": [
          3
        ],
        "function_test": {
          "f_statistic": 0.006999405196720757,
          "p_value": 0.9333249820942248,
          "is_function_changed": false,
          "beta_env1": [
            0.10857916889158599
          ],
          "beta_env2": [
            0.10917408770140084
          ]
        },
        "noise_test": {
          "ks_statistic": 0.04336,
          "p_value": 2.79338512023432e-41,
          "is_noise_changed": true
        }
      },
      "5": {
        "is_shifted": false,
        "parents": [
          0
        ],
        "function_test": {
          "f_statistic": 0.4396981926429742,
          "p_value": 0.507269689373324,
          "is_function_changed": false,
          "beta_env1": [
            -0.00403576183457311
          ],
          "beta_env2": [
            -0.0011427370574682023
          ]
        },
        "noise_test": {
          "ks_statistic": 0.0031999999999999806,
          "p_value": 0.9592812871609974,
          "is_noise_changed": false
        }
      },
      "6": {
        "is_shifted": true,
        "parents": [
          2
        ],
        "function_test": {
          "f_statistic": 205.18937646969366,
          "p_value": 1.1102230246251565e-16,
          "is_function_changed": true,
          "beta_env1": [
            0.11308462763264104
          ],
          "beta_env2": [
            0.03216364995742524
          ]
        },
        "noise_test": {
          "ks_statistic": 0.016800000000000037,
          "p_value": 1.4691690870549875e-06,
          "is_noise_changed": true
        }
      },
      "7": {
        "is_shifted": true,
        "parents": [
          4
        ],
        "function_test": {
          "f_statistic": 302.1145743603352,
          "p_value": 1.1102230246251565e-16,
          "is_function_changed": true,
          "beta_env1": [
            0.1274258580756508
          ],
          "beta_env2": [
            0.027922782467312997
          ]
        },
        "noise_test": {
          "ks_statistic": 0.013500000000000012,
          "p_value": 0.0002185181701352018,
          "is_noise_changed": true
        }
      },
      "8": {
        "is_shifted": true,
        "parents": [
          2
        ],
        "function_test": {
          "f_statistic": 162.09512841491417,
          "p_value": 1.1102230246251565e-16,
          "is_function_changed": true,
          "beta_env1": [
            0.1053166569094211
          ],
          "beta_env2": [
            0.033332531697146756
          ]
        },
        "noise_test": {
          "ks_statistic": 0.016660000000000008,
          "p_value": 1.8571395227463556e-06,
          "is_noise_changed": true
        }
      },
      "9": {
        "is_shifted": true,
        "parents": [
          4
        ],
        "function_test": {
          "f_statistic": 260.0912986856062,
          "p_value": 1.1102230246251565e-16,
          "is_function_changed": true,
          "beta_env1": [
            0.1219965160917327
          ],
          "beta_env2": [
            0.02991256322414251
          ]
        },
        "noise_test": {
          "ks_statistic": 0.012960000000000083,
          "p_value": 0.00044661569619074576,
          "is_noise_changed": true
        }
      },
      "10": {
        "is_shifted": true,
        "parents": [
          4
        ],
        "function_test": {
          "f_statistic": 291.4790797492393,
          "p_value": 1.1102230246251565e-16,
          "is_function_changed": true,
          "beta_env1": [
            0.12598542563960122
          ],
          "beta_env2": [
            0.027874325485428557
          ]
        },
        "noise_test": {
          "ks_statistic": 0.014680000000000026,
          "p_value": 4.1402040031520045e-05,
          "is_noise_changed": true
        }
      },
      "11": {
        "is_shifted": true,
        "parents": [
          0
        ],
        "function_test": {
          "f_statistic": 1.1345620281057933,
          "p_value": 0.2868069097168271,
          "is_function_changed": false,
          "beta_env1": [
            -0.002991085587713358
          ],
          "beta_env2": [
            -0.008300134805584463
          ]
        },
        "noise_test": {
          "ks_statistic": 0.05456000000000005,
          "p_value": 4.006027126405795e-65,
          "is_noise_changed": true
        }
      },
      "12": {
        "is_shifted": false,
        "parents": [
          0
        ],
        "function_test": {
          "f_statistic": 0.7542300236342527,
          "p_value": 0.3851423602538163,
          "is_function_changed": false,
          "beta_env1": [
            0.0011932214779658361
          ],
          "beta_env2": [
            -0.0026096620457279358
          ]
        },
        "noise_test": {
          "ks_statistic": 0.0036599999999999966,
          "p_value": 0.8899111024410605,
          "is_noise_changed": false
        }
      },
      "13": {
        "is_shifted": true,
        "parents": [
          4
        ],
        "function_test": {
          "f_statistic": 321.07601212447634,
          "p_value": 1.1102230246251565e-16,
          "is_function_changed": true,