{
  "dataset_info": {
    "seed": 137,
    "dataset_index": 6,
    "node_count": 20,
    "edge_count": 20,
    "graph_type": "SF",
    "shifted_nodes": [
      3,
      9,
      6,
      1
    ],
    "shift_types": {
      "3": [
        "sin_cos"
      ],
      "9": [
        "sin_cos"
      ],
      "6": [
        "noise_laplace"
      ],
      "1": [
        "noise_laplace"
      ]
    },
    "shift_case": "sin_cos_noise_laplace",
    "deleted_parents": {}
  },
  "model": "linearccp",
  "exp_type": "synthetic",
  "config_name": "SF",
  "device": "cuda:0",
  "linearccp": {
    "shifted_nodes": [
      1,
      3,
      4,
      6,
      8,
      9,
      10,
      11,
      13,
      15,
      19
    ],
    "functional_change_nodes": [
      3,
      4,
      6,
      8,
      9,
      10,
      11,
      13,
      15,
      19
    ],
    "noise_change_nodes": [
      1,
      3,
      4,
      6,
      8,
      9,
      10,
      11,
      13,
      15,
      19
    ],
    "node_results": {
      "1": {
        "is_shifted": true,
        "parents": [
          0
        ],
        "function_test": {
          "f_statistic": 1.3570636622948817,
          "p_value": 0.2440498024154255,
          "is_function_changed": false,
          "beta_env1": [
            -0.0010798341064444936
          ],
          "beta_env2": [
            0.00473550873567072
          ]
        },
        "noise_test": {
          "ks_statistic": 0.03096,
          "p_value": 2.977012797676885e-21,
          "is_noise_changed": true
        }
      },
      "2": {
        "is_shifted": false,
        "parents": [
          0
        ],
        "function_test": {
          "f_statistic": 1.7181890733418066,
          "p_value": 0.189929328237313,
          "is_function_changed": false,
          "beta_env1": [
            0.0006112139149059171
          ],
          "beta_env2": [
            -0.005103775811434128
          ]
        },
        "noise_test": {
          "ks_statistic": 0.0025399999999999867,
          "p_value": 0.996913161253746,
          "is_noise_changed": false
        }
      },
      "3": {
        "is_shifted": true,
        "parents": [
          0
        ],
        "function_test": {
          "f_statistic": 2303.297689533177,
          "p_value": 1.1102230246251565e-16,
          "is_function_changed": true,
          "beta_env1": [
            -0.003668595174215961
          ],
          "beta_env2": [
            0.22205199799381067
          ]
        },
        "noise_test": {
          "ks_statistic": 0.07528000000000001,
          "p_value": 1.1635995185109907e-123,
          "is_noise_changed": true
        }
      },
      "4": {
        "is_shifted": true,
        "parents": [
          3
        ],
        "function_test": {
          "f_statistic": 334.3807498551876,
          "p_value": 1.1102230246251565e-16,
          "is_function_changed": true,
          "beta_env1": [
            0.1444266143394302
          ],
          "beta_env2": [
            0.03612740367291081
          ]
        },
        "noise_test": {
          "ks_statistic": 0.013720000000000065,
          "p_value": 0.00016194884021261346,
          "is_noise_changed": true
        }
      },
      "5": {
        "is_shifted": false,
        "parents": [
          0
        ],
        "function_test": {
          "f_statistic": 1.3410127196542685,
          "p_value": 0.24685821778169525,
          "is_function_changed": false,
          "beta_env1": [
            -0.003748767130897568
          ],
          "beta_env2": [
            0.0012759686262332085
          ]
        },
        "noise_test": {
          "ks_statistic": 0.0041800000000000725,
          "p_value": 0.7732497377116984,
          "is_noise_changed": false
        }
      },
      "6": {
        "is_shifted": true,
        "parents": [
          1
        ],
        "function_test": {
          "f_statistic": 181.59878464327994,
          "p_value": 1.1102230246251565e-16,
          "is_function_changed": true,
          "beta_env1": [
            0.1466038437324259
          ],
          "beta_env2": [
            0.05481679378372899
          ]
        },
        "noise_test": {
          "ks_statistic": 0.045880000000000004,
          "p_value": 3.612438807060251e-46,
          "is_noise_changed": true
        }
      },
      "7": {
        "is_shifted": false,
        "parents": [
          5
        ],
        "function_test": {
          "f_statistic": 2.1591166447827086,
          "p_value": 0.14172929184881533,
          "is_function_changed": false,
          "beta_env1": [
            0.14829365112899512
          ],
          "beta_env2": [
            0.13894332397152948
          ]
        },
        "noise_test": {
          "ks_statistic": 0.0036399999999999766,
          "p_value": 0.8936873313961124,
          "is_noise_changed": false
        }
      },
      "8": {
        "is_shifted": true,
        "parents": [
          6
        ],
        "function_test": {
          "f_statistic": 224.72435487329741,
          "p_value": 1.1102230246251565e-16,
          "is_function_changed": true,
          "beta_env1": [
            0.11447777179766369
          ],
          "beta_env2": [
            0.030241982944248524
          ]
        },
        "noise_test": {
          "ks_statistic": 0.013380000000000059,
          "p_value": 0.00025678539554972594,
          "is_noise_changed": true
        }
      },
      "9": {
        "is_shifted": true,
        "parents": [
          3
        ],
        "function_test": {
          "f_statistic": 326.1501655818937,
          "p_value": 1.1102230246251565e-16,
          "is_function_changed": true,
          "beta_env1": [
            0.139896810630031
          ],
          "beta_env2": [
            0.25226832213394185
          ]
        },
        "noise_test": {
          "ks_statistic": 0.054200000000000026,
          "p_value": 2.8453817890207742e-64,
          "is_noise_changed": true
        }
      },
      "10": {
        "is_shifted": true,
        "parents": [
          9
        ],
        "function_test": {
          "f_statistic": 119.07854892981622,
          "p_value": 1.1102230246251565e-16,
          "is_function_changed": true,
          "beta_env1": [
            0.11741526785201743
          ],
          "beta_env2": [
            0.05146396036446279
          ]
        },
        "noise_test": {
          "ks_statistic": 0.01962,
          "p_value": 8.624748221474168e-09,
          "is_noise_changed": true
        }
      },
      "11": {
        "is_shifted": true,
        "parents": [
          9
        ],
        "function_test": {
          "f_statistic": 158.17114553059153,
          "p_value": 1.1102230246251565e-16,
          "is_function_changed": true,
          "beta_env1": [
            0.12000103964647929
          ],
          "beta_env2": [
            0.044012487862952865
          ]
        },
        "noise_test": {
          "ks_statistic": 0.02088000000000001,
          "p_value": 6.715629763758279e-10,
          "is_noise_changed": true
        }
      },
      "12": {
        "is_shifted": false,
        "parents": [
          5
        ],
        "function_test": {
          "f_statistic": 0.22059495336966,
          "p_value": 0.6385879913697448,
          "is_function_changed": false,
          "beta_env1": [
            0.1429378706326258
          ],
          "beta_env2": [
            0.1399534656140435
          ]
        },
        "noise_test": {
          "ks_statistic": 0.0030600000000000627,
          "p_value": 0.9728024585348161,
          "is_noise_changed": false
        }
      },
      "13": {
        "is_shifted": true,
        "parents": [
          1
        ],
        "function_test": {
          "f_statistic": 251.45245695880203,
          "p_value": 1.1102230246251565e-16,
          "is_function_changed": true,