{
  "dataset_info": {
    "seed": 142,
    "dataset_index": 11,
    "node_count": 20,
    "edge_count": 20,
    "graph_type": "SF",
    "shifted_nodes": [
      16,
      19,
      15,
      10
    ],
    "shift_types": {
      "16": [
        "pa_delete"
      ],
      "19": [
        "pa_delete"
      ],
      "15": [
        "noise_N02"
      ],
      "10": [
        "noise_N02"
      ]
    },
    "shift_case": "pa_delete_noise_N02",
    "deleted_parents": {
      "16": 1,
      "19": 16
    }
  },
  "model": "linearccp",
  "exp_type": "synthetic",
  "config_name": "SF",
  "device": "cuda:0",
  "linearccp": {
    "shifted_nodes": [
      10,
      15,
      16,
      19
    ],
    "functional_change_nodes": [
      16,
      19
    ],
    "noise_change_nodes": [
      10,
      15,
      16,
      19
    ],
    "node_results": {
      "1": {
        "is_shifted": false,
        "parents": [
          0
        ],
        "function_test": {
          "f_statistic": 0.8463819015750319,
          "p_value": 0.35758011861232,
          "is_function_changed": false,
          "beta_env1": [
            0.006503803138610035
          ],
          "beta_env2": [
            0.002499353882138551
          ]
        },
        "noise_test": {
          "ks_statistic": 0.004080000000000028,
          "p_value": 0.7979423493458161,
          "is_noise_changed": false
        }
      },
      "2": {
        "is_shifted": false,
        "parents": [
          1
        ],
        "function_test": {
          "f_statistic": 0.0242308450916756,
          "p_value": 0.8762992926833395,
          "is_function_changed": false,
          "beta_env1": [
            0.13811324261952498
          ],
          "beta_env2": [
            0.13712773894324792
          ]
        },
        "noise_test": {
          "ks_statistic": 0.0038000000000000256,
          "p_value": 0.8617801454954928,
          "is_noise_changed": false
        }
      },
      "3": {
        "is_shifted": false,
        "parents": [
          1
        ],
        "function_test": {
          "f_statistic": 0.4848483826181018,
          "p_value": 0.48623598577963034,
          "is_function_changed": false,
          "beta_env1": [
            0.13410642229633052
          ],
          "beta_env2": [
            0.13852139163633653
          ]
        },
        "noise_test": {
          "ks_statistic": 0.003760000000000041,
          "p_value": 0.870109229215924,
          "is_noise_changed": false
        }
      },
      "4": {
        "is_shifted": false,
        "parents": [
          1
        ],
        "function_test": {
          "f_statistic": 0.32102025932461514,
          "p_value": 0.570996422294106,
          "is_function_changed": false,
          "beta_env1": [
            0.14002446274591343
          ],
          "beta_env2": [
            0.13644572269840827
          ]
        },
        "noise_test": {
          "ks_statistic": 0.0062199999999999755,
          "p_value": 0.286962683403712,
          "is_noise_changed": false
        }
      },
      "5": {
        "is_shifted": false,
        "parents": [
          1
        ],
        "function_test": {
          "f_statistic": 0.6052075010230554,
          "p_value": 0.4365998387389053,
          "is_function_changed": false,
          "beta_env1": [
            0.1429850050891638
          ],
          "beta_env2": [
            0.1380464771869419
          ]
        },
        "noise_test": {
          "ks_statistic": 0.0041400000000000325,
          "p_value": 0.7832226944512868,
          "is_noise_changed": false
        }
      },
      "6": {
        "is_shifted": false,
        "parents": [
          1
        ],
        "function_test": {
          "f_statistic": 0.06682142817469731,
          "p_value": 0.7960228075962931,
          "is_function_changed": false,
          "beta_env1": [
            0.13798703038604054
          ],
          "beta_env2": [
            0.13634811853957376
          ]
        },
        "noise_test": {
          "ks_statistic": 0.0034600000000000186,
          "p_value": 0.924689030310373,
          "is_noise_changed": false
        }
      },
      "7": {
        "is_shifted": false,
        "parents": [
          5
        ],
        "function_test": {
          "f_statistic": 0.08432561831590783,
          "p_value": 0.7715194617530905,
          "is_function_changed": false,
          "beta_env1": [
            0.10637764565832705
          ],
          "beta_env2": [
            0.10818961946778921
          ]
        },
        "noise_test": {
          "ks_statistic": 0.0048799999999999955,
          "p_value": 0.5892150994807934,
          "is_noise_changed": false
        }
      },
      "8": {
        "is_shifted": false,
        "parents": [
          1
        ],
        "function_test": {
          "f_statistic": 0.5437608402320423,
          "p_value": 0.4608800081714258,
          "is_function_changed": false,
          "beta_env1": [
            0.1371582456868301
          ],
          "beta_env2": [
            0.1418492581783209
          ]
        },
        "noise_test": {
          "ks_statistic": 0.0047599999999999865,
          "p_value": 0.6209865473005058,
          "is_noise_changed": false
        }
      },
      "9": {
        "is_shifted": false,
        "parents": [
          1
        ],
        "function_test": {
          "f_statistic": 0.23233788392948132,
          "p_value": 0.629796770195689,
          "is_function_changed": false,
          "beta_env1": [
            0.1402243367961583
          ],
          "beta_env2": [
            0.1371619621850156
          ]
        },
        "noise_test": {
          "ks_statistic": 0.0032799999999999496,
          "p_value": 0.9499591129886342,
          "is_noise_changed": false
        }
      },
      "10": {
        "is_shifted": true,
        "parents": [
          1
        ],
        "function_test": {
          "f_statistic": 0.12025221957668472,
          "p_value": 0.7287618276358623,
          "is_function_changed": false,
          "beta_env1": [
            0.1395390678351798
          ],
          "beta_env2": [
            0.14212164719331216
          ]
        },
        "noise_test": {
          "ks_statistic": 0.07062000000000002,
          "p_value": 7.34248175000268e-109,
          "is_noise_changed": true
        }
      },
      "11": {
        "is_shifted": false,
        "parents": [
          4
        ],
        "function_test": {
          "f_statistic": 2.441033359137836,
          "p_value": 0.1182015024976798,
          "is_function_changed": false,
          "beta_env1": [
            0.12423419578857176
          ],
          "beta_env2": [
            0.11446644168286398
          ]
        },
        "noise_test": {
          "ks_statistic": 0.0031600000000000517,
          "p_value": 0.963503059351908,
          "is_noise_changed": false
        }
      },
      "12": {
        "is_shifted": false,
        "parents": [
          9
        ],
        "function_test": {
          "f_statistic": 0.5500528225430754,
          "p_value": 0.4582978534762747,
          "is_function_changed": false,
          "beta_env1": [
            0.1194154533397521
          ],
          "beta_env2": [
            0.11478376433087438
          ]
        },
        "noise_test": {
          "ks_statistic": 0.0034399999999999986,
          "p_value": 0.9277872175372157,
          "is_noise_changed": false
        }
      },
      "13": {
        "is_shifted": false,
        "parents": [
          5
        ],
        "function_test": {
          "f_statistic": 0.33652459961573583,
          "p_value": 0.5618434985081713,
          "is_function_changed": false,
          "beta_env1": [
            0.106071875812508
          ],
          "beta_env2": [
            0.10969039646386304
          ]
        },
        "noise_test": {
          "ks_statistic": 0.005840000000000012,