{
  "dataset_info": {
    "seed": 155,
    "dataset_index": 24,
    "node_count": 20,
    "edge_count": 20,
    "graph_type": "SF",
    "shifted_nodes": [
      16,
      18,
      17,
      3
    ],
    "shift_types": {
      "16": [
        "sin_cos"
      ],
      "18": [
        "sin_cos"
      ],
      "17": [
        "pa_delete"
      ],
      "3": [
        "pa_delete"
      ]
    },
    "shift_case": "sin_cos_pa_delete",
    "deleted_parents": {
      "17": 2,
      "3": 1
    }
  },
  "model": "linearccp",
  "exp_type": "synthetic",
  "config_name": "SF",
  "device": "cuda:0",
  "linearccp": {
    "shifted_nodes": [
      3,
      4,
      5,
      6,
      8,
      10,
      15,
      16,
      17,
      18
    ],
    "functional_change_nodes": [
      3,
      4,
      5,
      6,
      8,
      10,
      15,
      16,
      17,
      18
    ],
    "noise_change_nodes": [
      3,
      4,
      5,
      6,
      8,
      10,
      16,
      17,
      18
    ],
    "node_results": {
      "1": {
        "is_shifted": false,
        "parents": [
          0
        ],
        "function_test": {
          "f_statistic": 0.7669422912200152,
          "p_value": 0.38116674788393345,
          "is_function_changed": false,
          "beta_env1": [
            0.004853233401216332
          ],
          "beta_env2": [
            0.008683562636802977
          ]
        },
        "noise_test": {
          "ks_statistic": 0.0041999999999999815,
          "p_value": 0.7682194736403007,
          "is_noise_changed": false
        }
      },
      "2": {
        "is_shifted": false,
        "parents": [
          1
        ],
        "function_test": {
          "f_statistic": 0.12110818850690007,
          "p_value": 0.7278363965479473,
          "is_function_changed": false,
          "beta_env1": [
            0.1355261951560379
          ],
          "beta_env2": [
            0.13771951030810797
          ]
        },
        "noise_test": {
          "ks_statistic": 0.005620000000000069,
          "p_value": 0.4071753360318179,
          "is_noise_changed": false
        }
      },
      "3": {
        "is_shifted": true,
        "parents": [
          1
        ],
        "function_test": {
          "f_statistic": 336.9749597696083,
          "p_value": 1.1102230246251565e-16,
          "is_function_changed": true,
          "beta_env1": [
            0.13984811388038204
          ],
          "beta_env2": [
            -0.004033605212761532
          ]
        },
        "noise_test": {
          "ks_statistic": 0.10546,
          "p_value": 1.4622510385201757e-242,
          "is_noise_changed": true
        }
      },
      "4": {
        "is_shifted": true,
        "parents": [
          3
        ],
        "function_test": {
          "f_statistic": 484.1232190659412,
          "p_value": 1.1102230246251565e-16,
          "is_function_changed": true,
          "beta_env1": [
            0.11555999676501702
          ],
          "beta_env2": [
            -0.0034509072343371166
          ]
        },
        "noise_test": {
          "ks_statistic": 0.02516000000000007,
          "p_value": 3.515245202415328e-14,
          "is_noise_changed": true
        }
      },
      "5": {
        "is_shifted": true,
        "parents": [
          4
        ],
        "function_test": {
          "f_statistic": 31.71905525710023,
          "p_value": 1.7864209556073263e-08,
          "is_function_changed": true,
          "beta_env1": [
            0.10453257357929596
          ],
          "beta_env2": [
            0.13974108798281798
          ]
        },
        "noise_test": {
          "ks_statistic": 0.00882000000000005,
          "p_value": 0.0406647358321085,
          "is_noise_changed": true
        }
      },
      "6": {
        "is_shifted": true,
        "parents": [
          4
        ],
        "function_test": {
          "f_statistic": 15.754595340225357,
          "p_value": 7.216287966005375e-05,
          "is_function_changed": true,
          "beta_env1": [
            0.10861002960290742
          ],
          "beta_env2": [
            0.13339229089181798
          ]
        },
        "noise_test": {
          "ks_statistic": 0.01090000000000002,
          "p_value": 0.005222788770029921,
          "is_noise_changed": true
        }
      },
      "7": {
        "is_shifted": false,
        "parents": [
          2
        ],
        "function_test": {
          "f_statistic": 0.030506515364190002,
          "p_value": 0.8613462542557899,
          "is_function_changed": false,
          "beta_env1": [
            0.11427249808395377
          ],
          "beta_env2": [
            0.11318246229385509
          ]
        },
        "noise_test": {
          "ks_statistic": 0.002920000000000006,
          "p_value": 0.9829559361821008,
          "is_noise_changed": false
        }
      },
      "8": {
        "is_shifted": true,
        "parents": [
          3
        ],
        "function_test": {
          "f_statistic": 486.6603769252832,
          "p_value": 1.1102230246251565e-16,
          "is_function_changed": true,
          "beta_env1": [
            0.11443878259558277
          ],
          "beta_env2": [
            -0.0057130952833638025
          ]
        },
        "noise_test": {
          "ks_statistic": 0.024900000000000033,
          "p_value": 6.741201901169512e-14,
          "is_noise_changed": true
        }
      },
      "9": {
        "is_shifted": false,
        "parents": [
          6
        ],
        "function_test": {
          "f_statistic": 1.663169751840201,
          "p_value": 0.19717887590929783,
          "is_function_changed": false,
          "beta_env1": [
            0.12518408488240537
          ],
          "beta_env2": [
            0.1170930800232492
          ]
        },
        "noise_test": {
          "ks_statistic": 0.007720000000000005,
          "p_value": 0.10105791112046691,
          "is_noise_changed": false
        }
      },
      "10": {
        "is_shifted": true,
        "parents": [
          4
        ],
        "function_test": {
          "f_statistic": 29.478433117803494,
          "p_value": 5.66735924856232e-08,
          "is_function_changed": true,
          "beta_env1": [
            0.10778848974605296
          ],
          "beta_env2": [
            0.14174323131783048
          ]
        },
        "noise_test": {
          "ks_statistic": 0.008619999999999961,
          "p_value": 0.048419042750971086,
          "is_noise_changed": true
        }
      },
      "11": {
        "is_shifted": false,
        "parents": [
          2
        ],
        "function_test": {
          "f_statistic": 2.674037342402003,
          "p_value": 0.10200013240037775,
          "is_function_changed": false,
          "beta_env1": [
            0.12199313679298536
          ],
          "beta_env2": [
            0.11180471476432827
          ]
        },
        "noise_test": {
          "ks_statistic": 0.0034600000000000186,
          "p_value": 0.924689030310373,
          "is_noise_changed": false
        }
      },
      "12": {
        "is_shifted": false,
        "parents": [
          2
        ],
        "function_test": {
          "f_statistic": 0.07554884800931971,
          "p_value": 0.7834232093094746,
          "is_function_changed": false,
          "beta_env1": [
            0.11331365472543689
          ],
          "beta_env2": [
            0.11503758767714263
          ]
        },
        "noise_test": {
          "ks_statistic": 0.0034399999999999986,
          "p_value": 0.9277872175372157,
          "is_noise_changed": false
        }
      },
      "13": {
        "is_shifted": false,
        "parents": [
          12
        ],
        "function_test": {
          "f_statistic": 1.9939226873301867,
          "p_value": 0.15793444336797313,
          "is_function_changed": false,