{
  "dataset_info": {
    "seed": 151,
    "dataset_index": 20,
    "node_count": 20,
    "edge_count": 20,
    "graph_type": "SF",
    "shifted_nodes": [
      9,
      4,
      2,
      14
    ],
    "shift_types": {
      "9": [
        "pa_delete"
      ],
      "4": [
        "pa_delete"
      ],
      "2": [
        "noise_laplace"
      ],
      "14": [
        "noise_laplace"
      ]
    },
    "shift_case": "pa_delete_noise_laplace",
    "deleted_parents": {
      "9": 4,
      "4": 3
    }
  },
  "model": "linearccp",
  "exp_type": "synthetic",
  "config_name": "SF",
  "device": "cuda:0",
  "linearccp": {
    "shifted_nodes": [
      2,
      3,
      4,
      5,
      9,
      10,
      12,
      13,
      14,
      15,
      18,
      19
    ],
    "functional_change_nodes": [
      2,
      3,
      4,
      5,
      9,
      10,
      12,
      13,
      14,
      15,
      18,
      19
    ],
    "noise_change_nodes": [
      2,
      3,
      4,
      9,
      10,
      12,
      13,
      14,
      18,
      19
    ],
    "node_results": {
      "1": {
        "is_shifted": false,
        "parents": [
          0
        ],
        "function_test": {
          "f_statistic": 0.1516754717198966,
          "p_value": 0.6969401614407131,
          "is_function_changed": false,
          "beta_env1": [
            -0.000839825246506438
          ],
          "beta_env2": [
            0.0008511554275364578
          ]
        },
        "noise_test": {
          "ks_statistic": 0.0043400000000000105,
          "p_value": 0.7323179467578325,
          "is_noise_changed": false
        }
      },
      "2": {
        "is_shifted": true,
        "parents": [
          1
        ],
        "function_test": {
          "f_statistic": 13.098529845627683,
          "p_value": 0.0002956733081843632,
          "is_function_changed": true,
          "beta_env1": [
            0.15247879481000814
          ],
          "beta_env2": [
            0.12541557786493787
          ]
        },
        "noise_test": {
          "ks_statistic": 0.04102,
          "p_value": 5.466704132463205e-37,
          "is_noise_changed": true
        }
      },
      "3": {
        "is_shifted": true,
        "parents": [
          2
        ],
        "function_test": {
          "f_statistic": 219.73607410290134,
          "p_value": 1.1102230246251565e-16,
          "is_function_changed": true,
          "beta_env1": [
            0.11463699281064395
          ],
          "beta_env2": [
            0.030525087330077274
          ]
        },
        "noise_test": {
          "ks_statistic": 0.009319999999999995,
          "p_value": 0.025829612410223746,
          "is_noise_changed": true
        }
      },
      "4": {
        "is_shifted": true,
        "parents": [
          3
        ],
        "function_test": {
          "f_statistic": 219.4250330880774,
          "p_value": 1.1102230246251565e-16,
          "is_function_changed": true,
          "beta_env1": [
            0.11333720393676672
          ],
          "beta_env2": [
            -0.00020687506559402595
          ]
        },
        "noise_test": {
          "ks_statistic": 0.10762,
          "p_value": 1.3162252876388172e-252,
          "is_noise_changed": true
        }
      },
      "5": {
        "is_shifted": true,
        "parents": [
          3
        ],
        "function_test": {
          "f_statistic": 10.032536671956544,
          "p_value": 0.0015384530116150374,
          "is_function_changed": true,
          "beta_env1": [
            0.12042636239511725
          ],
          "beta_env2": [
            0.10113696238878717
          ]
        },
        "noise_test": {
          "ks_statistic": 0.005140000000000033,
          "p_value": 0.5219305734232791,
          "is_noise_changed": false
        }
      },
      "6": {
        "is_shifted": false,
        "parents": [
          1
        ],
        "function_test": {
          "f_statistic": 3.701383697690323,
          "p_value": 0.054370199072902525,
          "is_function_changed": false,
          "beta_env1": [
            0.14403718559784418
          ],
          "beta_env2": [
            0.13184925700102393
          ]
        },
        "noise_test": {
          "ks_statistic": 0.0036400000000000876,
          "p_value": 0.8936873313960917,
          "is_noise_changed": false
        }
      },
      "7": {
        "is_shifted": false,
        "parents": [
          6
        ],
        "function_test": {
          "f_statistic": 0.07338991258228185,
          "p_value": 0.78646409980986,
          "is_function_changed": false,
          "beta_env1": [
            0.1173707023105391
          ],
          "beta_env2": [
            0.11906605946541965
          ]
        },
        "noise_test": {
          "ks_statistic": 0.0041000000000001036,
          "p_value": 0.7930696291258125,
          "is_noise_changed": false
        }
      },
      "8": {
        "is_shifted": false,
        "parents": [
          7
        ],
        "function_test": {
          "f_statistic": 0.7044283975958499,
          "p_value": 0.40130168368585994,
          "is_function_changed": false,
          "beta_env1": [
            0.10182393816478202
          ],
          "beta_env2": [
            0.10701054656418577
          ]
        },
        "noise_test": {
          "ks_statistic": 0.0047600000000000975,
          "p_value": 0.6209865473004763,
          "is_noise_changed": false
        }
      },
      "9": {
        "is_shifted": true,
        "parents": [
          4
        ],
        "function_test": {
          "f_statistic": 365.29469599997776,
          "p_value": 1.1102230246251565e-16,
          "is_function_changed": true,
          "beta_env1": [
            0.12207447230664803
          ],
          "beta_env2": [
            -0.006282902297206495
          ]
        },
        "noise_test": {
          "ks_statistic": 0.10804000000000001,
          "p_value": 1.3870954555687964e-254,
          "is_noise_changed": true
        }
      },
      "10": {
        "is_shifted": true,
        "parents": [
          3
        ],
        "function_test": {
          "f_statistic": 5.465667274526943,
          "p_value": 0.01939560842558563,
          "is_function_changed": true,
          "beta_env1": [
            0.114224826928511
          ],
          "beta_env2": [
            0.09998600433444038
          ]
        },
        "noise_test": {
          "ks_statistic": 0.009239999999999915,
          "p_value": 0.02782170811564888,
          "is_noise_changed": true
        }
      },
      "11": {
        "is_shifted": false,
        "parents": [
          5
        ],
        "function_test": {
          "f_statistic": 1.2985502299194824,
          "p_value": 0.25448094026828905,
          "is_function_changed": false,
          "beta_env1": [
            0.10452599792401557
          ],
          "beta_env2": [
            0.11167503533433101
          ]
        },
        "noise_test": {
          "ks_statistic": 0.004399999999999987,
          "p_value": 0.7166355641908798,
          "is_noise_changed": false
        }
      },
      "12": {
        "is_shifted": true,
        "parents": [
          4
        ],
        "function_test": {
          "f_statistic": 447.9267156604305,
          "p_value": 1.1102230246251565e-16,
          "is_function_changed": true,
          "beta_env1": [
            0.11700672900590199
          ],
          "beta_env2": [
            0.0025065433662148943
          ]
        },
        "noise_test": {
          "ks_statistic": 0.025540000000000007,
          "p_value": 1.3408303359170971e-14,
          "is_noise_changed": true
        }
      },
      "13": {
        "is_shifted": true,
        "parents": [
          9
        ],
        "function_test": {
          "f_statistic": 463.7674931280886,
          "p_value": 1.1102230246251565e-16,