{
  "dataset_info": {
    "seed": 157,
    "dataset_index": 26,
    "node_count": 20,
    "edge_count": 20,
    "graph_type": "SF",
    "shifted_nodes": [
      11,
      12,
      8,
      4
    ],
    "shift_types": {
      "11": [
        "noise_N02"
      ],
      "12": [
        "noise_N02"
      ],
      "8": [
        "noise_laplace"
      ],
      "4": [
        "noise_laplace"
      ]
    },
    "shift_case": "noise_N02_laplace",
    "deleted_parents": {}
  },
  "model": "linearccp",
  "exp_type": "synthetic",
  "config_name": "SF",
  "device": "cuda:0",
  "linearccp": {
    "shifted_nodes": [
      4,
      8,
      9,
      11,
      12
    ],
    "functional_change_nodes": [
      9
    ],
    "noise_change_nodes": [
      4,
      8,
      11,
      12
    ],
    "node_results": {
      "1": {
        "is_shifted": false,
        "parents": [
          0
        ],
        "function_test": {
          "f_statistic": 0.0026331020739416918,
          "p_value": 0.9590756053055014,
          "is_function_changed": false,
          "beta_env1": [
            -0.0008992555321503988
          ],
          "beta_env2": [
            -0.0011235693088687071
          ]
        },
        "noise_test": {
          "ks_statistic": 0.0036399999999999766,
          "p_value": 0.8936873313961124,
          "is_noise_changed": false
        }
      },
      "2": {
        "is_shifted": false,
        "parents": [
          1
        ],
        "function_test": {
          "f_statistic": 0.12646456909634163,
          "p_value": 0.7221269830325346,
          "is_function_changed": false,
          "beta_env1": [
            0.1432926577215756
          ],
          "beta_env2": [
            0.1410536287148654
          ]
        },
        "noise_test": {
          "ks_statistic": 0.003119999999999956,
          "p_value": 0.9674357226570663,
          "is_noise_changed": false
        }
      },
      "3": {
        "is_shifted": false,
        "parents": [
          0
        ],
        "function_test": {
          "f_statistic": 0.8793037887175544,
          "p_value": 0.34839470171306763,
          "is_function_changed": false,
          "beta_env1": [
            -0.004157489587991752
          ],
          "beta_env2": [
            -5.858896932781861e-05
          ]
        },
        "noise_test": {
          "ks_statistic": 0.0038799999999999946,
          "p_value": 0.8444759423146997,
          "is_noise_changed": false
        }
      },
      "4": {
        "is_shifted": true,
        "parents": [
          0
        ],
        "function_test": {
          "f_statistic": 2.7685798080128614,
          "p_value": 0.09613455152374029,
          "is_function_changed": false,
          "beta_env1": [
            -0.0007533772898839204
          ],
          "beta_env2": [
            0.007567724205148416
          ]
        },
        "noise_test": {
          "ks_statistic": 0.035460000000000005,
          "p_value": 9.528431977626282e-28,
          "is_noise_changed": true
        }
      },
      "5": {
        "is_shifted": false,
        "parents": [
          1
        ],
        "function_test": {
          "f_statistic": 0.012479673408107406,
          "p_value": 0.9110516248451561,
          "is_function_changed": false,
          "beta_env1": [
            0.14253493159849656
          ],
          "beta_env2": [
            0.14323801429875782
          ]
        },
        "noise_test": {
          "ks_statistic": 0.006860000000000088,
          "p_value": 0.18914185590917443,
          "is_noise_changed": false
        }
      },
      "6": {
        "is_shifted": false,
        "parents": [
          0
        ],
        "function_test": {
          "f_statistic": 0.6906309800518458,
          "p_value": 0.40595182815788766,
          "is_function_changed": false,
          "beta_env1": [
            0.0028844626536704927
          ],
          "beta_env2": [
            -0.0007530038511984083
          ]
        },
        "noise_test": {
          "ks_statistic": 0.0048000000000000265,
          "p_value": 0.6103638054025584,
          "is_noise_changed": false
        }
      },
      "7": {
        "is_shifted": false,
        "parents": [
          5
        ],
        "function_test": {
          "f_statistic": 1.250076654626813,
          "p_value": 0.2635405231785687,
          "is_function_changed": false,
          "beta_env1": [
            0.11599833916369302
          ],
          "beta_env2": [
            0.10897387169935668
          ]
        },
        "noise_test": {
          "ks_statistic": 0.005240000000000022,
          "p_value": 0.49686726811281556,
          "is_noise_changed": false
        }
      },
      "8": {
        "is_shifted": true,
        "parents": [
          0
        ],
        "function_test": {
          "f_statistic": 0.8255199819064434,
          "p_value": 0.36357336991690836,
          "is_function_changed": false,
          "beta_env1": [
            -0.0008014914416782046
          ],
          "beta_env2": [
            0.0037356394017613176
          ]
        },
        "noise_test": {
          "ks_statistic": 0.029920000000000002,
          "p_value": 7.071454161749344e-20,
          "is_noise_changed": true
        }
      },
      "9": {
        "is_shifted": true,
        "parents": [
          0
        ],
        "function_test": {
          "f_statistic": 4.384461043486306,
          "p_value": 0.0362704681600553,
          "is_function_changed": true,
          "beta_env1": [
            -0.007459774504681727
          ],
          "beta_env2": [
            0.0016933899807160797
          ]
        },
        "noise_test": {
          "ks_statistic": 0.0034000000000000002,
          "p_value": 0.9337680314772125,
          "is_noise_changed": false
        }
      },
      "10": {
        "is_shifted": false,
        "parents": [
          0
        ],
        "function_test": {
          "f_statistic": 0.3507963829498799,
          "p_value": 0.5536640020304657,
          "is_function_changed": false,
          "beta_env1": [
            0.00013696929059774205
          ],
          "beta_env2": [
            0.002723000519722172
          ]
        },
        "noise_test": {
          "ks_statistic": 0.005659999999999998,
          "p_value": 0.3983092785621598,
          "is_noise_changed": false
        }
      },
      "11": {
        "is_shifted": true,
        "parents": [
          0
        ],
        "function_test": {
          "f_statistic": 1.0553074564474618,
          "p_value": 0.3042903755191195,
          "is_function_changed": false,
          "beta_env1": [
            -0.002854944422517065
          ],
          "beta_env2": [
            0.0022791998745200384
          ]
        },
        "noise_test": {
          "ks_statistic": 0.055900000000000005,
          "p_value": 2.4201897109342156e-68,
          "is_noise_changed": true
        }
      },
      "12": {
        "is_shifted": true,
        "parents": [
          6
        ],
        "function_test": {
          "f_statistic": 1.7928895805272314,
          "p_value": 0.18057753610096294,
          "is_function_changed": false,
          "beta_env1": [
            0.13538633213834048
          ],
          "beta_env2": [
            0.1453135193581433
          ]
        },
        "noise_test": {
          "ks_statistic": 0.07034,
          "p_value": 5.3072615404964705e-108,
          "is_noise_changed": true
        }
      },
      "13": {
        "is_shifted": false,
        "parents": [
          10
        ],
        "function_test": {
          "f_statistic": 0.07832658536736646,
          "p_value": 0.7795786888675728,
          "is_function_changed": false,
          "beta_env1": [
            0.14056629588384034
          ],
          "beta_env2": [
            0.14233866042191268
          ]
        },
        "noise_test": {
          "ks_statistic": 0.0047399999999999665,