{
  "dataset_info": {
    "seed": 159,
    "dataset_index": 28,
    "node_count": 20,
    "edge_count": 20,
    "graph_type": "SF",
    "shifted_nodes": [
      17,
      15,
      18,
      10
    ],
    "shift_types": {
      "17": [
        "noise_N02"
      ],
      "15": [
        "noise_N02"
      ],
      "18": [
        "noise_laplace"
      ],
      "10": [
        "noise_laplace"
      ]
    },
    "shift_case": "noise_N02_laplace",
    "deleted_parents": {}
  },
  "model": "linearccp",
  "exp_type": "synthetic",
  "config_name": "SF",
  "device": "cuda:0",
  "linearccp": {
    "shifted_nodes": [
      10,
      11,
      15,
      17,
      18
    ],
    "functional_change_nodes": [
      11,
      15
    ],
    "noise_change_nodes": [
      10,
      15,
      17,
      18
    ],
    "node_results": {
      "1": {
        "is_shifted": false,
        "parents": [
          0
        ],
        "function_test": {
          "f_statistic": 0.0735802022233749,
          "p_value": 0.7861941596674824,
          "is_function_changed": false,
          "beta_env1": [
            -0.00042564645821483756
          ],
          "beta_env2": [
            -0.001604443793149367
          ]
        },
        "noise_test": {
          "ks_statistic": 0.0048799999999999955,
          "p_value": 0.5892150994807934,
          "is_noise_changed": false
        }
      },
      "2": {
        "is_shifted": false,
        "parents": [
          0
        ],
        "function_test": {
          "f_statistic": 3.2240454391278375,
          "p_value": 0.07256710935106647,
          "is_function_changed": false,
          "beta_env1": [
            -0.0037780189839263494
          ],
          "beta_env2": [
            0.004022859718194688
          ]
        },
        "noise_test": {
          "ks_statistic": 0.006659999999999999,
          "p_value": 0.2164602965893272,
          "is_noise_changed": false
        }
      },
      "3": {
        "is_shifted": false,
        "parents": [
          1
        ],
        "function_test": {
          "f_statistic": 1.9269828771461264,
          "p_value": 0.16509200413044367,
          "is_function_changed": false,
          "beta_env1": [
            0.15595692079556023
          ],
          "beta_env2": [
            0.14715732203862783
          ]
        },
        "noise_test": {
          "ks_statistic": 0.005639999999999978,
          "p_value": 0.4027277234148121,
          "is_noise_changed": false
        }
      },
      "4": {
        "is_shifted": false,
        "parents": [
          0
        ],
        "function_test": {
          "f_statistic": 1.492635018796667,
          "p_value": 0.22181095157272201,
          "is_function_changed": false,
          "beta_env1": [
            -0.006358750140005278
          ],
          "beta_env2": [
            -0.0010311537840815828
          ]
        },
        "noise_test": {
          "ks_statistic": 0.006700000000000039,
          "p_value": 0.21076808615574738,
          "is_noise_changed": false
        }
      },
      "5": {
        "is_shifted": false,
        "parents": [
          3
        ],
        "function_test": {
          "f_statistic": 0.0006695784443349184,
          "p_value": 0.9793561239077575,
          "is_function_changed": false,
          "beta_env1": [
            0.10812826782146656
          ],
          "beta_env2": [
            0.10796705868967982
          ]
        },
        "noise_test": {
          "ks_statistic": 0.005080000000000001,
          "p_value": 0.5372107095965541,
          "is_noise_changed": false
        }
      },
      "6": {
        "is_shifted": false,
        "parents": [
          3
        ],
        "function_test": {
          "f_statistic": 2.69180083982246,
          "p_value": 0.10086890408626958,
          "is_function_changed": false,
          "beta_env1": [
            0.12067295440496156
          ],
          "beta_env2": [
            0.11037692868190878
          ]
        },
        "noise_test": {
          "ks_statistic": 0.0032999999999999696,
          "p_value": 0.9474444444687117,
          "is_noise_changed": false
        }
      },
      "7": {
        "is_shifted": false,
        "parents": [
          0
        ],
        "function_test": {
          "f_statistic": 0.16238628207173736,
          "p_value": 0.6869698219786484,
          "is_function_changed": false,
          "beta_env1": [
            -0.0029772670877224786
          ],
          "beta_env2": [
            -0.0012292384144679065
          ]
        },
        "noise_test": {
          "ks_statistic": 0.005099999999999993,
          "p_value": 0.5320984781533314,
          "is_noise_changed": false
        }
      },
      "8": {
        "is_shifted": false,
        "parents": [
          4
        ],
        "function_test": {
          "f_statistic": 0.22898088434190147,
          "p_value": 0.6322815652828713,
          "is_function_changed": false,
          "beta_env1": [
            0.14621580596658248
          ],
          "beta_env2": [
            0.14318979036828175
          ]
        },
        "noise_test": {
          "ks_statistic": 0.003920000000000035,
          "p_value": 0.8355215988696746,
          "is_noise_changed": false
        }
      },
      "9": {
        "is_shifted": false,
        "parents": [
          2
        ],
        "function_test": {
          "f_statistic": 0.23463196218226853,
          "p_value": 0.628111427316892,
          "is_function_changed": false,
          "beta_env1": [
            0.13846999996991732
          ],
          "beta_env2": [
            0.14153984583368284
          ]
        },
        "noise_test": {
          "ks_statistic": 0.0032799999999999496,
          "p_value": 0.9499591129886342,
          "is_noise_changed": false
        }
      },
      "10": {
        "is_shifted": true,
        "parents": [
          0
        ],
        "function_test": {
          "f_statistic": 0.4511563764549304,
          "p_value": 0.5017878722716438,
          "is_function_changed": false,
          "beta_env1": [
            -0.0028724965152668795
          ],
          "beta_env2": [
            0.00047772868168281736
          ]
        },
        "noise_test": {
          "ks_statistic": 0.029300000000000007,
          "p_value": 4.438934338862342e-19,
          "is_noise_changed": true
        }
      },
      "11": {
        "is_shifted": true,
        "parents": [
          5
        ],
        "function_test": {
          "f_statistic": 5.445384779627131,
          "p_value": 0.019622063894641273,
          "is_function_changed": true,
          "beta_env1": [
            0.10941390627708861
          ],
          "beta_env2": [
            0.0949317851391624
          ]
        },
        "noise_test": {
          "ks_statistic": 0.0036599999999999966,
          "p_value": 0.8899111024410605,
          "is_noise_changed": false
        }
      },
      "12": {
        "is_shifted": false,
        "parents": [
          1
        ],
        "function_test": {
          "f_statistic": 0.4148013266540994,
          "p_value": 0.519544023617927,
          "is_function_changed": false,
          "beta_env1": [
            0.1469574521854987
          ],
          "beta_env2": [
            0.14287300764608346
          ]
        },
        "noise_test": {
          "ks_statistic": 0.0035399999999999876,
          "p_value": 0.9115911159176359,
          "is_noise_changed": false
        }
      },
      "13": {
        "is_shifted": false,
        "parents": [
          3
        ],
        "function_test": {
          "f_statistic": 2.1099982929883194,
          "p_value": 0.14634261857979114,
          "is_function_changed": false,
          "beta_env1": [
            0.11774027871898202
          ],
          "beta_env2": [
            0.10868859344245944
          ]
        },