{
  "dataset_info": {
    "seed": 146,
    "dataset_index": 15,
    "node_count": 20,
    "edge_count": 20,
    "graph_type": "SF",
    "shifted_nodes": [
      19,
      13,
      17,
      9
    ],
    "shift_types": {
      "19": [
        "pa_delete"
      ],
      "13": [
        "pa_delete"
      ],
      "17": [
        "noise_N02"
      ],
      "9": [
        "noise_N02"
      ]
    },
    "shift_case": "pa_delete_noise_N02",
    "deleted_parents": {
      "19": 16,
      "13": 8
    }
  },
  "model": "linearccp",
  "exp_type": "synthetic",
  "config_name": "SF",
  "device": "cuda:0",
  "linearccp": {
    "shifted_nodes": [
      1,
      5,
      7,
      9,
      10,
      12,
      13,
      17,
      19
    ],
    "functional_change_nodes": [
      1,
      5,
      7,
      10,
      12,
      13,
      17,
      19
    ],
    "noise_change_nodes": [
      9,
      10,
      12,
      13,
      17,
      19
    ],
    "node_results": {
      "1": {
        "is_shifted": true,
        "parents": [
          0
        ],
        "function_test": {
          "f_statistic": 13.63937316033196,
          "p_value": 0.00022160916834823574,
          "is_function_changed": true,
          "beta_env1": [
            -0.009831224898214756
          ],
          "beta_env2": [
            0.006266449330130742
          ]
        },
        "noise_test": {
          "ks_statistic": 0.0045399999999999885,
          "p_value": 0.6796059795712869,
          "is_noise_changed": false
        }
      },
      "2": {
        "is_shifted": false,
        "parents": [
          0
        ],
        "function_test": {
          "f_statistic": 1.1699911405068055,
          "p_value": 0.2794056693457334,
          "is_function_changed": false,
          "beta_env1": [
            -0.0021016253693603294
          ],
          "beta_env2": [
            0.0026103378042428784
          ]
        },
        "noise_test": {
          "ks_statistic": 0.0041800000000000725,
          "p_value": 0.7732497377116984,
          "is_noise_changed": false
        }
      },
      "3": {
        "is_shifted": false,
        "parents": [
          1
        ],
        "function_test": {
          "f_statistic": 0.035854976744748426,
          "p_value": 0.8498156775904102,
          "is_function_changed": false,
          "beta_env1": [
            0.14054965644867806
          ],
          "beta_env2": [
            0.1417460992844273
          ]
        },
        "noise_test": {
          "ks_statistic": 0.005180000000000018,
          "p_value": 0.51184195721681,
          "is_noise_changed": false
        }
      },
      "4": {
        "is_shifted": false,
        "parents": [
          2
        ],
        "function_test": {
          "f_statistic": 8.817708978980882e-08,
          "p_value": 0.9997630717482087,
          "is_function_changed": false,
          "beta_env1": [
            0.1451471040215769
          ],
          "beta_env2": [
            0.14514522504432698
          ]
        },
        "noise_test": {
          "ks_statistic": 0.0034000000000000696,
          "p_value": 0.9337680314772026,
          "is_noise_changed": false
        }
      },
      "5": {
        "is_shifted": true,
        "parents": [
          0
        ],
        "function_test": {
          "f_statistic": 10.641152125932901,
          "p_value": 0.0011063579754054809,
          "is_function_changed": true,
          "beta_env1": [
            -0.009040540496264007
          ],
          "beta_env2": [
            0.005118928916851364
          ]
        },
        "noise_test": {
          "ks_statistic": 0.00656000000000001,
          "p_value": 0.2312026806580868,
          "is_noise_changed": false
        }
      },
      "6": {
        "is_shifted": false,
        "parents": [
          2
        ],
        "function_test": {
          "f_statistic": 0.6262613023984632,
          "p_value": 0.4287318953095094,
          "is_function_changed": false,
          "beta_env1": [
            0.14455915672312544
          ],
          "beta_env2": [
            0.13953903519352914
          ]
        },
        "noise_test": {
          "ks_statistic": 0.004579999999999973,
          "p_value": 0.6689569927803001,
          "is_noise_changed": false
        }
      },
      "7": {
        "is_shifted": true,
        "parents": [
          6
        ],
        "function_test": {
          "f_statistic": 7.301273115729632,
          "p_value": 0.0068917392330622995,
          "is_function_changed": true,
          "beta_env1": [
            0.12321994773760088
          ],
          "beta_env2": [
            0.10634908586300919
          ]
        },
        "noise_test": {
          "ks_statistic": 0.0047800000000000065,
          "p_value": 0.6156718810338904,
          "is_noise_changed": false
        }
      },
      "8": {
        "is_shifted": false,
        "parents": [
          2
        ],
        "function_test": {
          "f_statistic": 0.6890227487326388,
          "p_value": 0.4064989607443785,
          "is_function_changed": false,
          "beta_env1": [
            0.14462493388762537
          ],
          "beta_env2": [
            0.13938451143288938
          ]
        },
        "noise_test": {
          "ks_statistic": 0.002599999999999991,
          "p_value": 0.9957363057176288,
          "is_noise_changed": false
        }
      },
      "9": {
        "is_shifted": true,
        "parents": [
          0
        ],
        "function_test": {
          "f_statistic": 1.1519192308386563,
          "p_value": 0.2831503375030464,
          "is_function_changed": false,
          "beta_env1": [
            -0.0013297376719057553
          ],
          "beta_env2": [
            0.004004873752466792
          ]
        },
        "noise_test": {
          "ks_statistic": 0.05810000000000001,
          "p_value": 8.498038428054122e-74,
          "is_noise_changed": true
        }
      },
      "10": {
        "is_shifted": true,
        "parents": [
          9
        ],
        "function_test": {
          "f_statistic": 266.90011945039987,
          "p_value": 1.1102230246251565e-16,
          "is_function_changed": true,
          "beta_env1": [
            0.13893251453678324
          ],
          "beta_env2": [
            0.04327027375235093
          ]
        },
        "noise_test": {
          "ks_statistic": 0.009620000000000017,
          "p_value": 0.01943770885344824,
          "is_noise_changed": true
        }
      },
      "11": {
        "is_shifted": false,
        "parents": [
          2
        ],
        "function_test": {
          "f_statistic": 0.8781079677763097,
          "p_value": 0.34872267901448417,
          "is_function_changed": false,
          "beta_env1": [
            0.1439172456131548
          ],
          "beta_env2": [
            0.14985807884686958
          ]
        },
        "noise_test": {
          "ks_statistic": 0.004159999999999997,
          "p_value": 0.7782512730128979,
          "is_noise_changed": false
        }
      },
      "12": {
        "is_shifted": true,
        "parents": [
          9
        ],
        "function_test": {
          "f_statistic": 283.69202404809516,
          "p_value": 1.1102230246251565e-16,
          "is_function_changed": true,
          "beta_env1": [
            0.1391227172489722
          ],
          "beta_env2": [
            0.04053300894338612
          ]
        },
        "noise_test": {
          "ks_statistic": 0.01191999999999993,
          "p_value": 0.0016298276751139352,
          "is_noise_changed": true
        }
      },
      "13": {
        "is_shifted": true,
        "parents": [
          8
        ],
        "function_test": {
          "f_statistic": 222.35036955746475,
          "p_value": 1.1102230246251565e-16,
          "is_function_changed": true,
          "beta_env1": [
            0.1211447077072499
          ],