{
  "dataset_info": {
    "seed": 154,
    "dataset_index": 23,
    "node_count": 20,
    "edge_count": 20,
    "graph_type": "SF",
    "shifted_nodes": [
      14,
      15,
      13,
      11
    ],
    "shift_types": {
      "14": [
        "sin_cos"
      ],
      "15": [
        "sin_cos"
      ],
      "13": [
        "pa_delete"
      ],
      "11": [
        "pa_delete"
      ]
    },
    "shift_case": "sin_cos_pa_delete",
    "deleted_parents": {
      "13": 0,
      "11": 6
    }
  },
  "model": "linearccp",
  "exp_type": "synthetic",
  "config_name": "SF",
  "device": "cuda:0",
  "linearccp": {
    "shifted_nodes": [
      8,
      11,
      13,
      14,
      15,
      16
    ],
    "functional_change_nodes": [
      8,
      11,
      14,
      15,
      16
    ],
    "noise_change_nodes": [
      11,
      13,
      14,
      15,
      16
    ],
    "node_results": {
      "1": {
        "is_shifted": false,
        "parents": [
          0
        ],
        "function_test": {
          "f_statistic": 3.1792354622501504,
          "p_value": 0.07458265028982736,
          "is_function_changed": false,
          "beta_env1": [
            0.0040347248733884926
          ],
          "beta_env2": [
            -0.003763265278463846
          ]
        },
        "noise_test": {
          "ks_statistic": 0.0038399999999999546,
          "p_value": 0.8532323035610497,
          "is_noise_changed": false
        }
      },
      "2": {
        "is_shifted": false,
        "parents": [
          0
        ],
        "function_test": {
          "f_statistic": 0.7658558782595265,
          "p_value": 0.3815042325170064,
          "is_function_changed": false,
          "beta_env1": [
            0.0027286548378037297
          ],
          "beta_env2": [
            -0.0010862856122304749
          ]
        },
        "noise_test": {
          "ks_statistic": 0.00662000000000007,
          "p_value": 0.22226898925402305,
          "is_noise_changed": false
        }
      },
      "3": {
        "is_shifted": false,
        "parents": [
          2
        ],
        "function_test": {
          "f_statistic": 0.06334785316409643,
          "p_value": 0.801281208803353,
          "is_function_changed": false,
          "beta_env1": [
            0.14476655786113235
          ],
          "beta_env2": [
            0.14635486228599717
          ]
        },
        "noise_test": {
          "ks_statistic": 0.0045399999999999885,
          "p_value": 0.6796059795712869,
          "is_noise_changed": false
        }
      },
      "4": {
        "is_shifted": false,
        "parents": [
          1
        ],
        "function_test": {
          "f_statistic": 0.7460466971072904,
          "p_value": 0.38773283525583424,
          "is_function_changed": false,
          "beta_env1": [
            0.13258384294131215
          ],
          "beta_env2": [
            0.13801909470367416
          ]
        },
        "noise_test": {
          "ks_statistic": 0.004039999999999988,
          "p_value": 0.8075792965488224,
          "is_noise_changed": false
        }
      },
      "5": {
        "is_shifted": false,
        "parents": [
          3
        ],
        "function_test": {
          "f_statistic": 1.9558952315862488,
          "p_value": 0.16195609847570291,
          "is_function_changed": false,
          "beta_env1": [
            0.11036190287251114
          ],
          "beta_env2": [
            0.11914579954567298
          ]
        },
        "noise_test": {
          "ks_statistic": 0.0038799999999999946,
          "p_value": 0.8444759423146997,
          "is_noise_changed": false
        }
      },
      "6": {
        "is_shifted": false,
        "parents": [
          2
        ],
        "function_test": {
          "f_statistic": 0.3569527432297947,
          "p_value": 0.5502048466913481,
          "is_function_changed": false,
          "beta_env1": [
            0.14639657408276388
          ],
          "beta_env2": [
            0.1426307793985476
          ]
        },
        "noise_test": {
          "ks_statistic": 0.005700000000000038,
          "p_value": 0.3895606742630251,
          "is_noise_changed": false
        }
      },
      "7": {
        "is_shifted": false,
        "parents": [
          0
        ],
        "function_test": {
          "f_statistic": 0.17410820966880855,
          "p_value": 0.6764871211038178,
          "is_function_changed": false,
          "beta_env1": [
            -0.00040451486477475395
          ],
          "beta_env2": [
            0.0014227287814308118
          ]
        },
        "noise_test": {
          "ks_statistic": 0.002939999999999998,
          "p_value": 0.9816993227920017,
          "is_noise_changed": false
        }
      },
      "8": {
        "is_shifted": true,
        "parents": [
          2
        ],
        "function_test": {
          "f_statistic": 5.63276291935566,
          "p_value": 0.017629704430820126,
          "is_function_changed": true,
          "beta_env1": [
            0.13374230981561822
          ],
          "beta_env2": [
            0.14872721138627226
          ]
        },
        "noise_test": {
          "ks_statistic": 0.00658000000000003,
          "p_value": 0.22819519800010402,
          "is_noise_changed": false
        }
      },
      "9": {
        "is_shifted": false,
        "parents": [
          6
        ],
        "function_test": {
          "f_statistic": 0.04900367279475217,
          "p_value": 0.8248065672768432,
          "is_function_changed": false,
          "beta_env1": [
            0.12622118929561058
          ],
          "beta_env2": [
            0.12484205316366871
          ]
        },
        "noise_test": {
          "ks_statistic": 0.004580000000000001,
          "p_value": 0.6689569927802927,
          "is_noise_changed": false
        }
      },
      "10": {
        "is_shifted": false,
        "parents": [
          2
        ],
        "function_test": {
          "f_statistic": 1.0294180333182021,
          "p_value": 0.3102978489446794,
          "is_function_changed": false,
          "beta_env1": [
            0.14048622059822705
          ],
          "beta_env2": [
            0.14687408690239803
          ]
        },
        "noise_test": {
          "ks_statistic": 0.0038399999999999546,
          "p_value": 0.8532323035610497,
          "is_noise_changed": false
        }
      },
      "11": {
        "is_shifted": true,
        "parents": [
          6
        ],
        "function_test": {
          "f_statistic": 234.7603090068907,
          "p_value": 1.1102230246251565e-16,
          "is_function_changed": true,
          "beta_env1": [
            0.11958946868859971
          ],
          "beta_env2": [
            -0.0002491111928658427
          ]
        },
        "noise_test": {
          "ks_statistic": 0.10518000000000001,
          "p_value": 2.8325646809807703e-241,
          "is_noise_changed": true
        }
      },
      "12": {
        "is_shifted": false,
        "parents": [
          5
        ],
        "function_test": {
          "f_statistic": 0.30371894532838234,
          "p_value": 0.5815615460588233,
          "is_function_changed": false,
          "beta_env1": [
            0.11315844672072158
          ],
          "beta_env2": [
            0.116564051480903
          ]
        },
        "noise_test": {
          "ks_statistic": 0.0037399999999999933,
          "p_value": 0.8741886338147993,
          "is_noise_changed": false
        }
      },
      "13": {
        "is_shifted": true,
        "parents": [
          0
        ],
        "function_test": {
          "f_statistic": 1.1879545682944062,
          "p_value": 0.2757451591303164,
          "is_function_changed": false,
          "beta_env1": [
            0.0021711869945889905
          ],