{
  "dataset_info": {
    "seed": 132,
    "dataset_index": 1,
    "node_count": 20,
    "edge_count": 20,
    "graph_type": "SF",
    "shifted_nodes": [
      14,
      10,
      19,
      1
    ],
    "shift_types": {
      "14": [
        "sin_cos"
      ],
      "10": [
        "sin_cos"
      ],
      "19": [
        "noise_N02"
      ],
      "1": [
        "noise_N02"
      ]
    },
    "shift_case": "sin_cos_noise_N02",
    "deleted_parents": {}
  },
  "model": "linearccp",
  "exp_type": "synthetic",
  "config_name": "SF",
  "device": "cuda:0",
  "linearccp": {
    "shifted_nodes": [
      1,
      6,
      10,
      11,
      14,
      18,
      19
    ],
    "functional_change_nodes": [
      6,
      10,
      11,
      19
    ],
    "noise_change_nodes": [
      1,
      6,
      10,
      11,
      14,
      18,
      19
    ],
    "node_results": {
      "1": {
        "is_shifted": true,
        "parents": [
          0
        ],
        "function_test": {
          "f_statistic": 0.09723455857319681,
          "p_value": 0.7551745050893434,
          "is_function_changed": false,
          "beta_env1": [
            -0.00019730993470903213
          ],
          "beta_env2": [
            -0.0017548789358267291
          ]
        },
        "noise_test": {
          "ks_statistic": 0.056620000000000004,
          "p_value": 4.1876417144875016e-70,
          "is_noise_changed": true
        }
      },
      "2": {
        "is_shifted": false,
        "parents": [
          0
        ],
        "function_test": {
          "f_statistic": 0.2856586138383906,
          "p_value": 0.5930173080487288,
          "is_function_changed": false,
          "beta_env1": [
            -0.0022910965613324934
          ],
          "beta_env2": [
            4.2834238407785406e-05
          ]
        },
        "noise_test": {
          "ks_statistic": 0.004620000000000013,
          "p_value": 0.6582940689498242,
          "is_noise_changed": false
        }
      },
      "3": {
        "is_shifted": false,
        "parents": [
          0
        ],
        "function_test": {
          "f_statistic": 0.006809844911422524,
          "p_value": 0.934231961082372,
          "is_function_changed": false,
          "beta_env1": [
            -0.0017792882539951324
          ],
          "beta_env2": [
            -0.0014181794315736543
          ]
        },
        "noise_test": {
          "ks_statistic": 0.0049599999999999644,
          "p_value": 0.5682402464647985,
          "is_noise_changed": false
        }
      },
      "4": {
        "is_shifted": false,
        "parents": [
          3
        ],
        "function_test": {
          "f_statistic": 0.491838401960434,
          "p_value": 0.48311001161124567,
          "is_function_changed": false,
          "beta_env1": [
            0.13724786619326065
          ],
          "beta_env2": [
            0.14166968972527857
          ]
        },
        "noise_test": {
          "ks_statistic": 0.0044200000000000905,
          "p_value": 0.7113781617571864,
          "is_noise_changed": false
        }
      },
      "5": {
        "is_shifted": false,
        "parents": [
          4
        ],
        "function_test": {
          "f_statistic": 0.5214647416455438,
          "p_value": 0.47021922148768125,
          "is_function_changed": false,
          "beta_env1": [
            0.11458114064624861
          ],
          "beta_env2": [
            0.11004802296094195
          ]
        },
        "noise_test": {
          "ks_statistic": 0.005660000000000054,
          "p_value": 0.3983092785621477,
          "is_noise_changed": false
        }
      },
      "6": {
        "is_shifted": true,
        "parents": [
          1
        ],
        "function_test": {
          "f_statistic": 383.9944285385547,
          "p_value": 1.1102230246251565e-16,
          "is_function_changed": true,
          "beta_env1": [
            0.14572490368648663
          ],
          "beta_env2": [
            0.031206792598460143
          ]
        },
        "noise_test": {
          "ks_statistic": 0.01108000000000009,
          "p_value": 0.004284837510512997,
          "is_noise_changed": true
        }
      },
      "7": {
        "is_shifted": false,
        "parents": [
          5
        ],
        "function_test": {
          "f_statistic": 0.14305121389658781,
          "p_value": 0.70526714183189,
          "is_function_changed": false,
          "beta_env1": [
            0.10905543564981886
          ],
          "beta_env2": [
            0.10671248111910632
          ]
        },
        "noise_test": {
          "ks_statistic": 0.004159999999999997,
          "p_value": 0.7782512730128979,
          "is_noise_changed": false
        }
      },
      "8": {
        "is_shifted": false,
        "parents": [
          7
        ],
        "function_test": {
          "f_statistic": 0.060921844580363246,
          "p_value": 0.8050453224256593,
          "is_function_changed": false,
          "beta_env1": [
            0.11932505549750572
          ],
          "beta_env2": [
            0.11778357513594705
          ]
        },
        "noise_test": {
          "ks_statistic": 0.0041200000000000125,
          "p_value": 0.7881626114615253,
          "is_noise_changed": false
        }
      },
      "9": {
        "is_shifted": false,
        "parents": [
          7
        ],
        "function_test": {
          "f_statistic": 1.847704699586089,
          "p_value": 0.17405365288794072,
          "is_function_changed": false,
          "beta_env1": [
            0.1286893960345821
          ],
          "beta_env2": [
            0.1201726156099359
          ]
        },
        "noise_test": {
          "ks_statistic": 0.005420000000000036,
          "p_value": 0.453203492895477,
          "is_noise_changed": false
        }
      },
      "10": {
        "is_shifted": true,
        "parents": [
          0
        ],
        "function_test": {
          "f_statistic": 2269.1298783224447,
          "p_value": 1.1102230246251565e-16,
          "is_function_changed": true,
          "beta_env1": [
            -0.0032004608325663384
          ],
          "beta_env2": [
            0.22228050606202274
          ]
        },
        "noise_test": {
          "ks_statistic": 0.06762000000000001,
          "p_value": 7.786995013291466e-100,
          "is_noise_changed": true
        }
      },
      "11": {
        "is_shifted": true,
        "parents": [
          10
        ],
        "function_test": {
          "f_statistic": 398.63607110094966,
          "p_value": 1.1102230246251565e-16,
          "is_function_changed": true,
          "beta_env1": [
            0.14866877495640698
          ],
          "beta_env2": [
            0.03019663559004309
          ]
        },
        "noise_test": {
          "ks_statistic": 0.012419999999999987,
          "p_value": 0.0008865712731803871,
          "is_noise_changed": true
        }
      },
      "12": {
        "is_shifted": false,
        "parents": [
          2
        ],
        "function_test": {
          "f_statistic": 2.6851227805354965,
          "p_value": 0.10129256431387301,
          "is_function_changed": false,
          "beta_env1": [
            0.14967731403234433
          ],
          "beta_env2": [
            0.1393429398580831
          ]
        },
        "noise_test": {
          "ks_statistic": 0.0039000000000000146,
          "p_value": 0.840022849787458,
          "is_noise_changed": false
        }
      },
      "13": {
        "is_shifted": false,
        "parents": [
          9
        ],
        "function_test": {
          "f_statistic": 0.08075068112952759,
          "p_value": 0.7762832653860655,
          "is_function_changed": false,
          "beta_env1": [
            0.11287066729280947
          ],
          "beta_env2": [
            0.1146493915106033
          ]
        },