{
  "dataset_info": {
    "seed": 66,
    "dataset_index": 25,
    "node_count": 10,
    "edge_count": 10,
    "graph_type": "ER",
    "shifted_nodes": [
      3,
      8
    ],
    "shift_types": {
      "3": [
        "sin_cos"
      ],
      "8": [
        "pa_delete"
      ]
    },
    "shift_case": "sin_cos_pa_delete",
    "deleted_parents": {
      "8": 3
    }
  },
  "model": "linearccp",
  "exp_type": "synthetic",
  "config_name": "ER",
  "device": "cuda:0",
  "linearccp": {
    "shifted_nodes": [
      3,
      4,
      5,
      6,
      7,
      8
    ],
    "functional_change_nodes": [
      3,
      4,
      5,
      6,
      7,
      8
    ],
    "noise_change_nodes": [
      3,
      4,
      5,
      6,
      7,
      8
    ],
    "node_results": {
      "3": {
        "is_shifted": true,
        "parents": [
          0
        ],
        "function_test": {
          "f_statistic": 2067.263432162693,
          "p_value": 1.1102230246251565e-16,
          "is_function_changed": true,
          "beta_env1": [
            0.009094026185169671
          ],
          "beta_env2": [
            0.22232413528092554
          ]
        },
        "noise_test": {
          "ks_statistic": 0.07040000000000002,
          "p_value": 3.476015351652226e-108,
          "is_noise_changed": true
        }
      },
      "4": {
        "is_shifted": true,
        "parents": [
          3
        ],
        "function_test": {
          "f_statistic": 387.08031947801805,
          "p_value": 1.1102230246251565e-16,
          "is_function_changed": true,
          "beta_env1": [
            0.14870224070149707
          ],
          "beta_env2": [
            0.03188269983931658
          ]
        },
        "noise_test": {
          "ks_statistic": 0.010680000000000009,
          "p_value": 0.0066231319612322405,
          "is_noise_changed": true
        }
      },
      "5": {
        "is_shifted": true,
        "parents": [
          3
        ],
        "function_test": {
          "f_statistic": 388.4737664869515,
          "p_value": 1.1102230246251565e-16,
          "is_function_changed": true,
          "beta_env1": [
            0.15597446922085895
          ],
          "beta_env2": [
            0.038412571380930245
          ]
        },
        "noise_test": {
          "ks_statistic": 0.013860000000000094,
          "p_value": 0.0001335014755672771,
          "is_noise_changed": true
        }
      },
      "6": {
        "is_shifted": true,
        "parents": [
          3,
          4
        ],
        "function_test": {
          "f_statistic": 164.00355369577355,
          "p_value": 1.1102230246251565e-16,
          "is_function_changed": true,
          "beta_env1": [
            0.1284423306116986,
            0.3549950701096821
          ],
          "beta_env2": [
            0.007674151953602939,
            0.41333918832260125
          ]
        },
        "noise_test": {
          "ks_statistic": 0.015940000000000065,
          "p_value": 6.00892449711499e-06,
          "is_noise_changed": true
        }
      },
      "7": {
        "is_shifted": true,
        "parents": [
          1,
          3,
          4
        ],
        "function_test": {
          "f_statistic": 75.48013854239494,
          "p_value": 1.1102230246251565e-16,
          "is_function_changed": true,
          "beta_env1": [
            0.0060708837951957695,
            0.1285664053847559,
            0.3591219747710609
          ],
          "beta_env2": [
            1.2935590109676424e-05,
            0.014156088948828,
            0.41058628713360573
          ]
        },
        "noise_test": {
          "ks_statistic": 0.012939999999999952,
          "p_value": 0.00045834103303281376,
          "is_noise_changed": true
        }
      },
      "8": {
        "is_shifted": true,
        "parents": [
          3
        ],
        "function_test": {
          "f_statistic": 392.93166100964294,
          "p_value": 1.1102230246251565e-16,
          "is_function_changed": true,
          "beta_env1": [
            0.1558799133278143
          ],
          "beta_env2": [
            0.011203601288956084
          ]
        },
        "noise_test": {
          "ks_statistic": 0.1014,
          "p_value": 3.095170949865436e-224,
          "is_noise_changed": true
        }
      },
      "9": {
        "is_shifted": false,
        "parents": [
          2
        ],
        "function_test": {
          "f_statistic": 0.0934696111297966,
          "p_value": 0.7598123875010883,
          "is_function_changed": false,
          "beta_env1": [
            0.0027010906525310706
          ],
          "beta_env2": [
            0.0013767696730854644
          ]
        },
        "noise_test": {
          "ks_statistic": 0.005780000000000007,
          "p_value": 0.37242146239414053,
          "is_noise_changed": false
        }
      }
    },
    "metrics": {
      "true_positives": [
        3,
        8
      ],
      "false_positives": [
        4,
        5,
        6,
        7
      ],
      "false_negatives": [],
      "precision": 0.3333333333333333,
      "recall": 1.0,
      "f1_score": 0.5
    }
  },
  "complexity_analysis": {
    "success": true,
    "error": null,
    "dataset_params": {
      "n_samples": 50000,
      "n_nodes": 10,
      "avg_parents": 1.0,
      "max_parents": 3,
      "total_edges": 10
    },
    "time_complexity": {
      "execution_time_seconds": 0.6225602626800537,
      "execution_time_minutes": 0.010376004378000896
    },
    "space_complexity": {
      "peak_rss_mb": 7367.7890625,
      "peak_memory_increase_mb": 0.0,
      "start_rss_mb": 7367.7890625,
      "os": "Linux"
    },
    "scalability_metrics": {
      "time_per_node_sec": 0.062256026268005374,
      "time_per_sample_sec": 1.2451205253601074e-05,
      "time_per_edge_sec": 0.062256026268005374,
      "memory_per_node_mb": 0.0,
      "memory_per_sample_mb": 0.0
    }
  }
}