{
  "dataset_info": {
    "seed": 57,
    "dataset_index": 16,
    "node_count": 10,
    "edge_count": 10,
    "graph_type": "ER",
    "shifted_nodes": [
      6,
      8
    ],
    "shift_types": {
      "6": [
        "pa_delete"
      ],
      "8": [
        "noise_laplace"
      ]
    },
    "shift_case": "pa_delete_noise_laplace",
    "deleted_parents": {
      "6": 3
    }
  },
  "model": "linearccp",
  "exp_type": "synthetic",
  "config_name": "ER",
  "device": "cuda:0",
  "linearccp": {
    "shifted_nodes": [
      6,
      7,
      8,
      9
    ],
    "functional_change_nodes": [
      7,
      9
    ],
    "noise_change_nodes": [
      6,
      7,
      8,
      9
    ],
    "node_results": {
      "2": {
        "is_shifted": false,
        "parents": [
          1
        ],
        "function_test": {
          "f_statistic": 0.3180976813027393,
          "p_value": 0.572754382627426,
          "is_function_changed": false,
          "beta_env1": [
            0.0028539663389610163
          ],
          "beta_env2": [
            0.0003941522892798656
          ]
        },
        "noise_test": {
          "ks_statistic": 0.0026599999999999957,
          "p_value": 0.9942422667944718,
          "is_noise_changed": false
        }
      },
      "6": {
        "is_shifted": true,
        "parents": [
          1,
          3,
          4
        ],
        "function_test": {
          "f_statistic": 0.6441510206143743,
          "p_value": 0.5865458952417497,
          "is_function_changed": false,
          "beta_env1": [
            -0.00017738125956944369,
            -0.004680271369622768,
            -0.0026331809639640346
          ],
          "beta_env2": [
            0.00261934777498213,
            0.0023867793866398897,
            -0.004335570196314087
          ]
        },
        "noise_test": {
          "ks_statistic": 0.03935999999999995,
          "p_value": 4.341879100342711e-34,
          "is_noise_changed": true
        }
      },
      "7": {
        "is_shifted": true,
        "parents": [
          3,
          4,
          6
        ],
        "function_test": {
          "f_statistic": 7.173691936108884,
          "p_value": 8.213341449758715e-05,
          "is_function_changed": true,
          "beta_env1": [
            -0.02073790801650434,
            -0.014013862718594616,
            0.29664381276940527
          ],
          "beta_env2": [
            -0.0011800735209236066,
            -0.034720009165666504,
            0.3046278558203189
          ]
        },
        "noise_test": {
          "ks_statistic": 0.013659999999999978,
          "p_value": 0.0001758210302324495,
          "is_noise_changed": true
        }
      },
      "8": {
        "is_shifted": true,
        "parents": [
          0
        ],
        "function_test": {
          "f_statistic": 0.25711063362532044,
          "p_value": 0.612113291558628,
          "is_function_changed": false,
          "beta_env1": [
            0.006636592946169415
          ],
          "beta_env2": [
            0.0041009450219350735
          ]
        },
        "noise_test": {
          "ks_statistic": 0.031400000000000004,
          "p_value": 7.543685055510078e-22,
          "is_noise_changed": true
        }
      },
      "9": {
        "is_shifted": true,
        "parents": [
          6,
          8
        ],
        "function_test": {
          "f_statistic": 283.7300128425406,
          "p_value": 1.1102230246251565e-16,
          "is_function_changed": true,
          "beta_env1": [
            -0.12158411243217095,
            0.141585822311155
          ],
          "beta_env2": [
            0.027520727675380222,
            0.054137796824096605
          ]
        },
        "noise_test": {
          "ks_statistic": 0.021059999999999968,
          "p_value": 4.603362976523701e-10,
          "is_noise_changed": true
        }
      }
    },
    "metrics": {
      "true_positives": [
        6,
        8
      ],
      "false_positives": [
        7,
        9
      ],
      "false_negatives": [],
      "precision": 0.5,
      "recall": 1.0,
      "f1_score": 0.6666666666666666
    }
  },
  "complexity_analysis": {
    "success": true,
    "error": null,
    "dataset_params": {
      "n_samples": 50000,
      "n_nodes": 10,
      "avg_parents": 1.0,
      "max_parents": 3,
      "total_edges": 10
    },
    "time_complexity": {
      "execution_time_seconds": 0.4826970100402832,
      "execution_time_minutes": 0.008044950167338054
    },
    "space_complexity": {
      "peak_rss_mb": 7367.7890625,
      "peak_memory_increase_mb": 0.0,
      "start_rss_mb": 7367.7890625,
      "os": "Linux"
    },
    "scalability_metrics": {
      "time_per_node_sec": 0.04826970100402832,
      "time_per_sample_sec": 9.653940200805664e-06,
      "time_per_edge_sec": 0.04826970100402832,
      "memory_per_node_mb": 0.0,
      "memory_per_sample_mb": 0.0
    }
  }
}