{
  "dataset_info": {
    "seed": 55,
    "dataset_index": 14,
    "node_count": 10,
    "edge_count": 10,
    "graph_type": "ER",
    "shifted_nodes": [
      7,
      9
    ],
    "shift_types": {
      "7": [
        "pa_delete"
      ],
      "9": [
        "noise_N02"
      ]
    },
    "shift_case": "pa_delete_noise_N02",
    "deleted_parents": {
      "7": 5
    }
  },
  "model": "linearccp",
  "exp_type": "synthetic",
  "config_name": "ER",
  "device": "cuda:0",
  "linearccp": {
    "shifted_nodes": [
      1,
      7,
      9
    ],
    "functional_change_nodes": [
      1,
      7
    ],
    "noise_change_nodes": [
      7,
      9
    ],
    "node_results": {
      "1": {
        "is_shifted": true,
        "parents": [
          0
        ],
        "function_test": {
          "f_statistic": 5.473106111940701,
          "p_value": 0.019313231900179417,
          "is_function_changed": true,
          "beta_env1": [
            -0.0069314215651374205
          ],
          "beta_env2": [
            0.003285985199358301
          ]
        },
        "noise_test": {
          "ks_statistic": 0.005099999999999993,
          "p_value": 0.5320984781533314,
          "is_noise_changed": false
        }
      },
      "4": {
        "is_shifted": false,
        "parents": [
          2
        ],
        "function_test": {
          "f_statistic": 1.1225577431213187,
          "p_value": 0.2893709307415947,
          "is_function_changed": false,
          "beta_env1": [
            0.003640549492449076
          ],
          "beta_env2": [
            -0.0009844693384219803
          ]
        },
        "noise_test": {
          "ks_statistic": 0.0048599999999999755,
          "p_value": 0.5944880167061393,
          "is_noise_changed": false
        }
      },
      "5": {
        "is_shifted": false,
        "parents": [
          0,
          1,
          3
        ],
        "function_test": {
          "f_statistic": 1.278436982753502,
          "p_value": 0.27981174794222574,
          "is_function_changed": false,
          "beta_env1": [
            -0.03901384445732983,
            0.5165801560029902,
            0.0011661392143291933
          ],
          "beta_env2": [
            -0.029740583528268284,
            0.52442510707253,
            -0.0019771055429429222
          ]
        },
        "noise_test": {
          "ks_statistic": 0.006120000000000014,
          "p_value": 0.30506070202723834,
          "is_noise_changed": false
        }
      },
      "6": {
        "is_shifted": false,
        "parents": [
          5
        ],
        "function_test": {
          "f_statistic": 0.051782434407940524,
          "p_value": 0.8199906966289927,
          "is_function_changed": false,
          "beta_env1": [
            -0.10803799303104318
          ],
          "beta_env2": [
            -0.10670441946176785
          ]
        },
        "noise_test": {
          "ks_statistic": 0.0029799999999999827,
          "p_value": 0.9789967701043324,
          "is_noise_changed": false
        }
      },
      "7": {
        "is_shifted": true,
        "parents": [
          5
        ],
        "function_test": {
          "f_statistic": 279.0047632223439,
          "p_value": 1.1102230246251565e-16,
          "is_function_changed": true,
          "beta_env1": [
            -0.10620995277686501
          ],
          "beta_env2": [
            -0.0024927830194418923
          ]
        },
        "noise_test": {
          "ks_statistic": 0.04334000000000002,
          "p_value": 3.0466397804810705e-41,
          "is_noise_changed": true
        }
      },
      "8": {
        "is_shifted": false,
        "parents": [
          0,
          1
        ],
        "function_test": {
          "f_statistic": 2.018137753179635,
          "p_value": 0.13290814572142717,
          "is_function_changed": false,
          "beta_env1": [
            -0.033234707584265964,
            0.5146574988128377
          ],
          "beta_env2": [
            -0.03704114309091232,
            0.5279239573917477
          ]
        },
        "noise_test": {
          "ks_statistic": 0.006319999999999992,
          "p_value": 0.26964270913306043,
          "is_noise_changed": false
        }
      },
      "9": {
        "is_shifted": true,
        "parents": [
          3
        ],
        "function_test": {
          "f_statistic": 1.8644934273199156,
          "p_value": 0.17211016038683302,
          "is_function_changed": false,
          "beta_env1": [
            -0.0018702573128339833
          ],
          "beta_env2": [
            0.004930380345498962
          ]
        },
        "noise_test": {
          "ks_statistic": 0.055300000000000016,
          "p_value": 6.83616719757126e-67,
          "is_noise_changed": true
        }
      }
    },
    "metrics": {
      "true_positives": [
        7,
        9
      ],
      "false_positives": [
        1
      ],
      "false_negatives": [],
      "precision": 0.6666666666666666,
      "recall": 1.0,
      "f1_score": 0.8
    }
  },
  "complexity_analysis": {
    "success": true,
    "error": null,
    "dataset_params": {
      "n_samples": 50000,
      "n_nodes": 10,
      "avg_parents": 1.0,
      "max_parents": 3,
      "total_edges": 10
    },
    "time_complexity": {
      "execution_time_seconds": 0.4748873710632324,
      "execution_time_minutes": 0.00791478951772054
    },
    "space_complexity": {
      "peak_rss_mb": 7367.7890625,
      "peak_memory_increase_mb": 0.0,
      "start_rss_mb": 7367.7890625,
      "os": "Linux"
    },
    "scalability_metrics": {
      "time_per_node_sec": 0.047488737106323245,
      "time_per_sample_sec": 9.49774742126465e-06,
      "time_per_edge_sec": 0.047488737106323245,
      "memory_per_node_mb": 0.0,
      "memory_per_sample_mb": 0.0
    }
  }
}