{
  "dataset_info": {
    "seed": 68,
    "dataset_index": 27,
    "node_count": 10,
    "edge_count": 10,
    "graph_type": "ER",
    "shifted_nodes": [
      2,
      7
    ],
    "shift_types": {
      "2": [
        "noise_N02"
      ],
      "7": [
        "noise_laplace"
      ]
    },
    "shift_case": "noise_N02_laplace",
    "deleted_parents": {}
  },
  "model": "linearccp",
  "exp_type": "synthetic",
  "config_name": "ER",
  "device": "cuda:0",
  "linearccp": {
    "shifted_nodes": [
      2,
      3,
      6,
      7
    ],
    "functional_change_nodes": [
      3,
      6
    ],
    "noise_change_nodes": [
      2,
      6,
      7
    ],
    "node_results": {
      "1": {
        "is_shifted": false,
        "parents": [
          0
        ],
        "function_test": {
          "f_statistic": 0.019571404404262714,
          "p_value": 0.8887409931710327,
          "is_function_changed": false,
          "beta_env1": [
            0.00040148910292344433
          ],
          "beta_env2": [
            0.0010140240583813532
          ]
        },
        "noise_test": {
          "ks_statistic": 0.005860000000000087,
          "p_value": 0.3557672855523143,
          "is_noise_changed": false
        }
      },
      "2": {
        "is_shifted": true,
        "parents": [
          1
        ],
        "function_test": {
          "f_statistic": 0.6044322724215797,
          "p_value": 0.43689373217345073,
          "is_function_changed": false,
          "beta_env1": [
            0.13982771460287904
          ],
          "beta_env2": [
            0.1456007226521706
          ]
        },
        "noise_test": {
          "ks_statistic": 0.06739999999999999,
          "p_value": 3.4495488831147237e-99,
          "is_noise_changed": true
        }
      },
      "3": {
        "is_shifted": true,
        "parents": [
          0
        ],
        "function_test": {
          "f_statistic": 4.508914228700214,
          "p_value": 0.03372108710288102,
          "is_function_changed": true,
          "beta_env1": [
            -0.004091338964434678
          ],
          "beta_env2": [
            0.005198178647779274
          ]
        },
        "noise_test": {
          "ks_statistic": 0.0036599999999999966,
          "p_value": 0.8899111024410605,
          "is_noise_changed": false
        }
      },
      "5": {
        "is_shifted": false,
        "parents": [
          4
        ],
        "function_test": {
          "f_statistic": 0.013075352897976657,
          "p_value": 0.9089625519970355,
          "is_function_changed": false,
          "beta_env1": [
            0.004156564042850039
          ],
          "beta_env2": [
            0.004657215959135
          ]
        },
        "noise_test": {
          "ks_statistic": 0.005800000000000027,
          "p_value": 0.3682121293271101,
          "is_noise_changed": false
        }
      },
      "6": {
        "is_shifted": true,
        "parents": [
          2
        ],
        "function_test": {
          "f_statistic": 322.534038285181,
          "p_value": 1.1102230246251565e-16,
          "is_function_changed": true,
          "beta_env1": [
            0.10518548943331642
          ],
          "beta_env2": [
            0.0026767661070715835
          ]
        },
        "noise_test": {
          "ks_statistic": 0.018340000000000023,
          "p_value": 9.80323297067228e-08,
          "is_noise_changed": true
        }
      },
      "7": {
        "is_shifted": true,
        "parents": [
          0
        ],
        "function_test": {
          "f_statistic": 0.6189811294238378,
          "p_value": 0.431428021255135,
          "is_function_changed": false,
          "beta_env1": [
            0.0017749519345589878
          ],
          "beta_env2": [
            0.005696358998856656
          ]
        },
        "noise_test": {
          "ks_statistic": 0.034140000000000004,
          "p_value": 9.450105155902846e-26,
          "is_noise_changed": true
        }
      },
      "8": {
        "is_shifted": false,
        "parents": [
          0,
          1
        ],
        "function_test": {
          "f_statistic": 0.9611279368311949,
          "p_value": 0.3824647836938485,
          "is_function_changed": false,
          "beta_env1": [
            -0.04087795390314705,
            0.517254261483834
          ],
          "beta_env2": [
            -0.03981642191899174,
            0.5271119821801566
          ]
        },
        "noise_test": {
          "ks_statistic": 0.005400000000000016,
          "p_value": 0.45795538753011034,
          "is_noise_changed": false
        }
      },
      "9": {
        "is_shifted": false,
        "parents": [
          0,
          8
        ],
        "function_test": {
          "f_statistic": 0.9317932937726459,
          "p_value": 0.39385021341105786,
          "is_function_changed": false,
          "beta_env1": [
            0.023760488353251247,
            0.2847915963739927
          ],
          "beta_env2": [
            0.027760003442653877,
            0.29256623971178847
          ]
        },
        "noise_test": {
          "ks_statistic": 0.003540000000000043,
          "p_value": 0.9115911159176264,
          "is_noise_changed": false
        }
      }
    },
    "metrics": {
      "true_positives": [
        2,
        7
      ],
      "false_positives": [
        3,
        6
      ],
      "false_negatives": [],
      "precision": 0.5,
      "recall": 1.0,
      "f1_score": 0.6666666666666666
    }
  },
  "complexity_analysis": {
    "success": true,
    "error": null,
    "dataset_params": {
      "n_samples": 50000,
      "n_nodes": 10,
      "avg_parents": 1.0,
      "max_parents": 2,
      "total_edges": 10
    },
    "time_complexity": {
      "execution_time_seconds": 0.5731327533721924,
      "execution_time_minutes": 0.009552212556203206
    },
    "space_complexity": {
      "peak_rss_mb": 7367.7890625,
      "peak_memory_increase_mb": 0.0,
      "start_rss_mb": 7367.7890625,
      "os": "Linux"
    },
    "scalability_metrics": {
      "time_per_node_sec": 0.057313275337219236,
      "time_per_sample_sec": 1.1462655067443848e-05,
      "time_per_edge_sec": 0.057313275337219236,
      "memory_per_node_mb": 0.0,
      "memory_per_sample_mb": 0.0
    }
  }
}