{
  "dataset_info": {
    "seed": 49,
    "dataset_index": 8,
    "node_count": 10,
    "edge_count": 10,
    "graph_type": "ER",
    "shifted_nodes": [
      7,
      8
    ],
    "shift_types": {
      "7": [
        "sin_cos"
      ],
      "8": [
        "noise_laplace"
      ]
    },
    "shift_case": "sin_cos_noise_laplace",
    "deleted_parents": {}
  },
  "model": "linearccp",
  "exp_type": "synthetic",
  "config_name": "ER",
  "device": "cuda:0",
  "linearccp": {
    "shifted_nodes": [
      7,
      8
    ],
    "functional_change_nodes": [
      8
    ],
    "noise_change_nodes": [
      7,
      8
    ],
    "node_results": {
      "3": {
        "is_shifted": false,
        "parents": [
          0
        ],
        "function_test": {
          "f_statistic": 0.2570132086296998,
          "p_value": 0.6121807039493803,
          "is_function_changed": false,
          "beta_env1": [
            0.0012119701053529947
          ],
          "beta_env2": [
            0.0034255812649573903
          ]
        },
        "noise_test": {
          "ks_statistic": 0.0046800000000000175,
          "p_value": 0.6422924421567748,
          "is_noise_changed": false
        }
      },
      "5": {
        "is_shifted": false,
        "parents": [
          1,
          3
        ],
        "function_test": {
          "f_statistic": 0.09886986825411063,
          "p_value": 0.9058606701280659,
          "is_function_changed": false,
          "beta_env1": [
            -0.003934695716476928,
            0.14262925498949777
          ],
          "beta_env2": [
            -0.0023951216221287652,
            0.14512394205510765
          ]
        },
        "noise_test": {
          "ks_statistic": 0.0036800000000000166,
          "p_value": 0.886072031247185,
          "is_noise_changed": false
        }
      },
      "6": {
        "is_shifted": false,
        "parents": [
          1
        ],
        "function_test": {
          "f_statistic": 2.1323727073828596,
          "p_value": 0.1442205083294611,
          "is_function_changed": false,
          "beta_env1": [
            -0.002936083955352563
          ],
          "beta_env2": [
            -0.009306023931143204
          ]
        },
        "noise_test": {
          "ks_statistic": 0.006040000000000045,
          "p_value": 0.32010154301775495,
          "is_noise_changed": false
        }
      },
      "7": {
        "is_shifted": true,
        "parents": [
          5
        ],
        "function_test": {
          "f_statistic": 0.06649381139639858,
          "p_value": 0.7965124464800276,
          "is_function_changed": false,
          "beta_env1": [
            0.021244807637858874
          ],
          "beta_env2": [
            0.019640575250656784
          ]
        },
        "noise_test": {
          "ks_statistic": 0.03817999999999999,
          "p_value": 4.2283199373736796e-32,
          "is_noise_changed": true
        }
      },
      "8": {
        "is_shifted": true,
        "parents": [
          6,
          7
        ],
        "function_test": {
          "f_statistic": 16.029258900404404,
          "p_value": 1.0957134755074094e-07,
          "is_function_changed": true,
          "beta_env1": [
            0.16094215788422472,
            0.08250438551506402
          ],
          "beta_env2": [
            0.1326057986477267,
            0.046437570108781
          ]
        },
        "noise_test": {
          "ks_statistic": 0.04372000000000001,
          "p_value": 5.817380720125113e-42,
          "is_noise_changed": true
        }
      },
      "9": {
        "is_shifted": false,
        "parents": [
          3,
          4,
          7
        ],
        "function_test": {
          "f_statistic": 1.139239778227608,
          "p_value": 0.3315970002727042,
          "is_function_changed": false,
          "beta_env1": [
            0.15186792126461252,
            0.005161209385490667,
            0.06476874412294868
          ],
          "beta_env2": [
            0.1460610786482431,
            -0.005355099446477857,
            0.06477750043307406
          ]
        },
        "noise_test": {
          "ks_statistic": 0.007920000000000038,
          "p_value": 0.08641885503069302,
          "is_noise_changed": false
        }
      }
    },
    "metrics": {
      "true_positives": [
        7,
        8
      ],
      "false_positives": [],
      "false_negatives": [],
      "precision": 1.0,
      "recall": 1.0,
      "f1_score": 1.0
    }
  },
  "complexity_analysis": {
    "success": true,
    "error": null,
    "dataset_params": {
      "n_samples": 50000,
      "n_nodes": 10,
      "avg_parents": 1.0,
      "max_parents": 3,
      "total_edges": 10
    },
    "time_complexity": {
      "execution_time_seconds": 0.4482462406158447,
      "execution_time_minutes": 0.007470770676930746
    },
    "space_complexity": {
      "peak_rss_mb": 7367.7890625,
      "peak_memory_increase_mb": 0.0,
      "start_rss_mb": 7367.7890625,
      "os": "Linux"
    },
    "scalability_metrics": {
      "time_per_node_sec": 0.044824624061584474,
      "time_per_sample_sec": 8.964924812316894e-06,
      "time_per_edge_sec": 0.044824624061584474,
      "memory_per_node_mb": 0.0,
      "memory_per_sample_mb": 0.0
    }
  }
}