{
  "dataset_info": {
    "seed": 54,
    "dataset_index": 13,
    "node_count": 10,
    "edge_count": 10,
    "graph_type": "ER",
    "shifted_nodes": [
      8,
      4
    ],
    "shift_types": {
      "8": [
        "pa_delete"
      ],
      "4": [
        "noise_N02"
      ]
    },
    "shift_case": "pa_delete_noise_N02",
    "deleted_parents": {
      "8": 3
    }
  },
  "model": "linearccp",
  "exp_type": "synthetic",
  "config_name": "ER",
  "device": "cuda:0",
  "linearccp": {
    "shifted_nodes": [
      4,
      5,
      6,
      7,
      8
    ],
    "functional_change_nodes": [
      5,
      6,
      7,
      8
    ],
    "noise_change_nodes": [
      4,
      5,
      6,
      8
    ],
    "node_results": {
      "4": {
        "is_shifted": true,
        "parents": [
          1
        ],
        "function_test": {
          "f_statistic": 0.7807145377452791,
          "p_value": 0.37692482204819144,
          "is_function_changed": false,
          "beta_env1": [
            0.0027003541243858
          ],
          "beta_env2": [
            -0.0016845161160562439
          ]
        },
        "noise_test": {
          "ks_statistic": 0.05252,
          "p_value": 2.25297811798526e-60,
          "is_noise_changed": true
        }
      },
      "5": {
        "is_shifted": true,
        "parents": [
          0,
          3,
          4
        ],
        "function_test": {
          "f_statistic": 49.80197622642491,
          "p_value": 1.1102230246251565e-16,
          "is_function_changed": true,
          "beta_env1": [
            0.0021848783352505377,
            0.0029660935806856276,
            0.13463768162962933
          ],
          "beta_env2": [
            -0.0014128966937685553,
            -0.002139731666071667,
            0.03990323837951975
          ]
        },
        "noise_test": {
          "ks_statistic": 0.010539999999999994,
          "p_value": 0.007684519259203764,
          "is_noise_changed": true
        }
      },
      "6": {
        "is_shifted": true,
        "parents": [
          4
        ],
        "function_test": {
          "f_statistic": 335.60649929321204,
          "p_value": 1.1102230246251565e-16,
          "is_function_changed": true,
          "beta_env1": [
            0.14517115773273825
          ],
          "beta_env2": [
            0.038153131267784426
          ]
        },
        "noise_test": {
          "ks_statistic": 0.012720000000000065,
          "p_value": 0.0006079169971658811,
          "is_noise_changed": true
        }
      },
      "7": {
        "is_shifted": true,
        "parents": [
          2,
          5
        ],
        "function_test": {
          "f_statistic": 3.4081471935358323,
          "p_value": 0.03310632136060976,
          "is_function_changed": true,
          "beta_env1": [
            -0.0007294237236728194,
            -0.09739376200310744
          ],
          "beta_env2": [
            0.00014640983942510775,
            -0.1148399930075894
          ]
        },
        "noise_test": {
          "ks_statistic": 0.0042200000000000015,
          "p_value": 0.7631618593486247,
          "is_noise_changed": false
        }
      },
      "8": {
        "is_shifted": true,
        "parents": [
          3,
          4
        ],
        "function_test": {
          "f_statistic": 105.60144583869814,
          "p_value": 1.1102230246251565e-16,
          "is_function_changed": true,
          "beta_env1": [
            -0.0036905992919011176,
            0.13760754983478846
          ],
          "beta_env2": [
            0.0007635359763992187,
            0.04533426442680325
          ]
        },
        "noise_test": {
          "ks_statistic": 0.034519999999999995,
          "p_value": 2.5614150934737838e-26,
          "is_noise_changed": true
        }
      },
      "9": {
        "is_shifted": false,
        "parents": [
          7
        ],
        "function_test": {
          "f_statistic": 3.273052167930789,
          "p_value": 0.07042948379683522,
          "is_function_changed": false,
          "beta_env1": [
            -0.041367359847036704
          ],
          "beta_env2": [
            -0.031941434779337766
          ]
        },
        "noise_test": {
          "ks_statistic": 0.0037800000000000056,
          "p_value": 0.8659726587393721,
          "is_noise_changed": false
        }
      }
    },
    "metrics": {
      "true_positives": [
        4,
        8
      ],
      "false_positives": [
        5,
        6,
        7
      ],
      "false_negatives": [],
      "precision": 0.4,
      "recall": 1.0,
      "f1_score": 0.5714285714285715
    }
  },
  "complexity_analysis": {
    "success": true,
    "error": null,
    "dataset_params": {
      "n_samples": 50000,
      "n_nodes": 10,
      "avg_parents": 1.0,
      "max_parents": 3,
      "total_edges": 10
    },
    "time_complexity": {
      "execution_time_seconds": 0.5083155632019043,
      "execution_time_minutes": 0.008471926053365072
    },
    "space_complexity": {
      "peak_rss_mb": 7367.7890625,
      "peak_memory_increase_mb": 0.0,
      "start_rss_mb": 7367.7890625,
      "os": "Linux"
    },
    "scalability_metrics": {
      "time_per_node_sec": 0.05083155632019043,
      "time_per_sample_sec": 1.0166311264038086e-05,
      "time_per_edge_sec": 0.05083155632019043,
      "memory_per_node_mb": 0.0,
      "memory_per_sample_mb": 0.0
    }
  }
}