{
  "dataset_info": {
    "seed": 48,
    "dataset_index": 7,
    "node_count": 10,
    "edge_count": 10,
    "graph_type": "ER",
    "shifted_nodes": [
      6,
      8
    ],
    "shift_types": {
      "6": [
        "sin_cos"
      ],
      "8": [
        "noise_laplace"
      ]
    },
    "shift_case": "sin_cos_noise_laplace",
    "deleted_parents": {}
  },
  "model": "linearccp",
  "exp_type": "synthetic",
  "config_name": "ER",
  "device": "cuda:0",
  "linearccp": {
    "shifted_nodes": [
      6,
      8
    ],
    "functional_change_nodes": [
      6
    ],
    "noise_change_nodes": [
      6,
      8
    ],
    "node_results": {
      "4": {
        "is_shifted": false,
        "parents": [
          1,
          3
        ],
        "function_test": {
          "f_statistic": 0.267963801453472,
          "p_value": 0.7649360194436342,
          "is_function_changed": false,
          "beta_env1": [
            -0.0008390462274248147,
            0.009341456410324949
          ],
          "beta_env2": [
            -0.0030985911110755215,
            0.006228924425930212
          ]
        },
        "noise_test": {
          "ks_statistic": 0.005240000000000022,
          "p_value": 0.49686726811281556,
          "is_noise_changed": false
        }
      },
      "5": {
        "is_shifted": false,
        "parents": [
          4
        ],
        "function_test": {
          "f_statistic": 0.917173610288806,
          "p_value": 0.33822050124384506,
          "is_function_changed": false,
          "beta_env1": [
            0.022726054153578305
          ],
          "beta_env2": [
            0.028639531400970874
          ]
        },
        "noise_test": {
          "ks_statistic": 0.005019999999999969,
          "p_value": 0.5526531116608456,
          "is_noise_changed": false
        }
      },
      "6": {
        "is_shifted": true,
        "parents": [
          0
        ],
        "function_test": {
          "f_statistic": 2063.5297698109844,
          "p_value": 1.1102230246251565e-16,
          "is_function_changed": true,
          "beta_env1": [
            -0.0018538553286306008
          ],
          "beta_env2": [
            0.21175051265624387
          ]
        },
        "noise_test": {
          "ks_statistic": 0.06925999999999999,
          "p_value": 1.014280779038227e-104,
          "is_noise_changed": true
        }
      },
      "7": {
        "is_shifted": false,
        "parents": [
          1,
          3
        ],
        "function_test": {
          "f_statistic": 0.27687763692996903,
          "p_value": 0.7581478418989313,
          "is_function_changed": false,
          "beta_env1": [
            0.003423733050089831,
            0.007441511040165818
          ],
          "beta_env2": [
            0.004358082862206458,
            0.003654657848453398
          ]
        },
        "noise_test": {
          "ks_statistic": 0.003400000000000014,
          "p_value": 0.9337680314772105,
          "is_noise_changed": false
        }
      },
      "8": {
        "is_shifted": true,
        "parents": [
          3,
          4,
          5,
          7
        ],
        "function_test": {
          "f_statistic": 0.42082316382730606,
          "p_value": 0.7937497673156417,
          "is_function_changed": false,
          "beta_env1": [
            -0.06034875273246312,
            0.22682973461987505,
            0.44955263240963445,
            0.20188853404725987
          ],
          "beta_env2": [
            -0.06891804763123233,
            0.22941675876601705,
            0.4513269293049025,
            0.2074367408214041
          ]
        },
        "noise_test": {
          "ks_statistic": 0.030219999999999997,
          "p_value": 2.867415768222198e-20,
          "is_noise_changed": true
        }
      }
    },
    "metrics": {
      "true_positives": [
        6,
        8
      ],
      "false_positives": [],
      "false_negatives": [],
      "precision": 1.0,
      "recall": 1.0,
      "f1_score": 1.0
    }
  },
  "complexity_analysis": {
    "success": true,
    "error": null,
    "dataset_params": {
      "n_samples": 50000,
      "n_nodes": 10,
      "avg_parents": 1.0,
      "max_parents": 4,
      "total_edges": 10
    },
    "time_complexity": {
      "execution_time_seconds": 0.41994166374206543,
      "execution_time_minutes": 0.006999027729034424
    },
    "space_complexity": {
      "peak_rss_mb": 7367.7890625,
      "peak_memory_increase_mb": 0.0,
      "start_rss_mb": 7367.7890625,
      "os": "Linux"
    },
    "scalability_metrics": {
      "time_per_node_sec": 0.04199416637420654,
      "time_per_sample_sec": 8.398833274841309e-06,
      "time_per_edge_sec": 0.04199416637420654,
      "memory_per_node_mb": 0.0,
      "memory_per_sample_mb": 0.0
    }
  }
}