{
  "dataset_info": {
    "seed": 69,
    "dataset_index": 28,
    "node_count": 10,
    "edge_count": 10,
    "graph_type": "ER",
    "shifted_nodes": [
      4,
      8
    ],
    "shift_types": {
      "4": [
        "noise_N02"
      ],
      "8": [
        "noise_laplace"
      ]
    },
    "shift_case": "noise_N02_laplace",
    "deleted_parents": {}
  },
  "model": "linearccp",
  "exp_type": "synthetic",
  "config_name": "ER",
  "device": "cuda:0",
  "linearccp": {
    "shifted_nodes": [
      4,
      5,
      8
    ],
    "functional_change_nodes": [
      5
    ],
    "noise_change_nodes": [
      4,
      5,
      8
    ],
    "node_results": {
      "4": {
        "is_shifted": true,
        "parents": [
          2
        ],
        "function_test": {
          "f_statistic": 0.0755348629700419,
          "p_value": 0.7834427560786141,
          "is_function_changed": false,
          "beta_env1": [
            -0.0005021003710044703
          ],
          "beta_env2": [
            0.0008663652310612381
          ]
        },
        "noise_test": {
          "ks_statistic": 0.057080000000000006,
          "p_value": 3.0513142125000256e-71,
          "is_noise_changed": true
        }
      },
      "5": {
        "is_shifted": true,
        "parents": [
          4
        ],
        "function_test": {
          "f_statistic": 404.70924783840275,
          "p_value": 1.1102230246251565e-16,
          "is_function_changed": true,
          "beta_env1": [
            0.1489640868725581
          ],
          "beta_env2": [
            0.03163491576854866
          ]
        },
        "noise_test": {
          "ks_statistic": 0.013840000000000074,
          "p_value": 0.00013725328054971212,
          "is_noise_changed": true
        }
      },
      "6": {
        "is_shifted": false,
        "parents": [
          1,
          5
        ],
        "function_test": {
          "f_statistic": 0.7714812854882939,
          "p_value": 0.4623304733367023,
          "is_function_changed": false,
          "beta_env1": [
            0.002192987724263262,
            0.11232959814290604
          ],
          "beta_env2": [
            -0.0037962301502585823,
            0.11589736830700131
          ]
        },
        "noise_test": {
          "ks_statistic": 0.005700000000000038,
          "p_value": 0.3895606742630251,
          "is_noise_changed": false
        }
      },
      "7": {
        "is_shifted": false,
        "parents": [
          0,
          1,
          2
        ],
        "function_test": {
          "f_statistic": 0.0692828301556406,
          "p_value": 0.9763123127746945,
          "is_function_changed": false,
          "beta_env1": [
            -0.004927114158252995,
            -0.004260060633450808,
            0.008113071202969308
          ],
          "beta_env2": [
            -0.0043673658459526124,
            -0.002874023861889146,
            0.0058621375991021706
          ]
        },
        "noise_test": {
          "ks_statistic": 0.0030800000000000827,
          "p_value": 0.9710836153272079,
          "is_noise_changed": false
        }
      },
      "8": {
        "is_shifted": true,
        "parents": [
          1,
          3
        ],
        "function_test": {
          "f_statistic": 1.3325056920993972,
          "p_value": 0.26382007675511265,
          "is_function_changed": false,
          "beta_env1": [
            -0.0003001502849066164,
            0.005009962563472952
          ],
          "beta_env2": [
            -0.002269953636946522,
            -0.004263880576806026
          ]
        },
        "noise_test": {
          "ks_statistic": 0.025679999999999994,
          "p_value": 9.366499086186689e-15,
          "is_noise_changed": true
        }
      },
      "9": {
        "is_shifted": false,
        "parents": [
          3
        ],
        "function_test": {
          "f_statistic": 1.495696526256469,
          "p_value": 0.22133759297391342,
          "is_function_changed": false,
          "beta_env1": [
            0.004229657410474484
          ],
          "beta_env2": [
            -0.0011092451747398465
          ]
        },
        "noise_test": {
          "ks_statistic": 0.005400000000000071,
          "p_value": 0.4579553875300971,
          "is_noise_changed": false
        }
      }
    },
    "metrics": {
      "true_positives": [
        4,
        8
      ],
      "false_positives": [
        5
      ],
      "false_negatives": [],
      "precision": 0.6666666666666666,
      "recall": 1.0,
      "f1_score": 0.8
    }
  },
  "complexity_analysis": {
    "success": true,
    "error": null,
    "dataset_params": {
      "n_samples": 50000,
      "n_nodes": 10,
      "avg_parents": 1.0,
      "max_parents": 3,
      "total_edges": 10
    },
    "time_complexity": {
      "execution_time_seconds": 0.47664451599121094,
      "execution_time_minutes": 0.007944075266520183
    },
    "space_complexity": {
      "peak_rss_mb": 7367.7890625,
      "peak_memory_increase_mb": 0.0,
      "start_rss_mb": 7367.7890625,
      "os": "Linux"
    },
    "scalability_metrics": {
      "time_per_node_sec": 0.047664451599121097,
      "time_per_sample_sec": 9.532890319824219e-06,
      "time_per_edge_sec": 0.047664451599121097,
      "memory_per_node_mb": 0.0,
      "memory_per_sample_mb": 0.0
    }
  }
}