{
  "dataset_info": {
    "seed": 53,
    "dataset_index": 12,
    "node_count": 10,
    "edge_count": 10,
    "graph_type": "ER",
    "shifted_nodes": [
      6,
      1
    ],
    "shift_types": {
      "6": [
        "pa_delete"
      ],
      "1": [
        "noise_N02"
      ]
    },
    "shift_case": "pa_delete_noise_N02",
    "deleted_parents": {
      "6": 3
    }
  },
  "model": "linearccp",
  "exp_type": "synthetic",
  "config_name": "ER",
  "device": "cuda:0",
  "linearccp": {
    "shifted_nodes": [
      1,
      3,
      4,
      5,
      6,
      9
    ],
    "functional_change_nodes": [
      3,
      4,
      5,
      6
    ],
    "noise_change_nodes": [
      1,
      3,
      4,
      5,
      6,
      9
    ],
    "node_results": {
      "1": {
        "is_shifted": true,
        "parents": [
          0
        ],
        "function_test": {
          "f_statistic": 0.6443062890374073,
          "p_value": 0.4221576235444857,
          "is_function_changed": false,
          "beta_env1": [
            -0.0029399766244906883
          ],
          "beta_env2": [
            0.0010511900895893089
          ]
        },
        "noise_test": {
          "ks_statistic": 0.05574000000000001,
          "p_value": 5.919813020745154e-68,
          "is_noise_changed": true
        }
      },
      "3": {
        "is_shifted": true,
        "parents": [
          1
        ],
        "function_test": {
          "f_statistic": 403.7464735370347,
          "p_value": 1.1102230246251565e-16,
          "is_function_changed": true,
          "beta_env1": [
            0.1540520409749626
          ],
          "beta_env2": [
            0.036792109999223103
          ]
        },
        "noise_test": {
          "ks_statistic": 0.011820000000000053,
          "p_value": 0.0018353722880272568,
          "is_noise_changed": true
        }
      },
      "4": {
        "is_shifted": true,
        "parents": [
          0,
          1
        ],
        "function_test": {
          "f_statistic": 772.7815143819296,
          "p_value": 1.1102230246251565e-16,
          "is_function_changed": true,
          "beta_env1": [
            -0.0365428828434311,
            0.5411158748804091
          ],
          "beta_env2": [
            -0.05195036072547496,
            0.2788120845184821
          ]
        },
        "noise_test": {
          "ks_statistic": 0.025819999999999982,
          "p_value": 6.530234905298321e-15,
          "is_noise_changed": true
        }
      },
      "5": {
        "is_shifted": true,
        "parents": [
          1,
          3
        ],
        "function_test": {
          "f_statistic": 170.68377891085203,
          "p_value": 1.1102230246251565e-16,
          "is_function_changed": true,
          "beta_env1": [
            0.12853971377452042,
            0.3444550310372326
          ],
          "beta_env2": [
            0.01848897331926366,
            0.42653733312609154
          ]
        },
        "noise_test": {
          "ks_statistic": 0.00985999999999998,
          "p_value": 0.015383371303407065,
          "is_noise_changed": true
        }
      },
      "6": {
        "is_shifted": true,
        "parents": [
          1,
          3
        ],
        "function_test": {
          "f_statistic": 160.40468265247682,
          "p_value": 1.1102230246251565e-16,
          "is_function_changed": true,
          "beta_env1": [
            0.1304572152805777,
            0.3538153707309435
          ],
          "beta_env2": [
            0.028755816497301506,
            0.31261590984334725
          ]
        },
        "noise_test": {
          "ks_statistic": 0.047780000000000045,
          "p_value": 4.889754603687953e-50,
          "is_noise_changed": true
        }
      },
      "9": {
        "is_shifted": true,
        "parents": [
          3,
          4
        ],
        "function_test": {
          "f_statistic": 1.9210870274437015,
          "p_value": 0.14645308797369538,
          "is_function_changed": false,
          "beta_env1": [
            0.10031605386843309,
            -0.0022940267856862056
          ],
          "beta_env2": [
            0.11285769477203278,
            0.0038765379797153893
          ]
        },
        "noise_test": {
          "ks_statistic": 0.009179999999999966,
          "p_value": 0.02940361697919769,
          "is_noise_changed": true
        }
      }
    },
    "metrics": {
      "true_positives": [
        1,
        6
      ],
      "false_positives": [
        3,
        4,
        5,
        9
      ],
      "false_negatives": [],
      "precision": 0.3333333333333333,
      "recall": 1.0,
      "f1_score": 0.5
    }
  },
  "complexity_analysis": {
    "success": true,
    "error": null,
    "dataset_params": {
      "n_samples": 50000,
      "n_nodes": 10,
      "avg_parents": 1.0,
      "max_parents": 2,
      "total_edges": 10
    },
    "time_complexity": {
      "execution_time_seconds": 0.5481443405151367,
      "execution_time_minutes": 0.009135739008585612
    },
    "space_complexity": {
      "peak_rss_mb": 7367.7890625,
      "peak_memory_increase_mb": 0.0,
      "start_rss_mb": 7367.7890625,
      "os": "Linux"
    },
    "scalability_metrics": {
      "time_per_node_sec": 0.05481443405151367,
      "time_per_sample_sec": 1.0962886810302734e-05,
      "time_per_edge_sec": 0.05481443405151367,
      "memory_per_node_mb": 0.0,
      "memory_per_sample_mb": 0.0
    }
  }
}