{
  "dataset_info": {
    "seed": 196,
    "dataset_index": 5,
    "node_count": 30,
    "edge_count": 30,
    "graph_type": "SF",
    "shifted_nodes": [
      24,
      26,
      10,
      2,
      25,
      14
    ],
    "shift_types": {
      "24": [
        "sin_cos"
      ],
      "26": [
        "sin_cos"
      ],
      "10": [
        "sin_cos"
      ],
      "2": [
        "noise_N02"
      ],
      "25": [
        "noise_N02"
      ],
      "14": [
        "noise_N02"
      ]
    },
    "shift_case": "sin_cos_noise_N02",
    "deleted_parents": {}
  },
  "model": "linearccp",
  "exp_type": "synthetic",
  "config_name": "SF",
  "device": "cuda:0",
  "linearccp": {
    "shifted_nodes": [
      2,
      4,
      7,
      10,
      13,
      17,
      18,
      24,
      25,
      26,
      28
    ],
    "functional_change_nodes": [
      4,
      7,
      13,
      17,
      18,
      24,
      25,
      26,
      28
    ],
    "noise_change_nodes": [
      2,
      10,
      24,
      25
    ],
    "node_results": {
      "1": {
        "is_shifted": false,
        "parents": [
          0
        ],
        "function_test": {
          "f_statistic": 3.240679982463236,
          "p_value": 0.0719817544572543,
          "is_function_changed": false,
          "beta_env1": [
            -0.037841912603132
          ],
          "beta_env2": [
            0.016709269080608078
          ]
        },
        "noise_test": {
          "ks_statistic": 0.03,
          "p_value": 0.7593695685682871,
          "is_noise_changed": false
        }
      },
      "2": {
        "is_shifted": true,
        "parents": [
          1
        ],
        "function_test": {
          "f_statistic": 0.12009008505681724,
          "p_value": 0.7289733329883022,
          "is_function_changed": false,
          "beta_env1": [
            0.1119562151839433
          ],
          "beta_env2": [
            0.13062003025784522
          ]
        },
        "noise_test": {
          "ks_statistic": 0.081,
          "p_value": 0.0028179208242694134,
          "is_noise_changed": true
        }
      },
      "3": {
        "is_shifted": false,
        "parents": [
          1
        ],
        "function_test": {
          "f_statistic": 0.002449112905565778,
          "p_value": 0.960534942780563,
          "is_function_changed": false,
          "beta_env1": [
            0.15929700731083132
          ],
          "beta_env2": [
            0.16156679677870386
          ]
        },
        "noise_test": {
          "ks_statistic": 0.034,
          "p_value": 0.6101664688189142,
          "is_noise_changed": false
        }
      },
      "4": {
        "is_shifted": true,
        "parents": [
          2
        ],
        "function_test": {
          "f_statistic": 15.517963318906594,
          "p_value": 8.453414482811894e-05,
          "is_function_changed": true,
          "beta_env1": [
            0.13713434163556
          ],
          "beta_env2": [
            -0.02679801673589753
          ]
        },
        "noise_test": {
          "ks_statistic": 0.023,
          "p_value": 0.9542189106778983,
          "is_noise_changed": false
        }
      },
      "5": {
        "is_shifted": false,
        "parents": [
          3
        ],
        "function_test": {
          "f_statistic": 0.4663182645427298,
          "p_value": 0.4947650810653127,
          "is_function_changed": false,
          "beta_env1": [
            0.12221733994783714
          ],
          "beta_env2": [
            0.09164117168434481
          ]
        },
        "noise_test": {
          "ks_statistic": 0.041,
          "p_value": 0.37012017606173,
          "is_noise_changed": false
        }
      },
      "6": {
        "is_shifted": false,
        "parents": [
          1
        ],
        "function_test": {
          "f_statistic": 0.8843302417503083,
          "p_value": 0.34713218711874705,
          "is_function_changed": false,
          "beta_env1": [
            0.09147959232436427
          ],
          "beta_env2": [
            0.1339912580372408
          ]
        },
        "noise_test": {
          "ks_statistic": 0.029,
          "p_value": 0.7946637387576738,
          "is_noise_changed": false
        }
      },
      "7": {
        "is_shifted": true,
        "parents": [
          2
        ],
        "function_test": {
          "f_statistic": 14.847184283792364,
          "p_value": 0.00012026454328206704,
          "is_function_changed": true,
          "beta_env1": [
            0.16578730267352543
          ],
          "beta_env2": [
            0.010099478817626831
          ]
        },
        "noise_test": {
          "ks_statistic": 0.051,
          "p_value": 0.14836452078962484,
          "is_noise_changed": false
        }
      },
      "8": {
        "is_shifted": false,
        "parents": [
          4
        ],
        "function_test": {
          "f_statistic": 0.1160566837408841,
          "p_value": 0.7333871758065154,
          "is_function_changed": false,
          "beta_env1": [
            0.10200111111863644
          ],
          "beta_env2": [
            0.08762430878615123
          ]
        },
        "noise_test": {
          "ks_statistic": 0.022,
          "p_value": 0.9690010280430694,
          "is_noise_changed": false
        }
      },
      "9": {
        "is_shifted": false,
        "parents": [
          6
        ],
        "function_test": {
          "f_statistic": 1.6057860870459824,
          "p_value": 0.20523298789664068,
          "is_function_changed": false,
          "beta_env1": [
            0.08447672668822874
          ],
          "beta_env2": [
            0.14119056480434902
          ]
        },
        "noise_test": {
          "ks_statistic": 0.026,
          "p_value": 0.8881734182535203,
          "is_noise_changed": false
        }
      },
      "10": {
        "is_shifted": true,
        "parents": [
          7
        ],
        "function_test": {
          "f_statistic": 2.850079577466191,
          "p_value": 0.09152562799249331,
          "is_function_changed": false,
          "beta_env1": [
            0.1426430453335546
          ],
          "beta_env2": [
            0.2195152634310419
          ]
        },
        "noise_test": {
          "ks_statistic": 0.063,
          "p_value": 0.03776014017220749,
          "is_noise_changed": true
        }
      },
      "11": {
        "is_shifted": false,
        "parents": [
          7
        ],
        "function_test": {
          "f_statistic": 0.8558855039598844,
          "p_value": 0.3550045054506411,
          "is_function_changed": false,
          "beta_env1": [
            0.15596778810919704
          ],
          "beta_env2": [
            0.11682521639412322
          ]
        },
        "noise_test": {
          "ks_statistic": 0.03,
          "p_value": 0.7593695685682871,
          "is_noise_changed": false
        }
      },
      "12": {
        "is_shifted": false,
        "parents": [
          1
        ],
        "function_test": {
          "f_statistic": 1.8604723905247615,
          "p_value": 0.17272407591527794,
          "is_function_changed": false,
          "beta_env1": [
            0.15798971028132405
          ],
          "beta_env2": [
            0.0979334818061998
          ]
        },
        "noise_test": {
          "ks_statistic": 0.019,
          "p_value": 0.9937026761524456,
          "is_noise_changed": false
        }
      },
      "13": {
        "is_shifted": true,
        "parents": [
          2
        ],
        "function_test": {
          "f_statistic": 11.24791595642618,
          "p_value": 0.0008120292394705464,
          "is_function_changed": true,
          "beta_env1": [
            0.15570975647606186
          ],
          "beta_env2": [
            0.023192811852840597
          ]
        },
        "noise_test": {
          "ks_statistic": 0.035,