{
  "dataset_info": {
    "seed": 308,
    "dataset_index": 27,
    "node_count": 50,
    "edge_count": 50,
    "graph_type": "ER",
    "shifted_nodes": [
      47,
      25,
      45,
      48,
      41,
      13,
      27,
      21,
      42,
      37
    ],
    "shift_types": {
      "47": [
        "noise_N02"
      ],
      "25": [
        "noise_N02"
      ],
      "45": [
        "noise_N02"
      ],
      "48": [
        "noise_N02"
      ],
      "41": [
        "noise_N02"
      ],
      "13": [
        "noise_laplace"
      ],
      "27": [
        "noise_laplace"
      ],
      "21": [
        "noise_laplace"
      ],
      "42": [
        "noise_laplace"
      ],
      "37": [
        "noise_laplace"
      ]
    },
    "shift_case": "noise_N02_laplace",
    "deleted_parents": {}
  },
  "model": "linearccp",
  "exp_type": "synthetic",
  "config_name": "ER",
  "device": "cuda:0",
  "linearccp": {
    "shifted_nodes": [
      13,
      21,
      25,
      27,
      32,
      36,
      37,
      41,
      42,
      45,
      47,
      48
    ],
    "functional_change_nodes": [
      32,
      36,
      41,
      42
    ],
    "noise_change_nodes": [
      13,
      21,
      25,
      27,
      32,
      37,
      41,
      42,
      45,
      47,
      48
    ],
    "node_results": {
      "7": {
        "is_shifted": false,
        "parents": [
          4
        ],
        "function_test": {
          "f_statistic": 4.3989773331702313e-08,
          "p_value": 0.9998326541932192,
          "is_function_changed": false,
          "beta_env1": [
            0.005506430439940854
          ],
          "beta_env2": [
            0.005507345014559476
          ]
        },
        "noise_test": {
          "ks_statistic": 0.0043199999999999905,
          "p_value": 0.7375112015123291,
          "is_noise_changed": false
        }
      },
      "8": {
        "is_shifted": false,
        "parents": [
          1
        ],
        "function_test": {
          "f_statistic": 2.834085546488969,
          "p_value": 0.09228644176323275,
          "is_function_changed": false,
          "beta_env1": [
            0.0034344186117564296
          ],
          "beta_env2": [
            -0.003922455303205781
          ]
        },
        "noise_test": {
          "ks_statistic": 0.0034399999999999986,
          "p_value": 0.9277872175372157,
          "is_noise_changed": false
        }
      },
      "11": {
        "is_shifted": false,
        "parents": [
          6
        ],
        "function_test": {
          "f_statistic": 0.14128963426132188,
          "p_value": 0.7070030898832964,
          "is_function_changed": false,
          "beta_env1": [
            0.004720690729156393
          ],
          "beta_env2": [
            0.003073695765834912
          ]
        },
        "noise_test": {
          "ks_statistic": 0.006140000000000034,
          "p_value": 0.3013786491529197,
          "is_noise_changed": false
        }
      },
      "13": {
        "is_shifted": true,
        "parents": [
          2,
          5,
          8,
          11
        ],
        "function_test": {
          "f_statistic": 0.555231132354214,
          "p_value": 0.6952007592316484,
          "is_function_changed": false,
          "beta_env1": [
            0.0029934580093931764,
            0.0023219159513504645,
            0.14113110542795898,
            0.1442132700129128
          ],
          "beta_env2": [
            0.011576241740020088,
            -0.0038266528472919725,
            0.14068826699434497,
            0.14139871903531684
          ]
        },
        "noise_test": {
          "ks_statistic": 0.02515999999999996,
          "p_value": 3.51524520241631e-14,
          "is_noise_changed": true
        }
      },
      "15": {
        "is_shifted": false,
        "parents": [
          5
        ],
        "function_test": {
          "f_statistic": 2.1438114064069205,
          "p_value": 0.14314900511966,
          "is_function_changed": false,
          "beta_env1": [
            -0.005801952550552166
          ],
          "beta_env2": [
            0.0006081054462568541
          ]
        },
        "noise_test": {
          "ks_statistic": 0.0042999999999999705,
          "p_value": 0.742685186270478,
          "is_noise_changed": false
        }
      },
      "18": {
        "is_shifted": false,
        "parents": [
          2,
          15
        ],
        "function_test": {
          "f_statistic": 0.29079592097510293,
          "p_value": 0.7476688781368062,
          "is_function_changed": false,
          "beta_env1": [
            -0.0029551916911430068,
            0.13867661196542427
          ],
          "beta_env2": [
            0.0005505371822588271,
            0.14136018731988104
          ]
        },
        "noise_test": {
          "ks_statistic": 0.005299999999999999,
          "p_value": 0.4820945683973513,
          "is_noise_changed": false
        }
      },
      "21": {
        "is_shifted": true,
        "parents": [
          20
        ],
        "function_test": {
          "f_statistic": 0.05920647773866777,
          "p_value": 0.8077550580195096,
          "is_function_changed": false,
          "beta_env1": [
            0.000973411810062255
          ],
          "beta_env2": [
            0.002189856927484448
          ]
        },
        "noise_test": {
          "ks_statistic": 0.031020000000000006,
          "p_value": 2.4715922327885996e-21,
          "is_noise_changed": true
        }
      },
      "25": {
        "is_shifted": true,
        "parents": [
          0
        ],
        "function_test": {
          "f_statistic": 2.6924539403641745,
          "p_value": 0.10082757505645301,
          "is_function_changed": false,
          "beta_env1": [
            -0.004369433871269193
          ],
          "beta_env2": [
            0.003799891982469284
          ]
        },
        "noise_test": {
          "ks_statistic": 0.05656,
          "p_value": 5.883779585915848e-70,
          "is_noise_changed": true
        }
      },
      "26": {
        "is_shifted": false,
        "parents": [
          5,
          15,
          24
        ],
        "function_test": {
          "f_statistic": 2.579407458514184,
          "p_value": 0.05174934578262991,
          "is_function_changed": false,
          "beta_env1": [
            -0.038137024244475584,
            0.5381750359349688,
            -0.004215259544571614
          ],
          "beta_env2": [
            -0.04471058019039751,
            0.5177857797076884,
            -0.0006960606610758088
          ]
        },
        "noise_test": {
          "ks_statistic": 0.0044399999999999995,
          "p_value": 0.706107883985639,
          "is_noise_changed": false
        }
      },
      "27": {
        "is_shifted": true,
        "parents": [
          16
        ],
        "function_test": {
          "f_statistic": 0.0957223330736904,
          "p_value": 0.7570253231087891,
          "is_function_changed": false,
          "beta_env1": [
            -0.012068525755663787
          ],
          "beta_env2": [
            -0.010528589157403559
          ]
        },
        "noise_test": {
          "ks_statistic": 0.032880000000000006,
          "p_value": 6.462581688650561e-24,
          "is_noise_changed": true
        }
      },
      "28": {
        "is_shifted": false,
        "parents": [
          1,
          22,
          24
        ],
        "function_test": {
          "f_statistic": 0.9832938006707346,
          "p_value": 0.39942171140143246,
          "is_function_changed": false,
          "beta_env1": [
            0.008509872471216567,
            -0.0008316131636800395,
            0.0010584602560642664
          ],
          "beta_env2": [
            -0.0016061989441339005,
            -0.0017726487056059597,
            -0.0004332157728687529
          ]
        },