{
  "dataset_info": {
    "seed": 286,
    "dataset_index": 5,
    "node_count": 50,
    "edge_count": 50,
    "graph_type": "ER",
    "shifted_nodes": [
      17,
      41,
      48,
      16,
      26,
      47,
      24,
      6,
      9,
      46
    ],
    "shift_types": {
      "17": [
        "sin_cos"
      ],
      "41": [
        "sin_cos"
      ],
      "48": [
        "sin_cos"
      ],
      "16": [
        "sin_cos"
      ],
      "26": [
        "sin_cos"
      ],
      "47": [
        "noise_N02"
      ],
      "24": [
        "noise_N02"
      ],
      "6": [
        "noise_N02"
      ],
      "9": [
        "noise_N02"
      ],
      "46": [
        "noise_N02"
      ]
    },
    "shift_case": "sin_cos_noise_N02",
    "deleted_parents": {}
  },
  "model": "linearccp",
  "exp_type": "synthetic",
  "config_name": "ER",
  "device": "cuda:0",
  "linearccp": {
    "shifted_nodes": [
      6,
      9,
      16,
      17,
      19,
      20,
      22,
      24,
      26,
      29,
      41,
      42,
      43,
      44,
      46,
      47,
      48
    ],
    "functional_change_nodes": [
      16,
      17,
      19,
      20,
      22,
      26,
      29,
      41,
      42,
      43,
      44,
      47,
      48
    ],
    "noise_change_nodes": [
      6,
      9,
      16,
      17,
      24,
      26,
      29,
      41,
      42,
      43,
      46,
      47,
      48
    ],
    "node_results": {
      "6": {
        "is_shifted": true,
        "parents": [
          2
        ],
        "function_test": {
          "f_statistic": 3.787233757134482,
          "p_value": 0.051647730834749495,
          "is_function_changed": false,
          "beta_env1": [
            0.0105583939486188
          ],
          "beta_env2": [
            0.0008238540485307642
          ]
        },
        "noise_test": {
          "ks_statistic": 0.056040000000000006,
          "p_value": 1.1041608074555355e-68,
          "is_noise_changed": true
        }
      },
      "9": {
        "is_shifted": true,
        "parents": [
          8
        ],
        "function_test": {
          "f_statistic": 0.4249286333811995,
          "p_value": 0.5144894392988786,
          "is_function_changed": false,
          "beta_env1": [
            0.003686223884768247
          ],
          "beta_env2": [
            0.0004267066386875805
          ]
        },
        "noise_test": {
          "ks_statistic": 0.05603999999999998,
          "p_value": 1.1041608074557074e-68,
          "is_noise_changed": true
        }
      },
      "15": {
        "is_shifted": false,
        "parents": [
          2,
          7
        ],
        "function_test": {
          "f_statistic": 1.696290991464228,
          "p_value": 0.18336763327042238,
          "is_function_changed": false,
          "beta_env1": [
            0.0036611206587524392,
            0.004523119090530417
          ],
          "beta_env2": [
            0.0027863543979288,
            -0.005062316624378
          ]
        },
        "noise_test": {
          "ks_statistic": 0.0038199999999999346,
          "p_value": 0.8575329370760008,
          "is_noise_changed": false
        }
      },
      "16": {
        "is_shifted": true,
        "parents": [
          14
        ],
        "function_test": {
          "f_statistic": 2277.4407531296756,
          "p_value": 1.1102230246251565e-16,
          "is_function_changed": true,
          "beta_env1": [
            -0.00015164048694906078
          ],
          "beta_env2": [
            0.22604180234139284
          ]
        },
        "noise_test": {
          "ks_statistic": 0.07079999999999997,
          "p_value": 2.050221809335967e-109,
          "is_noise_changed": true
        }
      },
      "17": {
        "is_shifted": true,
        "parents": [
          0,
          15
        ],
        "function_test": {
          "f_statistic": 700.5015524588961,
          "p_value": 1.1102230246251565e-16,
          "is_function_changed": true,
          "beta_env1": [
            -0.0095681186004556,
            0.03029497559797488
          ],
          "beta_env2": [
            0.216973447099019,
            0.043028211524006196
          ]
        },
        "noise_test": {
          "ks_statistic": 0.04926000000000008,
          "p_value": 3.6894709571392197e-53,
          "is_noise_changed": true
        }
      },
      "19": {
        "is_shifted": true,
        "parents": [
          4,
          10
        ],
        "function_test": {
          "f_statistic": 4.009129683458264,
          "p_value": 0.018152101294043987,
          "is_function_changed": true,
          "beta_env1": [
            -0.003851390934238475,
            -0.006983796346087983
          ],
          "beta_env2": [
            0.003624807504108712,
            0.00585518320874698
          ]
        },
        "noise_test": {
          "ks_statistic": 0.0033400000000000096,
          "p_value": 0.9421940206857727,
          "is_noise_changed": false
        }
      },
      "20": {
        "is_shifted": true,
        "parents": [
          2,
          3
        ],
        "function_test": {
          "f_statistic": 4.746860726460696,
          "p_value": 0.008680853719790549,
          "is_function_changed": true,
          "beta_env1": [
            0.006451928904727384,
            -0.00613137711349947
          ],
          "beta_env2": [
            -0.0035244210045079277,
            0.006570293980597614
          ]
        },
        "noise_test": {
          "ks_statistic": 0.005800000000000027,
          "p_value": 0.3682121293271101,
          "is_noise_changed": false
        }
      },
      "22": {
        "is_shifted": true,
        "parents": [
          18
        ],
        "function_test": {
          "f_statistic": 8.510032060220079,
          "p_value": 0.0035327238842964848,
          "is_function_changed": true,
          "beta_env1": [
            -0.005466370930666377
          ],
          "beta_env2": [
            0.007270533522457021
          ]
        },
        "noise_test": {
          "ks_statistic": 0.005699999999999983,
          "p_value": 0.3895606742630373,
          "is_noise_changed": false
        }
      },
      "24": {
        "is_shifted": true,
        "parents": [
          18
        ],
        "function_test": {
          "f_statistic": 0.01199676557027953,
          "p_value": 0.9127825484529607,
          "is_function_changed": false,
          "beta_env1": [
            -0.0006317134257235453
          ],
          "beta_env2": [
            -0.0011776799053308377
          ]
        },
        "noise_test": {
          "ks_statistic": 0.05576000000000003,
          "p_value": 5.294338699690276e-68,
          "is_noise_changed": true
        }
      },
      "26": {
        "is_shifted": true,
        "parents": [
          2,
          15,
          24
        ],
        "function_test": {
          "f_statistic": 688.3850839892484,
          "p_value": 1.1102230246251565e-16,
          "is_function_changed": true,
          "beta_env1": [
            -0.031115762188275067,
            0.3008517102125906,
            0.13526044145330396
          ],
          "beta_env2": [
            0.19318391078445415,
            0.0446814052648767,
            0.17282603848039507
          ]
        },
        "noise_test": {
          "ks_statistic": 0.05576000000000003,
          "p_value": 5.294338699690276e-68,
          "is_noise_changed": true
        }
      },
      "27": {
        "is_shifted": false,
        "parents": [
          2
        ],
        "function_test": {
          "f_statistic": 1.2804442875058204,
          "p_value": 0.25781915750677564,
          "is_function_changed": false,
          "beta_env1": [
            0.008281808525520767
          ],
          "beta_env2": [
            0.003332228893819836
          ]
        },