{
  "dataset_info": {
    "seed": 301,
    "dataset_index": 20,
    "node_count": 50,
    "edge_count": 50,
    "graph_type": "ER",
    "shifted_nodes": [
      47,
      40,
      24,
      41,
      18,
      9,
      49,
      28,
      25,
      45
    ],
    "shift_types": {
      "47": [
        "pa_delete"
      ],
      "40": [
        "pa_delete"
      ],
      "24": [
        "pa_delete"
      ],
      "41": [
        "pa_delete"
      ],
      "18": [
        "pa_delete"
      ],
      "9": [
        "noise_laplace"
      ],
      "49": [
        "noise_laplace"
      ],
      "28": [
        "noise_laplace"
      ],
      "25": [
        "noise_laplace"
      ],
      "45": [
        "noise_laplace"
      ]
    },
    "shift_case": "pa_delete_noise_laplace",
    "deleted_parents": {
      "47": 20,
      "40": 20,
      "24": 16,
      "41": 10,
      "18": 12
    }
  },
  "model": "linearccp",
  "exp_type": "synthetic",
  "config_name": "ER",
  "device": "cuda:0",
  "linearccp": {
    "shifted_nodes": [
      9,
      18,
      24,
      25,
      27,
      28,
      38,
      40,
      41,
      45,
      47,
      49
    ],
    "functional_change_nodes": [
      27,
      38,
      40,
      45,
      47
    ],
    "noise_change_nodes": [
      9,
      18,
      24,
      25,
      27,
      28,
      40,
      41,
      45,
      47,
      49
    ],
    "node_results": {
      "7": {
        "is_shifted": false,
        "parents": [
          1,
          5
        ],
        "function_test": {
          "f_statistic": 0.5370588171234913,
          "p_value": 0.5844664304518485,
          "is_function_changed": false,
          "beta_env1": [
            -0.0005431432830588281,
            0.006935264332318348
          ],
          "beta_env2": [
            0.0021305772258116942,
            0.0022261082617807053
          ]
        },
        "noise_test": {
          "ks_statistic": 0.003620000000000012,
          "p_value": 0.8973996854278549,
          "is_noise_changed": false
        }
      },
      "9": {
        "is_shifted": true,
        "parents": [
          8
        ],
        "function_test": {
          "f_statistic": 1.2895598625774345,
          "p_value": 0.2561317999190301,
          "is_function_changed": false,
          "beta_env1": [
            0.0006901728573442626
          ],
          "beta_env2": [
            -0.0049778549895461086
          ]
        },
        "noise_test": {
          "ks_statistic": 0.03312000000000004,
          "p_value": 2.9255780758496787e-24,
          "is_noise_changed": true
        }
      },
      "11": {
        "is_shifted": false,
        "parents": [
          7
        ],
        "function_test": {
          "f_statistic": 0.8271276284169028,
          "p_value": 0.36310661434184677,
          "is_function_changed": false,
          "beta_env1": [
            0.025459607461746348
          ],
          "beta_env2": [
            0.031081628072918522
          ]
        },
        "noise_test": {
          "ks_statistic": 0.0021400000000000308,
          "p_value": 0.999835040735855,
          "is_noise_changed": false
        }
      },
      "14": {
        "is_shifted": false,
        "parents": [
          7
        ],
        "function_test": {
          "f_statistic": 0.025737518867381445,
          "p_value": 0.8725433362338395,
          "is_function_changed": false,
          "beta_env1": [
            0.02478887775349084
          ],
          "beta_env2": [
            0.02578022690146046
          ]
        },
        "noise_test": {
          "ks_statistic": 0.006360000000000032,
          "p_value": 0.26293117989300685,
          "is_noise_changed": false
        }
      },
      "15": {
        "is_shifted": false,
        "parents": [
          1
        ],
        "function_test": {
          "f_statistic": 3.6652346391228634,
          "p_value": 0.055561670470393176,
          "is_function_changed": false,
          "beta_env1": [
            -0.004243911734518249
          ],
          "beta_env2": [
            0.00410554655635028
          ]
        },
        "noise_test": {
          "ks_statistic": 0.0033000000000000806,
          "p_value": 0.9474444444686976,
          "is_noise_changed": false
        }
      },
      "18": {
        "is_shifted": true,
        "parents": [
          12
        ],
        "function_test": {
          "f_statistic": 0.7835145456419884,
          "p_value": 0.37607054584868427,
          "is_function_changed": false,
          "beta_env1": [
            -0.0007330604428082337
          ],
          "beta_env2": [
            0.004064274150775724
          ]
        },
        "noise_test": {
          "ks_statistic": 0.11304000000000003,
          "p_value": 1.0131847117444793e-278,
          "is_noise_changed": true
        }
      },
      "19": {
        "is_shifted": false,
        "parents": [
          11
        ],
        "function_test": {
          "f_statistic": 0.566476716162217,
          "p_value": 0.4516641538301357,
          "is_function_changed": false,
          "beta_env1": [
            0.06726323936947512
          ],
          "beta_env2": [
            0.07153161829755157
          ]
        },
        "noise_test": {
          "ks_statistic": 0.0046000000000000485,
          "p_value": 0.6636267238054692,
          "is_noise_changed": false
        }
      },
      "20": {
        "is_shifted": false,
        "parents": [
          6,
          7,
          11
        ],
        "function_test": {
          "f_statistic": 1.0234957786490637,
          "p_value": 0.38088936707650045,
          "is_function_changed": false,
          "beta_env1": [
            0.0023931140586460112,
            0.04162051864206079,
            0.3772303308315443
          ],
          "beta_env2": [
            -0.004375175783621824,
            0.048625359297505444,
            0.38523037430792334
          ]
        },
        "noise_test": {
          "ks_statistic": 0.005539999999999989,
          "p_value": 0.4252530882663843,
          "is_noise_changed": false
        }
      },
      "22": {
        "is_shifted": false,
        "parents": [
          0,
          11,
          15
        ],
        "function_test": {
          "f_statistic": 0.14403280984689773,
          "p_value": 0.9335344745925008,
          "is_function_changed": false,
          "beta_env1": [
            0.0035737146213621787,
            0.07822592802389208,
            0.15380061231730588
          ],
          "beta_env2": [
            0.0038551791050701746,
            0.07388866205864583,
            0.15110403654973836
          ]
        },
        "noise_test": {
          "ks_statistic": 0.006599999999999995,
          "p_value": 0.22521734137792127,
          "is_noise_changed": false
        }
      },
      "24": {
        "is_shifted": true,
        "parents": [
          16,
          20
        ],
        "function_test": {
          "f_statistic": 2.5225981709888012,
          "p_value": 0.08025593732959957,
          "is_function_changed": false,
          "beta_env1": [
            0.004244577586512895,
            -0.10555094875758972
          ],
          "beta_env2": [
            -0.008396315010163365,
            -0.1103256349843012
          ]
        },
        "noise_test": {
          "ks_statistic": 0.031,
          "p_value": 2.629837066382268e-21,
          "is_noise_changed": true
        }
      },
      "25": {
        "is_shifted": true,
        "parents": [
          1,
          2
        ],
        "function_test": {
          "f_statistic": 1.9220844603967386,
          "p_value": 0.1463070892716446,
          "is_function_changed": false,
          "beta_env1": [
            0.0005569506828647833,
            -0.0017845863864521807
          ],
          "beta_env2": [
            0.0069954941174849485,
            -0.011178608018780498
          ]
        },