{
  "dataset_info": {
    "seed": 289,
    "dataset_index": 8,
    "node_count": 50,
    "edge_count": 50,
    "graph_type": "ER",
    "shifted_nodes": [
      43,
      26,
      46,
      24,
      27,
      44,
      29,
      49,
      3,
      41
    ],
    "shift_types": {
      "43": [
        "sin_cos"
      ],
      "26": [
        "sin_cos"
      ],
      "46": [
        "sin_cos"
      ],
      "24": [
        "sin_cos"
      ],
      "27": [
        "sin_cos"
      ],
      "44": [
        "noise_laplace"
      ],
      "29": [
        "noise_laplace"
      ],
      "49": [
        "noise_laplace"
      ],
      "3": [
        "noise_laplace"
      ],
      "41": [
        "noise_laplace"
      ]
    },
    "shift_case": "sin_cos_noise_laplace",
    "deleted_parents": {}
  },
  "model": "linearccp",
  "exp_type": "synthetic",
  "config_name": "ER",
  "device": "cuda:0",
  "linearccp": {
    "shifted_nodes": [
      3,
      9,
      24,
      26,
      27,
      29,
      32,
      34,
      41,
      43,
      44,
      45,
      46,
      49
    ],
    "functional_change_nodes": [
      9,
      24,
      26,
      27,
      32,
      34,
      43,
      45,
      46,
      49
    ],
    "noise_change_nodes": [
      3,
      24,
      26,
      27,
      29,
      41,
      43,
      44,
      45,
      46,
      49
    ],
    "node_results": {
      "3": {
        "is_shifted": true,
        "parents": [
          0
        ],
        "function_test": {
          "f_statistic": 3.4009279634106773,
          "p_value": 0.0651627087308535,
          "is_function_changed": false,
          "beta_env1": [
            0.0024160029334108117
          ],
          "beta_env2": [
            -0.006744114189187341
          ]
        },
        "noise_test": {
          "ks_statistic": 0.031979999999999995,
          "p_value": 1.1990133497776256e-22,
          "is_noise_changed": true
        }
      },
      "8": {
        "is_shifted": false,
        "parents": [
          7
        ],
        "function_test": {
          "f_statistic": 0.029686921613009534,
          "p_value": 0.8632028734330535,
          "is_function_changed": false,
          "beta_env1": [
            -0.003803080446994289
          ],
          "beta_env2": [
            -0.0045570648303222445
          ]
        },
        "noise_test": {
          "ks_statistic": 0.005320000000000047,
          "p_value": 0.4772174032123343,
          "is_noise_changed": false
        }
      },
      "9": {
        "is_shifted": true,
        "parents": [
          7
        ],
        "function_test": {
          "f_statistic": 6.580955417451645,
          "p_value": 0.010308999800500263,
          "is_function_changed": true,
          "beta_env1": [
            0.006644454751001506
          ],
          "beta_env2": [
            -0.004566679431649581
          ]
        },
        "noise_test": {
          "ks_statistic": 0.005420000000000036,
          "p_value": 0.453203492895477,
          "is_noise_changed": false
        }
      },
      "14": {
        "is_shifted": false,
        "parents": [
          13
        ],
        "function_test": {
          "f_statistic": 1.9369570316071005,
          "p_value": 0.1640024117055331,
          "is_function_changed": false,
          "beta_env1": [
            0.00013955215288718434
          ],
          "beta_env2": [
            0.006194148264344393
          ]
        },
        "noise_test": {
          "ks_statistic": 0.007020000000000026,
          "p_value": 0.1692860344119027,
          "is_noise_changed": false
        }
      },
      "21": {
        "is_shifted": false,
        "parents": [
          13
        ],
        "function_test": {
          "f_statistic": 3.2918437628711206,
          "p_value": 0.06962779324695811,
          "is_function_changed": false,
          "beta_env1": [
            -0.0031687508420223365
          ],
          "beta_env2": [
            0.004728589896716137
          ]
        },
        "noise_test": {
          "ks_statistic": 0.003480000000000011,
          "p_value": 0.9215196958308707,
          "is_noise_changed": false
        }
      },
      "24": {
        "is_shifted": true,
        "parents": [
          22
        ],
        "function_test": {
          "f_statistic": 2239.9349074243737,
          "p_value": 1.1102230246251565e-16,
          "is_function_changed": true,
          "beta_env1": [
            -0.004737628787584079
          ],
          "beta_env2": [
            0.21931817011525837
          ]
        },
        "noise_test": {
          "ks_statistic": 0.07196000000000002,
          "p_value": 5.097127155515464e-113,
          "is_noise_changed": true
        }
      },
      "25": {
        "is_shifted": false,
        "parents": [
          4,
          6
        ],
        "function_test": {
          "f_statistic": 0.35684696755558615,
          "p_value": 0.6998804850992293,
          "is_function_changed": false,
          "beta_env1": [
            0.0015806346955903642,
            0.0007057835499015152
          ],
          "beta_env2": [
            0.003768696944828876,
            -0.0031301040577230562
          ]
        },
        "noise_test": {
          "ks_statistic": 0.003599999999999992,
          "p_value": 0.9010471710483767,
          "is_noise_changed": false
        }
      },
      "26": {
        "is_shifted": true,
        "parents": [
          0,
          3,
          19
        ],
        "function_test": {
          "f_statistic": 1561.8991595573596,
          "p_value": 1.1102230246251565e-16,
          "is_function_changed": true,
          "beta_env1": [
            -0.03577591881373025,
            0.5301797934919241,
            0.0038609304253354277
          ],
          "beta_env2": [
            0.1898607092470828,
            0.12926876457605058,
            0.23108449642759135
          ]
        },
        "noise_test": {
          "ks_statistic": 0.07774000000000003,
          "p_value": 7.408533289240913e-132,
          "is_noise_changed": true
        }
      },
      "27": {
        "is_shifted": true,
        "parents": [
          3,
          11
        ],
        "function_test": {
          "f_statistic": 698.9153747000598,
          "p_value": 1.1102230246251565e-16,
          "is_function_changed": true,
          "beta_env1": [
            0.15304311609551824,
            6.519173419664318e-07
          ],
          "beta_env2": [
            0.11856277238893413,
            0.21259738085894858
          ]
        },
        "noise_test": {
          "ks_statistic": 0.07376000000000005,
          "p_value": 9.946486116119556e-119,
          "is_noise_changed": true
        }
      },
      "28": {
        "is_shifted": false,
        "parents": [
          4
        ],
        "function_test": {
          "f_statistic": 0.0650182127018303,
          "p_value": 0.7987339028024754,
          "is_function_changed": false,
          "beta_env1": [
            0.0011938827066447397
          ],
          "beta_env2": [
            0.0023088364577495374
          ]
        },
        "noise_test": {
          "ks_statistic": 0.0050000000000000044,
          "p_value": 0.5578336507542049,
          "is_noise_changed": false
        }
      },
      "29": {
        "is_shifted": true,
        "parents": [
          16
        ],
        "function_test": {
          "f_statistic": 1.8021180292333,
          "p_value": 0.17945969375324866,
          "is_function_changed": false,
          "beta_env1": [
            0.005972428361512649
          ],
          "beta_env2": [
            -0.0006821045548839506
          ]
        },
        "noise_test": {
          "ks_statistic": 0.0314,
          "p_value": 7.543685055510242e-22,
          "is_noise_changed": true
        }
      },
      "32": {
        "is_shifted": true,
        "parents": [
          2
        ],