{
  "dataset_info": {
    "seed": 309,
    "dataset_index": 28,
    "node_count": 50,
    "edge_count": 50,
    "graph_type": "ER",
    "shifted_nodes": [
      28,
      23,
      47,
      40,
      41,
      42,
      35,
      48,
      25,
      37
    ],
    "shift_types": {
      "28": [
        "noise_N02"
      ],
      "23": [
        "noise_N02"
      ],
      "47": [
        "noise_N02"
      ],
      "40": [
        "noise_N02"
      ],
      "41": [
        "noise_N02"
      ],
      "42": [
        "noise_laplace"
      ],
      "35": [
        "noise_laplace"
      ],
      "48": [
        "noise_laplace"
      ],
      "25": [
        "noise_laplace"
      ],
      "37": [
        "noise_laplace"
      ]
    },
    "shift_case": "noise_N02_laplace",
    "deleted_parents": {}
  },
  "model": "linearccp",
  "exp_type": "synthetic",
  "config_name": "ER",
  "device": "cuda:0",
  "linearccp": {
    "shifted_nodes": [
      23,
      25,
      27,
      28,
      35,
      37,
      38,
      39,
      40,
      41,
      42,
      43,
      44,
      45,
      47,
      48,
      49
    ],
    "functional_change_nodes": [
      27,
      38,
      39,
      43,
      44,
      45,
      47,
      49
    ],
    "noise_change_nodes": [
      23,
      25,
      28,
      35,
      37,
      39,
      40,
      41,
      42,
      47,
      48,
      49
    ],
    "node_results": {
      "11": {
        "is_shifted": false,
        "parents": [
          10
        ],
        "function_test": {
          "f_statistic": 0.2369434134221345,
          "p_value": 0.6264235783175615,
          "is_function_changed": false,
          "beta_env1": [
            -0.001850129707598263
          ],
          "beta_env2": [
            0.00026845985251532035
          ]
        },
        "noise_test": {
          "ks_statistic": 0.0044199999999999795,
          "p_value": 0.7113781617572157,
          "is_noise_changed": false
        }
      },
      "22": {
        "is_shifted": false,
        "parents": [
          2
        ],
        "function_test": {
          "f_statistic": 0.16354772023632805,
          "p_value": 0.6859118653927356,
          "is_function_changed": false,
          "beta_env1": [
            0.0005531901130359626
          ],
          "beta_env2": [
            -0.0012112715043182281
          ]
        },
        "noise_test": {
          "ks_statistic": 0.0044199999999999795,
          "p_value": 0.7113781617572157,
          "is_noise_changed": false
        }
      },
      "23": {
        "is_shifted": true,
        "parents": [
          6,
          7
        ],
        "function_test": {
          "f_statistic": 0.10236704847978104,
          "p_value": 0.9026982514667118,
          "is_function_changed": false,
          "beta_env1": [
            0.0029349072433691144,
            0.0034203533348970637
          ],
          "beta_env2": [
            0.00035892922494736864,
            0.0029062405922495307
          ]
        },
        "noise_test": {
          "ks_statistic": 0.038599999999999995,
          "p_value": 8.420644515225778e-33,
          "is_noise_changed": true
        }
      },
      "24": {
        "is_shifted": false,
        "parents": [
          17,
          22
        ],
        "function_test": {
          "f_statistic": 0.2736630406560561,
          "p_value": 0.760588889075333,
          "is_function_changed": false,
          "beta_env1": [
            -0.002012427142604044,
            0.14075741965308253
          ],
          "beta_env2": [
            0.0002861102179579968,
            0.14521489578907104
          ]
        },
        "noise_test": {
          "ks_statistic": 0.00276000000000004,
          "p_value": 0.990917519900104,
          "is_noise_changed": false
        }
      },
      "25": {
        "is_shifted": true,
        "parents": [
          3,
          18
        ],
        "function_test": {
          "f_statistic": 0.16030512520410897,
          "p_value": 0.8518840370098486,
          "is_function_changed": false,
          "beta_env1": [
            -0.0029378375974102987,
            0.000739353143576516
          ],
          "beta_env2": [
            -8.43021855154367e-05,
            -0.0009021606047672974
          ]
        },
        "noise_test": {
          "ks_statistic": 0.0235,
          "p_value": 1.9994152555369508e-12,
          "is_noise_changed": true
        }
      },
      "27": {
        "is_shifted": true,
        "parents": [
          2,
          5,
          6,
          25
        ],
        "function_test": {
          "f_statistic": 7.181718923153436,
          "p_value": 8.89827618444361e-06,
          "is_function_changed": true,
          "beta_env1": [
            0.002925159649202174,
            0.0009322868717021142,
            0.009912247079111087,
            0.03310139985806898
          ],
          "beta_env2": [
            -0.008137829259785035,
            0.006280555915483613,
            0.0002872855098049477,
            -0.004256662062221624
          ]
        },
        "noise_test": {
          "ks_statistic": 0.00656000000000001,
          "p_value": 0.2312026806580868,
          "is_noise_changed": false
        }
      },
      "28": {
        "is_shifted": true,
        "parents": [
          11
        ],
        "function_test": {
          "f_statistic": 1.81181206678216,
          "p_value": 0.1782940596788405,
          "is_function_changed": false,
          "beta_env1": [
            0.1486468384816167
          ],
          "beta_env2": [
            0.13863428884890647
          ]
        },
        "noise_test": {
          "ks_statistic": 0.07042,
          "p_value": 3.0184485440021362e-108,
          "is_noise_changed": true
        }
      },
      "30": {
        "is_shifted": false,
        "parents": [
          0,
          7,
          18
        ],
        "function_test": {
          "f_statistic": 0.6918005413993373,
          "p_value": 0.5569074617068137,
          "is_function_changed": false,
          "beta_env1": [
            -0.0029982739807469048,
            0.00025054286815472587,
            -0.0022109368728993875
          ],
          "beta_env2": [
            -0.011065079490395644,
            0.0023183841523997718,
            -4.2268582761790616e-05
          ]
        },
        "noise_test": {
          "ks_statistic": 0.006840000000000013,
          "p_value": 0.19174668556370567,
          "is_noise_changed": false
        }
      },
      "33": {
        "is_shifted": false,
        "parents": [
          4,
          6,
          17
        ],
        "function_test": {
          "f_statistic": 1.174336788010918,
          "p_value": 0.31779571089409386,
          "is_function_changed": false,
          "beta_env1": [
            -0.010698264101298587,
            0.0044091144262507,
            0.0021144203812810056
          ],
          "beta_env2": [
            -0.0011781195267904533,
            0.009274503472326232,
            -0.0009561767491596471
          ]
        },
        "noise_test": {
          "ks_statistic": 0.005739999999999967,
          "p_value": 0.38093097577035384,
          "is_noise_changed": false
        }
      },
      "35": {
        "is_shifted": true,
        "parents": [
          1
        ],
        "function_test": {
          "f_statistic": 0.19866436887743544,
          "p_value": 0.655802060662737,
          "is_function_changed": false,
          "beta_env1": [
            -0.004316931729348431
          ],
          "beta_env2": [
            -0.0020881549720056813
          ]
        },
        "noise_test": {
          "ks_statistic": 0.03241999999999999,
          "p_value": 2.904756676576296e-23,
          "is_noise_changed": true
        }
      },
      "37": {
        "is_shifted": true,
        "parents": [
          2,
          7,
          10,
          24
        ],