{
  "dataset_info": {
    "seed": 300,
    "dataset_index": 19,
    "node_count": 50,
    "edge_count": 50,
    "graph_type": "ER",
    "shifted_nodes": [
      24,
      41,
      34,
      33,
      31,
      45,
      36,
      27,
      43,
      42
    ],
    "shift_types": {
      "24": [
        "pa_delete"
      ],
      "41": [
        "pa_delete"
      ],
      "34": [
        "pa_delete"
      ],
      "33": [
        "pa_delete"
      ],
      "31": [
        "pa_delete"
      ],
      "45": [
        "noise_laplace"
      ],
      "36": [
        "noise_laplace"
      ],
      "27": [
        "noise_laplace"
      ],
      "43": [
        "noise_laplace"
      ],
      "42": [
        "noise_laplace"
      ]
    },
    "shift_case": "pa_delete_noise_laplace",
    "deleted_parents": {
      "24": 20,
      "41": 6,
      "34": 19,
      "33": 28,
      "31": 3
    }
  },
  "model": "linearccp",
  "exp_type": "synthetic",
  "config_name": "ER",
  "device": "cuda:0",
  "linearccp": {
    "shifted_nodes": [
      19,
      24,
      27,
      31,
      33,
      34,
      36,
      41,
      42,
      43,
      45,
      46,
      48,
      49
    ],
    "functional_change_nodes": [
      19,
      24,
      33,
      34,
      36,
      46,
      48,
      49
    ],
    "noise_change_nodes": [
      24,
      27,
      31,
      33,
      34,
      36,
      41,
      42,
      43,
      45
    ],
    "node_results": {
      "5": {
        "is_shifted": false,
        "parents": [
          2
        ],
        "function_test": {
          "f_statistic": 0.25533925635596083,
          "p_value": 0.6133414972113783,
          "is_function_changed": false,
          "beta_env1": [
            -0.002924729228327668
          ],
          "beta_env2": [
            -0.0007203245563262634
          ]
        },
        "noise_test": {
          "ks_statistic": 0.003899999999999987,
          "p_value": 0.8400228497874644,
          "is_noise_changed": false
        }
      },
      "9": {
        "is_shifted": false,
        "parents": [
          2
        ],
        "function_test": {
          "f_statistic": 0.7046364109137276,
          "p_value": 0.40123217143075784,
          "is_function_changed": false,
          "beta_env1": [
            -0.0036236281897839284
          ],
          "beta_env2": [
            4.877680708345704e-05
          ]
        },
        "noise_test": {
          "ks_statistic": 0.0033199999999999896,
          "p_value": 0.9448560509635644,
          "is_noise_changed": false
        }
      },
      "19": {
        "is_shifted": true,
        "parents": [
          16
        ],
        "function_test": {
          "f_statistic": 8.04711159888409,
          "p_value": 0.004558542162401369,
          "is_function_changed": true,
          "beta_env1": [
            0.006364610670493303
          ],
          "beta_env2": [
            -0.005987108338600333
          ]
        },
        "noise_test": {
          "ks_statistic": 0.0037200000000000566,
          "p_value": 0.8782096759340627,
          "is_noise_changed": false
        }
      },
      "20": {
        "is_shifted": false,
        "parents": [
          14,
          18
        ],
        "function_test": {
          "f_statistic": 1.198273021752528,
          "p_value": 0.3017191495911553,
          "is_function_changed": false,
          "beta_env1": [
            -0.004011684504162064,
            -0.006488108676369273
          ],
          "beta_env2": [
            -0.004952561307335529,
            0.0015974934537607351
          ]
        },
        "noise_test": {
          "ks_statistic": 0.003640000000000032,
          "p_value": 0.8936873313961021,
          "is_noise_changed": false
        }
      },
      "21": {
        "is_shifted": false,
        "parents": [
          17
        ],
        "function_test": {
          "f_statistic": 0.019236048572354787,
          "p_value": 0.8896921735230521,
          "is_function_changed": false,
          "beta_env1": [
            0.0019392894170756096
          ],
          "beta_env2": [
            0.0025444446369421846
          ]
        },
        "noise_test": {
          "ks_statistic": 0.0039000000000000146,
          "p_value": 0.840022849787458,
          "is_noise_changed": false
        }
      },
      "22": {
        "is_shifted": false,
        "parents": [
          7
        ],
        "function_test": {
          "f_statistic": 0.8603928257326198,
          "p_value": 0.35363102424094095,
          "is_function_changed": false,
          "beta_env1": [
            0.0014114563019677184
          ],
          "beta_env2": [
            0.0054570188765063355
          ]
        },
        "noise_test": {
          "ks_statistic": 0.004039999999999988,
          "p_value": 0.8075792965488224,
          "is_noise_changed": false
        }
      },
      "24": {
        "is_shifted": true,
        "parents": [
          3,
          20
        ],
        "function_test": {
          "f_statistic": 17.34613138477783,
          "p_value": 2.9374966126205493e-08,
          "is_function_changed": true,
          "beta_env1": [
            0.001935112893631222,
            0.026839245268581818
          ],
          "beta_env2": [
            0.003292392936975651,
            -0.009530814468563662
          ]
        },
        "noise_test": {
          "ks_statistic": 0.08026,
          "p_value": 1.5813667068532752e-140,
          "is_noise_changed": true
        }
      },
      "25": {
        "is_shifted": false,
        "parents": [
          18
        ],
        "function_test": {
          "f_statistic": 2.7730823755623293,
          "p_value": 0.09586453622213498,
          "is_function_changed": false,
          "beta_env1": [
            0.0022871521345495505
          ],
          "beta_env2": [
            -0.004966792085412853
          ]
        },
        "noise_test": {
          "ks_statistic": 0.005220000000000002,
          "p_value": 0.5018370382714883,
          "is_noise_changed": false
        }
      },
      "27": {
        "is_shifted": true,
        "parents": [
          10
        ],
        "function_test": {
          "f_statistic": 0.9463101838967706,
          "p_value": 0.33066264302053316,
          "is_function_changed": false,
          "beta_env1": [
            -0.00026109387606666995
          ],
          "beta_env2": [
            0.004561537967916699
          ]
        },
        "noise_test": {
          "ks_statistic": 0.031880000000000006,
          "p_value": 1.650383526137317e-22,
          "is_noise_changed": true
        }
      },
      "28": {
        "is_shifted": false,
        "parents": [
          11
        ],
        "function_test": {
          "f_statistic": 0.2519897935629937,
          "p_value": 0.6156785797724957,
          "is_function_changed": false,
          "beta_env1": [
            0.0053152441803275595
          ],
          "beta_env2": [
            0.003125950467621168
          ]
        },
        "noise_test": {
          "ks_statistic": 0.002960000000000018,
          "p_value": 0.9803800081310395,
          "is_noise_changed": false
        }
      },
      "30": {
        "is_shifted": false,
        "parents": [
          3,
          4,
          19
        ],
        "function_test": {
          "f_statistic": 0.03350375991197259,
          "p_value": 0.9917759432932549,
          "is_function_changed": false,
          "beta_env1": [
            0.002013360502749359,
            -0.002120453615043181,
            0.13505636494822307
          ],
          "beta_env2": [
            0.002703157742081706,
            -0.0017052808858318141,
            0.13751071208969504
          ]
        },
        "noise_test": {
          "ks_statistic": 0.007240000000000024,
          "p_value": 0.14472121576732921,
          "is_noise_changed": false
        }
      },