{
  "dataset_info": {
    "seed": 142,
    "dataset_index": 11,
    "node_count": 20,
    "edge_count": 20,
    "graph_type": "SF",
    "shifted_nodes": [
      16,
      19,
      15,
      10
    ],
    "shift_types": {
      "16": [
        "pa_delete"
      ],
      "19": [
        "pa_delete"
      ],
      "15": [
        "noise_N02"
      ],
      "10": [
        "noise_N02"
      ]
    },
    "shift_case": "pa_delete_noise_N02",
    "deleted_parents": {
      "16": 1,
      "19": 16
    }
  },
  "model": "linearccp",
  "exp_type": "synthetic",
  "config_name": "SF",
  "device": "cuda:0",
  "linearccp": {
    "shifted_nodes": [
      1,
      3,
      6,
      7,
      10,
      15,
      16,
      19
    ],
    "functional_change_nodes": [
      1,
      3,
      6,
      7,
      15,
      16,
      19
    ],
    "noise_change_nodes": [
      10,
      15,
      16,
      19
    ],
    "node_results": {
      "1": {
        "is_shifted": true,
        "parents": [
          0
        ],
        "function_test": {
          "f_statistic": 4.531667638658154,
          "p_value": 0.033395315316461005,
          "is_function_changed": true,
          "beta_env1": [
            -0.03581037354863102
          ],
          "beta_env2": [
            0.028838303814595553
          ]
        },
        "noise_test": {
          "ks_statistic": 0.03,
          "p_value": 0.7593695685682871,
          "is_noise_changed": false
        }
      },
      "2": {
        "is_shifted": false,
        "parents": [
          1
        ],
        "function_test": {
          "f_statistic": 2.7424370682883312,
          "p_value": 0.09787282440763423,
          "is_function_changed": false,
          "beta_env1": [
            0.18861696815617837
          ],
          "beta_env2": [
            0.11498173622914058
          ]
        },
        "noise_test": {
          "ks_statistic": 0.037,
          "p_value": 0.5005673707894058,
          "is_noise_changed": false
        }
      },
      "3": {
        "is_shifted": true,
        "parents": [
          1
        ],
        "function_test": {
          "f_statistic": 4.132256588793739,
          "p_value": 0.042205321279576435,
          "is_function_changed": true,
          "beta_env1": [
            0.18324811544345945
          ],
          "beta_env2": [
            0.09062106293478867
          ]
        },
        "noise_test": {
          "ks_statistic": 0.046,
          "p_value": 0.24068202486600215,
          "is_noise_changed": false
        }
      },
      "4": {
        "is_shifted": false,
        "parents": [
          1
        ],
        "function_test": {
          "f_statistic": 0.13384269793081743,
          "p_value": 0.7145193706048151,
          "is_function_changed": false,
          "beta_env1": [
            0.14179332149203097
          ],
          "beta_env2": [
            0.1583965542598837
          ]
        },
        "noise_test": {
          "ks_statistic": 0.041,
          "p_value": 0.37012017606173,
          "is_noise_changed": false
        }
      },
      "5": {
        "is_shifted": false,
        "parents": [
          1
        ],
        "function_test": {
          "f_statistic": 2.1176902959924204,
          "p_value": 0.14576323198059737,
          "is_function_changed": false,
          "beta_env1": [
            0.22775426035690882
          ],
          "beta_env2": [
            0.1621432299245462
          ]
        },
        "noise_test": {
          "ks_statistic": 0.033,
          "p_value": 0.647814872077161,
          "is_noise_changed": false
        }
      },
      "6": {
        "is_shifted": true,
        "parents": [
          1
        ],
        "function_test": {
          "f_statistic": 6.787957664336712,
          "p_value": 0.00924567110829111,
          "is_function_changed": true,
          "beta_env1": [
            0.251229140946944
          ],
          "beta_env2": [
            0.13372670272980997
          ]
        },
        "noise_test": {
          "ks_statistic": 0.028,
          "p_value": 0.8282194040312439,
          "is_noise_changed": false
        }
      },
      "7": {
        "is_shifted": true,
        "parents": [
          5
        ],
        "function_test": {
          "f_statistic": 7.766205777693006,
          "p_value": 0.005373647834067685,
          "is_function_changed": true,
          "beta_env1": [
            0.03530928869687231
          ],
          "beta_env2": [
            0.16411762801970833
          ]
        },
        "noise_test": {
          "ks_statistic": 0.03,
          "p_value": 0.7593695685682871,
          "is_noise_changed": false
        }
      },
      "8": {
        "is_shifted": false,
        "parents": [
          1
        ],
        "function_test": {
          "f_statistic": 0.07511252341981402,
          "p_value": 0.7840617686349529,
          "is_function_changed": false,
          "beta_env1": [
            0.16792148922486563
          ],
          "beta_env2": [
            0.15512962945157793
          ]
        },
        "noise_test": {
          "ks_statistic": 0.031,
          "p_value": 0.7228251828701066,
          "is_noise_changed": false
        }
      },
      "9": {
        "is_shifted": false,
        "parents": [
          1
        ],
        "function_test": {
          "f_statistic": 1.6913220592416485,
          "p_value": 0.1935769170245485,
          "is_function_changed": false,
          "beta_env1": [
            0.21486941177799063
          ],
          "beta_env2": [
            0.1552858023033827
          ]
        },
        "noise_test": {
          "ks_statistic": 0.041,
          "p_value": 0.37012017606173,
          "is_noise_changed": false
        }
      },
      "10": {
        "is_shifted": true,
        "parents": [
          1
        ],
        "function_test": {
          "f_statistic": 0.12521682052750094,
          "p_value": 0.7234812627754328,
          "is_function_changed": false,
          "beta_env1": [
            0.18125548784987672
          ],
          "beta_env2": [
            0.16217036943375462
          ]
        },
        "noise_test": {
          "ks_statistic": 0.083,
          "p_value": 0.0020287627507189713,
          "is_noise_changed": true
        }
      },
      "11": {
        "is_shifted": false,
        "parents": [
          4
        ],
        "function_test": {
          "f_statistic": 2.1007257627208538,
          "p_value": 0.1473863311966609,
          "is_function_changed": false,
          "beta_env1": [
            0.08259862998035157
          ],
          "beta_env2": [
            0.14674492104812606
          ]
        },
        "noise_test": {
          "ks_statistic": 0.027,
          "p_value": 0.8595454206943325,
          "is_noise_changed": false
        }
      },
      "12": {
        "is_shifted": false,
        "parents": [
          9
        ],
        "function_test": {
          "f_statistic": 0.49681290024855385,
          "p_value": 0.4809860992569196,
          "is_function_changed": false,
          "beta_env1": [
            0.11414794174432952
          ],
          "beta_env2": [
            0.14479311004073808
          ]
        },
        "noise_test": {
          "ks_statistic": 0.037,
          "p_value": 0.5005673707894058,
          "is_noise_changed": false
        }
      },
      "13": {
        "is_shifted": false,
        "parents": [
          5
        ],
        "function_test": {
          "f_statistic": 2.294634011555296,
          "p_value": 0.12998014055538465,
          "is_function_changed": false,
          "beta_env1": [
            0.05917943105082762
          ],
          "beta_env2": [
            0.1257967911107203
          ]
        },
        "noise_test": {
          "ks_statistic": 0.039,
          "p_value": 0.43260886958153144,
          "is_noise_changed": false
        }
      },