{
  "dataset_info": {
    "seed": 291,
    "dataset_index": 10,
    "node_count": 50,
    "edge_count": 50,
    "graph_type": "ER",
    "shifted_nodes": [
      48,
      26,
      35,
      49,
      5,
      40,
      41,
      25,
      47,
      39
    ],
    "shift_types": {
      "48": [
        "sin_cos"
      ],
      "26": [
        "sin_cos"
      ],
      "35": [
        "sin_cos"
      ],
      "49": [
        "sin_cos"
      ],
      "5": [
        "sin_cos"
      ],
      "40": [
        "noise_laplace"
      ],
      "41": [
        "noise_laplace"
      ],
      "25": [
        "noise_laplace"
      ],
      "47": [
        "noise_laplace"
      ],
      "39": [
        "noise_laplace"
      ]
    },
    "shift_case": "sin_cos_noise_laplace",
    "deleted_parents": {}
  },
  "model": "iscan",
  "config_name": "ER",
  "dag_structure": "standard",
  "device": "cuda:0",
  "iscan": {
    "detected_shifted_nodes": [
      18,
      47,
      23,
      39,
      14,
      37,
      41,
      3,
      48,
      2,
      15,
      45,
      27,
      22,
      10,
      44,
      24,
      32,
      46,
      36,
      0,
      35,
      40,
      4,
      7,
      43,
      42,
      34,
      8,
      19,
      38,
      26,
      11,
      17,
      29
    ],
    "order": [
      9,
      21,
      18,
      32,
      40,
      20,
      29,
      25,
      6,
      12,
      5,
      39,
      24,
      34,
      23,
      10,
      15,
      42,
      48,
      38,
      43,
      35,
      49,
      17,
      33,
      41,
      30,
      31,
      7,
      0,
      26,
      1,
      47,
      8,
      46,
      44,
      4,
      16,
      13,
      11,
      28,
      19,
      36,
      2,
      22,
      45,
      14,
      3,
      27,
      37
    ],
    "ratio_dict": {
      "18": 1.3716855143414868,
      "47": 1.1942922493906323,
      "23": 1.1782674504128225,
      "39": 1.1763071304621737,
      "14": 1.1662173751514775,
      "37": 1.1364997684251839,
      "41": 1.1350292143809915,
      "3": 1.1188887761975157,
      "48": 1.1107526715033977,
      "2": 1.104477687200371,
      "15": 1.085637286897392,
      "45": 1.0577353614183302,
      "27": 0.9973676308207626,
      "22": 0.9889114671433685,
      "10": 0.9198876173454558,
      "44": 0.9049409736055898,
      "24": 0.8858027478451432,
      "32": 0.882281576133004,
      "46": 0.8799812519275052,
      "36": 0.8772242612560395,
      "0": 0.8683584588648401,
      "35": 0.8624478686934651,
      "40": 0.860626128122975,
      "4": 0.8572048003121637,
      "7": 0.8469449826302659,
      "43": 0.840176877439169,
      "42": 0.8385731249989904,
      "34": 0.830412111009792,
      "8": 0.7953612032001772,
      "19": 0.7943661135126137,
      "38": 0.7917563689703699,
      "26": 0.7881603775494784,
      "11": 0.7781877734425288,
      "17": 0.7747894107001426,
      "29": 0.7549090378351402,
      "16": 0.7346331571846952,
      "28": 0.7327898585734188,
      "13": 0.7248573845862222,
      "12": 0.7161787806981913,
      "1": 0.7128980215312956,
      "25": 0.7093897293701565,
      "21": 0.6969675847010627,
      "20": 0.6852154256655748,
      "49": 0.6635743036516155,
      "33": 0.6476953074961397,
      "6": 0.6426742957268525,
      "31": 0.6031462183367715,
      "30": 0.5888639069384409,
      "5": 0.5818830293136794
    },
    "true_shifted_node_summary": {
      "35": {
        "is_detected_as_shifted": true,
        "has_functional_shift_detected": true
      },
      "5": {
        "is_detected_as_shifted": false,
        "has_functional_shift_detected": true
      },
      "39": {
        "is_detected_as_shifted": true,
        "has_functional_shift_detected": true
      },
      "40": {
        "is_detected_as_shifted": true,
        "has_functional_shift_detected": true
      },
      "41": {
        "is_detected_as_shifted": true,
        "has_functional_shift_detected": false
      },
      "47": {
        "is_detected_as_shifted": true,
        "has_functional_shift_detected": true
      },
      "48": {
        "is_detected_as_shifted": true,
        "has_functional_shift_detected": true
      },
      "49": {
        "is_detected_as_shifted": false,
        "has_functional_shift_detected": true
      },
      "25": {
        "is_detected_as_shifted": false,
        "has_functional_shift_detected": true
      },
      "26": {
        "is_detected_as_shifted": true,
        "has_functional_shift_detected": true
      }
    },
    "functional_shift_results": {
      "35": {
        "shifted_edges": [
          [
            1,
            35
          ]
        ],
        "test_details": {
          "y_node": 35,
          "parents": [
            1
          ],
          "functional_shift_detected": true,
          "p_value_overall": 1.1102230246251565e-16,
          "parent_specific_p_values": {
            "1": 1.1102230246251565e-16
          },
          "coefficients_env1": {
            "Intercept": -0.80610075386278,
            "bs(x1, df=4, degree=3)[0]": 2.4231194930570235,
            "bs(x1, df=4, degree=3)[1]": -0.6172797446161357,
            "bs(x1, df=4, degree=3)[2]": 2.978358007600768,
            "bs(x1, df=4, degree=3)[3]": -0.8032754281325675
          },
          "coefficients_env2": {
            "Intercept": 2.1535442863379157,
            "bs(x1, df=4, degree=3)[0]": -3.7022084623639326,
            "bs(x1, df=4, degree=3)[1]": -1.2428693597525213,
            "bs(x1, df=4, degree=3)[2]": -1.2453351186725499,
            "bs(x1, df=4, degree=3)[3]": -2.9223827374496287
          }
        },
        "has_functional_shift": true
      },
      "5": {
        "shifted_edges": [
          [
            0,
            5
          ]
        ],
        "test_details": {
          "y_node": 5,
          "parents": [
            0
          ],
          "functional_shift_detected": true,
          "p_value_overall": 1.1102230246251565e-16,
          "parent_specific_p_values": {
            "0": 1.1102230246251565e-16
          },
          "coefficients_env1": {
            "Intercept": -1.6469249613523562,
            "bs(x0, df=4, degree=3)[0]": 3.1355688259951062,
            "bs(x0, df=4, degree=3)[1]": 0.5571832339526901,
            "bs(x0, df=4, degree=3)[2]": 3.2955898774517647,
            "bs(x0, df=4, degree=3)[3]": -0.37807837385493215
          },
          "coefficients_env2": {
            "Intercept": 1.5378676181305027,
            "bs(x0, df=4, degree=3)[0]": -2.9231505322378837,
            "bs(x0, df=4, degree=3)[1]": -0.013108648674929772,
            "bs(x0, df=4, degree=3)[2]": -1.016933774441314,
            "bs(x0, df=4, degree=3)[3]": -3.3941037720068334
          }
        },
        "has_functional_shift": true
      },
      "39": {
        "shifted_edges": [
          [
            24,
            39
          ]
        ],
        "test_details": {
          "y_node": 39,
          "parents": [
            24
          ],
          "functional_shift_detected": true,
          "p_value_overall": 0.0009646707427531931,
          "parent_specific_p_values": {
            "24": 0.0009646707427531931
          },
          "coefficients_env1": {
            "Intercept": -0.5807582832898492,
            "bs(x24, df=4, degree=3)[0]": 2.3632033136558195,
            "bs(x24, df=4, degree=3)[1]": -1.3808955757822003,
            "bs(x24, df=4, degree=3)[2]": 3.249960717189485,
            "bs(x24, df=4, degree=3)[3]": -2.703885946315694
          },
          "coefficients_env2": {
            "Intercept": -0.4515985971730288,
            "bs(x24, df=4, degree=3)[0]": 1.7758089151010588,
            "bs(x24, df=4, degree=3)[1]": -0.588542377038103,
            "bs(x24, df=4, degree=3)[2]": 1.9291064840070393,
            "bs(x24, df=4, degree=3)[3]": -1.4354078623865387
          }
        },
        "has_functional_shift": true
      },