{
  "dataset_info": {
    "seed": 293,
    "dataset_index": 12,
    "node_count": 50,
    "edge_count": 50,
    "graph_type": "ER",
    "shifted_nodes": [
      31,
      36,
      46,
      30,
      47,
      12,
      43,
      35,
      14,
      33
    ],
    "shift_types": {
      "31": [
        "pa_delete"
      ],
      "36": [
        "pa_delete"
      ],
      "46": [
        "pa_delete"
      ],
      "30": [
        "pa_delete"
      ],
      "47": [
        "pa_delete"
      ],
      "12": [
        "noise_N02"
      ],
      "43": [
        "noise_N02"
      ],
      "35": [
        "noise_N02"
      ],
      "14": [
        "noise_N02"
      ],
      "33": [
        "noise_N02"
      ]
    },
    "shift_case": "pa_delete_noise_N02",
    "deleted_parents": {
      "31": 25,
      "36": 27,
      "46": 3,
      "30": 28,
      "47": 17
    }
  },
  "model": "iscan",
  "config_name": "ER",
  "dag_structure": "standard",
  "device": "cuda:0",
  "iscan": {
    "detected_shifted_nodes": [
      17,
      30,
      36,
      14
    ],
    "order": [
      12,
      23,
      17,
      6,
      13,
      14,
      44,
      30,
      16,
      19,
      21,
      22,
      40,
      46,
      20,
      27,
      39,
      43,
      38,
      36,
      37,
      29,
      31,
      24,
      48,
      49,
      47,
      42,
      34,
      45,
      33,
      15,
      4,
      11,
      35,
      3,
      25,
      2,
      1,
      41,
      5,
      28,
      9,
      7,
      32,
      10,
      0,
      18,
      26,
      8
    ],
    "ratio_dict": {
      "17": 4.14630183115612,
      "30": 1.9047568581811372,
      "36": 1.4285229636560637,
      "14": 1.421487250516048,
      "43": 1.245671229094948,
      "47": 1.1875660899668063,
      "26": 1.1775726619832914,
      "0": 1.1653002002770931,
      "8": 1.1413852805073499,
      "27": 1.0988793626389617,
      "18": 1.0884029576212768,
      "33": 1.0517910873714347,
      "13": 1.0309006983351099,
      "32": 1.0298956651549604,
      "35": 1.0191232237396797,
      "2": 0.9658664911686947,
      "1": 0.9658438647869331,
      "6": 0.9557220235919793,
      "31": 0.9514741468674188,
      "5": 0.9374054758882836,
      "10": 0.9286160940220108,
      "23": 0.9203878132005698,
      "7": 0.907815705430369,
      "28": 0.8948900445246577,
      "20": 0.8892373766676172,
      "16": 0.8790497926971305,
      "39": 0.8702111709057085,
      "9": 0.8526018636828179,
      "41": 0.8402607228463004,
      "38": 0.8210580122295373,
      "37": 0.782572352809557,
      "3": 0.7811689158301537,
      "21": 0.7741260552348999,
      "19": 0.7493183442008097,
      "25": 0.7481147420002564,
      "40": 0.7239267202241465,
      "4": 0.7211673108510782,
      "34": 0.7196204351184432,
      "46": 0.7107884478458238,
      "22": 0.6994771241638312,
      "24": 0.6867670862770262,
      "29": 0.6794402363758525,
      "42": 0.6690288442867363,
      "49": 0.6642792727380167,
      "15": 0.6596510841970278,
      "44": 0.6498328319615216,
      "11": 0.6470078623089519,
      "48": 0.6243596230410956,
      "45": 0.6232661502407897
    },
    "true_shifted_node_summary": {
      "33": {
        "is_detected_as_shifted": false,
        "has_functional_shift_detected": false
      },
      "35": {
        "is_detected_as_shifted": false,
        "has_functional_shift_detected": false
      },
      "36": {
        "is_detected_as_shifted": true,
        "has_functional_shift_detected": true
      },
      "43": {
        "is_detected_as_shifted": false,
        "has_functional_shift_detected": false
      },
      "12": {
        "is_detected_as_shifted": false,
        "has_functional_shift_detected": false
      },
      "46": {
        "is_detected_as_shifted": false,
        "has_functional_shift_detected": true
      },
      "47": {
        "is_detected_as_shifted": false,
        "has_functional_shift_detected": true
      },
      "14": {
        "is_detected_as_shifted": true,
        "has_functional_shift_detected": true
      },
      "30": {
        "is_detected_as_shifted": true,
        "has_functional_shift_detected": true
      },
      "31": {
        "is_detected_as_shifted": false,
        "has_functional_shift_detected": true
      }
    },
    "functional_shift_results": {
      "33": {
        "shifted_edges": [],
        "test_details": {
          "y_node": 33,
          "parents": [
            15,
            27
          ],
          "functional_shift_detected": false,
          "p_value_overall": 0.08118153880198209,
          "parent_specific_p_values": {},
          "coefficients_env1": {
            "Intercept": -0.18399426261963292,
            "bs(x15, df=4, degree=3)[0]": 4.918860198941955,
            "bs(x15, df=4, degree=3)[1]": 0.9279622928459281,
            "bs(x15, df=4, degree=3)[2]": 5.111993376553501,
            "bs(x15, df=4, degree=3)[3]": -1.5161624502097395,
            "bs(x27, df=4, degree=3)[0]": -3.999945589958735,
            "bs(x27, df=4, degree=3)[1]": -0.24543100024813513,
            "bs(x27, df=4, degree=3)[2]": -3.5896444306964694,
            "bs(x27, df=4, degree=3)[3]": -2.1426113893420236
          },
          "coefficients_env2": {
            "Intercept": -0.565485793115712,
            "bs(x15, df=4, degree=3)[0]": 3.8937634269868946,
            "bs(x15, df=4, degree=3)[1]": 0.6235519548430435,
            "bs(x15, df=4, degree=3)[2]": 4.467667862208255,
            "bs(x15, df=4, degree=3)[3]": 0.0607491065310537,
            "bs(x27, df=4, degree=3)[0]": -2.7843497853325534,
            "bs(x27, df=4, degree=3)[1]": 0.203832910342444,
            "bs(x27, df=4, degree=3)[2]": -2.0729647509206632,
            "bs(x27, df=4, degree=3)[3]": -2.4960410813473493
          }
        },
        "has_functional_shift": false
      },
      "35": {
        "shifted_edges": [],
        "test_details": {
          "y_node": 35,
          "parents": [
            25,
            34
          ],
          "functional_shift_detected": false,
          "p_value_overall": 0.2512471401083842,
          "parent_specific_p_values": {},
          "coefficients_env1": {
            "Intercept": -1.0084914407855465,
            "bs(x25, df=4, degree=3)[0]": 4.54569248111602,
            "bs(x25, df=4, degree=3)[1]": 1.2277296200230963,
            "bs(x25, df=4, degree=3)[2]": 4.000863432660317,
            "bs(x25, df=4, degree=3)[3]": 0.7902801558344111,
            "bs(x34, df=4, degree=3)[0]": -2.9226850652826326,
            "bs(x34, df=4, degree=3)[1]": 0.6877138744183702,
            "bs(x34, df=4, degree=3)[2]": -2.4176776369582553,
            "bs(x34, df=4, degree=3)[3]": -1.0802633254321687
          },
          "coefficients_env2": {
            "Intercept": 0.9723675049730672,
            "bs(x25, df=4, degree=3)[0]": 3.62440813175291,
            "bs(x25, df=4, degree=3)[1]": -0.07349458036297354,
            "bs(x25, df=4, degree=3)[2]": 3.5029327239458916,
            "bs(x25, df=4, degree=3)[3]": -1.4339411661570811,
            "bs(x34, df=4, degree=3)[0]": -3.8584339449457565,
            "bs(x34, df=4, degree=3)[1]": -0.0700594513625532,
            "bs(x34, df=4, degree=3)[2]": -3.929674270666454,
            "bs(x34, df=4, degree=3)[3]": -1.7003697331846193
          }
        },
        "has_functional_shift": false
      },
      "36": {
        "shifted_edges": [
          [
            27,
            36
          ]
        ],
        "test_details": {
          "y_node": 36,
          "parents": [
            27
          ],
          "functional_shift_detected": true,
          "p_value_overall": 0.0014204714490666515,
          "parent_specific_p_values": {
            "27": 0.0014204714490666515
          },
          "coefficients_env1": {
            "Intercept": 2.2119881127739687,
            "bs(x27, df=4, degree=3)[0]": -3.474435564519313,
            "bs(x27, df=4, degree=3)[1]": -0.10718737150164773,