{
  "dataset_info": {
    "seed": 310,
    "dataset_index": 29,
    "node_count": 50,
    "edge_count": 50,
    "graph_type": "ER",
    "shifted_nodes": [
      42,
      33,
      36,
      27,
      13,
      23,
      30,
      34,
      24,
      28
    ],
    "shift_types": {
      "42": [
        "noise_N02"
      ],
      "33": [
        "noise_N02"
      ],
      "36": [
        "noise_N02"
      ],
      "27": [
        "noise_N02"
      ],
      "13": [
        "noise_N02"
      ],
      "23": [
        "noise_laplace"
      ],
      "30": [
        "noise_laplace"
      ],
      "34": [
        "noise_laplace"
      ],
      "24": [
        "noise_laplace"
      ],
      "28": [
        "noise_laplace"
      ]
    },
    "shift_case": "noise_N02_laplace",
    "deleted_parents": {}
  },
  "model": "iscan",
  "config_name": "ER",
  "dag_structure": "standard",
  "device": "cuda:0",
  "iscan": {
    "detected_shifted_nodes": [
      27,
      30,
      28,
      34,
      13,
      24,
      42,
      48,
      11,
      25,
      33,
      8,
      38,
      35,
      0,
      19,
      2,
      18,
      45,
      17,
      14,
      6,
      36,
      37,
      29,
      5,
      47,
      49,
      43,
      4,
      39,
      9,
      7,
      26,
      1,
      21,
      40,
      16,
      41,
      32,
      20,
      10,
      12,
      3
    ],
    "order": [
      15,
      45,
      23,
      38,
      36,
      48,
      10,
      26,
      24,
      31,
      21,
      27,
      5,
      16,
      20,
      43,
      19,
      13,
      17,
      29,
      34,
      28,
      30,
      49,
      46,
      44,
      33,
      32,
      41,
      42,
      40,
      7,
      0,
      4,
      1,
      9,
      3,
      2,
      22,
      12,
      6,
      39,
      47,
      8,
      14,
      37,
      35,
      18,
      11,
      25
    ],
    "ratio_dict": {
      "27": 1.5512187876934795,
      "30": 1.382817738764449,
      "28": 1.3330649156399383,
      "34": 1.244131382802908,
      "13": 1.1879631201199665,
      "24": 1.1566598955486223,
      "42": 1.1034818099804595,
      "48": 1.0748787307592325,
      "11": 1.0586909996890022,
      "25": 1.047502041814029,
      "33": 1.0264131037326791,
      "8": 1.021100270736246,
      "38": 1.0169163526626954,
      "35": 0.9770128758883563,
      "0": 0.9752157337471432,
      "19": 0.9695076921018086,
      "2": 0.9524213005255796,
      "18": 0.9371256483020121,
      "45": 0.9202704201960323,
      "17": 0.9200739534486988,
      "14": 0.9136414848901453,
      "6": 0.9104072844474737,
      "36": 0.9041377612793622,
      "37": 0.9029525151492876,
      "29": 0.8831626143337865,
      "5": 0.8812476265671576,
      "47": 0.8662279901886946,
      "49": 0.8636964439386402,
      "43": 0.8521279293527584,
      "4": 0.8477958775209143,
      "39": 0.8270129419602312,
      "9": 0.8068680536799149,
      "7": 0.8003632657362622,
      "26": 0.7970813077706665,
      "1": 0.7870528305741528,
      "21": 0.7691047012238438,
      "40": 0.7675357177018319,
      "16": 0.7614844145885623,
      "41": 0.736122697258281,
      "32": 0.7139605760549578,
      "20": 0.7078128612561564,
      "10": 0.707191322205453,
      "12": 0.7043251566936187,
      "3": 0.7033134524473947,
      "46": 0.6749669651906953,
      "22": 0.6542761305972665,
      "31": 0.6040986740872242,
      "44": 0.6026356097383879,
      "23": 0.4590777408072758
    },
    "true_shifted_node_summary": {
      "33": {
        "is_detected_as_shifted": true,
        "has_functional_shift_detected": false
      },
      "34": {
        "is_detected_as_shifted": true,
        "has_functional_shift_detected": true
      },
      "36": {
        "is_detected_as_shifted": true,
        "has_functional_shift_detected": true
      },
      "42": {
        "is_detected_as_shifted": true,
        "has_functional_shift_detected": false
      },
      "13": {
        "is_detected_as_shifted": true,
        "has_functional_shift_detected": false
      },
      "23": {
        "is_detected_as_shifted": false,
        "has_functional_shift_detected": false
      },
      "24": {
        "is_detected_as_shifted": true,
        "has_functional_shift_detected": false
      },
      "27": {
        "is_detected_as_shifted": true,
        "has_functional_shift_detected": true
      },
      "28": {
        "is_detected_as_shifted": true,
        "has_functional_shift_detected": true
      },
      "30": {
        "is_detected_as_shifted": true,
        "has_functional_shift_detected": false
      }
    },
    "functional_shift_results": {
      "33": {
        "shifted_edges": [],
        "test_details": {
          "y_node": 33,
          "parents": [
            6
          ],
          "functional_shift_detected": false,
          "p_value_overall": 0.0903780953989034,
          "parent_specific_p_values": {},
          "coefficients_env1": {
            "Intercept": -1.3720936148808152,
            "bs(x6, df=4, degree=3)[0]": 2.819972873475165,
            "bs(x6, df=4, degree=3)[1]": 0.26732036369017376,
            "bs(x6, df=4, degree=3)[2]": 3.019834595106877,
            "bs(x6, df=4, degree=3)[3]": -0.4653727141215957
          },
          "coefficients_env2": {
            "Intercept": -2.3974564238320415,
            "bs(x6, df=4, degree=3)[0]": 4.236689386471434,
            "bs(x6, df=4, degree=3)[1]": 1.129816160214848,
            "bs(x6, df=4, degree=3)[2]": 3.842590555729241,
            "bs(x6, df=4, degree=3)[3]": 0.23129589906761075
          }
        },
        "has_functional_shift": false
      },
      "34": {
        "shifted_edges": [
          [
            27,
            34
          ]
        ],
        "test_details": {
          "y_node": 34,
          "parents": [
            7,
            27
          ],
          "functional_shift_detected": true,
          "p_value_overall": 0.00014412851332734622,
          "parent_specific_p_values": {
            "7": 0.49757229431962224,
            "27": 2.491945193661138e-05
          },
          "coefficients_env1": {
            "Intercept": -0.7888174850561022,
            "bs(x7, df=4, degree=3)[0]": 2.865706817212545,
            "bs(x7, df=4, degree=3)[1]": -0.6823117670982352,
            "bs(x7, df=4, degree=3)[2]": 3.3101405383191222,
            "bs(x7, df=4, degree=3)[3]": -0.7977068477200299,
            "bs(x27, df=4, degree=3)[0]": 0.8260733777703826,
            "bs(x27, df=4, degree=3)[1]": -1.491212075036798,
            "bs(x27, df=4, degree=3)[2]": 1.981051611319268,
            "bs(x27, df=4, degree=3)[3]": -2.0577147918446976
          },
          "coefficients_env2": {
            "Intercept": -1.7346306566430303,
            "bs(x7, df=4, degree=3)[0]": 3.010179155130115,
            "bs(x7, df=4, degree=3)[1]": -0.8644616415694009,
            "bs(x7, df=4, degree=3)[2]": 3.3375675952464556,
            "bs(x7, df=4, degree=3)[3]": -1.697865914018449,
            "bs(x27, df=4, degree=3)[0]": 1.668228383669888,
            "bs(x27, df=4, degree=3)[1]": 0.36659906852941926,
            "bs(x27, df=4, degree=3)[2]": 1.737428063718363,
            "bs(x27, df=4, degree=3)[3]": -1.0998375244096323
          }
        },
        "has_functional_shift": true
      },
      "36": {
        "shifted_edges": [
          [
            23,
            36
          ]
        ],
        "test_details": {
          "y_node": 36,
          "parents": [
            23
          ],
          "functional_shift_detected": true,
          "p_value_overall": 0.014430093066804983,
          "parent_specific_p_values": {
            "23": 0.014430093066804983
          },
          "coefficients_env1": {
            "Intercept": 0.4705446666935592,
            "bs(x23, df=4, degree=3)[0]": 0.45793441752691705,
            "bs(x23, df=4, degree=3)[1]": -1.7481407814095045,
            "bs(x23, df=4, degree=3)[2]": 1.999359868513918,