{
  "dataset_info": {
    "seed": 306,
    "dataset_index": 25,
    "node_count": 50,
    "edge_count": 50,
    "graph_type": "ER",
    "shifted_nodes": [
      15,
      30,
      13,
      40,
      27,
      44,
      26,
      35,
      48,
      22
    ],
    "shift_types": {
      "15": [
        "sin_cos"
      ],
      "30": [
        "sin_cos"
      ],
      "13": [
        "sin_cos"
      ],
      "40": [
        "sin_cos"
      ],
      "27": [
        "sin_cos"
      ],
      "44": [
        "pa_delete"
      ],
      "26": [
        "pa_delete"
      ],
      "35": [
        "pa_delete"
      ],
      "48": [
        "pa_delete"
      ],
      "22": [
        "pa_delete"
      ]
    },
    "shift_case": "sin_cos_pa_delete",
    "deleted_parents": {
      "44": 27,
      "26": 9,
      "35": 20,
      "48": 32,
      "22": 4
    }
  },
  "model": "iscan",
  "config_name": "ER",
  "dag_structure": "standard",
  "device": "cuda:0",
  "iscan": {
    "detected_shifted_nodes": [
      35,
      29,
      33,
      44,
      40,
      20,
      36,
      48,
      41,
      15,
      11,
      27,
      39,
      5,
      21,
      30,
      26,
      13,
      49,
      17,
      14,
      25,
      6,
      37,
      45,
      8,
      10,
      43
    ],
    "order": [
      22,
      29,
      35,
      26,
      33,
      48,
      12,
      17,
      36,
      8,
      16,
      34,
      32,
      30,
      24,
      13,
      15,
      6,
      49,
      27,
      44,
      43,
      18,
      25,
      9,
      4,
      31,
      7,
      47,
      23,
      40,
      19,
      46,
      3,
      42,
      10,
      1,
      28,
      2,
      38,
      37,
      0,
      45,
      14,
      21,
      41,
      5,
      11,
      39,
      20
    ],
    "ratio_dict": {
      "35": 2.15861566873719,
      "29": 1.7857217094024633,
      "33": 1.7849303470954114,
      "44": 1.7595241018292955,
      "40": 1.2431437599267885,
      "20": 1.2004771157036171,
      "36": 1.1672413198305245,
      "48": 1.1454048370292595,
      "41": 1.1385824364942159,
      "15": 1.1233351268556981,
      "11": 1.1190741928738348,
      "27": 1.103202426373144,
      "39": 1.0919599744540431,
      "5": 1.058442653730935,
      "21": 1.0491261242441163,
      "30": 1.0364468375495721,
      "26": 1.0276435283113914,
      "13": 1.0205069673620568,
      "49": 1.015599910113796,
      "17": 0.9896088584556332,
      "14": 0.9636251953396214,
      "25": 0.9210640536245495,
      "6": 0.8972531566059551,
      "37": 0.8834368868306908,
      "45": 0.8800588570373634,
      "8": 0.8752966776282026,
      "10": 0.8639501737639533,
      "43": 0.8487216467703569,
      "32": 0.8084372705205936,
      "16": 0.7967507110849436,
      "24": 0.7779233565037662,
      "38": 0.7653384658243257,
      "0": 0.7444371676806844,
      "34": 0.7392457064221971,
      "2": 0.7260863134088384,
      "4": 0.7238327244828967,
      "28": 0.7038275171249943,
      "18": 0.6980181651948341,
      "3": 0.6967754827465165,
      "7": 0.6952638818741798,
      "42": 0.6739362340530799,
      "46": 0.6688926511657984,
      "31": 0.6666275904808432,
      "12": 0.6632181809956539,
      "47": 0.6607241550150027,
      "9": 0.6425725561054035,
      "19": 0.6415373637676848,
      "1": 0.5525192070028827,
      "23": 0.5063725423506009
    },
    "true_shifted_node_summary": {
      "35": {
        "is_detected_as_shifted": true,
        "has_functional_shift_detected": true
      },
      "40": {
        "is_detected_as_shifted": true,
        "has_functional_shift_detected": true
      },
      "44": {
        "is_detected_as_shifted": true,
        "has_functional_shift_detected": true
      },
      "13": {
        "is_detected_as_shifted": true,
        "has_functional_shift_detected": true
      },
      "15": {
        "is_detected_as_shifted": true,
        "has_functional_shift_detected": true
      },
      "48": {
        "is_detected_as_shifted": true,
        "has_functional_shift_detected": true
      },
      "22": {
        "is_detected_as_shifted": false,
        "has_functional_shift_detected": true
      },
      "26": {
        "is_detected_as_shifted": true,
        "has_functional_shift_detected": true
      },
      "27": {
        "is_detected_as_shifted": true,
        "has_functional_shift_detected": true
      },
      "30": {
        "is_detected_as_shifted": true,
        "has_functional_shift_detected": true
      }
    },
    "functional_shift_results": {
      "35": {
        "shifted_edges": [
          [
            22,
            35
          ],
          [
            20,
            35
          ],
          [
            26,
            35
          ]
        ],
        "test_details": {
          "y_node": 35,
          "parents": [
            20,
            22,
            26
          ],
          "functional_shift_detected": true,
          "p_value_overall": 2.3769930468375833e-10,
          "parent_specific_p_values": {
            "20": 7.481891609550928e-05,
            "22": 2.3610546917574027e-07,
            "26": 0.01587500690229926
          },
          "coefficients_env1": {
            "Intercept": -2.148775877936254,
            "bs(x20, df=4, degree=3)[0]": 3.2974322253831345,
            "bs(x20, df=4, degree=3)[1]": 0.21452491871021606,
            "bs(x20, df=4, degree=3)[2]": 3.04451827326193,
            "bs(x20, df=4, degree=3)[3]": 0.26942924794157974,
            "bs(x22, df=4, degree=3)[0]": 3.5329073651833136,
            "bs(x22, df=4, degree=3)[1]": -1.9990794189018275,
            "bs(x22, df=4, degree=3)[2]": 3.2861610977543023,
            "bs(x22, df=4, degree=3)[3]": -1.7295023589208578,
            "bs(x26, df=4, degree=3)[0]": 1.6254106589113815,
            "bs(x26, df=4, degree=3)[1]": -1.6543283183302948,
            "bs(x26, df=4, degree=3)[2]": 2.572021137967952,
            "bs(x26, df=4, degree=3)[3]": -2.4615208512088618
          },
          "coefficients_env2": {
            "Intercept": -2.762856854753343,
            "bs(x20, df=4, degree=3)[0]": -0.11322717852855771,
            "bs(x20, df=4, degree=3)[1]": 0.3340901326598402,
            "bs(x20, df=4, degree=3)[2]": -0.17371217778400969,
            "bs(x20, df=4, degree=3)[3]": 0.3437559606464847,
            "bs(x22, df=4, degree=3)[0]": 2.579682766526866,
            "bs(x22, df=4, degree=3)[1]": 0.80531804457631,
            "bs(x22, df=4, degree=3)[2]": 2.5171189127123217,
            "bs(x22, df=4, degree=3)[3]": 1.589139497052434,
            "bs(x26, df=4, degree=3)[0]": 2.8937260531463895,
            "bs(x26, df=4, degree=3)[1]": -0.1305007963040747,
            "bs(x26, df=4, degree=3)[2]": 3.2873800700472007,
            "bs(x26, df=4, degree=3)[3]": 0.6364938346147626
          }
        },
        "has_functional_shift": true
      },
      "40": {
        "shifted_edges": [
          [
            3,
            40
          ],
          [
            19,
            40
          ]
        ],
        "test_details": {
          "y_node": 40,
          "parents": [
            3,
            19
          ],
          "functional_shift_detected": true,
          "p_value_overall": 1.1102230246251565e-16,
          "parent_specific_p_values": {
            "3": 1.3555823130673161e-12,
            "19": 1.1102230246251565e-16
          },
          "coefficients_env1": {
            "Intercept": -4.57474423022601,
            "bs(x3, df=4, degree=3)[0]": 3.9825420749499627,
            "bs(x3, df=4, degree=3)[1]": 1.1846303446144355,
            "bs(x3, df=4, degree=3)[2]": 3.575402940101795,
            "bs(x3, df=4, degree=3)[3]": 1.598669784784571,
            "bs(x19, df=4, degree=3)[0]": 4.035713384622538,
            "bs(x19, df=4, degree=3)[1]": 1.0609598202933803,
            "bs(x19, df=4, degree=3)[2]": 4.100311551360164,
            "bs(x19, df=4, degree=3)[3]": 0.5454724643192214
          },