{
  "dataset_info": {
    "seed": 284,
    "dataset_index": 3,
    "node_count": 50,
    "edge_count": 50,
    "graph_type": "ER",
    "shifted_nodes": [
      37,
      48,
      32,
      34,
      20,
      23,
      33,
      38,
      47,
      44
    ],
    "shift_types": {
      "37": [
        "sin_cos"
      ],
      "48": [
        "sin_cos"
      ],
      "32": [
        "sin_cos"
      ],
      "34": [
        "sin_cos"
      ],
      "20": [
        "sin_cos"
      ],
      "23": [
        "noise_N02"
      ],
      "33": [
        "noise_N02"
      ],
      "38": [
        "noise_N02"
      ],
      "47": [
        "noise_N02"
      ],
      "44": [
        "noise_N02"
      ]
    },
    "shift_case": "sin_cos_noise_N02",
    "deleted_parents": {}
  },
  "model": "iscan",
  "config_name": "ER",
  "dag_structure": "standard",
  "device": "cuda:0",
  "iscan": {
    "detected_shifted_nodes": [
      27,
      5,
      28,
      33,
      35,
      48,
      14,
      16,
      23,
      31,
      2,
      9,
      47,
      37,
      32,
      17,
      46,
      24,
      44,
      30,
      21,
      10,
      19,
      20,
      6,
      29,
      7,
      49,
      12,
      38,
      43
    ],
    "order": [
      13,
      23,
      27,
      40,
      15,
      34,
      18,
      20,
      41,
      22,
      39,
      26,
      33,
      49,
      37,
      19,
      6,
      2,
      30,
      28,
      48,
      32,
      7,
      47,
      44,
      4,
      45,
      36,
      38,
      0,
      1,
      46,
      8,
      25,
      3,
      11,
      29,
      24,
      42,
      12,
      10,
      21,
      43,
      31,
      17,
      16,
      35,
      9,
      14,
      5
    ],
    "ratio_dict": {
      "27": 1.530840295377432,
      "5": 1.2407250752020562,
      "28": 1.1811734147646569,
      "33": 1.1652120672968949,
      "35": 1.1458054435663296,
      "48": 1.1420576440874144,
      "14": 1.1410217545343337,
      "16": 1.1325780205999656,
      "23": 1.1011346882887973,
      "31": 1.0920733395058873,
      "2": 1.0428761825776012,
      "9": 1.0420089011385443,
      "47": 1.0015558438145225,
      "37": 0.9986468993101103,
      "32": 0.9861476117847191,
      "17": 0.9807924180411975,
      "46": 0.9583708777036799,
      "24": 0.9236009259811491,
      "44": 0.9233908588337627,
      "30": 0.9122449827163286,
      "21": 0.906567981915003,
      "10": 0.9026346042317608,
      "19": 0.8576420108399535,
      "20": 0.8493152595195852,
      "6": 0.8372611379848148,
      "29": 0.8278304655166712,
      "7": 0.8174384511775463,
      "49": 0.7780396644697634,
      "12": 0.7765949556601294,
      "38": 0.772380543696237,
      "43": 0.7582492379430557,
      "42": 0.7255212129348834,
      "3": 0.708918879329419,
      "4": 0.706419137516128,
      "11": 0.706388605220205,
      "8": 0.7022652440114354,
      "22": 0.6820053302686937,
      "39": 0.6817045652570726,
      "36": 0.6801014432853301,
      "25": 0.6683804267446637,
      "45": 0.6652475017781613,
      "15": 0.6571081736850557,
      "41": 0.649052564053785,
      "0": 0.6415031273235426,
      "34": 0.5728411648817857,
      "26": 0.5677593149633662,
      "40": 0.5207280934563745,
      "1": 0.5150338345031282,
      "18": 0.48971193716267214
    },
    "true_shifted_node_summary": {
      "32": {
        "is_detected_as_shifted": true,
        "has_functional_shift_detected": true
      },
      "33": {
        "is_detected_as_shifted": true,
        "has_functional_shift_detected": true
      },
      "34": {
        "is_detected_as_shifted": false,
        "has_functional_shift_detected": true
      },
      "37": {
        "is_detected_as_shifted": true,
        "has_functional_shift_detected": true
      },
      "38": {
        "is_detected_as_shifted": true,
        "has_functional_shift_detected": true
      },
      "44": {
        "is_detected_as_shifted": true,
        "has_functional_shift_detected": false
      },
      "47": {
        "is_detected_as_shifted": true,
        "has_functional_shift_detected": false
      },
      "48": {
        "is_detected_as_shifted": true,
        "has_functional_shift_detected": true
      },
      "20": {
        "is_detected_as_shifted": true,
        "has_functional_shift_detected": true
      },
      "23": {
        "is_detected_as_shifted": true,
        "has_functional_shift_detected": false
      }
    },
    "functional_shift_results": {
      "32": {
        "shifted_edges": [
          [
            0,
            32
          ],
          [
            28,
            32
          ]
        ],
        "test_details": {
          "y_node": 32,
          "parents": [
            0,
            28
          ],
          "functional_shift_detected": true,
          "p_value_overall": 1.1102230246251565e-16,
          "parent_specific_p_values": {
            "0": 1.1102230246251565e-16,
            "28": 0.000395593765151081
          },
          "coefficients_env1": {
            "Intercept": 0.022614746819696552,
            "bs(x0, df=4, degree=3)[0]": 3.47250300483444,
            "bs(x0, df=4, degree=3)[1]": 0.07688315151121844,
            "bs(x0, df=4, degree=3)[2]": 2.955650393441156,
            "bs(x0, df=4, degree=3)[3]": 0.0753583807279759,
            "bs(x28, df=4, degree=3)[0]": -2.16970592105577,
            "bs(x28, df=4, degree=3)[1]": 0.4040182049850366,
            "bs(x28, df=4, degree=3)[2]": -2.425089108446192,
            "bs(x28, df=4, degree=3)[3]": -1.466815479408643
          },
          "coefficients_env2": {
            "Intercept": 2.4238288030743957,
            "bs(x0, df=4, degree=3)[0]": -1.952108382720358,
            "bs(x0, df=4, degree=3)[1]": 0.4768414027696159,
            "bs(x0, df=4, degree=3)[2]": -0.1867367282694687,
            "bs(x0, df=4, degree=3)[3]": -1.5036493649696263,
            "bs(x28, df=4, degree=3)[0]": -3.606324487145273,
            "bs(x28, df=4, degree=3)[1]": 1.8652033962056214,
            "bs(x28, df=4, degree=3)[2]": -3.5471799038117413,
            "bs(x28, df=4, degree=3)[3]": -1.4111658507399376
          }
        },
        "has_functional_shift": true
      },
      "33": {
        "shifted_edges": [
          [
            26,
            33
          ]
        ],
        "test_details": {
          "y_node": 33,
          "parents": [
            26
          ],
          "functional_shift_detected": true,
          "p_value_overall": 0.00023346108420274625,
          "parent_specific_p_values": {
            "26": 0.00023346108420274625
          },
          "coefficients_env1": {
            "Intercept": 1.3550930953539553,
            "bs(x26, df=4, degree=3)[0]": -2.5435450090528775,
            "bs(x26, df=4, degree=3)[1]": 0.6590314773393646,
            "bs(x26, df=4, degree=3)[2]": -1.952299516325424,
            "bs(x26, df=4, degree=3)[3]": -1.2809217756241806
          },
          "coefficients_env2": {
            "Intercept": 1.5724708518408206,
            "bs(x26, df=4, degree=3)[0]": -2.0207727141188188,
            "bs(x26, df=4, degree=3)[1]": -0.9944010858739385,
            "bs(x26, df=4, degree=3)[2]": -0.7660617037344238,
            "bs(x26, df=4, degree=3)[3]": -3.430943907971692
          }
        },
        "has_functional_shift": true
      },
      "34": {
        "shifted_edges": [
          [
            6,
            34
          ]
        ],
        "test_details": {
          "y_node": 34,
          "parents": [
            6
          ],
          "functional_shift_detected": true,
          "p_value_overall": 1.1102230246251565e-16,
          "parent_specific_p_values": {
            "6": 1.1102230246251565e-16
          },
          "coefficients_env1": {
            "Intercept": -1.1889497131971893,
            "bs(x6, df=4, degree=3)[0]": 2.578204690701324,
            "bs(x6, df=4, degree=3)[1]": 0.2668116760565505,