{
  "dataset_info": {
    "seed": 323,
    "dataset_index": 12,
    "node_count": 50,
    "edge_count": 50,
    "graph_type": "SF",
    "shifted_nodes": [
      17,
      22,
      27,
      38,
      15,
      19,
      14,
      32,
      43,
      41
    ],
    "shift_types": {
      "17": [
        "pa_delete"
      ],
      "22": [
        "pa_delete"
      ],
      "27": [
        "pa_delete"
      ],
      "38": [
        "pa_delete"
      ],
      "15": [
        "pa_delete"
      ],
      "19": [
        "noise_N02"
      ],
      "14": [
        "noise_N02"
      ],
      "32": [
        "noise_N02"
      ],
      "43": [
        "noise_N02"
      ],
      "41": [
        "noise_N02"
      ]
    },
    "shift_case": "pa_delete_noise_N02",
    "deleted_parents": {
      "17": 0,
      "22": 1,
      "27": 26,
      "38": 2,
      "15": 2
    }
  },
  "model": "iscan",
  "config_name": "SF",
  "dag_structure": "standard",
  "device": "cuda:0",
  "iscan": {
    "detected_shifted_nodes": [
      22,
      27,
      38,
      43,
      41,
      0,
      17,
      32,
      15,
      18,
      14,
      37,
      44,
      19
    ],
    "order": [
      2,
      34,
      1,
      3,
      25,
      10,
      13,
      19,
      47,
      14,
      4,
      21,
      6,
      8,
      11,
      9,
      17,
      41,
      38,
      35,
      5,
      16,
      40,
      48,
      46,
      23,
      24,
      45,
      15,
      33,
      30,
      12,
      7,
      36,
      31,
      20,
      26,
      42,
      49,
      37,
      29,
      39,
      43,
      44,
      18,
      28,
      22,
      32,
      0,
      27
    ],
    "ratio_dict": {
      "22": 2.938565256516192,
      "27": 2.6971982113427027,
      "38": 2.4210298060742947,
      "43": 1.685775584579245,
      "41": 1.64116868800817,
      "0": 1.6277287832948044,
      "17": 1.5436703193888381,
      "32": 1.4998191417598001,
      "15": 1.4144577992309924,
      "18": 1.364892526865472,
      "14": 1.3217586590982187,
      "37": 1.1952700158505865,
      "44": 1.1521844929507556,
      "19": 1.1210083969822275,
      "49": 1.02537465086471,
      "28": 1.0017076459895935,
      "6": 0.9938131309553756,
      "39": 0.9851098969120512,
      "3": 0.9795157341701048,
      "12": 0.9773528566034455,
      "29": 0.9639051108028905,
      "46": 0.9557599126977667,
      "42": 0.9538962424969736,
      "26": 0.9488485369308723,
      "36": 0.9197281181548288,
      "35": 0.9179322749969017,
      "24": 0.8985941923846299,
      "40": 0.8699409054089395,
      "20": 0.8635721077703656,
      "13": 0.8520930930064892,
      "1": 0.8458742169311555,
      "8": 0.8425805040689781,
      "7": 0.8420551252048357,
      "9": 0.8353382936071017,
      "47": 0.833803906595103,
      "25": 0.8229129289232605,
      "30": 0.816874085577243,
      "11": 0.8059264900384232,
      "33": 0.7919656041832701,
      "10": 0.7910776998424641,
      "34": 0.7715845626417823,
      "5": 0.7712806109468684,
      "48": 0.7702885161344947,
      "16": 0.7597754528435396,
      "4": 0.7382420806648711,
      "23": 0.7345783675794224,
      "21": 0.7236846035349166,
      "31": 0.7211195970907491,
      "45": 0.7107252557407625
    },
    "true_shifted_node_summary": {
      "32": {
        "is_detected_as_shifted": true,
        "has_functional_shift_detected": true
      },
      "38": {
        "is_detected_as_shifted": true,
        "has_functional_shift_detected": true
      },
      "41": {
        "is_detected_as_shifted": true,
        "has_functional_shift_detected": true
      },
      "43": {
        "is_detected_as_shifted": true,
        "has_functional_shift_detected": false
      },
      "14": {
        "is_detected_as_shifted": true,
        "has_functional_shift_detected": false
      },
      "15": {
        "is_detected_as_shifted": true,
        "has_functional_shift_detected": true
      },
      "17": {
        "is_detected_as_shifted": true,
        "has_functional_shift_detected": true
      },
      "19": {
        "is_detected_as_shifted": true,
        "has_functional_shift_detected": true
      },
      "22": {
        "is_detected_as_shifted": true,
        "has_functional_shift_detected": true
      },
      "27": {
        "is_detected_as_shifted": true,
        "has_functional_shift_detected": true
      }
    },
    "functional_shift_results": {
      "32": {
        "shifted_edges": [
          [
            22,
            32
          ]
        ],
        "test_details": {
          "y_node": 32,
          "parents": [
            22
          ],
          "functional_shift_detected": true,
          "p_value_overall": 8.548717289613705e-15,
          "parent_specific_p_values": {
            "22": 8.548717289613705e-15
          },
          "coefficients_env1": {
            "Intercept": 1.4350870352820322,
            "bs(x22, df=4, degree=3)[0]": -1.3215054872391276,
            "bs(x22, df=4, degree=3)[1]": -1.6776874128771768,
            "bs(x22, df=4, degree=3)[2]": 0.12440984329628765,
            "bs(x22, df=4, degree=3)[3]": -2.4544371542378105
          },
          "coefficients_env2": {
            "Intercept": -1.848953312900223,
            "bs(x22, df=4, degree=3)[0]": 3.462586429767649,
            "bs(x22, df=4, degree=3)[1]": 0.7981743571655423,
            "bs(x22, df=4, degree=3)[2]": 3.3160135984750365,
            "bs(x22, df=4, degree=3)[3]": -0.033325400911321634
          }
        },
        "has_functional_shift": true
      },
      "38": {
        "shifted_edges": [
          [
            2,
            38
          ]
        ],
        "test_details": {
          "y_node": 38,
          "parents": [
            2
          ],
          "functional_shift_detected": true,
          "p_value_overall": 6.734524401696973e-06,
          "parent_specific_p_values": {
            "2": 6.734524401696973e-06
          },
          "coefficients_env1": {
            "Intercept": 1.4039804033962944,
            "bs(x2, df=4, degree=3)[0]": -0.859657589318522,
            "bs(x2, df=4, degree=3)[1]": -2.2905311216439794,
            "bs(x2, df=4, degree=3)[2]": 0.7442770286962289,
            "bs(x2, df=4, degree=3)[3]": -3.1631929042126443
          },
          "coefficients_env2": {
            "Intercept": -0.887460309941232,
            "bs(x2, df=4, degree=3)[0]": 1.4466196140917282,
            "bs(x2, df=4, degree=3)[1]": 0.016645625321216467,
            "bs(x2, df=4, degree=3)[2]": 1.6279014095421624,
            "bs(x2, df=4, degree=3)[3]": -0.22944168351777838
          }
        },
        "has_functional_shift": true
      },
      "41": {
        "shifted_edges": [
          [
            2,
            41
          ]
        ],
        "test_details": {
          "y_node": 41,
          "parents": [
            2
          ],
          "functional_shift_detected": true,
          "p_value_overall": 8.025475134454396e-06,
          "parent_specific_p_values": {
            "2": 8.025475134454396e-06
          },
          "coefficients_env1": {
            "Intercept": 1.5843462843326779,
            "bs(x2, df=4, degree=3)[0]": -1.0555009302899807,
            "bs(x2, df=4, degree=3)[1]": -2.5606863255434544,
            "bs(x2, df=4, degree=3)[2]": 0.640914201311956,
            "bs(x2, df=4, degree=3)[3]": -2.813431095704452
          },
          "coefficients_env2": {
            "Intercept": 0.5666688855049195,
            "bs(x2, df=4, degree=3)[0]": 0.7615963032887746,
            "bs(x2, df=4, degree=3)[1]": -2.1646966580921654,
            "bs(x2, df=4, degree=3)[2]": 2.046600854278206,
            "bs(x2, df=4, degree=3)[3]": -4.694405263238819
          }
        },
        "has_functional_shift": true
      },
      "43": {
        "shifted_edges": [],
        "test_details": {
          "y_node": 43,
          "parents": [
            39
          ],
          "functional_shift_detected": false,