{
  "dataset_info": {
    "seed": 320,
    "dataset_index": 9,
    "node_count": 50,
    "edge_count": 50,
    "graph_type": "SF",
    "shifted_nodes": [
      10,
      37,
      1,
      26,
      8,
      2,
      48,
      35,
      16,
      5
    ],
    "shift_types": {
      "10": [
        "sin_cos"
      ],
      "37": [
        "sin_cos"
      ],
      "1": [
        "sin_cos"
      ],
      "26": [
        "sin_cos"
      ],
      "8": [
        "sin_cos"
      ],
      "2": [
        "noise_laplace"
      ],
      "48": [
        "noise_laplace"
      ],
      "35": [
        "noise_laplace"
      ],
      "16": [
        "noise_laplace"
      ],
      "5": [
        "noise_laplace"
      ]
    },
    "shift_case": "sin_cos_noise_laplace",
    "deleted_parents": {}
  },
  "model": "iscan",
  "config_name": "SF",
  "dag_structure": "standard",
  "device": "cuda:0",
  "iscan": {
    "detected_shifted_nodes": [
      14,
      35,
      42,
      3,
      48,
      34,
      31,
      26,
      0,
      11,
      10,
      15,
      43,
      6,
      12,
      18,
      45,
      27,
      16,
      49,
      30,
      22,
      20,
      37,
      40,
      36,
      5,
      13,
      41
    ],
    "order": [
      1,
      29,
      14,
      10,
      4,
      5,
      6,
      44,
      15,
      11,
      22,
      32,
      12,
      34,
      3,
      40,
      19,
      45,
      47,
      30,
      20,
      46,
      39,
      7,
      28,
      24,
      33,
      17,
      9,
      38,
      2,
      21,
      25,
      36,
      16,
      23,
      18,
      13,
      49,
      41,
      27,
      8,
      43,
      37,
      31,
      35,
      42,
      48,
      26,
      0
    ],
    "ratio_dict": {
      "14": 1.8237395023484277,
      "35": 1.8044340763147704,
      "42": 1.388529543235913,
      "3": 1.2880929288669258,
      "48": 1.284249439617667,
      "34": 1.2620893444185175,
      "31": 1.248411641126425,
      "26": 1.2247369050837877,
      "0": 1.2209992553597941,
      "11": 1.2049115499537524,
      "10": 1.1989647228921938,
      "15": 1.1548289286184272,
      "43": 1.124194659811619,
      "6": 1.0981962774692606,
      "12": 1.081375478310553,
      "18": 1.0698649362070307,
      "45": 1.0401043937950936,
      "27": 1.0317848990400458,
      "16": 1.0179905309785795,
      "49": 1.0092923226316965,
      "30": 1.0039284145253133,
      "22": 0.9820250389339328,
      "20": 0.9818631846757845,
      "37": 0.9652407074649285,
      "40": 0.9633889457774777,
      "36": 0.9599017249467278,
      "5": 0.9591880207169327,
      "13": 0.9320628083412779,
      "41": 0.8853303458379932,
      "2": 0.849840819757669,
      "28": 0.8458455070907055,
      "32": 0.8258802247549891,
      "29": 0.8170740828070114,
      "25": 0.8161829471525403,
      "4": 0.812462651708694,
      "23": 0.7944650421515459,
      "47": 0.7817326154445857,
      "24": 0.7728293581409559,
      "19": 0.7541309172804977,
      "38": 0.7515496643796465,
      "9": 0.7452915903332678,
      "46": 0.7365720247510347,
      "39": 0.7252258728513966,
      "44": 0.7051296927243696,
      "7": 0.6892882050410071,
      "21": 0.6737778588683432,
      "33": 0.6705141349036425,
      "17": 0.6250423594947169,
      "8": 0.6188035407422846
    },
    "true_shifted_node_summary": {
      "1": {
        "is_detected_as_shifted": false,
        "has_functional_shift_detected": true
      },
      "2": {
        "is_detected_as_shifted": false,
        "has_functional_shift_detected": true
      },
      "35": {
        "is_detected_as_shifted": true,
        "has_functional_shift_detected": true
      },
      "37": {
        "is_detected_as_shifted": true,
        "has_functional_shift_detected": true
      },
      "5": {
        "is_detected_as_shifted": true,
        "has_functional_shift_detected": true
      },
      "8": {
        "is_detected_as_shifted": false,
        "has_functional_shift_detected": true
      },
      "10": {
        "is_detected_as_shifted": true,
        "has_functional_shift_detected": true
      },
      "48": {
        "is_detected_as_shifted": true,
        "has_functional_shift_detected": true
      },
      "16": {
        "is_detected_as_shifted": true,
        "has_functional_shift_detected": true
      },
      "26": {
        "is_detected_as_shifted": true,
        "has_functional_shift_detected": true
      }
    },
    "functional_shift_results": {
      "1": {
        "shifted_edges": [
          [
            0,
            1
          ]
        ],
        "test_details": {
          "y_node": 1,
          "parents": [
            0
          ],
          "functional_shift_detected": true,
          "p_value_overall": 1.1102230246251565e-16,
          "parent_specific_p_values": {
            "0": 1.1102230246251565e-16
          },
          "coefficients_env1": {
            "Intercept": -1.6078549078836937,
            "bs(x0, df=4, degree=3)[0]": 3.5563760013017642,
            "bs(x0, df=4, degree=3)[1]": 0.1123735837200581,
            "bs(x0, df=4, degree=3)[2]": 3.452400571322447,
            "bs(x0, df=4, degree=3)[3]": 0.4075256562183287
          },
          "coefficients_env2": {
            "Intercept": 0.8338662146376017,
            "bs(x0, df=4, degree=3)[0]": -2.226727341236722,
            "bs(x0, df=4, degree=3)[1]": 0.7352619390864263,
            "bs(x0, df=4, degree=3)[2]": -0.30317628953936526,
            "bs(x0, df=4, degree=3)[3]": -1.9489887548048468
          }
        },
        "has_functional_shift": true
      },
      "2": {
        "shifted_edges": [
          [
            0,
            2
          ]
        ],
        "test_details": {
          "y_node": 2,
          "parents": [
            0
          ],
          "functional_shift_detected": true,
          "p_value_overall": 0.015139127589037682,
          "parent_specific_p_values": {
            "0": 0.015139127589037682
          },
          "coefficients_env1": {
            "Intercept": -1.547371031959729,
            "bs(x0, df=4, degree=3)[0]": 3.41171618758663,
            "bs(x0, df=4, degree=3)[1]": 0.12272637984909032,
            "bs(x0, df=4, degree=3)[2]": 3.352263481024505,
            "bs(x0, df=4, degree=3)[3]": 0.2817397299533437
          },
          "coefficients_env2": {
            "Intercept": -1.6001003004838,
            "bs(x0, df=4, degree=3)[0]": 3.2204052436130652,
            "bs(x0, df=4, degree=3)[1]": 0.2165558002175424,
            "bs(x0, df=4, degree=3)[2]": 3.7239440815156977,
            "bs(x0, df=4, degree=3)[3]": -1.3235453337276377
          }
        },
        "has_functional_shift": true
      },
      "35": {
        "shifted_edges": [
          [
            3,
            35
          ]
        ],
        "test_details": {
          "y_node": 35,
          "parents": [
            3
          ],
          "functional_shift_detected": true,
          "p_value_overall": 3.7949399864789513e-06,
          "parent_specific_p_values": {
            "3": 3.7949399864789513e-06
          },
          "coefficients_env1": {
            "Intercept": 1.4225098787155508,
            "bs(x3, df=4, degree=3)[0]": -0.9242722071398167,
            "bs(x3, df=4, degree=3)[1]": -2.360215372603293,
            "bs(x3, df=4, degree=3)[2]": 1.3020918509898327,
            "bs(x3, df=4, degree=3)[3]": -3.9853638302124472
          },
          "coefficients_env2": {
            "Intercept": -0.19079214006754164,
            "bs(x3, df=4, degree=3)[0]": 1.7216549930731726,
            "bs(x3, df=4, degree=3)[1]": -1.5032552893411744,
            "bs(x3, df=4, degree=3)[2]": 2.623117020338065,
            "bs(x3, df=4, degree=3)[3]": -0.9757622939646917
          }
        },
        "has_functional_shift": true
      },
      "37": {
        "shifted_edges": [
          [
            18,
            37
          ]
        ],
        "test_details": {
          "y_node": 37,