{
  "dataset_info": {
    "seed": 315,
    "dataset_index": 4,
    "node_count": 50,
    "edge_count": 50,
    "graph_type": "SF",
    "shifted_nodes": [
      14,
      24,
      40,
      17,
      31,
      6,
      21,
      45,
      48,
      22
    ],
    "shift_types": {
      "14": [
        "sin_cos"
      ],
      "24": [
        "sin_cos"
      ],
      "40": [
        "sin_cos"
      ],
      "17": [
        "sin_cos"
      ],
      "31": [
        "sin_cos"
      ],
      "6": [
        "noise_N02"
      ],
      "21": [
        "noise_N02"
      ],
      "45": [
        "noise_N02"
      ],
      "48": [
        "noise_N02"
      ],
      "22": [
        "noise_N02"
      ]
    },
    "shift_case": "sin_cos_noise_N02",
    "deleted_parents": {}
  },
  "model": "iscan",
  "config_name": "SF",
  "dag_structure": "standard",
  "device": "cuda:0",
  "iscan": {
    "detected_shifted_nodes": [
      21,
      6,
      22,
      45,
      1,
      43,
      35,
      2,
      34,
      11,
      37,
      12,
      44,
      27,
      8,
      28,
      10,
      17,
      46,
      48,
      4,
      13,
      26,
      41,
      30,
      0,
      29,
      18,
      23,
      47,
      9,
      16,
      38,
      42,
      39,
      7
    ],
    "order": [
      25,
      28,
      13,
      11,
      30,
      33,
      4,
      16,
      3,
      32,
      10,
      7,
      0,
      6,
      21,
      1,
      8,
      40,
      2,
      35,
      12,
      48,
      49,
      9,
      39,
      20,
      19,
      5,
      36,
      15,
      14,
      42,
      38,
      31,
      24,
      18,
      47,
      29,
      41,
      45,
      46,
      44,
      23,
      27,
      26,
      17,
      34,
      43,
      37,
      22
    ],
    "ratio_dict": {
      "21": 1.9028719435101236,
      "6": 1.8437903470422419,
      "22": 1.7982800150685725,
      "45": 1.6747336205189507,
      "1": 1.5744706203906367,
      "43": 1.4999241505473875,
      "35": 1.4335269691739667,
      "2": 1.428115695984932,
      "34": 1.4226260509910986,
      "11": 1.3907420598232956,
      "37": 1.3696834783804184,
      "12": 1.3265235725631406,
      "44": 1.3006026331468894,
      "27": 1.2725988618052593,
      "8": 1.2503564222599384,
      "28": 1.2249647733189877,
      "10": 1.208651854562849,
      "17": 1.1872477023666617,
      "46": 1.1871747882209214,
      "48": 1.151877954016669,
      "4": 1.1441888325459675,
      "13": 1.1307083385223466,
      "26": 1.1277870045967102,
      "41": 1.0603554255329113,
      "30": 1.058331866754664,
      "0": 1.0414251325571893,
      "29": 1.0388757461366092,
      "18": 1.023967346896302,
      "23": 0.9912621352229423,
      "47": 0.9837113785724134,
      "9": 0.9692146347081696,
      "16": 0.939458561023872,
      "38": 0.9365493172563385,
      "42": 0.9171590532286059,
      "39": 0.9111071138478838,
      "7": 0.8490638815660727,
      "19": 0.8162185299504207,
      "5": 0.8041612743660019,
      "20": 0.794908936219346,
      "40": 0.7909921980475718,
      "36": 0.7782774302743751,
      "32": 0.7741561438753779,
      "31": 0.7621209143647705,
      "49": 0.7441012215269333,
      "15": 0.724354810414894,
      "33": 0.7220216093769765,
      "14": 0.7134893027381194,
      "24": 0.7116655951934481,
      "3": 0.5939610016214348
    },
    "true_shifted_node_summary": {
      "6": {
        "is_detected_as_shifted": true,
        "has_functional_shift_detected": true
      },
      "40": {
        "is_detected_as_shifted": false,
        "has_functional_shift_detected": true
      },
      "45": {
        "is_detected_as_shifted": true,
        "has_functional_shift_detected": true
      },
      "14": {
        "is_detected_as_shifted": false,
        "has_functional_shift_detected": true
      },
      "48": {
        "is_detected_as_shifted": true,
        "has_functional_shift_detected": true
      },
      "17": {
        "is_detected_as_shifted": true,
        "has_functional_shift_detected": true
      },
      "21": {
        "is_detected_as_shifted": true,
        "has_functional_shift_detected": false
      },
      "22": {
        "is_detected_as_shifted": true,
        "has_functional_shift_detected": true
      },
      "24": {
        "is_detected_as_shifted": false,
        "has_functional_shift_detected": true
      },
      "31": {
        "is_detected_as_shifted": false,
        "has_functional_shift_detected": true
      }
    },
    "functional_shift_results": {
      "6": {
        "shifted_edges": [
          [
            0,
            6
          ]
        ],
        "test_details": {
          "y_node": 6,
          "parents": [
            0
          ],
          "functional_shift_detected": true,
          "p_value_overall": 0.005025863544927844,
          "parent_specific_p_values": {
            "0": 0.005025863544927844
          },
          "coefficients_env1": {
            "Intercept": -2.441879002992991,
            "bs(x0, df=4, degree=3)[0]": 4.346609974470937,
            "bs(x0, df=4, degree=3)[1]": 0.9931027329178452,
            "bs(x0, df=4, degree=3)[2]": 4.355632157751889,
            "bs(x0, df=4, degree=3)[3]": 2.4576236075119904
          },
          "coefficients_env2": {
            "Intercept": -2.2362881257297165,
            "bs(x0, df=4, degree=3)[0]": 4.185927957073569,
            "bs(x0, df=4, degree=3)[1]": 0.9089797746067879,
            "bs(x0, df=4, degree=3)[2]": 3.8858108525982855,
            "bs(x0, df=4, degree=3)[3]": 0.8179306442796255
          }
        },
        "has_functional_shift": true
      },
      "40": {
        "shifted_edges": [
          [
            0,
            40
          ]
        ],
        "test_details": {
          "y_node": 40,
          "parents": [
            0
          ],
          "functional_shift_detected": true,
          "p_value_overall": 1.1102230246251565e-16,
          "parent_specific_p_values": {
            "0": 1.1102230246251565e-16
          },
          "coefficients_env1": {
            "Intercept": -2.355429065083296,
            "bs(x0, df=4, degree=3)[0]": 4.2140054672205745,
            "bs(x0, df=4, degree=3)[1]": 0.9422479592445057,
            "bs(x0, df=4, degree=3)[2]": 4.252288378046959,
            "bs(x0, df=4, degree=3)[3]": 0.36382191043106715
          },
          "coefficients_env2": {
            "Intercept": 1.398846643209906,
            "bs(x0, df=4, degree=3)[0]": -2.647083493623426,
            "bs(x0, df=4, degree=3)[1]": -0.16360750630363807,
            "bs(x0, df=4, degree=3)[2]": -0.6437073513345746,
            "bs(x0, df=4, degree=3)[3]": -2.5870467548348874
          }
        },
        "has_functional_shift": true
      },
      "45": {
        "shifted_edges": [
          [
            14,
            45
          ]
        ],
        "test_details": {
          "y_node": 45,
          "parents": [
            14
          ],
          "functional_shift_detected": true,
          "p_value_overall": 0.001842575179251349,
          "parent_specific_p_values": {
            "14": 0.001842575179251349
          },
          "coefficients_env1": {
            "Intercept": 0.06439136286453886,
            "bs(x14, df=4, degree=3)[0]": 0.7407353494810991,
            "bs(x14, df=4, degree=3)[1]": -0.9791786597797947,
            "bs(x14, df=4, degree=3)[2]": 1.7688825309204281,
            "bs(x14, df=4, degree=3)[3]": -1.6047122315324323
          },
          "coefficients_env2": {
            "Intercept": 1.1138788886811803,
            "bs(x14, df=4, degree=3)[0]": -0.3783598916401464,
            "bs(x14, df=4, degree=3)[1]": -2.328172830641201,
            "bs(x14, df=4, degree=3)[2]": 1.3388682923647548,
            "bs(x14, df=4, degree=3)[3]": -4.213317014244554
          }
        },
        "has_functional_shift": true
      },