{
  "dataset_info": {
    "seed": 332,
    "dataset_index": 21,
    "node_count": 50,
    "edge_count": 50,
    "graph_type": "SF",
    "shifted_nodes": [
      22,
      17,
      21,
      16,
      18,
      45,
      10,
      13,
      30,
      9
    ],
    "shift_types": {
      "22": [
        "sin_cos"
      ],
      "17": [
        "sin_cos"
      ],
      "21": [
        "sin_cos"
      ],
      "16": [
        "sin_cos"
      ],
      "18": [
        "sin_cos"
      ],
      "45": [
        "pa_delete"
      ],
      "10": [
        "pa_delete"
      ],
      "13": [
        "pa_delete"
      ],
      "30": [
        "pa_delete"
      ],
      "9": [
        "pa_delete"
      ]
    },
    "shift_case": "sin_cos_pa_delete",
    "deleted_parents": {
      "45": 22,
      "10": 4,
      "13": 8,
      "30": 15,
      "9": 1
    }
  },
  "model": "iscan",
  "config_name": "SF",
  "dag_structure": "standard",
  "device": "cuda:0",
  "iscan": {
    "detected_shifted_nodes": [
      45,
      13,
      9,
      30,
      10,
      40,
      44,
      0,
      11,
      34,
      38,
      17
    ],
    "order": [
      12,
      1,
      47,
      44,
      11,
      3,
      14,
      35,
      5,
      32,
      41,
      15,
      42,
      23,
      6,
      27,
      33,
      4,
      9,
      2,
      24,
      26,
      10,
      8,
      16,
      28,
      21,
      31,
      25,
      49,
      37,
      7,
      19,
      18,
      39,
      29,
      43,
      46,
      48,
      36,
      38,
      40,
      20,
      22,
      13,
      17,
      30,
      34,
      45,
      0
    ],
    "ratio_dict": {
      "45": 2.886553035710006,
      "13": 2.150490975670371,
      "9": 1.963476988256734,
      "30": 1.860103684463839,
      "10": 1.7834254407167556,
      "40": 1.6550535996930749,
      "44": 1.3720090882665923,
      "0": 1.3627043893817317,
      "11": 1.299894859456376,
      "34": 1.272045720977631,
      "38": 1.2127444936794747,
      "17": 1.16207962691762,
      "3": 1.0717588648048613,
      "6": 1.0670220216107489,
      "20": 1.056237413790492,
      "23": 1.042806329328611,
      "48": 1.0251332141288498,
      "41": 1.0189659259884554,
      "4": 0.9778236158064291,
      "35": 0.9736949994496571,
      "42": 0.9674916187553085,
      "15": 0.9556714636333294,
      "27": 0.9547494896388065,
      "26": 0.9240217495160582,
      "46": 0.877906212150336,
      "5": 0.8546096585521152,
      "29": 0.8526202988386966,
      "24": 0.8493974564816501,
      "2": 0.844476415095482,
      "33": 0.8362675552898915,
      "7": 0.8306175013385821,
      "14": 0.8228845779291504,
      "18": 0.8203103287376187,
      "43": 0.8126022309847531,
      "39": 0.8013348487929545,
      "28": 0.796872195095598,
      "19": 0.782271466400906,
      "37": 0.7731742853865856,
      "31": 0.7668294430358458,
      "1": 0.7523161322991381,
      "22": 0.7367263221519056,
      "32": 0.7309919644742046,
      "25": 0.7278542565229531,
      "49": 0.7062557347966448,
      "21": 0.688988543659112,
      "16": 0.6830427034753808,
      "8": 0.6533793961024521,
      "47": 0.6531402862337095,
      "36": 0.5790714354944461
    },
    "true_shifted_node_summary": {
      "9": {
        "is_detected_as_shifted": true,
        "has_functional_shift_detected": true
      },
      "10": {
        "is_detected_as_shifted": true,
        "has_functional_shift_detected": true
      },
      "45": {
        "is_detected_as_shifted": true,
        "has_functional_shift_detected": true
      },
      "13": {
        "is_detected_as_shifted": true,
        "has_functional_shift_detected": true
      },
      "16": {
        "is_detected_as_shifted": false,
        "has_functional_shift_detected": true
      },
      "17": {
        "is_detected_as_shifted": true,
        "has_functional_shift_detected": true
      },
      "18": {
        "is_detected_as_shifted": false,
        "has_functional_shift_detected": true
      },
      "21": {
        "is_detected_as_shifted": false,
        "has_functional_shift_detected": true
      },
      "22": {
        "is_detected_as_shifted": false,
        "has_functional_shift_detected": true
      },
      "30": {
        "is_detected_as_shifted": true,
        "has_functional_shift_detected": true
      }
    },
    "functional_shift_results": {
      "9": {
        "shifted_edges": [
          [
            1,
            9
          ]
        ],
        "test_details": {
          "y_node": 9,
          "parents": [
            1
          ],
          "functional_shift_detected": true,
          "p_value_overall": 1.0697774199819321e-07,
          "parent_specific_p_values": {
            "1": 1.0697774199819321e-07
          },
          "coefficients_env1": {
            "Intercept": 0.021866755364192803,
            "bs(x1, df=4, degree=3)[0]": 1.7105915500000883,
            "bs(x1, df=4, degree=3)[1]": -1.8538347440242962,
            "bs(x1, df=4, degree=3)[2]": 2.338978258587211,
            "bs(x1, df=4, degree=3)[3]": -2.3439860014480254
          },
          "coefficients_env2": {
            "Intercept": 0.20864759129528665,
            "bs(x1, df=4, degree=3)[0]": -0.7813213606964708,
            "bs(x1, df=4, degree=3)[1]": 0.16954022856662787,
            "bs(x1, df=4, degree=3)[2]": -0.511087127779555,
            "bs(x1, df=4, degree=3)[3]": 0.07477581700777303
          }
        },
        "has_functional_shift": true
      },
      "10": {
        "shifted_edges": [
          [
            4,
            10
          ]
        ],
        "test_details": {
          "y_node": 10,
          "parents": [
            4
          ],
          "functional_shift_detected": true,
          "p_value_overall": 1.6231753985351816e-06,
          "parent_specific_p_values": {
            "4": 1.6231753985351816e-06
          },
          "coefficients_env1": {
            "Intercept": -0.46957862165995984,
            "bs(x4, df=4, degree=3)[0]": 2.497325411065233,
            "bs(x4, df=4, degree=3)[1]": -1.711469771277649,
            "bs(x4, df=4, degree=3)[2]": 3.068841042523772,
            "bs(x4, df=4, degree=3)[3]": -1.3880825831140748
          },
          "coefficients_env2": {
            "Intercept": -0.9819732247980976,
            "bs(x4, df=4, degree=3)[0]": 1.3266967669497802,
            "bs(x4, df=4, degree=3)[1]": 0.45027475973573505,
            "bs(x4, df=4, degree=3)[2]": 1.6837236166462752,
            "bs(x4, df=4, degree=3)[3]": -0.18067238179379763
          }
        },
        "has_functional_shift": true
      },
      "45": {
        "shifted_edges": [
          [
            22,
            45
          ]
        ],
        "test_details": {
          "y_node": 45,
          "parents": [
            22
          ],
          "functional_shift_detected": true,
          "p_value_overall": 1.5801481234589687e-08,
          "parent_specific_p_values": {
            "22": 1.5801481234589687e-08
          },
          "coefficients_env1": {
            "Intercept": 0.6887058876208518,
            "bs(x22, df=4, degree=3)[0]": 0.2273866920768474,
            "bs(x22, df=4, degree=3)[1]": -1.9470090090607317,
            "bs(x22, df=4, degree=3)[2]": 1.6513474307244864,
            "bs(x22, df=4, degree=3)[3]": -1.76674233241499
          },
          "coefficients_env2": {
            "Intercept": -0.0030377203913106166,
            "bs(x22, df=4, degree=3)[0]": -0.10186266622873164,
            "bs(x22, df=4, degree=3)[1]": -0.0704626511905791,
            "bs(x22, df=4, degree=3)[2]": 0.17928144200971596,
            "bs(x22, df=4, degree=3)[3]": -0.21257940749027518
          }
        },
        "has_functional_shift": true
      },
      "13": {
        "shifted_edges": [
          [
            8,
            13
          ]
        ],
        "test_details": {
          "y_node": 13,
          "parents": [
            8
          ],