{
  "dataset_info": {
    "seed": 338,
    "dataset_index": 27,
    "node_count": 50,
    "edge_count": 50,
    "graph_type": "SF",
    "shifted_nodes": [
      5,
      26,
      28,
      46,
      27,
      12,
      15,
      44,
      41,
      9
    ],
    "shift_types": {
      "5": [
        "noise_N02"
      ],
      "26": [
        "noise_N02"
      ],
      "28": [
        "noise_N02"
      ],
      "46": [
        "noise_N02"
      ],
      "27": [
        "noise_N02"
      ],
      "12": [
        "noise_laplace"
      ],
      "15": [
        "noise_laplace"
      ],
      "44": [
        "noise_laplace"
      ],
      "41": [
        "noise_laplace"
      ],
      "9": [
        "noise_laplace"
      ]
    },
    "shift_case": "noise_N02_laplace",
    "deleted_parents": {}
  },
  "model": "iscan",
  "config_name": "SF",
  "dag_structure": "standard",
  "device": "cuda:0",
  "iscan": {
    "detected_shifted_nodes": [
      41,
      26,
      46,
      9,
      44,
      28,
      0,
      27,
      15,
      5,
      8,
      42,
      23,
      6,
      16,
      30,
      22,
      33,
      17,
      12,
      25,
      48,
      38,
      10,
      4,
      14,
      45,
      34,
      19,
      31,
      29,
      13,
      7,
      37,
      39,
      32,
      24,
      49,
      47,
      18,
      20,
      21,
      35,
      43
    ],
    "order": [
      1,
      4,
      8,
      16,
      30,
      7,
      3,
      29,
      6,
      9,
      25,
      22,
      26,
      48,
      24,
      14,
      17,
      47,
      12,
      39,
      43,
      38,
      19,
      40,
      35,
      10,
      37,
      2,
      32,
      21,
      36,
      20,
      11,
      34,
      13,
      45,
      18,
      49,
      31,
      5,
      33,
      28,
      15,
      27,
      23,
      46,
      42,
      41,
      44,
      0
    ],
    "ratio_dict": {
      "41": 2.2906565976791065,
      "26": 1.8378207504464645,
      "46": 1.7747216441188167,
      "9": 1.6077673987345775,
      "44": 1.6003695789771524,
      "28": 1.533165617495508,
      "0": 1.5266272703039543,
      "27": 1.356941354773226,
      "15": 1.3436044693979818,
      "5": 1.3155476112238345,
      "8": 1.2565385464677472,
      "42": 1.2562243430794222,
      "23": 1.1894646881589412,
      "6": 1.1759076677604645,
      "16": 1.169773299268299,
      "30": 1.1639484289751472,
      "22": 1.146034013885535,
      "33": 1.1397174497691112,
      "17": 1.1211155971938151,
      "12": 1.065459264904502,
      "25": 1.0634131883349658,
      "48": 0.9925351953468159,
      "38": 0.9806544573281198,
      "10": 0.9360860154844922,
      "4": 0.9328188680244026,
      "14": 0.9233726302414391,
      "45": 0.9180137654195519,
      "34": 0.9043951894816901,
      "19": 0.8922323742180043,
      "31": 0.8894754688151738,
      "29": 0.8855343198336914,
      "13": 0.8804562901838016,
      "7": 0.8667204883620826,
      "37": 0.8613636503160931,
      "39": 0.8587989768423336,
      "32": 0.8241754842990001,
      "24": 0.822656132174374,
      "49": 0.8222753831040435,
      "47": 0.8162341508926751,
      "18": 0.8060228624827676,
      "20": 0.7690866420365824,
      "21": 0.7543690901435878,
      "35": 0.7393814783355037,
      "43": 0.7185462372641602,
      "40": 0.6683960479955778,
      "11": 0.6525152448617199,
      "3": 0.6402614416198651,
      "36": 0.6360277009378487,
      "2": 0.5850074066172234
    },
    "true_shifted_node_summary": {
      "5": {
        "is_detected_as_shifted": true,
        "has_functional_shift_detected": false
      },
      "41": {
        "is_detected_as_shifted": true,
        "has_functional_shift_detected": true
      },
      "9": {
        "is_detected_as_shifted": true,
        "has_functional_shift_detected": true
      },
      "12": {
        "is_detected_as_shifted": true,
        "has_functional_shift_detected": true
      },
      "44": {
        "is_detected_as_shifted": true,
        "has_functional_shift_detected": true
      },
      "46": {
        "is_detected_as_shifted": true,
        "has_functional_shift_detected": true
      },
      "15": {
        "is_detected_as_shifted": true,
        "has_functional_shift_detected": false
      },
      "26": {
        "is_detected_as_shifted": true,
        "has_functional_shift_detected": true
      },
      "27": {
        "is_detected_as_shifted": true,
        "has_functional_shift_detected": true
      },
      "28": {
        "is_detected_as_shifted": true,
        "has_functional_shift_detected": false
      }
    },
    "functional_shift_results": {
      "5": {
        "shifted_edges": [],
        "test_details": {
          "y_node": 5,
          "parents": [
            3
          ],
          "functional_shift_detected": false,
          "p_value_overall": 0.6812710231732027,
          "parent_specific_p_values": {},
          "coefficients_env1": {
            "Intercept": -0.37087653817152927,
            "bs(x3, df=4, degree=3)[0]": 2.168782807012633,
            "bs(x3, df=4, degree=3)[1]": -1.516909995526587,
            "bs(x3, df=4, degree=3)[2]": 2.7797831352615257,
            "bs(x3, df=4, degree=3)[3]": -2.220611223886392
          },
          "coefficients_env2": {
            "Intercept": 0.021235488883908193,
            "bs(x3, df=4, degree=3)[0]": 1.9707392941793498,
            "bs(x3, df=4, degree=3)[1]": -1.9754048152327843,
            "bs(x3, df=4, degree=3)[2]": 2.4053204502782566,
            "bs(x3, df=4, degree=3)[3]": -1.8946683997384413
          }
        },
        "has_functional_shift": false
      },
      "41": {
        "shifted_edges": [
          [
            6,
            41
          ]
        ],
        "test_details": {
          "y_node": 41,
          "parents": [
            6
          ],
          "functional_shift_detected": true,
          "p_value_overall": 0.03078298614939179,
          "parent_specific_p_values": {
            "6": 0.03078298614939179
          },
          "coefficients_env1": {
            "Intercept": 1.3194842135589064,
            "bs(x6, df=4, degree=3)[0]": -0.5601238230103127,
            "bs(x6, df=4, degree=3)[1]": -2.3080251024492573,
            "bs(x6, df=4, degree=3)[2]": 0.6845301989813382,
            "bs(x6, df=4, degree=3)[3]": -3.0856575690475543
          },
          "coefficients_env2": {
            "Intercept": 0.0006230320954909163,
            "bs(x6, df=4, degree=3)[0]": 1.2810449037152767,
            "bs(x6, df=4, degree=3)[1]": -1.4085344633219679,
            "bs(x6, df=4, degree=3)[2]": 2.183347064211347,
            "bs(x6, df=4, degree=3)[3]": -2.945727204119084
          }
        },
        "has_functional_shift": true
      },
      "9": {
        "shifted_edges": [
          [
            8,
            9
          ]
        ],
        "test_details": {
          "y_node": 9,
          "parents": [
            8
          ],
          "functional_shift_detected": true,
          "p_value_overall": 6.257779853191536e-07,
          "parent_specific_p_values": {
            "8": 6.257779853191536e-07
          },
          "coefficients_env1": {
            "Intercept": -1.213670724310203,
            "bs(x8, df=4, degree=3)[0]": 3.702875534710584,
            "bs(x8, df=4, degree=3)[1]": -1.5129515988158282,
            "bs(x8, df=4, degree=3)[2]": 4.0948766198686055,
            "bs(x8, df=4, degree=3)[3]": -0.4607599825226204
          },
          "coefficients_env2": {
            "Intercept": -0.5249882658490381,
            "bs(x8, df=4, degree=3)[0]": 1.787447651764806,
            "bs(x8, df=4, degree=3)[1]": -0.9155074721458681,
            "bs(x8, df=4, degree=3)[2]": 2.942596658984848,
            "bs(x8, df=4, degree=3)[3]": -2.6328396897529465
          }
        },
        "has_functional_shift": true
      },
      "12": {
        "shifted_edges": [
          [
            1,
            12
          ]
        ],