{
  "dataset_info": {
    "seed": 331,
    "dataset_index": 20,
    "node_count": 50,
    "edge_count": 50,
    "graph_type": "SF",
    "shifted_nodes": [
      19,
      44,
      8,
      23,
      20,
      39,
      49,
      34,
      35,
      14
    ],
    "shift_types": {
      "19": [
        "pa_delete"
      ],
      "44": [
        "pa_delete"
      ],
      "8": [
        "pa_delete"
      ],
      "23": [
        "pa_delete"
      ],
      "20": [
        "pa_delete"
      ],
      "39": [
        "noise_laplace"
      ],
      "49": [
        "noise_laplace"
      ],
      "34": [
        "noise_laplace"
      ],
      "35": [
        "noise_laplace"
      ],
      "14": [
        "noise_laplace"
      ]
    },
    "shift_case": "pa_delete_noise_laplace",
    "deleted_parents": {
      "19": 0,
      "44": 17,
      "8": 3,
      "23": 15,
      "20": 9
    }
  },
  "model": "iscan",
  "config_name": "SF",
  "dag_structure": "standard",
  "device": "cuda:0",
  "iscan": {
    "detected_shifted_nodes": [
      23,
      19,
      38,
      8,
      32,
      34,
      20,
      44,
      48,
      49,
      35,
      40,
      11,
      15,
      39,
      43,
      37,
      2,
      0,
      22,
      30,
      45,
      28,
      36,
      24,
      7,
      25,
      31,
      41,
      17,
      16,
      46,
      10
    ],
    "order": [
      14,
      36,
      38,
      29,
      26,
      19,
      30,
      32,
      11,
      5,
      4,
      17,
      1,
      39,
      41,
      16,
      15,
      35,
      25,
      10,
      24,
      46,
      47,
      21,
      3,
      27,
      42,
      6,
      9,
      20,
      18,
      13,
      12,
      8,
      44,
      28,
      33,
      31,
      7,
      22,
      34,
      37,
      49,
      40,
      43,
      23,
      45,
      48,
      2,
      0
    ],
    "ratio_dict": {
      "23": 2.694119958015453,
      "19": 2.4847059407959176,
      "38": 2.4136435344343172,
      "8": 1.8933880117728845,
      "32": 1.6597950799882588,
      "34": 1.5697802159986074,
      "20": 1.5650813394786587,
      "44": 1.5453636046822123,
      "48": 1.485870198259533,
      "49": 1.454737532813841,
      "35": 1.4299900498453393,
      "40": 1.3793890724374789,
      "11": 1.3742543295555827,
      "15": 1.329643037281574,
      "39": 1.3284516315252164,
      "43": 1.3132451309039932,
      "37": 1.2992043711861136,
      "2": 1.2862890066564359,
      "0": 1.2707507080359992,
      "22": 1.1988712949628826,
      "30": 1.1499892954177588,
      "45": 1.0886662321483223,
      "28": 1.0601613385364805,
      "36": 1.0350173845555695,
      "24": 0.997295380587994,
      "7": 0.9868896060342682,
      "25": 0.975871180110426,
      "31": 0.9549298658798345,
      "41": 0.9325995385067365,
      "17": 0.9199563778515553,
      "16": 0.9048138671965231,
      "46": 0.8978897536566576,
      "10": 0.8940141597679808,
      "1": 0.8156348513812812,
      "21": 0.7974989981667633,
      "18": 0.7828882410230399,
      "27": 0.7546026714547082,
      "4": 0.7520787346976835,
      "47": 0.7469858432209185,
      "12": 0.7237434839680115,
      "3": 0.7047845329142803,
      "5": 0.7012788139577972,
      "6": 0.698598729052521,
      "13": 0.6782413146639116,
      "42": 0.6702376437988771,
      "9": 0.6692110651975728,
      "26": 0.6318216228134756,
      "33": 0.627118186217151,
      "29": 0.5524481730617669
    },
    "true_shifted_node_summary": {
      "34": {
        "is_detected_as_shifted": true,
        "has_functional_shift_detected": true
      },
      "35": {
        "is_detected_as_shifted": true,
        "has_functional_shift_detected": true
      },
      "39": {
        "is_detected_as_shifted": true,
        "has_functional_shift_detected": true
      },
      "8": {
        "is_detected_as_shifted": true,
        "has_functional_shift_detected": true
      },
      "44": {
        "is_detected_as_shifted": true,
        "has_functional_shift_detected": true
      },
      "14": {
        "is_detected_as_shifted": false,
        "has_functional_shift_detected": true
      },
      "49": {
        "is_detected_as_shifted": true,
        "has_functional_shift_detected": true
      },
      "19": {
        "is_detected_as_shifted": true,
        "has_functional_shift_detected": true
      },
      "20": {
        "is_detected_as_shifted": true,
        "has_functional_shift_detected": true
      },
      "23": {
        "is_detected_as_shifted": true,
        "has_functional_shift_detected": true
      }
    },
    "functional_shift_results": {
      "34": {
        "shifted_edges": [
          [
            21,
            34
          ]
        ],
        "test_details": {
          "y_node": 34,
          "parents": [
            21
          ],
          "functional_shift_detected": true,
          "p_value_overall": 2.516182926204369e-05,
          "parent_specific_p_values": {
            "21": 2.516182926204369e-05
          },
          "coefficients_env1": {
            "Intercept": -0.16483865200512615,
            "bs(x21, df=4, degree=3)[0]": 2.8622579342826535,
            "bs(x21, df=4, degree=3)[1]": -2.041537982765,
            "bs(x21, df=4, degree=3)[2]": 2.2863646748393287,
            "bs(x21, df=4, degree=3)[3]": -2.133774870348745
          },
          "coefficients_env2": {
            "Intercept": -1.235390880518408,
            "bs(x21, df=4, degree=3)[0]": 3.5431212238906458,
            "bs(x21, df=4, degree=3)[1]": -1.1253955829952216,
            "bs(x21, df=4, degree=3)[2]": 3.914689858581081,
            "bs(x21, df=4, degree=3)[3]": -0.7520621684308277
          }
        },
        "has_functional_shift": true
      },
      "35": {
        "shifted_edges": [
          [
            14,
            35
          ]
        ],
        "test_details": {
          "y_node": 35,
          "parents": [
            14
          ],
          "functional_shift_detected": true,
          "p_value_overall": 4.774714675803704e-05,
          "parent_specific_p_values": {
            "14": 4.774714675803704e-05
          },
          "coefficients_env1": {
            "Intercept": 0.1195696312560891,
            "bs(x14, df=4, degree=3)[0]": 1.493497818258009,
            "bs(x14, df=4, degree=3)[1]": -2.10267828542599,
            "bs(x14, df=4, degree=3)[2]": 2.613685856346402,
            "bs(x14, df=4, degree=3)[3]": -2.6644122511841957
          },
          "coefficients_env2": {
            "Intercept": -0.1654686713078062,
            "bs(x14, df=4, degree=3)[0]": 0.7102870411174699,
            "bs(x14, df=4, degree=3)[1]": -0.18675103248100416,
            "bs(x14, df=4, degree=3)[2]": 1.5136393761634541,
            "bs(x14, df=4, degree=3)[3]": -1.365924609541295
          }
        },
        "has_functional_shift": true
      },
      "39": {
        "shifted_edges": [
          [
            0,
            39
          ]
        ],
        "test_details": {
          "y_node": 39,
          "parents": [
            0
          ],
          "functional_shift_detected": true,
          "p_value_overall": 1.0561440610956652e-11,
          "parent_specific_p_values": {
            "0": 1.0561440610956652e-11
          },
          "coefficients_env1": {
            "Intercept": -1.9946780700520033,
            "bs(x0, df=4, degree=3)[0]": 3.7876590869352675,
            "bs(x0, df=4, degree=3)[1]": 0.6834252876907676,
            "bs(x0, df=4, degree=3)[2]": 3.718767050328525,
            "bs(x0, df=4, degree=3)[3]": 0.06544316061825742
          },
          "coefficients_env2": {
            "Intercept": -1.217301890820995,
            "bs(x0, df=4, degree=3)[0]": 3.2705957090773032,
            "bs(x0, df=4, degree=3)[1]": -1.3264850493537632,
            "bs(x0, df=4, degree=3)[2]": 5.02691567849149,
            "bs(x0, df=4, degree=3)[3]": -3.7589706869327273
          }
        },
        "has_functional_shift": true
      },