{
  "dataset_info": {
    "seed": 339,
    "dataset_index": 28,
    "node_count": 50,
    "edge_count": 50,
    "graph_type": "SF",
    "shifted_nodes": [
      16,
      4,
      25,
      41,
      7,
      21,
      40,
      20,
      14,
      10
    ],
    "shift_types": {
      "16": [
        "noise_N02"
      ],
      "4": [
        "noise_N02"
      ],
      "25": [
        "noise_N02"
      ],
      "41": [
        "noise_N02"
      ],
      "7": [
        "noise_N02"
      ],
      "21": [
        "noise_laplace"
      ],
      "40": [
        "noise_laplace"
      ],
      "20": [
        "noise_laplace"
      ],
      "14": [
        "noise_laplace"
      ],
      "10": [
        "noise_laplace"
      ]
    },
    "shift_case": "noise_N02_laplace",
    "deleted_parents": {}
  },
  "model": "iscan",
  "config_name": "SF",
  "dag_structure": "standard",
  "device": "cuda:0",
  "iscan": {
    "detected_shifted_nodes": [
      39,
      30,
      41,
      21,
      10,
      25,
      0,
      44,
      40,
      33,
      2,
      34,
      9
    ],
    "order": [
      47,
      19,
      4,
      39,
      2,
      30,
      9,
      16,
      48,
      17,
      3,
      11,
      1,
      8,
      20,
      6,
      5,
      44,
      12,
      13,
      27,
      23,
      24,
      36,
      7,
      29,
      25,
      22,
      15,
      46,
      43,
      35,
      38,
      26,
      45,
      31,
      10,
      32,
      37,
      42,
      34,
      28,
      14,
      33,
      18,
      49,
      41,
      21,
      40,
      0
    ],
    "ratio_dict": {
      "39": 4.221025348880426,
      "30": 2.453714300687947,
      "41": 2.206012931457465,
      "21": 1.6332345499732925,
      "10": 1.6312214236785796,
      "25": 1.576077070829083,
      "0": 1.5627758333192439,
      "44": 1.4553819555759473,
      "40": 1.4428493768701625,
      "33": 1.4056352935619678,
      "2": 1.3750475832058824,
      "34": 1.3355420877599042,
      "9": 1.3284558655100127,
      "49": 1.2481699522694853,
      "14": 1.2223511122911581,
      "18": 1.2089053979128455,
      "4": 1.144695116984104,
      "13": 1.1336378012797175,
      "42": 1.0857131469769152,
      "32": 1.0384696822969282,
      "16": 1.014987545682226,
      "28": 1.0002906221733672,
      "37": 0.9981881142283928,
      "6": 0.9974777996816782,
      "19": 0.9763777656188836,
      "20": 0.9585565006471445,
      "12": 0.9554773346880375,
      "36": 0.9546865547554276,
      "26": 0.9099302300731485,
      "7": 0.9026504915174863,
      "46": 0.898711737109958,
      "1": 0.8984474148681677,
      "5": 0.8806899272072386,
      "43": 0.8798528693817192,
      "27": 0.8672803518269818,
      "23": 0.8585322121668321,
      "3": 0.8397537337610937,
      "17": 0.8352808621639859,
      "24": 0.8290335019596669,
      "38": 0.8102564171295509,
      "48": 0.7967802660628215,
      "31": 0.763731298523202,
      "8": 0.757402518304748,
      "29": 0.7524075306205718,
      "22": 0.7177130432133674,
      "35": 0.7145906174451889,
      "11": 0.6694035448189332,
      "15": 0.6650948932309886,
      "45": 0.6513252361843268
    },
    "true_shifted_node_summary": {
      "4": {
        "is_detected_as_shifted": false,
        "has_functional_shift_detected": true
      },
      "7": {
        "is_detected_as_shifted": false,
        "has_functional_shift_detected": true
      },
      "40": {
        "is_detected_as_shifted": true,
        "has_functional_shift_detected": true
      },
      "41": {
        "is_detected_as_shifted": true,
        "has_functional_shift_detected": true
      },
      "10": {
        "is_detected_as_shifted": true,
        "has_functional_shift_detected": true
      },
      "14": {
        "is_detected_as_shifted": false,
        "has_functional_shift_detected": true
      },
      "16": {
        "is_detected_as_shifted": false,
        "has_functional_shift_detected": true
      },
      "20": {
        "is_detected_as_shifted": false,
        "has_functional_shift_detected": true
      },
      "21": {
        "is_detected_as_shifted": true,
        "has_functional_shift_detected": true
      },
      "25": {
        "is_detected_as_shifted": true,
        "has_functional_shift_detected": true
      }
    },
    "functional_shift_results": {
      "4": {
        "shifted_edges": [
          [
            2,
            4
          ]
        ],
        "test_details": {
          "y_node": 4,
          "parents": [
            2
          ],
          "functional_shift_detected": true,
          "p_value_overall": 4.1549281182273745e-07,
          "parent_specific_p_values": {
            "2": 4.1549281182273745e-07
          },
          "coefficients_env1": {
            "Intercept": 0.7677511596114823,
            "bs(x2, df=4, degree=3)[0]": 0.5799326712361215,
            "bs(x2, df=4, degree=3)[1]": -2.654534613787468,
            "bs(x2, df=4, degree=3)[2]": 2.0291106762235067,
            "bs(x2, df=4, degree=3)[3]": -3.684465620473996
          },
          "coefficients_env2": {
            "Intercept": 0.7009595667062207,
            "bs(x2, df=4, degree=3)[0]": -0.6805501168622343,
            "bs(x2, df=4, degree=3)[1]": -0.6381561648106612,
            "bs(x2, df=4, degree=3)[2]": 0.5711792185438642,
            "bs(x2, df=4, degree=3)[3]": -2.431991044004127
          }
        },
        "has_functional_shift": true
      },
      "7": {
        "shifted_edges": [
          [
            4,
            7
          ]
        ],
        "test_details": {
          "y_node": 7,
          "parents": [
            4
          ],
          "functional_shift_detected": true,
          "p_value_overall": 5.882569542592364e-09,
          "parent_specific_p_values": {
            "4": 5.882569542592364e-09
          },
          "coefficients_env1": {
            "Intercept": 0.10652104912262061,
            "bs(x4, df=4, degree=3)[0]": 0.8574609615340266,
            "bs(x4, df=4, degree=3)[1]": -1.4326959828647436,
            "bs(x4, df=4, degree=3)[2]": 2.3891605106746265,
            "bs(x4, df=4, degree=3)[3]": -3.554755501483274
          },
          "coefficients_env2": {
            "Intercept": 0.15953093766181475,
            "bs(x4, df=4, degree=3)[0]": 1.2997210721331218,
            "bs(x4, df=4, degree=3)[1]": -1.1287021899019682,
            "bs(x4, df=4, degree=3)[2]": 1.2844073485588734,
            "bs(x4, df=4, degree=3)[3]": -1.2194135307535294
          }
        },
        "has_functional_shift": true
      },
      "40": {
        "shifted_edges": [
          [
            12,
            40
          ]
        ],
        "test_details": {
          "y_node": 40,
          "parents": [
            12
          ],
          "functional_shift_detected": true,
          "p_value_overall": 1.578513227129541e-06,
          "parent_specific_p_values": {
            "12": 1.578513227129541e-06
          },
          "coefficients_env1": {
            "Intercept": -0.6109428747740175,
            "bs(x12, df=4, degree=3)[0]": 2.398841891031351,
            "bs(x12, df=4, degree=3)[1]": -1.660564242818234,
            "bs(x12, df=4, degree=3)[2]": 3.8035750760662888,
            "bs(x12, df=4, degree=3)[3]": -3.3217254191160026
          },
          "coefficients_env2": {
            "Intercept": -0.6656175329326816,
            "bs(x12, df=4, degree=3)[0]": 2.4456183766675466,
            "bs(x12, df=4, degree=3)[1]": -1.1875302452513603,
            "bs(x12, df=4, degree=3)[2]": 3.069966170658654,
            "bs(x12, df=4, degree=3)[3]": 0.1422506732887605
          }
        },
        "has_functional_shift": true
      },
      "41": {
        "shifted_edges": [
          [
            23,
            41
          ]
        ],
        "test_details": {
          "y_node": 41,
          "parents": [
            23
          ],
          "functional_shift_detected": true,