{
  "dataset_info": {
    "seed": 325,
    "dataset_index": 14,
    "node_count": 50,
    "edge_count": 50,
    "graph_type": "SF",
    "shifted_nodes": [
      40,
      16,
      34,
      35,
      5,
      44,
      31,
      42,
      15,
      26
    ],
    "shift_types": {
      "40": [
        "pa_delete"
      ],
      "16": [
        "pa_delete"
      ],
      "34": [
        "pa_delete"
      ],
      "35": [
        "pa_delete"
      ],
      "5": [
        "pa_delete"
      ],
      "44": [
        "noise_N02"
      ],
      "31": [
        "noise_N02"
      ],
      "42": [
        "noise_N02"
      ],
      "15": [
        "noise_N02"
      ],
      "26": [
        "noise_N02"
      ]
    },
    "shift_case": "pa_delete_noise_N02",
    "deleted_parents": {
      "40": 11,
      "16": 1,
      "34": 6,
      "35": 7,
      "5": 4
    }
  },
  "model": "iscan",
  "config_name": "SF",
  "dag_structure": "standard",
  "device": "cuda:0",
  "iscan": {
    "detected_shifted_nodes": [
      43,
      34,
      26,
      42,
      35,
      40,
      0,
      16,
      31,
      21,
      5,
      14,
      44,
      38,
      49,
      15,
      28,
      46,
      30,
      37,
      45,
      13,
      8,
      22,
      48,
      47,
      18,
      36,
      24,
      32,
      33,
      23,
      6,
      12,
      11,
      27,
      4,
      25,
      19,
      17,
      41,
      10,
      29,
      2,
      39
    ],
    "order": [
      7,
      43,
      39,
      45,
      21,
      20,
      12,
      4,
      3,
      1,
      29,
      6,
      28,
      25,
      34,
      33,
      24,
      18,
      8,
      17,
      36,
      13,
      41,
      48,
      10,
      44,
      16,
      9,
      2,
      19,
      22,
      47,
      23,
      11,
      15,
      32,
      31,
      27,
      46,
      49,
      5,
      40,
      37,
      38,
      35,
      26,
      30,
      14,
      0,
      42
    ],
    "ratio_dict": {
      "43": 2.548514274278832,
      "34": 2.263157643358804,
      "26": 2.227480139028945,
      "42": 2.0846940192690493,
      "35": 2.069594056859755,
      "40": 2.0304572590818672,
      "0": 1.8431341116001159,
      "16": 1.7600107004831445,
      "31": 1.653106122304656,
      "21": 1.632889251587173,
      "5": 1.5466348831925474,
      "14": 1.495152524895837,
      "44": 1.3519889817914983,
      "38": 1.220233280389875,
      "49": 1.1544471722792344,
      "15": 1.130255778033036,
      "28": 1.1247676552186232,
      "46": 1.0825624501388122,
      "30": 1.067908890238562,
      "37": 1.0564012446045352,
      "45": 1.035536323037772,
      "13": 0.9853439727733856,
      "8": 0.9674174364909696,
      "22": 0.962311098478602,
      "48": 0.9574216429209168,
      "47": 0.9539599483423494,
      "18": 0.9535668993272465,
      "36": 0.951441338625701,
      "24": 0.9474767423727193,
      "32": 0.9234736470533171,
      "33": 0.8764283952640628,
      "23": 0.8602544354469153,
      "6": 0.8587554810103681,
      "12": 0.8513936636344184,
      "11": 0.8496133253243623,
      "27": 0.8481482620731999,
      "4": 0.8431353264382194,
      "25": 0.8378203125812796,
      "19": 0.8338620312880142,
      "17": 0.8244350103698896,
      "41": 0.805362507129586,
      "10": 0.7812554631711047,
      "29": 0.7792037699645363,
      "2": 0.7429826757716846,
      "39": 0.7007139427928125,
      "3": 0.6560178097426603,
      "1": 0.6325895946183403,
      "20": 0.6239437620874365,
      "9": 0.6137968366423469
    },
    "true_shifted_node_summary": {
      "34": {
        "is_detected_as_shifted": true,
        "has_functional_shift_detected": true
      },
      "35": {
        "is_detected_as_shifted": true,
        "has_functional_shift_detected": true
      },
      "5": {
        "is_detected_as_shifted": true,
        "has_functional_shift_detected": true
      },
      "40": {
        "is_detected_as_shifted": true,
        "has_functional_shift_detected": true
      },
      "42": {
        "is_detected_as_shifted": true,
        "has_functional_shift_detected": false
      },
      "44": {
        "is_detected_as_shifted": true,
        "has_functional_shift_detected": true
      },
      "15": {
        "is_detected_as_shifted": true,
        "has_functional_shift_detected": true
      },
      "16": {
        "is_detected_as_shifted": true,
        "has_functional_shift_detected": true
      },
      "26": {
        "is_detected_as_shifted": true,
        "has_functional_shift_detected": true
      },
      "31": {
        "is_detected_as_shifted": true,
        "has_functional_shift_detected": true
      }
    },
    "functional_shift_results": {
      "34": {
        "shifted_edges": [
          [
            6,
            34
          ]
        ],
        "test_details": {
          "y_node": 34,
          "parents": [
            6
          ],
          "functional_shift_detected": true,
          "p_value_overall": 5.5954545441494474e-09,
          "parent_specific_p_values": {
            "6": 5.5954545441494474e-09
          },
          "coefficients_env1": {
            "Intercept": 0.2164255021315307,
            "bs(x6, df=4, degree=3)[0]": 1.7174615151944759,
            "bs(x6, df=4, degree=3)[1]": -2.3001256577486062,
            "bs(x6, df=4, degree=3)[2]": 2.341521448151845,
            "bs(x6, df=4, degree=3)[3]": -2.842321788254182
          },
          "coefficients_env2": {
            "Intercept": 0.32368219639123963,
            "bs(x6, df=4, degree=3)[0]": -0.23282202173645317,
            "bs(x6, df=4, degree=3)[1]": -0.36646959515172284,
            "bs(x6, df=4, degree=3)[2]": -0.392046006284312,
            "bs(x6, df=4, degree=3)[3]": -0.4705882101382816
          }
        },
        "has_functional_shift": true
      },
      "35": {
        "shifted_edges": [
          [
            7,
            35
          ]
        ],
        "test_details": {
          "y_node": 35,
          "parents": [
            7
          ],
          "functional_shift_detected": true,
          "p_value_overall": 1.1415085170440875e-05,
          "parent_specific_p_values": {
            "7": 1.1415085170440875e-05
          },
          "coefficients_env1": {
            "Intercept": -0.5234302158311717,
            "bs(x7, df=4, degree=3)[0]": 2.380501118745699,
            "bs(x7, df=4, degree=3)[1]": -1.5126552109605633,
            "bs(x7, df=4, degree=3)[2]": 3.2032038106834038,
            "bs(x7, df=4, degree=3)[3]": -2.221634499260185
          },
          "coefficients_env2": {
            "Intercept": -0.03597502269088351,
            "bs(x7, df=4, degree=3)[0]": 0.5047758765381739,
            "bs(x7, df=4, degree=3)[1]": -0.5213739313578019,
            "bs(x7, df=4, degree=3)[2]": 0.6089731802048182,
            "bs(x7, df=4, degree=3)[3]": -1.2152361248370709
          }
        },
        "has_functional_shift": true
      },
      "5": {
        "shifted_edges": [
          [
            4,
            5
          ]
        ],
        "test_details": {
          "y_node": 5,
          "parents": [
            4
          ],
          "functional_shift_detected": true,
          "p_value_overall": 2.4548151100756144e-07,
          "parent_specific_p_values": {
            "4": 2.4548151100756144e-07
          },
          "coefficients_env1": {
            "Intercept": 0.07058196530181624,
            "bs(x4, df=4, degree=3)[0]": 1.7337585175490628,
            "bs(x4, df=4, degree=3)[1]": -2.173836577275604,
            "bs(x4, df=4, degree=3)[2]": 2.761446361949579,
            "bs(x4, df=4, degree=3)[3]": -3.4434840675844476
          },
          "coefficients_env2": {
            "Intercept": -0.3782602226678572,
            "bs(x4, df=4, degree=3)[0]": 0.5542211634874347,
            "bs(x4, df=4, degree=3)[1]": 0.22879500509051387,
            "bs(x4, df=4, degree=3)[2]": 0.5804841237506677,