{
  "dataset_info": {
    "seed": 334,
    "dataset_index": 23,
    "node_count": 50,
    "edge_count": 50,
    "graph_type": "SF",
    "shifted_nodes": [
      30,
      14,
      5,
      31,
      27,
      39,
      49,
      12,
      33,
      13
    ],
    "shift_types": {
      "30": [
        "sin_cos"
      ],
      "14": [
        "sin_cos"
      ],
      "5": [
        "sin_cos"
      ],
      "31": [
        "sin_cos"
      ],
      "27": [
        "sin_cos"
      ],
      "39": [
        "pa_delete"
      ],
      "49": [
        "pa_delete"
      ],
      "12": [
        "pa_delete"
      ],
      "33": [
        "pa_delete"
      ],
      "13": [
        "pa_delete"
      ]
    },
    "shift_case": "sin_cos_pa_delete",
    "deleted_parents": {
      "39": 19,
      "49": 1,
      "12": 3,
      "33": 0,
      "13": 8
    }
  },
  "model": "iscan",
  "config_name": "SF",
  "dag_structure": "standard",
  "device": "cuda:0",
  "iscan": {
    "detected_shifted_nodes": [
      13,
      39,
      49,
      12,
      28,
      24,
      26,
      33,
      37,
      17,
      27,
      25,
      0,
      38,
      45
    ],
    "order": [
      1,
      28,
      24,
      17,
      26,
      6,
      7,
      18,
      2,
      3,
      42,
      10,
      5,
      32,
      46,
      36,
      9,
      40,
      16,
      43,
      49,
      15,
      19,
      30,
      11,
      21,
      23,
      34,
      22,
      35,
      8,
      25,
      44,
      41,
      47,
      33,
      12,
      4,
      20,
      48,
      38,
      45,
      27,
      31,
      29,
      14,
      39,
      13,
      37,
      0
    ],
    "ratio_dict": {
      "13": 2.3773504426257426,
      "39": 2.289610637469142,
      "49": 1.8328656555800895,
      "12": 1.635164314826555,
      "28": 1.5860492783516547,
      "24": 1.5610141340710917,
      "26": 1.5471765702750335,
      "33": 1.5252515329141008,
      "37": 1.4102323329163657,
      "17": 1.2989105767766282,
      "27": 1.2921498191162073,
      "25": 1.2582426579678971,
      "0": 1.2055439011923978,
      "38": 1.1535085337064528,
      "45": 1.1106095143734143,
      "4": 1.074339984196305,
      "7": 1.0566758875102846,
      "20": 1.053977785016594,
      "9": 1.0493116087772483,
      "40": 1.0229888747013312,
      "48": 1.0212542413831078,
      "36": 1.0204376138476499,
      "16": 1.0138750166595727,
      "10": 0.9794767852771608,
      "29": 0.9685885332723102,
      "35": 0.9395633947162162,
      "21": 0.938701482052484,
      "6": 0.9355881197411815,
      "31": 0.907702670000101,
      "14": 0.9055741669728546,
      "19": 0.8833431019436581,
      "32": 0.8734507248638055,
      "3": 0.8700273174699736,
      "46": 0.8602620583780751,
      "43": 0.845331214700029,
      "11": 0.8413078314822203,
      "22": 0.8411253469537541,
      "30": 0.8391568238593915,
      "47": 0.8261216631931081,
      "34": 0.8147040519699562,
      "2": 0.7978776402310738,
      "41": 0.7976453665077332,
      "42": 0.7863893331762087,
      "44": 0.7843285545827875,
      "8": 0.7792484305922043,
      "18": 0.762566227995985,
      "23": 0.7198985567094001,
      "15": 0.7065548178058567,
      "5": 0.6599578977194814
    },
    "true_shifted_node_summary": {
      "33": {
        "is_detected_as_shifted": true,
        "has_functional_shift_detected": true
      },
      "5": {
        "is_detected_as_shifted": false,
        "has_functional_shift_detected": true
      },
      "39": {
        "is_detected_as_shifted": true,
        "has_functional_shift_detected": true
      },
      "12": {
        "is_detected_as_shifted": true,
        "has_functional_shift_detected": true
      },
      "13": {
        "is_detected_as_shifted": true,
        "has_functional_shift_detected": true
      },
      "14": {
        "is_detected_as_shifted": false,
        "has_functional_shift_detected": true
      },
      "49": {
        "is_detected_as_shifted": true,
        "has_functional_shift_detected": true
      },
      "27": {
        "is_detected_as_shifted": true,
        "has_functional_shift_detected": true
      },
      "30": {
        "is_detected_as_shifted": false,
        "has_functional_shift_detected": true
      },
      "31": {
        "is_detected_as_shifted": false,
        "has_functional_shift_detected": true
      }
    },
    "functional_shift_results": {
      "33": {
        "shifted_edges": [
          [
            0,
            33
          ]
        ],
        "test_details": {
          "y_node": 33,
          "parents": [
            0
          ],
          "functional_shift_detected": true,
          "p_value_overall": 1.484419254182967e-10,
          "parent_specific_p_values": {
            "0": 1.484419254182967e-10
          },
          "coefficients_env1": {
            "Intercept": -2.4401042504267907,
            "bs(x0, df=4, degree=3)[0]": 4.522685664422292,
            "bs(x0, df=4, degree=3)[1]": 0.8421431531941643,
            "bs(x0, df=4, degree=3)[2]": 4.3412520603462745,
            "bs(x0, df=4, degree=3)[3]": 0.9457881891242808
          },
          "coefficients_env2": {
            "Intercept": 0.3278181839857994,
            "bs(x0, df=4, degree=3)[0]": -0.6106475801331557,
            "bs(x0, df=4, degree=3)[1]": 0.24087899308001953,
            "bs(x0, df=4, degree=3)[2]": -0.827096237946557,
            "bs(x0, df=4, degree=3)[3]": 0.33115151511021623
          }
        },
        "has_functional_shift": true
      },
      "5": {
        "shifted_edges": [
          [
            1,
            5
          ]
        ],
        "test_details": {
          "y_node": 5,
          "parents": [
            1
          ],
          "functional_shift_detected": true,
          "p_value_overall": 1.1102230246251565e-16,
          "parent_specific_p_values": {
            "1": 1.1102230246251565e-16
          },
          "coefficients_env1": {
            "Intercept": 0.5312924861836383,
            "bs(x1, df=4, degree=3)[0]": 0.7271092826855046,
            "bs(x1, df=4, degree=3)[1]": -2.006142277086481,
            "bs(x1, df=4, degree=3)[2]": 1.7602213804950124,
            "bs(x1, df=4, degree=3)[3]": -3.040070225797073
          },
          "coefficients_env2": {
            "Intercept": 0.2553272038568085,
            "bs(x1, df=4, degree=3)[0]": -2.5236363794625327,
            "bs(x1, df=4, degree=3)[1]": 2.6349052595814477,
            "bs(x1, df=4, degree=3)[2]": -0.9537349831699525,
            "bs(x1, df=4, degree=3)[3]": 0.6580781677265672
          }
        },
        "has_functional_shift": true
      },
      "39": {
        "shifted_edges": [
          [
            19,
            39
          ]
        ],
        "test_details": {
          "y_node": 39,
          "parents": [
            19
          ],
          "functional_shift_detected": true,
          "p_value_overall": 5.888551307675627e-07,
          "parent_specific_p_values": {
            "19": 5.888551307675627e-07
          },
          "coefficients_env1": {
            "Intercept": 0.6676816223955659,
            "bs(x19, df=4, degree=3)[0]": 0.06239173044537111,
            "bs(x19, df=4, degree=3)[1]": -1.6448654033679935,
            "bs(x19, df=4, degree=3)[2]": 1.3245929656730202,
            "bs(x19, df=4, degree=3)[3]": -2.7314659432978674
          },
          "coefficients_env2": {
            "Intercept": -0.025003509104966896,
            "bs(x19, df=4, degree=3)[0]": 0.08297708543686222,
            "bs(x19, df=4, degree=3)[1]": -0.003428644519747538,
            "bs(x19, df=4, degree=3)[2]": 0.005209545429846293,
            "bs(x19, df=4, degree=3)[3]": 0.14153622228609844
          }
        },
        "has_functional_shift": true
      },
      "12": {
        "shifted_edges": [
          [
            3,
            12
          ]
        ],
        "test_details": {
          "y_node": 12,
          "parents": [
            3
          ],