{
  "dataset_info": {
    "seed": 327,
    "dataset_index": 16,
    "node_count": 50,
    "edge_count": 50,
    "graph_type": "SF",
    "shifted_nodes": [
      41,
      31,
      22,
      16,
      34,
      19,
      17,
      29,
      11,
      33
    ],
    "shift_types": {
      "41": [
        "pa_delete"
      ],
      "31": [
        "pa_delete"
      ],
      "22": [
        "pa_delete"
      ],
      "16": [
        "pa_delete"
      ],
      "34": [
        "pa_delete"
      ],
      "19": [
        "noise_laplace"
      ],
      "17": [
        "noise_laplace"
      ],
      "29": [
        "noise_laplace"
      ],
      "11": [
        "noise_laplace"
      ],
      "33": [
        "noise_laplace"
      ]
    },
    "shift_case": "pa_delete_noise_laplace",
    "deleted_parents": {
      "41": 34,
      "31": 22,
      "22": 15,
      "16": 1,
      "34": 10
    }
  },
  "model": "iscan",
  "config_name": "SF",
  "dag_structure": "standard",
  "device": "cuda:0",
  "iscan": {
    "detected_shifted_nodes": [
      28,
      31,
      34,
      41,
      22,
      33,
      0,
      11,
      43,
      21,
      32
    ],
    "order": [
      38,
      37,
      16,
      28,
      35,
      44,
      33,
      1,
      15,
      26,
      47,
      36,
      22,
      4,
      7,
      2,
      3,
      6,
      5,
      8,
      12,
      24,
      10,
      45,
      42,
      17,
      13,
      18,
      29,
      14,
      40,
      27,
      9,
      30,
      20,
      49,
      34,
      41,
      11,
      46,
      23,
      19,
      48,
      39,
      31,
      25,
      21,
      43,
      32,
      0
    ],
    "ratio_dict": {
      "28": 4.269865740983926,
      "31": 2.4873895073218653,
      "34": 2.286139574475721,
      "41": 1.865060816693429,
      "22": 1.6806359856571704,
      "33": 1.6633565880180758,
      "0": 1.647777683026581,
      "11": 1.4318605408203549,
      "43": 1.315418054738934,
      "21": 1.3029615400695846,
      "32": 1.2975042142094264,
      "23": 1.1382667828328308,
      "16": 1.1293049139528972,
      "39": 1.108724081720167,
      "29": 1.0852648017502544,
      "25": 1.0826137761827945,
      "17": 1.071568163035635,
      "44": 1.0643098660488497,
      "4": 1.0252306274066179,
      "8": 1.0021858235214949,
      "46": 0.995439649259889,
      "19": 0.9638914370023425,
      "2": 0.9590280196035791,
      "26": 0.9523711794162097,
      "40": 0.9198846678864311,
      "48": 0.9079508507580422,
      "15": 0.9007612809505171,
      "7": 0.8823885567035121,
      "35": 0.880588705198283,
      "3": 0.8740893276674399,
      "6": 0.8680270727705071,
      "20": 0.8552124249285017,
      "1": 0.8467050658451923,
      "12": 0.8392946808747381,
      "30": 0.8337275022048577,
      "5": 0.8332815909704218,
      "42": 0.8151442941658673,
      "37": 0.8149382573058921,
      "47": 0.7857229130584125,
      "45": 0.777547723412791,
      "9": 0.7775204559782884,
      "14": 0.7684188395568164,
      "49": 0.7547172972756556,
      "10": 0.7514100970852773,
      "24": 0.7375954112332849,
      "27": 0.6815510336468492,
      "13": 0.6798920591822559,
      "36": 0.6663378106421308,
      "18": 0.6655964002363518
    },
    "true_shifted_node_summary": {
      "33": {
        "is_detected_as_shifted": true,
        "has_functional_shift_detected": true
      },
      "34": {
        "is_detected_as_shifted": true,
        "has_functional_shift_detected": true
      },
      "41": {
        "is_detected_as_shifted": true,
        "has_functional_shift_detected": true
      },
      "11": {
        "is_detected_as_shifted": true,
        "has_functional_shift_detected": true
      },
      "16": {
        "is_detected_as_shifted": false,
        "has_functional_shift_detected": true
      },
      "17": {
        "is_detected_as_shifted": false,
        "has_functional_shift_detected": true
      },
      "19": {
        "is_detected_as_shifted": false,
        "has_functional_shift_detected": true
      },
      "22": {
        "is_detected_as_shifted": true,
        "has_functional_shift_detected": true
      },
      "29": {
        "is_detected_as_shifted": false,
        "has_functional_shift_detected": false
      },
      "31": {
        "is_detected_as_shifted": true,
        "has_functional_shift_detected": true
      }
    },
    "functional_shift_results": {
      "33": {
        "shifted_edges": [
          [
            16,
            33
          ]
        ],
        "test_details": {
          "y_node": 33,
          "parents": [
            16
          ],
          "functional_shift_detected": true,
          "p_value_overall": 6.140740849147619e-08,
          "parent_specific_p_values": {
            "16": 6.140740849147619e-08
          },
          "coefficients_env1": {
            "Intercept": 0.7828411750772576,
            "bs(x16, df=4, degree=3)[0]": 0.1586541551499491,
            "bs(x16, df=4, degree=3)[1]": -1.9081738473223777,
            "bs(x16, df=4, degree=3)[2]": 1.4109848630160102,
            "bs(x16, df=4, degree=3)[3]": -3.4411436030586495
          },
          "coefficients_env2": {
            "Intercept": -2.0931171015961,
            "bs(x16, df=4, degree=3)[0]": 4.457432423337086,
            "bs(x16, df=4, degree=3)[1]": -0.061897443436186,
            "bs(x16, df=4, degree=3)[2]": 4.463914258374052,
            "bs(x16, df=4, degree=3)[3]": -1.2262143640056602
          }
        },
        "has_functional_shift": true
      },
      "34": {
        "shifted_edges": [
          [
            10,
            34
          ]
        ],
        "test_details": {
          "y_node": 34,
          "parents": [
            10
          ],
          "functional_shift_detected": true,
          "p_value_overall": 1.4634550400405288e-06,
          "parent_specific_p_values": {
            "10": 1.4634550400405288e-06
          },
          "coefficients_env1": {
            "Intercept": 0.08752888392892559,
            "bs(x10, df=4, degree=3)[0]": 1.0384808485455495,
            "bs(x10, df=4, degree=3)[1]": -1.156223742745959,
            "bs(x10, df=4, degree=3)[2]": 1.6468653723376216,
            "bs(x10, df=4, degree=3)[3]": -2.5166323582030934
          },
          "coefficients_env2": {
            "Intercept": -0.06449045665618772,
            "bs(x10, df=4, degree=3)[0]": -0.010964170217613423,
            "bs(x10, df=4, degree=3)[1]": -0.10590775944609715,
            "bs(x10, df=4, degree=3)[2]": 0.1330308345201508,
            "bs(x10, df=4, degree=3)[3]": 0.15045629635411478
          }
        },
        "has_functional_shift": true
      },
      "41": {
        "shifted_edges": [
          [
            34,
            41
          ]
        ],
        "test_details": {
          "y_node": 41,
          "parents": [
            34
          ],
          "functional_shift_detected": true,
          "p_value_overall": 5.311440176569704e-11,
          "parent_specific_p_values": {
            "34": 5.311440176569704e-11
          },
          "coefficients_env1": {
            "Intercept": -0.7476035705530634,
            "bs(x34, df=4, degree=3)[0]": 2.8818675315782842,
            "bs(x34, df=4, degree=3)[1]": -1.475745314649579,
            "bs(x34, df=4, degree=3)[2]": 3.38237882561614,
            "bs(x34, df=4, degree=3)[3]": -1.6522736806648182
          },
          "coefficients_env2": {
            "Intercept": 0.22456289965759407,
            "bs(x34, df=4, degree=3)[0]": -0.19125335920094216,
            "bs(x34, df=4, degree=3)[1]": -0.1960157030575495,
            "bs(x34, df=4, degree=3)[2]": -0.2421323546349447,
            "bs(x34, df=4, degree=3)[3]": -0.6789933758698053
          }
        },
        "has_functional_shift": true
      },
      "11": {
        "shifted_edges": [
          [
            1,
            11
          ]
        ],
        "test_details": {
          "y_node": 11,