{
  "dataset_info": {
    "seed": 319,
    "dataset_index": 8,
    "node_count": 50,
    "edge_count": 50,
    "graph_type": "SF",
    "shifted_nodes": [
      27,
      20,
      8,
      33,
      9,
      17,
      6,
      12,
      2,
      11
    ],
    "shift_types": {
      "27": [
        "sin_cos"
      ],
      "20": [
        "sin_cos"
      ],
      "8": [
        "sin_cos"
      ],
      "33": [
        "sin_cos"
      ],
      "9": [
        "sin_cos"
      ],
      "17": [
        "noise_laplace"
      ],
      "6": [
        "noise_laplace"
      ],
      "12": [
        "noise_laplace"
      ],
      "2": [
        "noise_laplace"
      ],
      "11": [
        "noise_laplace"
      ]
    },
    "shift_case": "sin_cos_noise_laplace",
    "deleted_parents": {}
  },
  "model": "iscan",
  "config_name": "SF",
  "dag_structure": "standard",
  "device": "cuda:0",
  "iscan": {
    "detected_shifted_nodes": [
      28,
      46,
      20,
      24,
      16,
      17,
      12,
      10,
      2,
      41,
      11,
      43,
      35,
      31,
      33,
      13,
      6,
      40,
      18,
      0,
      32,
      15,
      22,
      49,
      47,
      30,
      25,
      3,
      5,
      34,
      29,
      26,
      7,
      44,
      39,
      38,
      19,
      42,
      23,
      14,
      48,
      45,
      36,
      8,
      4
    ],
    "order": [
      21,
      35,
      10,
      46,
      1,
      11,
      22,
      15,
      13,
      30,
      47,
      6,
      40,
      12,
      2,
      25,
      31,
      18,
      26,
      5,
      19,
      3,
      7,
      39,
      27,
      14,
      37,
      4,
      23,
      36,
      29,
      48,
      8,
      34,
      45,
      41,
      16,
      42,
      38,
      44,
      17,
      9,
      49,
      43,
      24,
      32,
      33,
      28,
      20,
      0
    ],
    "ratio_dict": {
      "28": 1.6304846109454287,
      "46": 1.5701247003369412,
      "20": 1.3543704190998953,
      "24": 1.3481787727886376,
      "16": 1.324635916524371,
      "17": 1.204069709157431,
      "12": 1.1984820653083792,
      "10": 1.1809027440508815,
      "2": 1.1637581100851488,
      "41": 1.1488328190532064,
      "11": 1.1479070099131374,
      "43": 1.1383079065513462,
      "35": 1.1255001688307487,
      "31": 1.1226833765795516,
      "33": 1.1139553637667785,
      "13": 1.1125882085212755,
      "6": 1.095105830629076,
      "40": 1.0765920058731118,
      "18": 1.0627684791348286,
      "0": 1.0513539767949975,
      "32": 1.0447719856788098,
      "15": 1.0371115918481966,
      "22": 1.0055138384076812,
      "49": 1.0009995771960642,
      "47": 0.9765603044472391,
      "30": 0.9300093755664978,
      "25": 0.9234060750882706,
      "3": 0.9123367495585492,
      "5": 0.9052461605266348,
      "34": 0.8986551956946893,
      "29": 0.8858051182269477,
      "26": 0.8765053177240194,
      "7": 0.8673842856332625,
      "44": 0.8518008852930153,
      "39": 0.8464247218518527,
      "38": 0.8120923962664612,
      "19": 0.8101036597724695,
      "42": 0.7964609158647168,
      "23": 0.7827885110867633,
      "14": 0.7544823771675122,
      "48": 0.753496433174447,
      "45": 0.7261166390602836,
      "36": 0.7091576557125767,
      "8": 0.7048702898101636,
      "4": 0.6941013274197994,
      "37": 0.656257374247441,
      "1": 0.6562514475274583,
      "27": 0.6319056641529447,
      "9": 0.6094821494212002
    },
    "true_shifted_node_summary": {
      "33": {
        "is_detected_as_shifted": true,
        "has_functional_shift_detected": true
      },
      "2": {
        "is_detected_as_shifted": true,
        "has_functional_shift_detected": false
      },
      "6": {
        "is_detected_as_shifted": true,
        "has_functional_shift_detected": true
      },
      "8": {
        "is_detected_as_shifted": true,
        "has_functional_shift_detected": true
      },
      "9": {
        "is_detected_as_shifted": false,
        "has_functional_shift_detected": true
      },
      "11": {
        "is_detected_as_shifted": true,
        "has_functional_shift_detected": true
      },
      "12": {
        "is_detected_as_shifted": true,
        "has_functional_shift_detected": true
      },
      "17": {
        "is_detected_as_shifted": true,
        "has_functional_shift_detected": true
      },
      "20": {
        "is_detected_as_shifted": true,
        "has_functional_shift_detected": true
      },
      "27": {
        "is_detected_as_shifted": false,
        "has_functional_shift_detected": true
      }
    },
    "functional_shift_results": {
      "33": {
        "shifted_edges": [
          [
            11,
            33
          ]
        ],
        "test_details": {
          "y_node": 33,
          "parents": [
            11
          ],
          "functional_shift_detected": true,
          "p_value_overall": 1.1102230246251565e-16,
          "parent_specific_p_values": {
            "11": 1.1102230246251565e-16
          },
          "coefficients_env1": {
            "Intercept": -0.1804061971400282,
            "bs(x11, df=4, degree=3)[0]": 1.3919485637660018,
            "bs(x11, df=4, degree=3)[1]": -1.3615067878806923,
            "bs(x11, df=4, degree=3)[2]": 2.8424405728724125,
            "bs(x11, df=4, degree=3)[3]": -4.8218354785454665
          },
          "coefficients_env2": {
            "Intercept": 1.1780796193069687,
            "bs(x11, df=4, degree=3)[0]": -4.768714014604009,
            "bs(x11, df=4, degree=3)[1]": 1.7564269728660635,
            "bs(x11, df=4, degree=3)[2]": -1.678445406346369,
            "bs(x11, df=4, degree=3)[3]": -2.311436168724736
          }
        },
        "has_functional_shift": true
      },
      "2": {
        "shifted_edges": [],
        "test_details": {
          "y_node": 2,
          "parents": [
            0
          ],
          "functional_shift_detected": false,
          "p_value_overall": 0.2011663979093845,
          "parent_specific_p_values": {},
          "coefficients_env1": {
            "Intercept": -2.35732931732453,
            "bs(x0, df=4, degree=3)[0]": 4.257030788992314,
            "bs(x0, df=4, degree=3)[1]": 1.0769376427393382,
            "bs(x0, df=4, degree=3)[2]": 3.929298854406928,
            "bs(x0, df=4, degree=3)[3]": 1.6285443175730476
          },
          "coefficients_env2": {
            "Intercept": -1.4376831363690914,
            "bs(x0, df=4, degree=3)[0]": 2.9065313148485075,
            "bs(x0, df=4, degree=3)[1]": 0.40976594783915476,
            "bs(x0, df=4, degree=3)[2]": 2.9799210564674476,
            "bs(x0, df=4, degree=3)[3]": 0.20648742507612727
          }
        },
        "has_functional_shift": false
      },
      "6": {
        "shifted_edges": [
          [
            2,
            6
          ]
        ],
        "test_details": {
          "y_node": 6,
          "parents": [
            2
          ],
          "functional_shift_detected": true,
          "p_value_overall": 0.013442673754259227,
          "parent_specific_p_values": {
            "2": 0.013442673754259227
          },
          "coefficients_env1": {
            "Intercept": 0.9864119828680882,
            "bs(x2, df=4, degree=3)[0]": 0.17547096633399686,
            "bs(x2, df=4, degree=3)[1]": -2.1996496224040203,
            "bs(x2, df=4, degree=3)[2]": 0.8012665196721085,
            "bs(x2, df=4, degree=3)[3]": -4.134287700405365
          },
          "coefficients_env2": {
            "Intercept": -0.06730801690127874,
            "bs(x2, df=4, degree=3)[0]": 0.6791812393064023,
            "bs(x2, df=4, degree=3)[1]": -0.4256869826305567,
            "bs(x2, df=4, degree=3)[2]": 1.8047865582307834,
            "bs(x2, df=4, degree=3)[3]": -3.3054399742966387
          }
        },
        "has_functional_shift": true
      },
      "8": {
        "shifted_edges": [
          [
            3,
            8
          ]
        ],