{
  "dataset_info": {
    "seed": 333,
    "dataset_index": 22,
    "node_count": 50,
    "edge_count": 50,
    "graph_type": "SF",
    "shifted_nodes": [
      19,
      7,
      38,
      28,
      12,
      23,
      5,
      15,
      37,
      25
    ],
    "shift_types": {
      "19": [
        "sin_cos"
      ],
      "7": [
        "sin_cos"
      ],
      "38": [
        "sin_cos"
      ],
      "28": [
        "sin_cos"
      ],
      "12": [
        "sin_cos"
      ],
      "23": [
        "pa_delete"
      ],
      "5": [
        "pa_delete"
      ],
      "15": [
        "pa_delete"
      ],
      "37": [
        "pa_delete"
      ],
      "25": [
        "pa_delete"
      ]
    },
    "shift_case": "sin_cos_pa_delete",
    "deleted_parents": {
      "23": 21,
      "5": 0,
      "15": 2,
      "37": 7,
      "25": 2
    }
  },
  "model": "iscan",
  "config_name": "SF",
  "dag_structure": "standard",
  "device": "cuda:0",
  "iscan": {
    "detected_shifted_nodes": [
      8,
      23,
      37,
      25,
      22,
      0,
      15,
      5,
      30,
      43,
      20,
      13,
      49,
      26,
      28
    ],
    "order": [
      1,
      45,
      3,
      8,
      11,
      26,
      35,
      29,
      14,
      46,
      24,
      42,
      39,
      9,
      41,
      2,
      20,
      34,
      10,
      36,
      16,
      6,
      13,
      4,
      21,
      31,
      5,
      18,
      19,
      27,
      47,
      32,
      17,
      12,
      40,
      44,
      48,
      25,
      15,
      7,
      22,
      37,
      49,
      28,
      33,
      30,
      43,
      38,
      23,
      0
    ],
    "ratio_dict": {
      "8": 3.0039945546251676,
      "23": 2.1941558125737477,
      "37": 1.9530207737616931,
      "25": 1.6763793769455115,
      "22": 1.6498147267707741,
      "0": 1.6323091189698478,
      "15": 1.6023843852544766,
      "5": 1.3457958458800827,
      "30": 1.2325089397247697,
      "43": 1.1507300254526114,
      "20": 1.1447928306308053,
      "13": 1.1077738676017455,
      "49": 1.1033898204878494,
      "26": 1.0965962917916876,
      "28": 1.0764037278418754,
      "38": 1.0101713897150164,
      "42": 0.9962595832845873,
      "33": 0.9886845794361628,
      "2": 0.9520423673030906,
      "9": 0.9486618542483037,
      "48": 0.9470195609258502,
      "10": 0.9400700888031464,
      "41": 0.9305234427624974,
      "35": 0.9121356441199179,
      "7": 0.9031991608792675,
      "16": 0.8802184740485205,
      "6": 0.8631407999474253,
      "39": 0.8554645584209034,
      "44": 0.8232095995307597,
      "45": 0.8224013815844157,
      "40": 0.8222868755693453,
      "34": 0.8200397382347813,
      "36": 0.7766995056242582,
      "3": 0.7688842268488231,
      "47": 0.7669387218204828,
      "21": 0.7429078356948245,
      "4": 0.7397514159108164,
      "11": 0.7312177521344306,
      "46": 0.7254074726432546,
      "32": 0.7194255536186481,
      "17": 0.7146817921627974,
      "14": 0.7007381529985455,
      "29": 0.6987322089603863,
      "24": 0.6896302145423505,
      "31": 0.6857503161107243,
      "18": 0.668660137888397,
      "27": 0.6658836978422725,
      "12": 0.6231736276556755,
      "19": 0.5035056813823062
    },
    "true_shifted_node_summary": {
      "5": {
        "is_detected_as_shifted": true,
        "has_functional_shift_detected": true
      },
      "38": {
        "is_detected_as_shifted": false,
        "has_functional_shift_detected": true
      },
      "7": {
        "is_detected_as_shifted": false,
        "has_functional_shift_detected": true
      },
      "37": {
        "is_detected_as_shifted": true,
        "has_functional_shift_detected": true
      },
      "12": {
        "is_detected_as_shifted": false,
        "has_functional_shift_detected": true
      },
      "15": {
        "is_detected_as_shifted": true,
        "has_functional_shift_detected": true
      },
      "19": {
        "is_detected_as_shifted": false,
        "has_functional_shift_detected": true
      },
      "23": {
        "is_detected_as_shifted": true,
        "has_functional_shift_detected": true
      },
      "25": {
        "is_detected_as_shifted": true,
        "has_functional_shift_detected": true
      },
      "28": {
        "is_detected_as_shifted": true,
        "has_functional_shift_detected": true
      }
    },
    "functional_shift_results": {
      "5": {
        "shifted_edges": [
          [
            0,
            5
          ]
        ],
        "test_details": {
          "y_node": 5,
          "parents": [
            0
          ],
          "functional_shift_detected": true,
          "p_value_overall": 1.235708202429464e-10,
          "parent_specific_p_values": {
            "0": 1.235708202429464e-10
          },
          "coefficients_env1": {
            "Intercept": -2.0447764784580045,
            "bs(x0, df=4, degree=3)[0]": 4.135020222731859,
            "bs(x0, df=4, degree=3)[1]": 0.13522840104973446,
            "bs(x0, df=4, degree=3)[2]": 4.453720135730587,
            "bs(x0, df=4, degree=3)[3]": -0.14155340754171297
          },
          "coefficients_env2": {
            "Intercept": 0.33980031937100263,
            "bs(x0, df=4, degree=3)[0]": -0.615296258454731,
            "bs(x0, df=4, degree=3)[1]": 0.04453074438064608,
            "bs(x0, df=4, degree=3)[2]": -0.6791717587112898,
            "bs(x0, df=4, degree=3)[3]": -0.07892862990140509
          }
        },
        "has_functional_shift": true
      },
      "38": {
        "shifted_edges": [
          [
            12,
            38
          ]
        ],
        "test_details": {
          "y_node": 38,
          "parents": [
            12
          ],
          "functional_shift_detected": true,
          "p_value_overall": 1.1102230246251565e-16,
          "parent_specific_p_values": {
            "12": 1.1102230246251565e-16
          },
          "coefficients_env1": {
            "Intercept": 0.6884749000957008,
            "bs(x12, df=4, degree=3)[0]": 0.7231382532003514,
            "bs(x12, df=4, degree=3)[1]": -2.3729931385457865,
            "bs(x12, df=4, degree=3)[2]": 1.7503953441159004,
            "bs(x12, df=4, degree=3)[3]": -2.279957881537651
          },
          "coefficients_env2": {
            "Intercept": 0.6377343460723885,
            "bs(x12, df=4, degree=3)[0]": -1.9304558384061288,
            "bs(x12, df=4, degree=3)[1]": 1.0711182151769125,
            "bs(x12, df=4, degree=3)[2]": -0.3319820445572229,
            "bs(x12, df=4, degree=3)[3]": -1.8660454119279817
          }
        },
        "has_functional_shift": true
      },
      "7": {
        "shifted_edges": [
          [
            1,
            7
          ]
        ],
        "test_details": {
          "y_node": 7,
          "parents": [
            1
          ],
          "functional_shift_detected": true,
          "p_value_overall": 1.1102230246251565e-16,
          "parent_specific_p_values": {
            "1": 1.1102230246251565e-16
          },
          "coefficients_env1": {
            "Intercept": -0.9849787437608726,
            "bs(x1, df=4, degree=3)[0]": 3.36257125172585,
            "bs(x1, df=4, degree=3)[1]": -1.6346090248406027,
            "bs(x1, df=4, degree=3)[2]": 4.000694159956161,
            "bs(x1, df=4, degree=3)[3]": -2.3813467969388364
          },
          "coefficients_env2": {
            "Intercept": 0.1021744114993614,
            "bs(x1, df=4, degree=3)[0]": -1.7653556737100464,
            "bs(x1, df=4, degree=3)[1]": 1.967893224686388,
            "bs(x1, df=4, degree=3)[2]": -0.025133692446386885,
            "bs(x1, df=4, degree=3)[3]": 0.36315490032686987
          }
        },
        "has_functional_shift": true
      },
      "37": {
        "shifted_edges": [
          [
            7,
            37
          ]
        ],
        "test_details": {
          "y_node": 37,
          "parents": [
            7
          ],