{
  "dataset_info": {
    "seed": 231,
    "dataset_index": 10,
    "node_count": 40,
    "edge_count": 40,
    "graph_type": "ER",
    "shifted_nodes": [
      35,
      16,
      39,
      3,
      15,
      25,
      24,
      11
    ],
    "shift_types": {
      "35": [
        "sin_cos"
      ],
      "16": [
        "sin_cos"
      ],
      "39": [
        "sin_cos"
      ],
      "3": [
        "sin_cos"
      ],
      "15": [
        "noise_laplace"
      ],
      "25": [
        "noise_laplace"
      ],
      "24": [
        "noise_laplace"
      ],
      "11": [
        "noise_laplace"
      ]
    },
    "shift_case": "sin_cos_noise_laplace",
    "deleted_parents": {}
  },
  "model": "linearccp",
  "exp_type": "synthetic",
  "config_name": "ER",
  "device": "cuda:0",
  "linearccp": {
    "shifted_nodes": [
      3,
      4,
      11,
      14,
      15,
      16,
      18,
      22,
      24,
      25,
      32,
      33,
      34,
      35,
      37,
      39
    ],
    "functional_change_nodes": [
      3,
      4,
      16,
      18,
      22,
      32,
      33,
      34,
      35,
      37,
      39
    ],
    "noise_change_nodes": [
      3,
      4,
      11,
      14,
      15,
      16,
      22,
      24,
      25,
      33,
      35,
      37,
      39
    ],
    "node_results": {
      "3": {
        "is_shifted": true,
        "parents": [
          0
        ],
        "function_test": {
          "f_statistic": 2246.2336326850764,
          "p_value": 1.1102230246251565e-16,
          "is_function_changed": true,
          "beta_env1": [
            -0.00011377682871390436
          ],
          "beta_env2": [
            0.22358825810006325
          ]
        },
        "noise_test": {
          "ks_statistic": 0.07155999999999996,
          "p_value": 9.05512531080951e-112,
          "is_noise_changed": true
        }
      },
      "4": {
        "is_shifted": true,
        "parents": [
          3
        ],
        "function_test": {
          "f_statistic": 328.50257169560774,
          "p_value": 1.1102230246251565e-16,
          "is_function_changed": true,
          "beta_env1": [
            0.14381466398395282
          ],
          "beta_env2": [
            0.03656801305644831
          ]
        },
        "noise_test": {
          "ks_statistic": 0.012819999999999943,
          "p_value": 0.0005349982931983793,
          "is_noise_changed": true
        }
      },
      "5": {
        "is_shifted": false,
        "parents": [
          1
        ],
        "function_test": {
          "f_statistic": 0.03292192569416109,
          "p_value": 0.8560194515253141,
          "is_function_changed": false,
          "beta_env1": [
            0.004598993298423854
          ],
          "beta_env2": [
            0.0038117062165115264
          ]
        },
        "noise_test": {
          "ks_statistic": 0.002820000000000017,
          "p_value": 0.9883454746844783,
          "is_noise_changed": false
        }
      },
      "9": {
        "is_shifted": false,
        "parents": [
          4,
          8
        ],
        "function_test": {
          "f_statistic": 0.5887594033427753,
          "p_value": 0.5550173320598009,
          "is_function_changed": false,
          "beta_env1": [
            0.11706778608598475,
            -0.0020241344962059833
          ],
          "beta_env2": [
            0.11793455094068866,
            -0.007682670949222855
          ]
        },
        "noise_test": {
          "ks_statistic": 0.00766,
          "p_value": 0.10583225707257704,
          "is_noise_changed": false
        }
      },
      "11": {
        "is_shifted": true,
        "parents": [
          1
        ],
        "function_test": {
          "f_statistic": 0.9107273884696737,
          "p_value": 0.339923801674033,
          "is_function_changed": false,
          "beta_env1": [
            0.0010253598419363668
          ],
          "beta_env2": [
            -0.0037717701411298724
          ]
        },
        "noise_test": {
          "ks_statistic": 0.032420000000000004,
          "p_value": 2.904756676576166e-23,
          "is_noise_changed": true
        }
      },
      "13": {
        "is_shifted": false,
        "parents": [
          2
        ],
        "function_test": {
          "f_statistic": 2.5024627686929706,
          "p_value": 0.11367158303547031,
          "is_function_changed": false,
          "beta_env1": [
            -0.007361639385667935
          ],
          "beta_env2": [
            -0.0004551272897836192
          ]
        },
        "noise_test": {
          "ks_statistic": 0.0043199999999999905,
          "p_value": 0.7375112015123291,
          "is_noise_changed": false
        }
      },
      "14": {
        "is_shifted": true,
        "parents": [
          4
        ],
        "function_test": {
          "f_statistic": 0.000443330396312758,
          "p_value": 0.9832014946671599,
          "is_function_changed": false,
          "beta_env1": [
            0.12018907393741676
          ],
          "beta_env2": [
            0.12032157816075353
          ]
        },
        "noise_test": {
          "ks_statistic": 0.011880000000000002,
          "p_value": 0.001709333505464896,
          "is_noise_changed": true
        }
      },
      "15": {
        "is_shifted": true,
        "parents": [
          13
        ],
        "function_test": {
          "f_statistic": 0.0019979216251489735,
          "p_value": 0.9643480242077578,
          "is_function_changed": false,
          "beta_env1": [
            0.1458548570732445
          ],
          "beta_env2": [
            0.14618423852630316
          ]
        },
        "noise_test": {
          "ks_statistic": 0.040760000000000005,
          "p_value": 1.584368720192523e-36,
          "is_noise_changed": true
        }
      },
      "16": {
        "is_shifted": true,
        "parents": [
          4
        ],
        "function_test": {
          "f_statistic": 11.937461500415468,
          "p_value": 0.0005503919796413514,
          "is_function_changed": true,
          "beta_env1": [
            0.11726895178792952
          ],
          "beta_env2": [
            0.13971486437884567
          ]
        },
        "noise_test": {
          "ks_statistic": 0.052959999999999896,
          "p_value": 2.2058864201956974e-61,
          "is_noise_changed": true
        }
      },
      "17": {
        "is_shifted": false,
        "parents": [
          14
        ],
        "function_test": {
          "f_statistic": 2.168346459672108,
          "p_value": 0.14088078897187706,
          "is_function_changed": false,
          "beta_env1": [
            0.10581065623708986
          ],
          "beta_env2": [
            0.09676723198592083
          ]
        },
        "noise_test": {
          "ks_statistic": 0.004720000000000002,
          "p_value": 0.6316319558492014,
          "is_noise_changed": false
        }
      },
      "18": {
        "is_shifted": true,
        "parents": [
          5
        ],
        "function_test": {
          "f_statistic": 5.4019977277325015,
          "p_value": 0.02011570888654124,
          "is_function_changed": true,
          "beta_env1": [
            0.14751753292920272
          ],
          "beta_env2": [
            0.1326796358287002
          ]
        },
        "noise_test": {
          "ks_statistic": 0.0047800000000000065,
          "p_value": 0.6156718810338904,
          "is_noise_changed": false
        }
      },
      "20": {
        "is_shifted": false,
        "parents": [
          13
        ],
        "function_test": {
          "f_statistic": 2.9033479299309257,
          "p_value": 0.08839889072486318,
          "is_function_changed": false,
          "beta_env1": [
            0.1388803629142429
          ],
          "beta_env2": [
            0.14956916195338157
          ]
        },