{
  "dataset_info": {
    "seed": 251,
    "dataset_index": 30,
    "node_count": 40,
    "edge_count": 40,
    "graph_type": "ER",
    "shifted_nodes": [
      33,
      13,
      36,
      34,
      15,
      37,
      17,
      26
    ],
    "shift_types": {
      "33": [
        "noise_N02"
      ],
      "13": [
        "noise_N02"
      ],
      "36": [
        "noise_N02"
      ],
      "34": [
        "noise_N02"
      ],
      "15": [
        "noise_laplace"
      ],
      "37": [
        "noise_laplace"
      ],
      "17": [
        "noise_laplace"
      ],
      "26": [
        "noise_laplace"
      ]
    },
    "shift_case": "noise_N02_laplace",
    "deleted_parents": {}
  },
  "model": "linearccp",
  "exp_type": "synthetic",
  "config_name": "ER",
  "device": "cuda:0",
  "linearccp": {
    "shifted_nodes": [
      13,
      15,
      17,
      25,
      26,
      31,
      33,
      34,
      35,
      36,
      37
    ],
    "functional_change_nodes": [
      25,
      31,
      33,
      35
    ],
    "noise_change_nodes": [
      13,
      15,
      17,
      26,
      33,
      34,
      36,
      37
    ],
    "node_results": {
      "6": {
        "is_shifted": false,
        "parents": [
          0
        ],
        "function_test": {
          "f_statistic": 2.076948973929837,
          "p_value": 0.14954194815811162,
          "is_function_changed": false,
          "beta_env1": [
            -0.0027490663361377124
          ],
          "beta_env2": [
            0.003542880794160232
          ]
        },
        "noise_test": {
          "ks_statistic": 0.004860000000000003,
          "p_value": 0.5944880167061317,
          "is_noise_changed": false
        }
      },
      "8": {
        "is_shifted": false,
        "parents": [
          5
        ],
        "function_test": {
          "f_statistic": 1.956873795055388,
          "p_value": 0.16185115697001196,
          "is_function_changed": false,
          "beta_env1": [
            0.00749353267010543
          ],
          "beta_env2": [
            0.001390141866515031
          ]
        },
        "noise_test": {
          "ks_statistic": 0.004480000000000012,
          "p_value": 0.6955336223160618,
          "is_noise_changed": false
        }
      },
      "9": {
        "is_shifted": false,
        "parents": [
          7
        ],
        "function_test": {
          "f_statistic": 0.9455998393021452,
          "p_value": 0.33084420722462815,
          "is_function_changed": false,
          "beta_env1": [
            -0.0032303576516571654
          ],
          "beta_env2": [
            0.001036871548521432
          ]
        },
        "noise_test": {
          "ks_statistic": 0.0033800000000000496,
          "p_value": 0.9366497508056424,
          "is_noise_changed": false
        }
      },
      "11": {
        "is_shifted": false,
        "parents": [
          3
        ],
        "function_test": {
          "f_statistic": 0.009256426208014852,
          "p_value": 0.923353725261737,
          "is_function_changed": false,
          "beta_env1": [
            -0.003558879994504248
          ],
          "beta_env2": [
            -0.003139987532475711
          ]
        },
        "noise_test": {
          "ks_statistic": 0.0042200000000000015,
          "p_value": 0.7631618593486247,
          "is_noise_changed": false
        }
      },
      "12": {
        "is_shifted": false,
        "parents": [
          9
        ],
        "function_test": {
          "f_statistic": 0.001151807866730955,
          "p_value": 0.9729264235188994,
          "is_function_changed": false,
          "beta_env1": [
            0.14441567721588644
          ],
          "beta_env2": [
            0.14462876645431666
          ]
        },
        "noise_test": {
          "ks_statistic": 0.0036599999999999966,
          "p_value": 0.8899111024410605,
          "is_noise_changed": false
        }
      },
      "13": {
        "is_shifted": true,
        "parents": [
          10
        ],
        "function_test": {
          "f_statistic": 0.021723041135287304,
          "p_value": 0.8828265595645926,
          "is_function_changed": false,
          "beta_env1": [
            -0.0048854141903551885
          ],
          "beta_env2": [
            -0.004150176782312678
          ]
        },
        "noise_test": {
          "ks_statistic": 0.058520000000000016,
          "p_value": 7.311368379572168e-75,
          "is_noise_changed": true
        }
      },
      "15": {
        "is_shifted": true,
        "parents": [
          9,
          10
        ],
        "function_test": {
          "f_statistic": 1.4671511291039692,
          "p_value": 0.23058641073613284,
          "is_function_changed": false,
          "beta_env1": [
            0.13360237991479906,
            -0.003237539876658764
          ],
          "beta_env2": [
            0.14316679397341117,
            0.004348672744743631
          ]
        },
        "noise_test": {
          "ks_statistic": 0.033,
          "p_value": 4.351329923385606e-24,
          "is_noise_changed": true
        }
      },
      "16": {
        "is_shifted": false,
        "parents": [
          9
        ],
        "function_test": {
          "f_statistic": 2.5336667515907183,
          "p_value": 0.11144414232827948,
          "is_function_changed": false,
          "beta_env1": [
            0.13217091578692405
          ],
          "beta_env2": [
            0.14221145643106753
          ]
        },
        "noise_test": {
          "ks_statistic": 0.0035599999999999937,
          "p_value": 0.9081437720613834,
          "is_noise_changed": false
        }
      },
      "17": {
        "is_shifted": true,
        "parents": [
          4,
          6
        ],
        "function_test": {
          "f_statistic": 1.920009887203836,
          "p_value": 0.14661091741198973,
          "is_function_changed": false,
          "beta_env1": [
            0.006084793104871599,
            0.13385594752949428
          ],
          "beta_env2": [
            -0.005026944248215139,
            0.138191261955983
          ]
        },
        "noise_test": {
          "ks_statistic": 0.03172,
          "p_value": 2.7459821452258483e-22,
          "is_noise_changed": true
        }
      },
      "18": {
        "is_shifted": false,
        "parents": [
          7
        ],
        "function_test": {
          "f_statistic": 0.12568444345092702,
          "p_value": 0.7229499520305912,
          "is_function_changed": false,
          "beta_env1": [
            0.005181972747531015
          ],
          "beta_env2": [
            0.0036397321890742225
          ]
        },
        "noise_test": {
          "ks_statistic": 0.004259999999999986,
          "p_value": 0.7529700555236153,
          "is_noise_changed": false
        }
      },
      "20": {
        "is_shifted": false,
        "parents": [
          9
        ],
        "function_test": {
          "f_statistic": 0.14975304797040737,
          "p_value": 0.698772289765668,
          "is_function_changed": false,
          "beta_env1": [
            0.1366488905803219
          ],
          "beta_env2": [
            0.13908177002807476
          ]
        },
        "noise_test": {
          "ks_statistic": 0.0035800000000000276,
          "p_value": 0.9046288361286801,
          "is_noise_changed": false
        }
      },
      "25": {
        "is_shifted": true,
        "parents": [
          2,
          11,
          14,
          17
        ],
        "function_test": {
          "f_statistic": 5.046213048595938,
          "p_value": 0.00045951973436531013,
          "is_function_changed": true,
          "beta_env1": [
            -0.0037742352346828638,
            0.15122901740703676,
            0.00035567246223345693,
            0.022250638658209386
          ],