{
  "dataset_info": {
    "seed": 240,
    "dataset_index": 19,
    "node_count": 40,
    "edge_count": 40,
    "graph_type": "ER",
    "shifted_nodes": [
      30,
      7,
      32,
      21,
      31,
      10,
      36,
      8
    ],
    "shift_types": {
      "30": [
        "pa_delete"
      ],
      "7": [
        "pa_delete"
      ],
      "32": [
        "pa_delete"
      ],
      "21": [
        "pa_delete"
      ],
      "31": [
        "noise_laplace"
      ],
      "10": [
        "noise_laplace"
      ],
      "36": [
        "noise_laplace"
      ],
      "8": [
        "noise_laplace"
      ]
    },
    "shift_case": "pa_delete_noise_laplace",
    "deleted_parents": {
      "30": 4,
      "7": 4,
      "32": 8,
      "21": 0
    }
  },
  "model": "linearccp",
  "exp_type": "synthetic",
  "config_name": "ER",
  "device": "cuda:0",
  "linearccp": {
    "shifted_nodes": [
      2,
      7,
      8,
      10,
      14,
      16,
      17,
      18,
      21,
      22,
      26,
      30,
      31,
      32,
      36,
      39
    ],
    "functional_change_nodes": [
      2,
      14,
      16,
      17,
      18,
      22,
      26,
      32,
      39
    ],
    "noise_change_nodes": [
      7,
      8,
      10,
      17,
      18,
      21,
      22,
      30,
      31,
      32,
      36,
      39
    ],
    "node_results": {
      "2": {
        "is_shifted": true,
        "parents": [
          1
        ],
        "function_test": {
          "f_statistic": 8.81426813824398,
          "p_value": 0.002989549244905798,
          "is_function_changed": true,
          "beta_env1": [
            -0.007567349665981672
          ],
          "beta_env2": [
            0.005355005772761917
          ]
        },
        "noise_test": {
          "ks_statistic": 0.0047800000000000065,
          "p_value": 0.6156718810338904,
          "is_noise_changed": false
        }
      },
      "7": {
        "is_shifted": true,
        "parents": [
          4
        ],
        "function_test": {
          "f_statistic": 0.10012157042202303,
          "p_value": 0.7516844540216836,
          "is_function_changed": false,
          "beta_env1": [
            -0.005104077891358121
          ],
          "beta_env2": [
            -0.006817960202475911
          ]
        },
        "noise_test": {
          "ks_statistic": 0.11110000000000009,
          "p_value": 3.1744424539750184e-269,
          "is_noise_changed": true
        }
      },
      "8": {
        "is_shifted": true,
        "parents": [
          5
        ],
        "function_test": {
          "f_statistic": 0.9035487237306797,
          "p_value": 0.3418342440927712,
          "is_function_changed": false,
          "beta_env1": [
            0.0024149531721960786
          ],
          "beta_env2": [
            0.0071758678092835575
          ]
        },
        "noise_test": {
          "ks_statistic": 0.03252000000000001,
          "p_value": 2.0989422048490385e-23,
          "is_noise_changed": true
        }
      },
      "10": {
        "is_shifted": true,
        "parents": [
          1,
          9
        ],
        "function_test": {
          "f_statistic": 2.5847077901426445,
          "p_value": 0.07542315306385383,
          "is_function_changed": false,
          "beta_env1": [
            0.0010297750371778705,
            0.0007132452297813779
          ],
          "beta_env2": [
            0.005553045809457411,
            -0.011768823729143493
          ]
        },
        "noise_test": {
          "ks_statistic": 0.02194,
          "p_value": 6.933835361899646e-11,
          "is_noise_changed": true
        }
      },
      "12": {
        "is_shifted": false,
        "parents": [
          11
        ],
        "function_test": {
          "f_statistic": 2.7516419787425077,
          "p_value": 0.09715774562476176,
          "is_function_changed": false,
          "beta_env1": [
            -0.009949116944574829
          ],
          "beta_env2": [
            -0.002726572051569479
          ]
        },
        "noise_test": {
          "ks_statistic": 0.004259999999999986,
          "p_value": 0.7529700555236153,
          "is_noise_changed": false
        }
      },
      "14": {
        "is_shifted": true,
        "parents": [
          5
        ],
        "function_test": {
          "f_statistic": 3.935709792503448,
          "p_value": 0.04727391779366097,
          "is_function_changed": true,
          "beta_env1": [
            0.0057247424879531056
          ],
          "beta_env2": [
            -0.0028731216538847
          ]
        },
        "noise_test": {
          "ks_statistic": 0.004039999999999988,
          "p_value": 0.8075792965488224,
          "is_noise_changed": false
        }
      },
      "16": {
        "is_shifted": true,
        "parents": [
          4,
          8
        ],
        "function_test": {
          "f_statistic": 93.42314679716449,
          "p_value": 1.1102230246251565e-16,
          "is_function_changed": true,
          "beta_env1": [
            -0.0075811801900468176,
            0.1523411193456358
          ],
          "beta_env2": [
            0.0029876946900610634,
            0.059441204607680924
          ]
        },
        "noise_test": {
          "ks_statistic": 0.008199999999999985,
          "p_value": 0.06894950283837509,
          "is_noise_changed": false
        }
      },
      "17": {
        "is_shifted": true,
        "parents": [
          7,
          12
        ],
        "function_test": {
          "f_statistic": 213.81355035825007,
          "p_value": 1.1102230246251565e-16,
          "is_function_changed": true,
          "beta_env1": [
            0.13719880004243315,
            0.14679917083670935
          ],
          "beta_env2": [
            0.003141485980472853,
            0.14933605137461167
          ]
        },
        "noise_test": {
          "ks_statistic": 0.012480000000000047,
          "p_value": 0.0008227209116923637,
          "is_noise_changed": true
        }
      },
      "18": {
        "is_shifted": true,
        "parents": [
          8,
          17
        ],
        "function_test": {
          "f_statistic": 94.86388734272072,
          "p_value": 1.1102230246251565e-16,
          "is_function_changed": true,
          "beta_env1": [
            0.15800499862277007,
            0.0019511479145750757
          ],
          "beta_env2": [
            0.054870305427684965,
            0.020025364778412314
          ]
        },
        "noise_test": {
          "ks_statistic": 0.009379999999999944,
          "p_value": 0.02441945744673457,
          "is_noise_changed": true
        }
      },
      "21": {
        "is_shifted": true,
        "parents": [
          0,
          12
        ],
        "function_test": {
          "f_statistic": 0.16585495012963192,
          "p_value": 0.8471693400984164,
          "is_function_changed": false,
          "beta_env1": [
            0.002443332244792217,
            0.15366193371778533
          ],
          "beta_env2": [
            0.0018598442632849423,
            0.14974710586580844
          ]
        },
        "noise_test": {
          "ks_statistic": 0.04432000000000001,
          "p_value": 4.135381886219117e-43,
          "is_noise_changed": true
        }
      },
      "22": {
        "is_shifted": true,
        "parents": [
          21
        ],
        "function_test": {
          "f_statistic": 202.69519999956245,
          "p_value": 1.1102230246251565e-16,
          "is_function_changed": true,
          "beta_env1": [
            0.016421330453468046
          ],
          "beta_env2": [
            0.1061584629807512
          ]
        },
        "noise_test": {
          "ks_statistic": 0.033440000000000025,
          "p_value": 1.0078338350123295e-24,
          "is_noise_changed": true
        }
      },
      "23": {
        "is_shifted": false,