{
  "dataset_info": {
    "seed": 224,
    "dataset_index": 3,
    "node_count": 40,
    "edge_count": 40,
    "graph_type": "ER",
    "shifted_nodes": [
      10,
      23,
      36,
      28,
      13,
      27,
      19,
      38
    ],
    "shift_types": {
      "10": [
        "sin_cos"
      ],
      "23": [
        "sin_cos"
      ],
      "36": [
        "sin_cos"
      ],
      "28": [
        "sin_cos"
      ],
      "13": [
        "noise_N02"
      ],
      "27": [
        "noise_N02"
      ],
      "19": [
        "noise_N02"
      ],
      "38": [
        "noise_N02"
      ]
    },
    "shift_case": "sin_cos_noise_N02",
    "deleted_parents": {}
  },
  "model": "linearccp",
  "exp_type": "synthetic",
  "config_name": "ER",
  "device": "cuda:0",
  "linearccp": {
    "shifted_nodes": [
      10,
      13,
      19,
      23,
      27,
      28,
      32,
      36,
      37,
      38
    ],
    "functional_change_nodes": [
      10,
      19,
      23,
      28,
      32,
      36,
      37
    ],
    "noise_change_nodes": [
      10,
      13,
      19,
      23,
      27,
      28,
      32,
      36,
      37,
      38
    ],
    "node_results": {
      "10": {
        "is_shifted": true,
        "parents": [
          6
        ],
        "function_test": {
          "f_statistic": 2208.109373553832,
          "p_value": 1.1102230246251565e-16,
          "is_function_changed": true,
          "beta_env1": [
            0.007167997068479987
          ],
          "beta_env2": [
            0.2287990733355922
          ]
        },
        "noise_test": {
          "ks_statistic": 0.07046000000000008,
          "p_value": 2.2758073557063317e-108,
          "is_noise_changed": true
        }
      },
      "13": {
        "is_shifted": true,
        "parents": [
          1
        ],
        "function_test": {
          "f_statistic": 0.2766611175424785,
          "p_value": 0.5988992028213576,
          "is_function_changed": false,
          "beta_env1": [
            0.004570506350994934
          ],
          "beta_env2": [
            0.007187576162960701
          ]
        },
        "noise_test": {
          "ks_statistic": 0.05508000000000002,
          "p_value": 2.3062114511136312e-66,
          "is_noise_changed": true
        }
      },
      "16": {
        "is_shifted": false,
        "parents": [
          4,
          12
        ],
        "function_test": {
          "f_statistic": 0.6276789102016399,
          "p_value": 0.5338315334691177,
          "is_function_changed": false,
          "beta_env1": [
            -0.005760067666423066,
            0.0024234722257509976
          ],
          "beta_env2": [
            -0.001516182610303137,
            -0.001608562753054557
          ]
        },
        "noise_test": {
          "ks_statistic": 0.0043400000000000105,
          "p_value": 0.7323179467578325,
          "is_noise_changed": false
        }
      },
      "18": {
        "is_shifted": false,
        "parents": [
          5
        ],
        "function_test": {
          "f_statistic": 3.062854660196691,
          "p_value": 0.08010389748232705,
          "is_function_changed": false,
          "beta_env1": [
            -0.0066862765031000145
          ],
          "beta_env2": [
            0.0009436069826925032
          ]
        },
        "noise_test": {
          "ks_statistic": 0.0046800000000000175,
          "p_value": 0.6422924421567748,
          "is_noise_changed": false
        }
      },
      "19": {
        "is_shifted": true,
        "parents": [
          0,
          1,
          13
        ],
        "function_test": {
          "f_statistic": 255.7234319616119,
          "p_value": 1.1102230246251565e-16,
          "is_function_changed": true,
          "beta_env1": [
            0.005325913988435497,
            -0.03615905798147856,
            0.5169418892732032
          ],
          "beta_env2": [
            -0.0005691951112568928,
            -0.050003321370510945,
            0.2837198402280834
          ]
        },
        "noise_test": {
          "ks_statistic": 0.04704,
          "p_value": 1.639327935068992e-48,
          "is_noise_changed": true
        }
      },
      "22": {
        "is_shifted": false,
        "parents": [
          17
        ],
        "function_test": {
          "f_statistic": 2.5090637749706475,
          "p_value": 0.1131963229408045,
          "is_function_changed": false,
          "beta_env1": [
            0.0014262573696766977
          ],
          "beta_env2": [
            0.008345529460273338
          ]
        },
        "noise_test": {
          "ks_statistic": 0.004140000000000005,
          "p_value": 0.7832226944512938,
          "is_noise_changed": false
        }
      },
      "23": {
        "is_shifted": true,
        "parents": [
          11,
          20
        ],
        "function_test": {
          "f_statistic": 1385.8176563798163,
          "p_value": 1.1102230246251565e-16,
          "is_function_changed": true,
          "beta_env1": [
            0.0027983735813356344,
            -0.00019382468437013393
          ],
          "beta_env2": [
            0.21099293603188773,
            0.2247363688209778
          ]
        },
        "noise_test": {
          "ks_statistic": 0.07779999999999998,
          "p_value": 4.640007648232541e-132,
          "is_noise_changed": true
        }
      },
      "25": {
        "is_shifted": false,
        "parents": [
          11,
          12
        ],
        "function_test": {
          "f_statistic": 0.7670286414498392,
          "p_value": 0.4643936244490452,
          "is_function_changed": false,
          "beta_env1": [
            0.00411587012126435,
            -0.00198125082624596
          ],
          "beta_env2": [
            -0.0014014166468071672,
            0.001410959156523408
          ]
        },
        "noise_test": {
          "ks_statistic": 0.0049200000000000355,
          "p_value": 0.5787027367268573,
          "is_noise_changed": false
        }
      },
      "26": {
        "is_shifted": false,
        "parents": [
          2,
          19
        ],
        "function_test": {
          "f_statistic": 0.8199294436986314,
          "p_value": 0.4404656921470991,
          "is_function_changed": false,
          "beta_env1": [
            0.00393961686563901,
            -0.10147048444638214
          ],
          "beta_env2": [
            -0.0016224677808829957,
            -0.0958331967154438
          ]
        },
        "noise_test": {
          "ks_statistic": 0.005699999999999983,
          "p_value": 0.3895606742630373,
          "is_noise_changed": false
        }
      },
      "27": {
        "is_shifted": true,
        "parents": [
          7
        ],
        "function_test": {
          "f_statistic": 2.5227366305222407,
          "p_value": 0.11221885158189948,
          "is_function_changed": false,
          "beta_env1": [
            -0.004115677732324142
          ],
          "beta_env2": [
            0.003819847024403116
          ]
        },
        "noise_test": {
          "ks_statistic": 0.05548,
          "p_value": 2.518674821164661e-67,
          "is_noise_changed": true
        }
      },
      "28": {
        "is_shifted": true,
        "parents": [
          2,
          17,
          22
        ],
        "function_test": {
          "f_statistic": 1295.769980180141,
          "p_value": 1.1102230246251565e-16,
          "is_function_changed": true,
          "beta_env1": [
            0.005032174475395797,
            -0.0346653000853564,
            0.5258010986194906
          ],
          "beta_env2": [
            0.2166958314316316,
            0.2157434471041595,
            0.19138025147560128
          ]
        },
        "noise_test": {
          "ks_statistic": 0.07198000000000004,
          "p_value": 4.41228292115945e-113,
          "is_noise_changed": true
        }
      },