{
  "dataset_info": {
    "seed": 235,
    "dataset_index": 14,
    "node_count": 40,
    "edge_count": 40,
    "graph_type": "ER",
    "shifted_nodes": [
      19,
      27,
      39,
      6,
      24,
      28,
      14,
      25
    ],
    "shift_types": {
      "19": [
        "pa_delete"
      ],
      "27": [
        "pa_delete"
      ],
      "39": [
        "pa_delete"
      ],
      "6": [
        "pa_delete"
      ],
      "24": [
        "noise_N02"
      ],
      "28": [
        "noise_N02"
      ],
      "14": [
        "noise_N02"
      ],
      "25": [
        "noise_N02"
      ]
    },
    "shift_case": "pa_delete_noise_N02",
    "deleted_parents": {
      "19": 15,
      "27": 12,
      "39": 4,
      "6": 5
    }
  },
  "model": "linearccp",
  "exp_type": "synthetic",
  "config_name": "ER",
  "device": "cuda:0",
  "linearccp": {
    "shifted_nodes": [
      6,
      8,
      14,
      19,
      21,
      24,
      25,
      27,
      28,
      29,
      31,
      35,
      36,
      37,
      39
    ],
    "functional_change_nodes": [
      8,
      21,
      25,
      27,
      29,
      31,
      35,
      36,
      37
    ],
    "noise_change_nodes": [
      6,
      14,
      19,
      21,
      24,
      25,
      27,
      28,
      36,
      37,
      39
    ],
    "node_results": {
      "6": {
        "is_shifted": true,
        "parents": [
          5
        ],
        "function_test": {
          "f_statistic": 0.0025262280206124602,
          "p_value": 0.9599140275009492,
          "is_function_changed": false,
          "beta_env1": [
            0.008709390332802288
          ],
          "beta_env2": [
            0.008983241703826845
          ]
        },
        "noise_test": {
          "ks_statistic": 0.10960000000000003,
          "p_value": 5.37021942062472e-262,
          "is_noise_changed": true
        }
      },
      "8": {
        "is_shifted": true,
        "parents": [
          4
        ],
        "function_test": {
          "f_statistic": 3.8613459079043775,
          "p_value": 0.049413440920670015,
          "is_function_changed": true,
          "beta_env1": [
            -0.00310587122769579
          ],
          "beta_env2": [
            0.005506412640757011
          ]
        },
        "noise_test": {
          "ks_statistic": 0.007400000000000018,
          "p_value": 0.12872692439452837,
          "is_noise_changed": false
        }
      },
      "14": {
        "is_shifted": true,
        "parents": [
          2
        ],
        "function_test": {
          "f_statistic": 0.7564332838117163,
          "p_value": 0.3844491149877106,
          "is_function_changed": false,
          "beta_env1": [
            -0.0033607882839354754
          ],
          "beta_env2": [
            0.0009665985473610159
          ]
        },
        "noise_test": {
          "ks_statistic": 0.053320000000000006,
          "p_value": 3.2480165280269166e-62,
          "is_noise_changed": true
        }
      },
      "17": {
        "is_shifted": false,
        "parents": [
          0
        ],
        "function_test": {
          "f_statistic": 2.631219732817079,
          "p_value": 0.10478434358611566,
          "is_function_changed": false,
          "beta_env1": [
            -0.0036245344016021096
          ],
          "beta_env2": [
            0.0034604897765878224
          ]
        },
        "noise_test": {
          "ks_statistic": 0.004699999999999982,
          "p_value": 0.6369608008888301,
          "is_noise_changed": false
        }
      },
      "19": {
        "is_shifted": true,
        "parents": [
          15
        ],
        "function_test": {
          "f_statistic": 0.08316444268654423,
          "p_value": 0.77305459103001,
          "is_function_changed": false,
          "beta_env1": [
            0.004994079764238954
          ],
          "beta_env2": [
            0.006564459831129101
          ]
        },
        "noise_test": {
          "ks_statistic": 0.11353999999999997,
          "p_value": 3.398790701449918e-281,
          "is_noise_changed": true
        }
      },
      "21": {
        "is_shifted": true,
        "parents": [
          19
        ],
        "function_test": {
          "f_statistic": 621.6438749674038,
          "p_value": 1.1102230246251565e-16,
          "is_function_changed": true,
          "beta_env1": [
            0.13957941398599008
          ],
          "beta_env2": [
            0.004618010236027978
          ]
        },
        "noise_test": {
          "ks_statistic": 0.022639999999999993,
          "p_value": 1.4554502813888937e-11,
          "is_noise_changed": true
        }
      },
      "23": {
        "is_shifted": false,
        "parents": [
          5
        ],
        "function_test": {
          "f_statistic": 3.500803479771339,
          "p_value": 0.06134198091553189,
          "is_function_changed": false,
          "beta_env1": [
            0.006415222090253087
          ],
          "beta_env2": [
            -0.0017650586588025133
          ]
        },
        "noise_test": {
          "ks_statistic": 0.0046599999999999975,
          "p_value": 0.6476258819471477,
          "is_noise_changed": false
        }
      },
      "24": {
        "is_shifted": true,
        "parents": [
          7,
          9
        ],
        "function_test": {
          "f_statistic": 2.5933253885458907,
          "p_value": 0.07477601253445487,
          "is_function_changed": false,
          "beta_env1": [
            0.004518852426178555,
            -0.0028049692245915078
          ],
          "beta_env2": [
            0.00407555816623002,
            -0.016056427006215384
          ]
        },
        "noise_test": {
          "ks_statistic": 0.04016,
          "p_value": 1.7992116598129723e-35,
          "is_noise_changed": true
        }
      },
      "25": {
        "is_shifted": true,
        "parents": [
          5,
          7,
          12,
          16,
          21
        ],
        "function_test": {
          "f_statistic": 2.4482096134582605,
          "p_value": 0.03163713469603291,
          "is_function_changed": true,
          "beta_env1": [
            0.012395816276965113,
            0.006150410272185304,
            0.005358791590169174,
            0.0024665806781633015,
            0.12370284744724118
          ],
          "beta_env2": [
            0.00590987317429657,
            0.000279389818654871,
            -0.011502155593467912,
            0.002833228292606149,
            0.15065955267194206
          ]
        },
        "noise_test": {
          "ks_statistic": 0.029700000000000004,
          "p_value": 1.3630177924052986e-19,
          "is_noise_changed": true
        }
      },
      "27": {
        "is_shifted": true,
        "parents": [
          12,
          25
        ],
        "function_test": {
          "f_statistic": 188.2982681175117,
          "p_value": 1.1102230246251565e-16,
          "is_function_changed": true,
          "beta_env1": [
            -0.0020756254665267255,
            -0.01634326030315047
          ],
          "beta_env2": [
            0.002841325685752683,
            -0.12472348862061038
          ]
        },
        "noise_test": {
          "ks_statistic": 0.01968000000000003,
          "p_value": 7.665092386868826e-09,
          "is_noise_changed": true
        }
      },
      "28": {
        "is_shifted": true,
        "parents": [
          2,
          15,
          18
        ],
        "function_test": {
          "f_statistic": 2.2352396391117773,
          "p_value": 0.08190003312490768,
          "is_function_changed": false,
          "beta_env1": [
            0.004108444165457798,
            0.001111642703381106,
            0.002156277902664353
          ],
          "beta_env2": [
            -0.011038129516517009,
            -0.0037684251607282256,
            -0.002974721233474779
          ]
        },