{
  "dataset_info": {
    "seed": 246,
    "dataset_index": 25,
    "node_count": 40,
    "edge_count": 40,
    "graph_type": "ER",
    "shifted_nodes": [
      32,
      31,
      28,
      29,
      14,
      21,
      17,
      25
    ],
    "shift_types": {
      "32": [
        "sin_cos"
      ],
      "31": [
        "sin_cos"
      ],
      "28": [
        "sin_cos"
      ],
      "29": [
        "sin_cos"
      ],
      "14": [
        "pa_delete"
      ],
      "21": [
        "pa_delete"
      ],
      "17": [
        "pa_delete"
      ],
      "25": [
        "pa_delete"
      ]
    },
    "shift_case": "sin_cos_pa_delete",
    "deleted_parents": {
      "14": 6,
      "21": 13,
      "17": 0,
      "25": 11
    }
  },
  "model": "linearccp",
  "exp_type": "synthetic",
  "config_name": "ER",
  "device": "cuda:0",
  "linearccp": {
    "shifted_nodes": [
      14,
      16,
      17,
      20,
      21,
      25,
      28,
      29,
      30,
      31,
      32,
      33,
      34,
      38,
      39
    ],
    "functional_change_nodes": [
      14,
      16,
      20,
      21,
      28,
      29,
      30,
      31,
      32,
      33,
      34,
      38,
      39
    ],
    "noise_change_nodes": [
      14,
      17,
      21,
      25,
      28,
      29,
      30,
      31,
      32,
      33,
      34,
      38,
      39
    ],
    "node_results": {
      "2": {
        "is_shifted": false,
        "parents": [
          0
        ],
        "function_test": {
          "f_statistic": 0.8332319831737475,
          "p_value": 0.36134182991728603,
          "is_function_changed": false,
          "beta_env1": [
            -0.004498913332588989
          ],
          "beta_env2": [
            -0.000517134797514502
          ]
        },
        "noise_test": {
          "ks_statistic": 0.003740000000000021,
          "p_value": 0.8741886338147937,
          "is_noise_changed": false
        }
      },
      "5": {
        "is_shifted": false,
        "parents": [
          4
        ],
        "function_test": {
          "f_statistic": 0.06380795204196245,
          "p_value": 0.8005760256999368,
          "is_function_changed": false,
          "beta_env1": [
            -0.00013293867718550397
          ],
          "beta_env2": [
            0.0009710957985838069
          ]
        },
        "noise_test": {
          "ks_statistic": 0.006220000000000003,
          "p_value": 0.286962683403707,
          "is_noise_changed": false
        }
      },
      "6": {
        "is_shifted": false,
        "parents": [
          5
        ],
        "function_test": {
          "f_statistic": 0.9040994466584442,
          "p_value": 0.3416871699893085,
          "is_function_changed": false,
          "beta_env1": [
            0.14326560650754958
          ],
          "beta_env2": [
            0.14926925256628382
          ]
        },
        "noise_test": {
          "ks_statistic": 0.003420000000000034,
          "p_value": 0.9308137128090231,
          "is_noise_changed": false
        }
      },
      "12": {
        "is_shifted": false,
        "parents": [
          8
        ],
        "function_test": {
          "f_statistic": 0.024909129126020876,
          "p_value": 0.8745940222268703,
          "is_function_changed": false,
          "beta_env1": [
            0.002359330626402763
          ],
          "beta_env2": [
            0.0016704425837280972
          ]
        },
        "noise_test": {
          "ks_statistic": 0.005659999999999998,
          "p_value": 0.3983092785621598,
          "is_noise_changed": false
        }
      },
      "13": {
        "is_shifted": false,
        "parents": [
          9
        ],
        "function_test": {
          "f_statistic": 0.05309321225454708,
          "p_value": 0.8177661695837671,
          "is_function_changed": false,
          "beta_env1": [
            0.0021444290125743927
          ],
          "beta_env2": [
            0.0011362867357315048
          ]
        },
        "noise_test": {
          "ks_statistic": 0.006540000000000046,
          "p_value": 0.23423990760497604,
          "is_noise_changed": false
        }
      },
      "14": {
        "is_shifted": true,
        "parents": [
          6
        ],
        "function_test": {
          "f_statistic": 215.8953164738448,
          "p_value": 1.1102230246251565e-16,
          "is_function_changed": true,
          "beta_env1": [
            0.11226611965047728
          ],
          "beta_env2": [
            -0.0023231176616472058
          ]
        },
        "noise_test": {
          "ks_statistic": 0.10786000000000001,
          "p_value": 9.782297260194445e-254,
          "is_noise_changed": true
        }
      },
      "15": {
        "is_shifted": false,
        "parents": [
          13
        ],
        "function_test": {
          "f_statistic": 1.0899945167016787,
          "p_value": 0.29647494762385096,
          "is_function_changed": false,
          "beta_env1": [
            0.1488792468806554
          ],
          "beta_env2": [
            0.14227477831603894
          ]
        },
        "noise_test": {
          "ks_statistic": 0.005140000000000033,
          "p_value": 0.5219305734232791,
          "is_noise_changed": false
        }
      },
      "16": {
        "is_shifted": true,
        "parents": [
          9
        ],
        "function_test": {
          "f_statistic": 8.136767120798886,
          "p_value": 0.0043385445640292675,
          "is_function_changed": true,
          "beta_env1": [
            0.0032798438551867124
          ],
          "beta_env2": [
            -0.009172976503606125
          ]
        },
        "noise_test": {
          "ks_statistic": 0.0041400000000000325,
          "p_value": 0.7832226944512868,
          "is_noise_changed": false
        }
      },
      "17": {
        "is_shifted": true,
        "parents": [
          0,
          3
        ],
        "function_test": {
          "f_statistic": 1.530850520031593,
          "p_value": 0.21635664815711064,
          "is_function_changed": false,
          "beta_env1": [
            -0.0030519250939212775,
            -0.001170572157406097
          ],
          "beta_env2": [
            -0.00472082303460349,
            0.007100133819227441
          ]
        },
        "noise_test": {
          "ks_statistic": 0.05074000000000001,
          "p_value": 2.2346279930685857e-56,
          "is_noise_changed": true
        }
      },
      "19": {
        "is_shifted": false,
        "parents": [
          16
        ],
        "function_test": {
          "f_statistic": 0.666071493519392,
          "p_value": 0.4144265693724174,
          "is_function_changed": false,
          "beta_env1": [
            0.14140369323795357
          ],
          "beta_env2": [
            0.1465542950642232
          ]
        },
        "noise_test": {
          "ks_statistic": 0.0038599999999999746,
          "p_value": 0.8488795355638314,
          "is_noise_changed": false
        }
      },
      "20": {
        "is_shifted": true,
        "parents": [
          3
        ],
        "function_test": {
          "f_statistic": 4.067203808048303,
          "p_value": 0.04372626375726163,
          "is_function_changed": true,
          "beta_env1": [
            0.0017014560945924422
          ],
          "beta_env2": [
            0.010501658271124457
          ]
        },
        "noise_test": {
          "ks_statistic": 0.0050200000000000244,
          "p_value": 0.5526531116608314,
          "is_noise_changed": false
        }
      },
      "21": {
        "is_shifted": true,
        "parents": [
          4,
          13
        ],
        "function_test": {
          "f_statistic": 222.02126115019445,
          "p_value": 1.1102230246251565e-16,
          "is_function_changed": true,