{
  "dataset_info": {
    "seed": 238,
    "dataset_index": 17,
    "node_count": 40,
    "edge_count": 40,
    "graph_type": "ER",
    "shifted_nodes": [
      38,
      35,
      37,
      34,
      15,
      36,
      27,
      10
    ],
    "shift_types": {
      "38": [
        "pa_delete"
      ],
      "35": [
        "pa_delete"
      ],
      "37": [
        "pa_delete"
      ],
      "34": [
        "pa_delete"
      ],
      "15": [
        "noise_laplace"
      ],
      "36": [
        "noise_laplace"
      ],
      "27": [
        "noise_laplace"
      ],
      "10": [
        "noise_laplace"
      ]
    },
    "shift_case": "pa_delete_noise_laplace",
    "deleted_parents": {
      "38": 37,
      "35": 29,
      "37": 5,
      "34": 14
    }
  },
  "model": "linearccp",
  "exp_type": "synthetic",
  "config_name": "ER",
  "device": "cuda:0",
  "linearccp": {
    "shifted_nodes": [
      10,
      15,
      27,
      32,
      34,
      35,
      36,
      37,
      38
    ],
    "functional_change_nodes": [
      32,
      35,
      36,
      37,
      38
    ],
    "noise_change_nodes": [
      10,
      15,
      27,
      32,
      34,
      35,
      36,
      37,
      38
    ],
    "node_results": {
      "3": {
        "is_shifted": false,
        "parents": [
          1
        ],
        "function_test": {
          "f_statistic": 2.630657208761046,
          "p_value": 0.10482147106987227,
          "is_function_changed": false,
          "beta_env1": [
            -0.007431610144126883
          ],
          "beta_env2": [
            -0.00033114348332877224
          ]
        },
        "noise_test": {
          "ks_statistic": 0.005900000000000016,
          "p_value": 0.34762437946916913,
          "is_noise_changed": false
        }
      },
      "10": {
        "is_shifted": true,
        "parents": [
          5,
          9
        ],
        "function_test": {
          "f_statistic": 0.3366732773861191,
          "p_value": 0.7141429376903896,
          "is_function_changed": false,
          "beta_env1": [
            -0.0007511029355367326,
            0.0005330950410158703
          ],
          "beta_env2": [
            0.003005264522179816,
            0.0034447349255195448
          ]
        },
        "noise_test": {
          "ks_statistic": 0.025759999999999998,
          "p_value": 7.623742052541582e-15,
          "is_noise_changed": true
        }
      },
      "15": {
        "is_shifted": true,
        "parents": [
          0
        ],
        "function_test": {
          "f_statistic": 2.9944850821989557,
          "p_value": 0.08355155417467153,
          "is_function_changed": false,
          "beta_env1": [
            -0.003463670034337699
          ],
          "beta_env2": [
            0.0051627884138028745
          ]
        },
        "noise_test": {
          "ks_statistic": 0.034359999999999995,
          "p_value": 4.445945356161e-26,
          "is_noise_changed": true
        }
      },
      "17": {
        "is_shifted": false,
        "parents": [
          2,
          3
        ],
        "function_test": {
          "f_statistic": 1.5010915725492204,
          "p_value": 0.2228917527878519,
          "is_function_changed": false,
          "beta_env1": [
            -0.0023573661311098834,
            0.15004098457669246
          ],
          "beta_env2": [
            -0.006959721957308485,
            0.13888378660240547
          ]
        },
        "noise_test": {
          "ks_statistic": 0.007000000000000006,
          "p_value": 0.1716739738666162,
          "is_noise_changed": false
        }
      },
      "19": {
        "is_shifted": false,
        "parents": [
          1,
          11
        ],
        "function_test": {
          "f_statistic": 0.0011048709829887995,
          "p_value": 0.9988957391744177,
          "is_function_changed": false,
          "beta_env1": [
            0.0008921299053793424,
            0.00047180634664660266
          ],
          "beta_env2": [
            0.0008725710963103626,
            0.00022740682856045133
          ]
        },
        "noise_test": {
          "ks_statistic": 0.0049799999999999844,
          "p_value": 0.5630295973864953,
          "is_noise_changed": false
        }
      },
      "20": {
        "is_shifted": false,
        "parents": [
          2
        ],
        "function_test": {
          "f_statistic": 0.4517703410195325,
          "p_value": 0.5014969973463719,
          "is_function_changed": false,
          "beta_env1": [
            -0.003075725082338223
          ],
          "beta_env2": [
            -0.0001375866452042397
          ]
        },
        "noise_test": {
          "ks_statistic": 0.005120000000000013,
          "p_value": 0.527004901129307,
          "is_noise_changed": false
        }
      },
      "22": {
        "is_shifted": false,
        "parents": [
          17
        ],
        "function_test": {
          "f_statistic": 2.0468091658325855,
          "p_value": 0.15252868975965794,
          "is_function_changed": false,
          "beta_env1": [
            0.014580206373593313
          ],
          "beta_env2": [
            0.023357362400977327
          ]
        },
        "noise_test": {
          "ks_statistic": 0.0045000000000000595,
          "p_value": 0.6902320574078991,
          "is_noise_changed": false
        }
      },
      "24": {
        "is_shifted": false,
        "parents": [
          0,
          20
        ],
        "function_test": {
          "f_statistic": 2.7555342641731735,
          "p_value": 0.06357987225395134,
          "is_function_changed": false,
          "beta_env1": [
            -0.0029748465897874417,
            0.13289570264299974
          ],
          "beta_env2": [
            0.0066654487133844835,
            0.14386592129275882
          ]
        },
        "noise_test": {
          "ks_statistic": 0.005099999999999993,
          "p_value": 0.5320984781533314,
          "is_noise_changed": false
        }
      },
      "27": {
        "is_shifted": true,
        "parents": [
          8,
          18
        ],
        "function_test": {
          "f_statistic": 0.630731654683702,
          "p_value": 0.5322043875723308,
          "is_function_changed": false,
          "beta_env1": [
            -0.0018060885626244878,
            -0.004176086950517521
          ],
          "beta_env2": [
            -0.0030593458948355457,
            -0.01056004493439337
          ]
        },
        "noise_test": {
          "ks_statistic": 0.021820000000000006,
          "p_value": 9.016954981908159e-11,
          "is_noise_changed": true
        }
      },
      "28": {
        "is_shifted": false,
        "parents": [
          12
        ],
        "function_test": {
          "f_statistic": 2.0984232976784982,
          "p_value": 0.14745425673338353,
          "is_function_changed": false,
          "beta_env1": [
            0.0003924547870546746
          ],
          "beta_env2": [
            -0.005928139164223412
          ]
        },
        "noise_test": {
          "ks_statistic": 0.007000000000000006,
          "p_value": 0.1716739738666162,
          "is_noise_changed": false
        }
      },
      "29": {
        "is_shifted": false,
        "parents": [
          12,
          25
        ],
        "function_test": {
          "f_statistic": 0.5939554736707204,
          "p_value": 0.5521409364393565,
          "is_function_changed": false,
          "beta_env1": [
            -0.0013294903996840751,
            0.0004575744930048921
          ],
          "beta_env2": [
            -0.006523682257464122,
            -0.001869912879387038
          ]
        },
        "noise_test": {
          "ks_statistic": 0.004060000000000008,
          "p_value": 0.8027793720659009,
          "is_noise_changed": false
        }
      },
      "30": {
        "is_shifted": false,