{
  "dataset_info": {
    "seed": 239,
    "dataset_index": 18,
    "node_count": 40,
    "edge_count": 40,
    "graph_type": "ER",
    "shifted_nodes": [
      19,
      28,
      29,
      31,
      25,
      35,
      34,
      9
    ],
    "shift_types": {
      "19": [
        "pa_delete"
      ],
      "28": [
        "pa_delete"
      ],
      "29": [
        "pa_delete"
      ],
      "31": [
        "pa_delete"
      ],
      "25": [
        "noise_laplace"
      ],
      "35": [
        "noise_laplace"
      ],
      "34": [
        "noise_laplace"
      ],
      "9": [
        "noise_laplace"
      ]
    },
    "shift_case": "pa_delete_noise_laplace",
    "deleted_parents": {
      "19": 9,
      "28": 16,
      "29": 14,
      "31": 6
    }
  },
  "model": "linearccp",
  "exp_type": "synthetic",
  "config_name": "ER",
  "device": "cuda:0",
  "linearccp": {
    "shifted_nodes": [
      9,
      19,
      25,
      26,
      28,
      29,
      31,
      34,
      35,
      37,
      38
    ],
    "functional_change_nodes": [
      19,
      26,
      28,
      31,
      34,
      35,
      37,
      38
    ],
    "noise_change_nodes": [
      9,
      19,
      25,
      28,
      29,
      31,
      34,
      35
    ],
    "node_results": {
      "9": {
        "is_shifted": true,
        "parents": [
          4,
          5
        ],
        "function_test": {
          "f_statistic": 0.13707259490368248,
          "p_value": 0.8719070916661834,
          "is_function_changed": false,
          "beta_env1": [
            0.00037266206428978737,
            0.0014051029896417755
          ],
          "beta_env2": [
            -0.0010759746216835403,
            -0.0012816017531741407
          ]
        },
        "noise_test": {
          "ks_statistic": 0.025020000000000008,
          "p_value": 4.995601739588457e-14,
          "is_noise_changed": true
        }
      },
      "12": {
        "is_shifted": false,
        "parents": [
          11
        ],
        "function_test": {
          "f_statistic": 0.5942030982751095,
          "p_value": 0.44080021499777045,
          "is_function_changed": false,
          "beta_env1": [
            -0.002001934144010986
          ],
          "beta_env2": [
            -0.0053588946329037705
          ]
        },
        "noise_test": {
          "ks_statistic": 0.003920000000000007,
          "p_value": 0.835521598869681,
          "is_noise_changed": false
        }
      },
      "15": {
        "is_shifted": false,
        "parents": [
          13
        ],
        "function_test": {
          "f_statistic": 0.06264649293142346,
          "p_value": 0.802361427145467,
          "is_function_changed": false,
          "beta_env1": [
            -0.00012891546822521254
          ],
          "beta_env2": [
            -0.0012228898340163397
          ]
        },
        "noise_test": {
          "ks_statistic": 0.0042800000000000615,
          "p_value": 0.747838581447507,
          "is_noise_changed": false
        }
      },
      "18": {
        "is_shifted": false,
        "parents": [
          12
        ],
        "function_test": {
          "f_statistic": 1.651154801309753,
          "p_value": 0.1988048056290408,
          "is_function_changed": false,
          "beta_env1": [
            0.13874175134726313
          ],
          "beta_env2": [
            0.1468821136411385
          ]
        },
        "noise_test": {
          "ks_statistic": 0.0049799999999999844,
          "p_value": 0.5630295973864953,
          "is_noise_changed": false
        }
      },
      "19": {
        "is_shifted": true,
        "parents": [
          9
        ],
        "function_test": {
          "f_statistic": 26.8261062647792,
          "p_value": 2.2303998170603023e-07,
          "is_function_changed": true,
          "beta_env1": [
            0.0347079801434354
          ],
          "beta_env2": [
            0.0016844334692514833
          ]
        },
        "noise_test": {
          "ks_statistic": 0.06934000000000001,
          "p_value": 5.818999492166575e-105,
          "is_noise_changed": true
        }
      },
      "22": {
        "is_shifted": false,
        "parents": [
          20
        ],
        "function_test": {
          "f_statistic": 0.2877497417750201,
          "p_value": 0.5916673635958729,
          "is_function_changed": false,
          "beta_env1": [
            0.006944689734787137
          ],
          "beta_env2": [
            0.004607263437624718
          ]
        },
        "noise_test": {
          "ks_statistic": 0.0036599999999999966,
          "p_value": 0.8899111024410605,
          "is_noise_changed": false
        }
      },
      "23": {
        "is_shifted": false,
        "parents": [
          20,
          21
        ],
        "function_test": {
          "f_statistic": 0.9089222389647874,
          "p_value": 0.40296161199227165,
          "is_function_changed": false,
          "beta_env1": [
            -0.0004300547710258694,
            0.0070872470135318255
          ],
          "beta_env2": [
            0.0013595191459401508,
            0.000275664904134675
          ]
        },
        "noise_test": {
          "ks_statistic": 0.005959999999999965,
          "p_value": 0.3356421513604638,
          "is_noise_changed": false
        }
      },
      "25": {
        "is_shifted": true,
        "parents": [
          5,
          12
        ],
        "function_test": {
          "f_statistic": 0.5679824948086607,
          "p_value": 0.5666693691101388,
          "is_function_changed": false,
          "beta_env1": [
            0.00025831960380667406,
            0.14319933669423723
          ],
          "beta_env2": [
            0.00520234590866171,
            0.14877629192694045
          ]
        },
        "noise_test": {
          "ks_statistic": 0.029160000000000005,
          "p_value": 6.685089530540716e-19,
          "is_noise_changed": true
        }
      },
      "26": {
        "is_shifted": true,
        "parents": [
          21
        ],
        "function_test": {
          "f_statistic": 4.965822665285847,
          "p_value": 0.02585522878173563,
          "is_function_changed": true,
          "beta_env1": [
            0.001970747346261957
          ],
          "beta_env2": [
            -0.007751931421321103
          ]
        },
        "noise_test": {
          "ks_statistic": 0.0036400000000000043,
          "p_value": 0.8936873313961072,
          "is_noise_changed": false
        }
      },
      "27": {
        "is_shifted": false,
        "parents": [
          15,
          16
        ],
        "function_test": {
          "f_statistic": 2.2978027679559814,
          "p_value": 0.10048468336551153,
          "is_function_changed": false,
          "beta_env1": [
            0.13113756951854338,
            -0.004097220630826816
          ],
          "beta_env2": [
            0.1274382327102341,
            0.0067324396194130415
          ]
        },
        "noise_test": {
          "ks_statistic": 0.0029000000000000137,
          "p_value": 0.9841511328850719,
          "is_noise_changed": false
        }
      },
      "28": {
        "is_shifted": true,
        "parents": [
          1,
          2,
          7,
          11,
          16,
          27
        ],
        "function_test": {
          "f_statistic": 139.68150900415012,
          "p_value": 1.1102230246251565e-16,
          "is_function_changed": true,
          "beta_env1": [
            -0.003883310986722376,
            -0.011971663112299552,
            -0.009455355640124872,
            0.004367389810625658,
            -0.038083735711393965,
            0.29044545077650447
          ],