{
  "dataset_info": {
    "seed": 223,
    "dataset_index": 2,
    "node_count": 40,
    "edge_count": 40,
    "graph_type": "ER",
    "shifted_nodes": [
      17,
      39,
      27,
      33,
      19,
      23,
      35,
      12
    ],
    "shift_types": {
      "17": [
        "sin_cos"
      ],
      "39": [
        "sin_cos"
      ],
      "27": [
        "sin_cos"
      ],
      "33": [
        "sin_cos"
      ],
      "19": [
        "noise_N02"
      ],
      "23": [
        "noise_N02"
      ],
      "35": [
        "noise_N02"
      ],
      "12": [
        "noise_N02"
      ]
    },
    "shift_case": "sin_cos_noise_N02",
    "deleted_parents": {}
  },
  "model": "linearccp",
  "exp_type": "synthetic",
  "config_name": "ER",
  "device": "cuda:0",
  "linearccp": {
    "shifted_nodes": [
      12,
      17,
      19,
      22,
      23,
      27,
      29,
      33,
      35,
      39
    ],
    "functional_change_nodes": [
      17,
      19,
      22,
      27,
      29,
      33,
      39
    ],
    "noise_change_nodes": [
      12,
      17,
      19,
      23,
      27,
      33,
      35,
      39
    ],
    "node_results": {
      "7": {
        "is_shifted": false,
        "parents": [
          0
        ],
        "function_test": {
          "f_statistic": 0.002482261520665186,
          "p_value": 0.9602640958782708,
          "is_function_changed": false,
          "beta_env1": [
            0.003365323199931297
          ],
          "beta_env2": [
            0.0031478525333302593
          ]
        },
        "noise_test": {
          "ks_statistic": 0.004379999999999995,
          "p_value": 0.7218788415520923,
          "is_noise_changed": false
        }
      },
      "8": {
        "is_shifted": false,
        "parents": [
          7
        ],
        "function_test": {
          "f_statistic": 0.16404431492654392,
          "p_value": 0.685460850022984,
          "is_function_changed": false,
          "beta_env1": [
            0.14601564801918643
          ],
          "beta_env2": [
            0.1485778253679188
          ]
        },
        "noise_test": {
          "ks_statistic": 0.0048400000000000665,
          "p_value": 0.5997710035186803,
          "is_noise_changed": false
        }
      },
      "10": {
        "is_shifted": false,
        "parents": [
          8
        ],
        "function_test": {
          "f_statistic": 0.22488175190669252,
          "p_value": 0.635346215684743,
          "is_function_changed": false,
          "beta_env1": [
            0.11074670506660855
          ],
          "beta_env2": [
            0.11371667802041956
          ]
        },
        "noise_test": {
          "ks_statistic": 0.0035200000000000786,
          "p_value": 0.9149700525923342,
          "is_noise_changed": false
        }
      },
      "11": {
        "is_shifted": false,
        "parents": [
          9
        ],
        "function_test": {
          "f_statistic": 0.009611796822276024,
          "p_value": 0.9219009087732066,
          "is_function_changed": false,
          "beta_env1": [
            -0.0042196654695201416
          ],
          "beta_env2": [
            -0.003792873662329504
          ]
        },
        "noise_test": {
          "ks_statistic": 0.0029200000000000337,
          "p_value": 0.9829559361820991,
          "is_noise_changed": false
        }
      },
      "12": {
        "is_shifted": true,
        "parents": [
          11
        ],
        "function_test": {
          "f_statistic": 0.3733560232241789,
          "p_value": 0.5411819957826738,
          "is_function_changed": false,
          "beta_env1": [
            0.1458601335959427
          ],
          "beta_env2": [
            0.14133760496626094
          ]
        },
        "noise_test": {
          "ks_statistic": 0.06948000000000001,
          "p_value": 2.197267388733841e-105,
          "is_noise_changed": true
        }
      },
      "13": {
        "is_shifted": false,
        "parents": [
          7,
          11
        ],
        "function_test": {
          "f_statistic": 0.11874595054331671,
          "p_value": 0.8880335017290695,
          "is_function_changed": false,
          "beta_env1": [
            0.15101578139255237,
            0.14793597311852902
          ],
          "beta_env2": [
            0.14798734768353738,
            0.14578668132173375
          ]
        },
        "noise_test": {
          "ks_statistic": 0.0047000000000000375,
          "p_value": 0.6369608008888155,
          "is_noise_changed": false
        }
      },
      "14": {
        "is_shifted": false,
        "parents": [
          11
        ],
        "function_test": {
          "f_statistic": 0.018653128986455863,
          "p_value": 0.8913658605305748,
          "is_function_changed": false,
          "beta_env1": [
            0.144767938015548
          ],
          "beta_env2": [
            0.14562896935169387
          ]
        },
        "noise_test": {
          "ks_statistic": 0.005019999999999997,
          "p_value": 0.5526531116608386,
          "is_noise_changed": false
        }
      },
      "15": {
        "is_shifted": false,
        "parents": [
          5,
          10
        ],
        "function_test": {
          "f_statistic": 2.3857170150868314,
          "p_value": 0.09202821197672695,
          "is_function_changed": false,
          "beta_env1": [
            -0.0005220284943112646,
            0.12550597924565196
          ],
          "beta_env2": [
            -0.002629027180262752,
            0.10955366078969514
          ]
        },
        "noise_test": {
          "ks_statistic": 0.0029200000000000337,
          "p_value": 0.9829559361820991,
          "is_noise_changed": false
        }
      },
      "16": {
        "is_shifted": false,
        "parents": [
          5,
          6,
          15
        ],
        "function_test": {
          "f_statistic": 0.10056060607754526,
          "p_value": 0.9597116674557837,
          "is_function_changed": false,
          "beta_env1": [
            -0.038663590596326285,
            -0.0029590675783911086,
            0.3089923250677881
          ],
          "beta_env2": [
            -0.03851764247200391,
            0.0003427286036321031,
            0.3100930854753624
          ]
        },
        "noise_test": {
          "ks_statistic": 0.003980000000000011,
          "p_value": 0.8217424912264963,
          "is_noise_changed": false
        }
      },
      "17": {
        "is_shifted": true,
        "parents": [
          1
        ],
        "function_test": {
          "f_statistic": 2117.181266421155,
          "p_value": 1.1102230246251565e-16,
          "is_function_changed": true,
          "beta_env1": [
            -0.003991231960685735
          ],
          "beta_env2": [
            0.21317543382823126
          ]
        },
        "noise_test": {
          "ks_statistic": 0.07050000000000001,
          "p_value": 1.7156048575420197e-108,
          "is_noise_changed": true
        }
      },
      "19": {
        "is_shifted": true,
        "parents": [
          17
        ],
        "function_test": {
          "f_statistic": 252.33064247874768,
          "p_value": 1.1102230246251565e-16,
          "is_function_changed": true,
          "beta_env1": [
            0.1489811770927961
          ],
          "beta_env2": [
            0.03896690752526045
          ]
        },
        "noise_test": {
          "ks_statistic": 0.07261999999999999,
          "p_value": 4.268145847185763e-115,
          "is_noise_changed": true
        }
      },
      "21": {
        "is_shifted": false,
        "parents": [
          0
        ],
        "function_test": {
          "f_statistic": 0.5441405942281685,
          "p_value": 0.46072350854397204,
          "is_function_changed": false,
          "beta_env1": [
            0.0032949270319204507
          ],