{
  "dataset_info": {
    "seed": 241,
    "dataset_index": 20,
    "node_count": 40,
    "edge_count": 40,
    "graph_type": "ER",
    "shifted_nodes": [
      24,
      5,
      30,
      27,
      8,
      38,
      33,
      12
    ],
    "shift_types": {
      "24": [
        "pa_delete"
      ],
      "5": [
        "pa_delete"
      ],
      "30": [
        "pa_delete"
      ],
      "27": [
        "pa_delete"
      ],
      "8": [
        "noise_laplace"
      ],
      "38": [
        "noise_laplace"
      ],
      "33": [
        "noise_laplace"
      ],
      "12": [
        "noise_laplace"
      ]
    },
    "shift_case": "pa_delete_noise_laplace",
    "deleted_parents": {
      "24": 5,
      "5": 2,
      "30": 10,
      "27": 13
    }
  },
  "model": "linearccp",
  "exp_type": "synthetic",
  "config_name": "ER",
  "device": "cuda:0",
  "linearccp": {
    "shifted_nodes": [
      5,
      8,
      12,
      16,
      18,
      19,
      22,
      24,
      25,
      27,
      30,
      33,
      38
    ],
    "functional_change_nodes": [
      16,
      18,
      19,
      22,
      24,
      25,
      27,
      30
    ],
    "noise_change_nodes": [
      5,
      8,
      12,
      16,
      18,
      19,
      22,
      24,
      25,
      27,
      30,
      33,
      38
    ],
    "node_results": {
      "4": {
        "is_shifted": false,
        "parents": [
          1
        ],
        "function_test": {
          "f_statistic": 0.10729355317137033,
          "p_value": 0.743247364877609,
          "is_function_changed": false,
          "beta_env1": [
            -0.0025729127959672683
          ],
          "beta_env2": [
            -0.0011438945221385005
          ]
        },
        "noise_test": {
          "ks_statistic": 0.0043400000000000105,
          "p_value": 0.7323179467578325,
          "is_noise_changed": false
        }
      },
      "5": {
        "is_shifted": true,
        "parents": [
          2
        ],
        "function_test": {
          "f_statistic": 0.2582211076480367,
          "p_value": 0.6113460408194842,
          "is_function_changed": false,
          "beta_env1": [
            -0.0009062156048978604
          ],
          "beta_env2": [
            0.0018576548882869547
          ]
        },
        "noise_test": {
          "ks_statistic": 0.11038000000000003,
          "p_value": 9.630735414027994e-266,
          "is_noise_changed": true
        }
      },
      "8": {
        "is_shifted": true,
        "parents": [
          4
        ],
        "function_test": {
          "f_statistic": 1.8220434122716358,
          "p_value": 0.1770732917233392,
          "is_function_changed": false,
          "beta_env1": [
            0.13629553887420134
          ],
          "beta_env2": [
            0.14627165829200614
          ]
        },
        "noise_test": {
          "ks_statistic": 0.04058,
          "p_value": 3.29662293917667e-36,
          "is_noise_changed": true
        }
      },
      "9": {
        "is_shifted": false,
        "parents": [
          3
        ],
        "function_test": {
          "f_statistic": 2.1269914576795164,
          "p_value": 0.14472771013194252,
          "is_function_changed": false,
          "beta_env1": [
            0.0019118568568237651
          ],
          "beta_env2": [
            -0.0044550661678050794
          ]
        },
        "noise_test": {
          "ks_statistic": 0.005619999999999958,
          "p_value": 0.4071753360318425,
          "is_noise_changed": false
        }
      },
      "10": {
        "is_shifted": false,
        "parents": [
          0
        ],
        "function_test": {
          "f_statistic": 0.573523863728752,
          "p_value": 0.44886379928514153,
          "is_function_changed": false,
          "beta_env1": [
            -0.0027677729006037825
          ],
          "beta_env2": [
            0.0005489407410658097
          ]
        },
        "noise_test": {
          "ks_statistic": 0.003280000000000005,
          "p_value": 0.9499591129886273,
          "is_noise_changed": false
        }
      },
      "12": {
        "is_shifted": true,
        "parents": [
          9
        ],
        "function_test": {
          "f_statistic": 0.00980292507936894,
          "p_value": 0.9211307493416242,
          "is_function_changed": false,
          "beta_env1": [
            0.14191420909603125
          ],
          "beta_env2": [
            0.14118304129206366
          ]
        },
        "noise_test": {
          "ks_statistic": 0.04174,
          "p_value": 2.770910840156894e-38,
          "is_noise_changed": true
        }
      },
      "13": {
        "is_shifted": false,
        "parents": [
          4
        ],
        "function_test": {
          "f_statistic": 0.2557252883449262,
          "p_value": 0.6130733823908725,
          "is_function_changed": false,
          "beta_env1": [
            0.14312814727041262
          ],
          "beta_env2": [
            0.14632319345794778
          ]
        },
        "noise_test": {
          "ks_statistic": 0.00651999999999997,
          "p_value": 0.23730699369681763,
          "is_noise_changed": false
        }
      },
      "14": {
        "is_shifted": false,
        "parents": [
          4
        ],
        "function_test": {
          "f_statistic": 0.13930305537499751,
          "p_value": 0.7089756459827046,
          "is_function_changed": false,
          "beta_env1": [
            0.14455899564619334
          ],
          "beta_env2": [
            0.1421981726527432
          ]
        },
        "noise_test": {
          "ks_statistic": 0.00541999999999998,
          "p_value": 0.4532034928954899,
          "is_noise_changed": false
        }
      },
      "16": {
        "is_shifted": true,
        "parents": [
          12
        ],
        "function_test": {
          "f_statistic": 258.88350097317544,
          "p_value": 1.1102230246251565e-16,
          "is_function_changed": true,
          "beta_env1": [
            0.11883433150481722
          ],
          "beta_env2": [
            0.026544415208310426
          ]
        },
        "noise_test": {
          "ks_statistic": 0.01434000000000002,
          "p_value": 6.782552906503752e-05,
          "is_noise_changed": true
        }
      },
      "18": {
        "is_shifted": true,
        "parents": [
          5
        ],
        "function_test": {
          "f_statistic": 660.736259461595,
          "p_value": 1.1102230246251565e-16,
          "is_function_changed": true,
          "beta_env1": [
            0.14255135480763023
          ],
          "beta_env2": [
            0.002340904229244606
          ]
        },
        "noise_test": {
          "ks_statistic": 0.018919999999999992,
          "p_value": 3.325527382772688e-08,
          "is_noise_changed": true
        }
      },
      "19": {
        "is_shifted": true,
        "parents": [
          12
        ],
        "function_test": {
          "f_statistic": 248.15333677678566,
          "p_value": 1.1102230246251565e-16,
          "is_function_changed": true,
          "beta_env1": [
            0.11588730613953076
          ],
          "beta_env2": [
            0.025719408052682417
          ]
        },
        "noise_test": {
          "ks_statistic": 0.014700000000000046,
          "p_value": 4.020270422306354e-05,
          "is_noise_changed": true
        }
      },
      "20": {
        "is_shifted": false,
        "parents": [
          13
        ],
        "function_test": {
          "f_statistic": 0.8436809535295916,
          "p_value": 0.3583483494334031,
          "is_function_changed": false,
          "beta_env1": [
            0.1191656644628037
          ],
          "beta_env2": [
            0.11344148632223244
          ]
        },
        "noise_test": {
          "ks_statistic": 0.004420000000000007,
          "p_value": 0.7113781617572084,