{
  "dataset_info": {
    "seed": 225,
    "dataset_index": 4,
    "node_count": 40,
    "edge_count": 40,
    "graph_type": "ER",
    "shifted_nodes": [
      8,
      37,
      38,
      39,
      29,
      34,
      28,
      21
    ],
    "shift_types": {
      "8": [
        "sin_cos"
      ],
      "37": [
        "sin_cos"
      ],
      "38": [
        "sin_cos"
      ],
      "39": [
        "sin_cos"
      ],
      "29": [
        "noise_N02"
      ],
      "34": [
        "noise_N02"
      ],
      "28": [
        "noise_N02"
      ],
      "21": [
        "noise_N02"
      ]
    },
    "shift_case": "sin_cos_noise_N02",
    "deleted_parents": {}
  },
  "model": "linearccp",
  "exp_type": "synthetic",
  "config_name": "ER",
  "device": "cuda:0",
  "linearccp": {
    "shifted_nodes": [
      8,
      16,
      21,
      22,
      28,
      29,
      32,
      34,
      36,
      37,
      38,
      39
    ],
    "functional_change_nodes": [
      8,
      16,
      22,
      32,
      36,
      37,
      38,
      39
    ],
    "noise_change_nodes": [
      8,
      16,
      21,
      22,
      28,
      29,
      32,
      34,
      36,
      37,
      38,
      39
    ],
    "node_results": {
      "4": {
        "is_shifted": false,
        "parents": [
          0
        ],
        "function_test": {
          "f_statistic": 3.2071475767302213,
          "p_value": 0.07332021998424909,
          "is_function_changed": false,
          "beta_env1": [
            -0.0025405376476008777
          ],
          "beta_env2": [
            0.0052559098672203585
          ]
        },
        "noise_test": {
          "ks_statistic": 0.006419999999999981,
          "p_value": 0.25309407878476164,
          "is_noise_changed": false
        }
      },
      "8": {
        "is_shifted": true,
        "parents": [
          6
        ],
        "function_test": {
          "f_statistic": 2191.844673015657,
          "p_value": 1.1102230246251565e-16,
          "is_function_changed": true,
          "beta_env1": [
            0.0030336670543329248
          ],
          "beta_env2": [
            0.2245099049002405
          ]
        },
        "noise_test": {
          "ks_statistic": 0.07250000000000001,
          "p_value": 1.021664459577569e-114,
          "is_noise_changed": true
        }
      },
      "9": {
        "is_shifted": false,
        "parents": [
          3,
          4
        ],
        "function_test": {
          "f_statistic": 1.246560092271893,
          "p_value": 0.28749651157110556,
          "is_function_changed": false,
          "beta_env1": [
            -0.000824610080057801,
            0.14616378213763798
          ],
          "beta_env2": [
            0.0022955669782602412,
            0.15717200352881505
          ]
        },
        "noise_test": {
          "ks_statistic": 0.0028000000000000247,
          "p_value": 0.9892548425551102,
          "is_noise_changed": false
        }
      },
      "10": {
        "is_shifted": false,
        "parents": [
          2
        ],
        "function_test": {
          "f_statistic": 1.1191659802085343,
          "p_value": 0.2901006663850103,
          "is_function_changed": false,
          "beta_env1": [
            -0.005597869050586456
          ],
          "beta_env2": [
            -0.0009814133293870719
          ]
        },
        "noise_test": {
          "ks_statistic": 0.004640000000000033,
          "p_value": 0.6529601030662076,
          "is_noise_changed": false
        }
      },
      "13": {
        "is_shifted": false,
        "parents": [
          3,
          4,
          10
        ],
        "function_test": {
          "f_statistic": 0.5216059511878031,
          "p_value": 0.6673941875762706,
          "is_function_changed": false,
          "beta_env1": [
            -0.003352092844767168,
            0.14230832829647427,
            0.14747741072527815
          ],
          "beta_env2": [
            -0.0019592954575570875,
            0.1528052869178324,
            0.14656191869833435
          ]
        },
        "noise_test": {
          "ks_statistic": 0.0042200000000000015,
          "p_value": 0.7631618593486247,
          "is_noise_changed": false
        }
      },
      "16": {
        "is_shifted": true,
        "parents": [
          8
        ],
        "function_test": {
          "f_statistic": 290.45790953577904,
          "p_value": 1.1102230246251565e-16,
          "is_function_changed": true,
          "beta_env1": [
            0.13592168819264397
          ],
          "beta_env2": [
            0.034864728408258806
          ]
        },
        "noise_test": {
          "ks_statistic": 0.011180000000000079,
          "p_value": 0.0038332416054483376,
          "is_noise_changed": true
        }
      },
      "21": {
        "is_shifted": true,
        "parents": [
          10
        ],
        "function_test": {
          "f_statistic": 0.0007380877318726045,
          "p_value": 0.9783259761652056,
          "is_function_changed": false,
          "beta_env1": [
            0.1417808621114628
          ],
          "beta_env2": [
            0.14198306485090434
          ]
        },
        "noise_test": {
          "ks_statistic": 0.06798000000000001,
          "p_value": 6.746445540287719e-101,
          "is_noise_changed": true
        }
      },
      "22": {
        "is_shifted": true,
        "parents": [
          16
        ],
        "function_test": {
          "f_statistic": 11.096176688977968,
          "p_value": 0.0008653718730305959,
          "is_function_changed": true,
          "beta_env1": [
            0.10634123476684886
          ],
          "beta_env2": [
            0.12722239418084175
          ]
        },
        "noise_test": {
          "ks_statistic": 0.010440000000000005,
          "p_value": 0.008535028462908932,
          "is_noise_changed": true
        }
      },
      "25": {
        "is_shifted": false,
        "parents": [
          10,
          12,
          24
        ],
        "function_test": {
          "f_statistic": 0.23089272033505648,
          "p_value": 0.8749245036994729,
          "is_function_changed": false,
          "beta_env1": [
            0.1407887652635296,
            0.006130923780093691,
            -0.0006441258732383709
          ],
          "beta_env2": [
            0.14477877556841737,
            0.0024879846150493825,
            -0.0024415451656637065
          ]
        },
        "noise_test": {
          "ks_statistic": 0.007419999999999996,
          "p_value": 0.12683301084806853,
          "is_noise_changed": false
        }
      },
      "27": {
        "is_shifted": false,
        "parents": [
          0,
          19
        ],
        "function_test": {
          "f_statistic": 1.3851654351926135,
          "p_value": 0.25028719322308035,
          "is_function_changed": false,
          "beta_env1": [
            -0.00499169502597976,
            0.0020923036709801822
          ],
          "beta_env2": [
            0.00229485456651926,
            -0.0027160529285813148
          ]
        },
        "noise_test": {
          "ks_statistic": 0.0044200000000000905,
          "p_value": 0.7113781617571864,
          "is_noise_changed": false
        }
      },
      "28": {
        "is_shifted": true,
        "parents": [
          6
        ],
        "function_test": {
          "f_statistic": 0.542477720930544,
          "p_value": 0.46140941654479606,
          "is_function_changed": false,
          "beta_env1": [
            -0.0017033596826999964
          ],
          "beta_env2": [
            0.0020034011423704584
          ]
        },
        "noise_test": {
          "ks_statistic": 0.05396000000000001,
          "p_value": 1.0438043771250131e-63,
          "is_noise_changed": true
        }
      },
      "29": {
        "is_shifted": true,
        "parents": [
          10
        ],