{
  "dataset_info": {
    "seed": 222,
    "dataset_index": 1,
    "node_count": 40,
    "edge_count": 40,
    "graph_type": "ER",
    "shifted_nodes": [
      15,
      26,
      8,
      25,
      33,
      36,
      3,
      35
    ],
    "shift_types": {
      "15": [
        "sin_cos"
      ],
      "26": [
        "sin_cos"
      ],
      "8": [
        "sin_cos"
      ],
      "25": [
        "sin_cos"
      ],
      "33": [
        "noise_N02"
      ],
      "36": [
        "noise_N02"
      ],
      "3": [
        "noise_N02"
      ],
      "35": [
        "noise_N02"
      ]
    },
    "shift_case": "sin_cos_noise_N02",
    "deleted_parents": {}
  },
  "model": "linearccp",
  "exp_type": "synthetic",
  "config_name": "ER",
  "device": "cuda:0",
  "linearccp": {
    "shifted_nodes": [
      3,
      8,
      15,
      24,
      25,
      26,
      33,
      34,
      35,
      36,
      37
    ],
    "functional_change_nodes": [
      8,
      15,
      24,
      25,
      26,
      34,
      36,
      37
    ],
    "noise_change_nodes": [
      3,
      8,
      15,
      24,
      25,
      26,
      33,
      34,
      35,
      36
    ],
    "node_results": {
      "3": {
        "is_shifted": true,
        "parents": [
          1
        ],
        "function_test": {
          "f_statistic": 0.0006420317265689432,
          "p_value": 0.9797851394260396,
          "is_function_changed": false,
          "beta_env1": [
            -0.0016944207703425117
          ],
          "beta_env2": [
            -0.0015677957326662058
          ]
        },
        "noise_test": {
          "ks_statistic": 0.057540000000000036,
          "p_value": 2.1765801046244925e-72,
          "is_noise_changed": true
        }
      },
      "8": {
        "is_shifted": true,
        "parents": [
          4
        ],
        "function_test": {
          "f_statistic": 2341.7718867409844,
          "p_value": 1.1102230246251565e-16,
          "is_function_changed": true,
          "beta_env1": [
            -0.0037373605909145143
          ],
          "beta_env2": [
            0.22451150924249821
          ]
        },
        "noise_test": {
          "ks_statistic": 0.0744800000000001,
          "p_value": 4.7219719957142274e-121,
          "is_noise_changed": true
        }
      },
      "10": {
        "is_shifted": false,
        "parents": [
          9
        ],
        "function_test": {
          "f_statistic": 0.3760556199804264,
          "p_value": 0.539723193029618,
          "is_function_changed": false,
          "beta_env1": [
            -0.002291723136965384
          ],
          "beta_env2": [
            -0.004964088582895503
          ]
        },
        "noise_test": {
          "ks_statistic": 0.0036000000000000476,
          "p_value": 0.9010471710483667,
          "is_noise_changed": false
        }
      },
      "15": {
        "is_shifted": true,
        "parents": [
          14
        ],
        "function_test": {
          "f_statistic": 2108.4708506634065,
          "p_value": 1.1102230246251565e-16,
          "is_function_changed": true,
          "beta_env1": [
            0.0014033892590567996
          ],
          "beta_env2": [
            0.21715923077673446
          ]
        },
        "noise_test": {
          "ks_statistic": 0.07076000000000005,
          "p_value": 2.7229753970835913e-109,
          "is_noise_changed": true
        }
      },
      "17": {
        "is_shifted": false,
        "parents": [
          7,
          11
        ],
        "function_test": {
          "f_statistic": 0.43499801269005556,
          "p_value": 0.6472671782396959,
          "is_function_changed": false,
          "beta_env1": [
            -0.003775317283011133,
            -0.000543023654342767
          ],
          "beta_env2": [
            0.001071997785354174,
            -0.0009335284175876049
          ]
        },
        "noise_test": {
          "ks_statistic": 0.0040200000000000236,
          "p_value": 0.812340722703403,
          "is_noise_changed": false
        }
      },
      "18": {
        "is_shifted": false,
        "parents": [
          9
        ],
        "function_test": {
          "f_statistic": 2.9926649524606606,
          "p_value": 0.08364549902119034,
          "is_function_changed": false,
          "beta_env1": [
            0.002057599777760944
          ],
          "beta_env2": [
            -0.005463858410291806
          ]
        },
        "noise_test": {
          "ks_statistic": 0.0029799999999999965,
          "p_value": 0.9789967701043314,
          "is_noise_changed": false
        }
      },
      "20": {
        "is_shifted": false,
        "parents": [
          18
        ],
        "function_test": {
          "f_statistic": 0.5335230294121368,
          "p_value": 0.4651311703434672,
          "is_function_changed": false,
          "beta_env1": [
            0.1518827588588119
          ],
          "beta_env2": [
            0.147247287803229
          ]
        },
        "noise_test": {
          "ks_statistic": 0.005960000000000021,
          "p_value": 0.33564215136045283,
          "is_noise_changed": false
        }
      },
      "23": {
        "is_shifted": false,
        "parents": [
          1,
          10,
          21
        ],
        "function_test": {
          "f_statistic": 0.9924968581156012,
          "p_value": 0.3951132964253412,
          "is_function_changed": false,
          "beta_env1": [
            -0.0021228337642621156,
            0.14733723965346993,
            -0.002253060428681362
          ],
          "beta_env2": [
            0.005406514021525605,
            0.15586365776107652,
            0.0012232394064048393
          ]
        },
        "noise_test": {
          "ks_statistic": 0.0047599999999999865,
          "p_value": 0.6209865473005058,
          "is_noise_changed": false
        }
      },
      "24": {
        "is_shifted": true,
        "parents": [
          15
        ],
        "function_test": {
          "f_statistic": 278.61930019386267,
          "p_value": 1.1102230246251565e-16,
          "is_function_changed": true,
          "beta_env1": [
            0.13254326189368082
          ],
          "beta_env2": [
            0.03333604830532234
          ]
        },
        "noise_test": {
          "ks_statistic": 0.012880000000000003,
          "p_value": 0.0004952776809377191,
          "is_noise_changed": true
        }
      },
      "25": {
        "is_shifted": true,
        "parents": [
          13
        ],
        "function_test": {
          "f_statistic": 2209.118601073695,
          "p_value": 1.1102230246251565e-16,
          "is_function_changed": true,
          "beta_env1": [
            0.000148977719662804
          ],
          "beta_env2": [
            0.22133700543694035
          ]
        },
        "noise_test": {
          "ks_statistic": 0.07153999999999994,
          "p_value": 1.0451755796187143e-111,
          "is_noise_changed": true
        }
      },
      "26": {
        "is_shifted": true,
        "parents": [
          6,
          19
        ],
        "function_test": {
          "f_statistic": 1315.4986743411257,
          "p_value": 1.1102230246251565e-16,
          "is_function_changed": true,
          "beta_env1": [
            -0.0009453958846472986,
            0.008351643711800971
          ],
          "beta_env2": [
            0.2166028456546135,
            0.21050009683924867
          ]
        },
        "noise_test": {
          "ks_statistic": 0.07967999999999997,
          "p_value": 1.656949390681229e-138,
          "is_noise_changed": true
        }
      },
      "27": {
        "is_shifted": false,
        "parents": [
          6,
          7,
          9
        ],
        "function_test": {
          "f_statistic": 1.9667908793303022,
          "p_value": 0.11656654005759337,
          "is_function_changed": false,