{
  "dataset_info": {
    "seed": 226,
    "dataset_index": 5,
    "node_count": 40,
    "edge_count": 40,
    "graph_type": "ER",
    "shifted_nodes": [
      34,
      14,
      17,
      38,
      31,
      39,
      16,
      21
    ],
    "shift_types": {
      "34": [
        "sin_cos"
      ],
      "14": [
        "sin_cos"
      ],
      "17": [
        "sin_cos"
      ],
      "38": [
        "sin_cos"
      ],
      "31": [
        "noise_N02"
      ],
      "39": [
        "noise_N02"
      ],
      "16": [
        "noise_N02"
      ],
      "21": [
        "noise_N02"
      ]
    },
    "shift_case": "sin_cos_noise_N02",
    "deleted_parents": {}
  },
  "model": "linearccp",
  "exp_type": "synthetic",
  "config_name": "ER",
  "device": "cuda:0",
  "linearccp": {
    "shifted_nodes": [
      5,
      6,
      14,
      15,
      16,
      17,
      21,
      23,
      31,
      34,
      35,
      38,
      39
    ],
    "functional_change_nodes": [
      5,
      6,
      14,
      15,
      17,
      23,
      31,
      34,
      35,
      38
    ],
    "noise_change_nodes": [
      14,
      16,
      17,
      21,
      31,
      34,
      38,
      39
    ],
    "node_results": {
      "5": {
        "is_shifted": true,
        "parents": [
          4
        ],
        "function_test": {
          "f_statistic": 5.9240450470332915,
          "p_value": 0.01493736915078503,
          "is_function_changed": true,
          "beta_env1": [
            -0.006755111244876756
          ],
          "beta_env2": [
            0.00384441989892212
          ]
        },
        "noise_test": {
          "ks_statistic": 0.0048599999999999755,
          "p_value": 0.5944880167061393,
          "is_noise_changed": false
        }
      },
      "6": {
        "is_shifted": true,
        "parents": [
          1
        ],
        "function_test": {
          "f_statistic": 9.193744708578611,
          "p_value": 0.002429057438670168,
          "is_function_changed": true,
          "beta_env1": [
            0.0037274801543231853
          ],
          "beta_env2": [
            -0.009421350395377507
          ]
        },
        "noise_test": {
          "ks_statistic": 0.0045800000000000285,
          "p_value": 0.6689569927802852,
          "is_noise_changed": false
        }
      },
      "8": {
        "is_shifted": false,
        "parents": [
          0
        ],
        "function_test": {
          "f_statistic": 0.703495333515709,
          "p_value": 0.40161370305587907,
          "is_function_changed": false,
          "beta_env1": [
            0.001189558658095481
          ],
          "beta_env2": [
            0.00484823350190026
          ]
        },
        "noise_test": {
          "ks_statistic": 0.0034199999999999786,
          "p_value": 0.9308137128090315,
          "is_noise_changed": false
        }
      },
      "9": {
        "is_shifted": false,
        "parents": [
          2
        ],
        "function_test": {
          "f_statistic": 0.35093034381957594,
          "p_value": 0.5535882963808691,
          "is_function_changed": false,
          "beta_env1": [
            -0.0004986151613757287
          ],
          "beta_env2": [
            0.002090040591729275
          ]
        },
        "noise_test": {
          "ks_statistic": 0.0031999999999999806,
          "p_value": 0.9592812871609974,
          "is_noise_changed": false
        }
      },
      "14": {
        "is_shifted": true,
        "parents": [
          5
        ],
        "function_test": {
          "f_statistic": 75.76493236453545,
          "p_value": 1.1102230246251565e-16,
          "is_function_changed": true,
          "beta_env1": [
            0.1449155764352802
          ],
          "beta_env2": [
            0.20269094584000652
          ]
        },
        "noise_test": {
          "ks_statistic": 0.04911999999999994,
          "p_value": 7.352000937997904e-53,
          "is_noise_changed": true
        }
      },
      "15": {
        "is_shifted": true,
        "parents": [
          8,
          12,
          13
        ],
        "function_test": {
          "f_statistic": 3.997734027402648,
          "p_value": 0.007408749206341048,
          "is_function_changed": true,
          "beta_env1": [
            0.13562678863904937,
            0.016665401721245292,
            -0.005407215098214348
          ],
          "beta_env2": [
            0.14423074048571807,
            -0.0027646293977112617,
            -0.005161805076912876
          ]
        },
        "noise_test": {
          "ks_statistic": 0.002700000000000008,
          "p_value": 0.9930463837424544,
          "is_noise_changed": false
        }
      },
      "16": {
        "is_shifted": true,
        "parents": [
          10
        ],
        "function_test": {
          "f_statistic": 1.1890752712899921,
          "p_value": 0.27551879196192286,
          "is_function_changed": false,
          "beta_env1": [
            -0.006327139476974397
          ],
          "beta_env2": [
            -0.0008699535994074368
          ]
        },
        "noise_test": {
          "ks_statistic": 0.05552,
          "p_value": 2.016580921792371e-67,
          "is_noise_changed": true
        }
      },
      "17": {
        "is_shifted": true,
        "parents": [
          16
        ],
        "function_test": {
          "f_statistic": 13.997610671566179,
          "p_value": 0.00018314529598950635,
          "is_function_changed": true,
          "beta_env1": [
            0.14095314453790858
          ],
          "beta_env2": [
            0.16386583488567516
          ]
        },
        "noise_test": {
          "ks_statistic": 0.06108000000000002,
          "p_value": 1.6002389728595667e-81,
          "is_noise_changed": true
        }
      },
      "20": {
        "is_shifted": false,
        "parents": [
          9
        ],
        "function_test": {
          "f_statistic": 0.4631257889218555,
          "p_value": 0.4961683190994921,
          "is_function_changed": false,
          "beta_env1": [
            0.14192065534998577
          ],
          "beta_env2": [
            0.13760939595513114
          ]
        },
        "noise_test": {
          "ks_statistic": 0.005179999999999962,
          "p_value": 0.5118419572168238,
          "is_noise_changed": false
        }
      },
      "21": {
        "is_shifted": true,
        "parents": [
          8,
          20
        ],
        "function_test": {
          "f_statistic": 0.11815819805995116,
          "p_value": 0.8885555978046844,
          "is_function_changed": false,
          "beta_env1": [
            0.14332564030786366,
            0.11042019410941016
          ],
          "beta_env2": [
            0.1427139666707256,
            0.1145610985481541
          ]
        },
        "noise_test": {
          "ks_statistic": 0.062039999999999984,
          "p_value": 4.295526347263088e-84,
          "is_noise_changed": true
        }
      },
      "23": {
        "is_shifted": true,
        "parents": [
          11,
          21
        ],
        "function_test": {
          "f_statistic": 40.007016503375986,
          "p_value": 1.1102230246251565e-16,
          "is_function_changed": true,
          "beta_env1": [
            -0.0008260329654813414,
            0.007651287751158062
          ],
          "beta_env2": [
            -0.0017355423839728048,
            -0.048008468234242936
          ]
        },
        "noise_test": {
          "ks_statistic": 0.0065800000000000025,
          "p_value": 0.2281951980001078,
          "is_noise_changed": false
        }
      },
      "24": {
        "is_shifted": false,
        "parents": [
          20
        ],
        "function_test": {
          "f_statistic": 0.1349666134328849,
          "p_value": 0.7133378381413188,
          "is_function_changed": false,