{
  "dataset_info": {
    "seed": 222,
    "dataset_index": 1,
    "node_count": 40,
    "edge_count": 40,
    "graph_type": "ER",
    "shifted_nodes": [
      15,
      26,
      8,
      25,
      33,
      36,
      3,
      35
    ],
    "shift_types": {
      "15": [
        "sin_cos"
      ],
      "26": [
        "sin_cos"
      ],
      "8": [
        "sin_cos"
      ],
      "25": [
        "sin_cos"
      ],
      "33": [
        "noise_N02"
      ],
      "36": [
        "noise_N02"
      ],
      "3": [
        "noise_N02"
      ],
      "35": [
        "noise_N02"
      ]
    },
    "shift_case": "sin_cos_noise_N02",
    "deleted_parents": {}
  },
  "model": "iscan",
  "config_name": "ER",
  "dag_structure": "standard",
  "device": "cuda:0",
  "iscan": {
    "detected_shifted_nodes": [
      20,
      9,
      36,
      24,
      27,
      3,
      39,
      32,
      31,
      34,
      26,
      23,
      8,
      33,
      22,
      29,
      25,
      37,
      35,
      7,
      5
    ],
    "order": [
      18,
      38,
      20,
      15,
      24,
      39,
      10,
      33,
      25,
      8,
      3,
      17,
      9,
      26,
      36,
      27,
      23,
      32,
      29,
      31,
      7,
      13,
      14,
      21,
      19,
      6,
      16,
      4,
      11,
      0,
      2,
      1,
      30,
      35,
      28,
      12,
      5,
      22,
      37,
      34
    ],
    "ratio_dict": {
      "20": 1.6281303162562921,
      "9": 1.1975213759148073,
      "36": 1.172133873392474,
      "24": 1.1573477204045557,
      "27": 1.0380004160011114,
      "3": 1.0097282930154876,
      "39": 0.9627863326552349,
      "32": 0.9622398461804449,
      "31": 0.9417089594530019,
      "34": 0.928417630860808,
      "26": 0.9060267696941341,
      "23": 0.9033276149344622,
      "8": 0.8689362114129763,
      "33": 0.8615672229599787,
      "22": 0.855907526414435,
      "29": 0.8550010987627903,
      "25": 0.8520049850655493,
      "37": 0.8328022997333322,
      "35": 0.813236529993328,
      "7": 0.8105767213742311,
      "5": 0.8090985184598152,
      "12": 0.7595187589245418,
      "10": 0.7521835546468744,
      "15": 0.7454221628845351,
      "19": 0.7318743033441745,
      "17": 0.7080561420331803,
      "1": 0.7032244096196517,
      "6": 0.6987280524985812,
      "21": 0.6884891518203232,
      "30": 0.6650683815799989,
      "38": 0.6637641098906533,
      "14": 0.6548922272949179,
      "4": 0.6396025911422462,
      "28": 0.6325508109125263,
      "13": 0.6228046550221225,
      "0": 0.5889339680704028,
      "16": 0.5605810651874813,
      "11": 0.5061401320449448,
      "2": 0.49360215735567703
    },
    "true_shifted_node_summary": {
      "33": {
        "is_detected_as_shifted": true,
        "has_functional_shift_detected": true
      },
      "3": {
        "is_detected_as_shifted": true,
        "has_functional_shift_detected": false
      },
      "36": {
        "is_detected_as_shifted": true,
        "has_functional_shift_detected": true
      },
      "35": {
        "is_detected_as_shifted": true,
        "has_functional_shift_detected": false
      },
      "8": {
        "is_detected_as_shifted": true,
        "has_functional_shift_detected": true
      },
      "15": {
        "is_detected_as_shifted": false,
        "has_functional_shift_detected": true
      },
      "25": {
        "is_detected_as_shifted": true,
        "has_functional_shift_detected": true
      },
      "26": {
        "is_detected_as_shifted": true,
        "has_functional_shift_detected": true
      }
    },
    "functional_shift_results": {
      "33": {
        "shifted_edges": [
          [
            21,
            33
          ]
        ],
        "test_details": {
          "y_node": 33,
          "parents": [
            21
          ],
          "functional_shift_detected": true,
          "p_value_overall": 0.034923659215435165,
          "parent_specific_p_values": {
            "21": 0.034923659215435165
          },
          "coefficients_env1": {
            "Intercept": -2.7167290821477055,
            "bs(x21, df=4, degree=3)[0]": 5.042996558023728,
            "bs(x21, df=4, degree=3)[1]": 1.0959139557421882,
            "bs(x21, df=4, degree=3)[2]": 4.445505759400789,
            "bs(x21, df=4, degree=3)[3]": 0.9744887518203069
          },
          "coefficients_env2": {
            "Intercept": -2.267703499546994,
            "bs(x21, df=4, degree=3)[0]": 4.032419624243628,
            "bs(x21, df=4, degree=3)[1]": 1.1077497488054944,
            "bs(x21, df=4, degree=3)[2]": 3.8931386858797588,
            "bs(x21, df=4, degree=3)[3]": 1.4151738352779704
          }
        },
        "has_functional_shift": true
      },
      "3": {
        "shifted_edges": [],
        "test_details": {
          "y_node": 3,
          "parents": [
            1
          ],
          "functional_shift_detected": false,
          "p_value_overall": 0.11264971442546134,
          "parent_specific_p_values": {},
          "coefficients_env1": {
            "Intercept": -2.649172925230581,
            "bs(x1, df=4, degree=3)[0]": 4.794346670542753,
            "bs(x1, df=4, degree=3)[1]": 0.9600796856317536,
            "bs(x1, df=4, degree=3)[2]": 4.584411171636974,
            "bs(x1, df=4, degree=3)[3]": 0.9805051721918013
          },
          "coefficients_env2": {
            "Intercept": -1.292007140894362,
            "bs(x1, df=4, degree=3)[0]": 3.078558697968185,
            "bs(x1, df=4, degree=3)[1]": -0.05456577675139304,
            "bs(x1, df=4, degree=3)[2]": 3.0387189695719576,
            "bs(x1, df=4, degree=3)[3]": -0.10867427798513574
          }
        },
        "has_functional_shift": false
      },
      "36": {
        "shifted_edges": [
          [
            25,
            36
          ],
          [
            26,
            36
          ]
        ],
        "test_details": {
          "y_node": 36,
          "parents": [
            25,
            26
          ],
          "functional_shift_detected": true,
          "p_value_overall": 1.092147150494327e-09,
          "parent_specific_p_values": {
            "25": 0.0040054083281512165,
            "26": 2.8825628550777083e-09
          },
          "coefficients_env1": {
            "Intercept": 1.1395981121165502,
            "bs(x25, df=4, degree=3)[0]": 2.082878014592378,
            "bs(x25, df=4, degree=3)[1]": -1.8617488864531524,
            "bs(x25, df=4, degree=3)[2]": 2.854164985700257,
            "bs(x25, df=4, degree=3)[3]": -2.7683132404903876,
            "bs(x26, df=4, degree=3)[0]": -2.189930727185001,
            "bs(x26, df=4, degree=3)[1]": 0.16669570963217206,
            "bs(x26, df=4, degree=3)[2]": -1.4228575107508397,
            "bs(x26, df=4, degree=3)[3]": -2.207819371379016
          },
          "coefficients_env2": {
            "Intercept": 2.8530018842623197,
            "bs(x25, df=4, degree=3)[0]": -1.3474839417345423,
            "bs(x25, df=4, degree=3)[1]": -3.4826845225361547,
            "bs(x25, df=4, degree=3)[2]": -0.06317181937413285,
            "bs(x25, df=4, degree=3)[3]": -7.103389330956288,
            "bs(x26, df=4, degree=3)[0]": -0.7765064661010447,
            "bs(x26, df=4, degree=3)[1]": 0.77265214742647,
            "bs(x26, df=4, degree=3)[2]": -0.8661317393821175,
            "bs(x26, df=4, degree=3)[3]": -5.437559310213617
          }
        },
        "has_functional_shift": true
      },
      "35": {
        "shifted_edges": [],
        "test_details": {
          "y_node": 35,
          "parents": [
            7,
            18,
            19,
            29
          ],
          "functional_shift_detected": false,
          "p_value_overall": 0.468768460475514,
          "parent_specific_p_values": {},
          "coefficients_env1": {
            "Intercept": -1.7024343024483228,
            "bs(x7, df=4, degree=3)[0]": 3.1598714155670162,