{
  "dataset_info": {
    "seed": 227,
    "dataset_index": 6,
    "node_count": 40,
    "edge_count": 40,
    "graph_type": "ER",
    "shifted_nodes": [
      36,
      34,
      33,
      17,
      15,
      26,
      27,
      24
    ],
    "shift_types": {
      "36": [
        "sin_cos"
      ],
      "34": [
        "sin_cos"
      ],
      "33": [
        "sin_cos"
      ],
      "17": [
        "sin_cos"
      ],
      "15": [
        "noise_laplace"
      ],
      "26": [
        "noise_laplace"
      ],
      "27": [
        "noise_laplace"
      ],
      "24": [
        "noise_laplace"
      ]
    },
    "shift_case": "sin_cos_noise_laplace",
    "deleted_parents": {}
  },
  "model": "iscan",
  "config_name": "ER",
  "dag_structure": "standard",
  "device": "cuda:0",
  "iscan": {
    "detected_shifted_nodes": [
      30,
      36,
      24,
      15,
      6,
      27,
      34,
      35,
      38,
      13,
      23,
      33,
      39,
      21,
      26,
      12,
      7,
      1,
      5,
      31,
      0,
      16,
      4,
      3,
      9,
      25,
      8,
      11,
      28
    ],
    "order": [
      17,
      25,
      26,
      30,
      12,
      14,
      20,
      31,
      28,
      8,
      37,
      33,
      16,
      13,
      6,
      15,
      35,
      34,
      36,
      39,
      21,
      23,
      19,
      24,
      7,
      4,
      0,
      10,
      27,
      32,
      2,
      3,
      22,
      29,
      18,
      11,
      9,
      5,
      38,
      1
    ],
    "ratio_dict": {
      "30": 1.492830842960253,
      "36": 1.239289735880352,
      "24": 1.2298646079285325,
      "15": 1.1868592262597804,
      "6": 1.0750331048954567,
      "27": 0.972158923296831,
      "34": 0.9718242109788805,
      "35": 0.9711635745911547,
      "38": 0.9584257810484249,
      "13": 0.9556160221818193,
      "23": 0.9497180494926969,
      "33": 0.9453849480460861,
      "39": 0.9317258294815028,
      "21": 0.9281828320238813,
      "26": 0.8894989686457284,
      "12": 0.88849901041835,
      "7": 0.8691131334224038,
      "1": 0.829434666030208,
      "5": 0.8290671532708738,
      "31": 0.8150733332717793,
      "0": 0.8107416370192212,
      "16": 0.8043678231208307,
      "4": 0.8043508631864972,
      "3": 0.7727190378956185,
      "9": 0.7253367150379874,
      "25": 0.7109793579077934,
      "8": 0.6997926069242518,
      "11": 0.6947002907576534,
      "28": 0.6904994579381203,
      "22": 0.6483826528151507,
      "14": 0.6445633138916312,
      "29": 0.6420302506913874,
      "32": 0.6409670864472495,
      "2": 0.6231466924161136,
      "18": 0.6195310956029714,
      "19": 0.6143233460162657,
      "10": 0.6113742628443459,
      "37": 0.5662395709977576,
      "20": 0.48405935482403284
    },
    "true_shifted_node_summary": {
      "33": {
        "is_detected_as_shifted": true,
        "has_functional_shift_detected": true
      },
      "34": {
        "is_detected_as_shifted": true,
        "has_functional_shift_detected": true
      },
      "36": {
        "is_detected_as_shifted": true,
        "has_functional_shift_detected": true
      },
      "15": {
        "is_detected_as_shifted": true,
        "has_functional_shift_detected": true
      },
      "17": {
        "is_detected_as_shifted": false,
        "has_functional_shift_detected": true
      },
      "24": {
        "is_detected_as_shifted": true,
        "has_functional_shift_detected": true
      },
      "26": {
        "is_detected_as_shifted": true,
        "has_functional_shift_detected": false
      },
      "27": {
        "is_detected_as_shifted": true,
        "has_functional_shift_detected": false
      }
    },
    "functional_shift_results": {
      "33": {
        "shifted_edges": [
          [
            17,
            33
          ],
          [
            16,
            33
          ]
        ],
        "test_details": {
          "y_node": 33,
          "parents": [
            16,
            17
          ],
          "functional_shift_detected": true,
          "p_value_overall": 1.1102230246251565e-16,
          "parent_specific_p_values": {
            "16": 3.4397185100232264e-10,
            "17": 4.4075854077618715e-14
          },
          "coefficients_env1": {
            "Intercept": -0.2012221307379366,
            "bs(x16, df=4, degree=3)[0]": 0.7868598277840462,
            "bs(x16, df=4, degree=3)[1]": -0.2961223385350082,
            "bs(x16, df=4, degree=3)[2]": 1.2130093570744245,
            "bs(x16, df=4, degree=3)[3]": -0.8968641398658019,
            "bs(x17, df=4, degree=3)[0]": 1.347344909095149,
            "bs(x17, df=4, degree=3)[1]": -1.3701864741671659,
            "bs(x17, df=4, degree=3)[2]": 2.396161800268204,
            "bs(x17, df=4, degree=3)[3]": -0.6902373791197969
          },
          "coefficients_env2": {
            "Intercept": 3.4926799699841586,
            "bs(x16, df=4, degree=3)[0]": -4.325771301965425,
            "bs(x16, df=4, degree=3)[1]": 0.5576203965819675,
            "bs(x16, df=4, degree=3)[2]": -1.8361996573938426,
            "bs(x16, df=4, degree=3)[3]": -2.0670738460838347,
            "bs(x17, df=4, degree=3)[0]": -3.2947298034033494,
            "bs(x17, df=4, degree=3)[1]": 0.21091221848819325,
            "bs(x17, df=4, degree=3)[2]": -1.5000597352723217,
            "bs(x17, df=4, degree=3)[3]": -1.8865997793659899
          }
        },
        "has_functional_shift": true
      },
      "34": {
        "shifted_edges": [
          [
            28,
            34
          ],
          [
            15,
            34
          ]
        ],
        "test_details": {
          "y_node": 34,
          "parents": [
            15,
            28
          ],
          "functional_shift_detected": true,
          "p_value_overall": 1.1102230246251565e-16,
          "parent_specific_p_values": {
            "15": 1.1102230246251565e-16,
            "28": 1.1102230246251565e-16
          },
          "coefficients_env1": {
            "Intercept": -1.900441303994342,
            "bs(x15, df=4, degree=3)[0]": 2.304947860737986,
            "bs(x15, df=4, degree=3)[1]": -1.7391173754694709,
            "bs(x15, df=4, degree=3)[2]": 2.8262327307940014,
            "bs(x15, df=4, degree=3)[3]": -2.1816405241049694,
            "bs(x28, df=4, degree=3)[0]": 4.293686811309696,
            "bs(x28, df=4, degree=3)[1]": -1.0131251379991113,
            "bs(x28, df=4, degree=3)[2]": 4.132670911441737,
            "bs(x28, df=4, degree=3)[3]": -0.7848661788049968
          },
          "coefficients_env2": {
            "Intercept": 1.7148156501030862,
            "bs(x15, df=4, degree=3)[0]": -4.798179081697718,
            "bs(x15, df=4, degree=3)[1]": 2.5106810016232135,
            "bs(x15, df=4, degree=3)[2]": -3.4233474105527146,
            "bs(x15, df=4, degree=3)[3]": -0.27533860470097127,
            "bs(x28, df=4, degree=3)[0]": -0.621113400996995,
            "bs(x28, df=4, degree=3)[1]": 1.142710031874746,
            "bs(x28, df=4, degree=3)[2]": -0.07294074244362025,
            "bs(x28, df=4, degree=3)[3]": -0.475171740045206
          }
        },
        "has_functional_shift": true
      },
      "36": {
        "shifted_edges": [
          [
            19,
            36
          ]
        ],
        "test_details": {
          "y_node": 36,
          "parents": [
            19
          ],
          "functional_shift_detected": true,
          "p_value_overall": 1.1102230246251565e-16,
          "parent_specific_p_values": {
            "19": 1.1102230246251565e-16
          },
          "coefficients_env1": {
            "Intercept": -1.6690006851190102,
            "bs(x19, df=4, degree=3)[0]": 3.4927798067836284,
            "bs(x19, df=4, degree=3)[1]": 0.4012471038391776,
            "bs(x19, df=4, degree=3)[2]": 3.367498555807263,
            "bs(x19, df=4, degree=3)[3]": 0.2220125277054149
          },