{
  "dataset_info": {
    "seed": 244,
    "dataset_index": 23,
    "node_count": 40,
    "edge_count": 40,
    "graph_type": "ER",
    "shifted_nodes": [
      9,
      2,
      34,
      3,
      17,
      5,
      35,
      23
    ],
    "shift_types": {
      "9": [
        "sin_cos"
      ],
      "2": [
        "sin_cos"
      ],
      "34": [
        "sin_cos"
      ],
      "3": [
        "sin_cos"
      ],
      "17": [
        "pa_delete"
      ],
      "5": [
        "pa_delete"
      ],
      "35": [
        "pa_delete"
      ],
      "23": [
        "pa_delete"
      ]
    },
    "shift_case": "sin_cos_pa_delete",
    "deleted_parents": {
      "17": 11,
      "5": 3,
      "35": 27,
      "23": 16
    }
  },
  "model": "iscan",
  "config_name": "ER",
  "dag_structure": "standard",
  "device": "cuda:0",
  "iscan": {
    "detected_shifted_nodes": [
      5,
      4,
      34
    ],
    "order": [
      9,
      2,
      3,
      5,
      29,
      14,
      23,
      21,
      25,
      8,
      19,
      17,
      36,
      35,
      34,
      31,
      6,
      4,
      37,
      7,
      28,
      16,
      11,
      33,
      26,
      0,
      32,
      27,
      18,
      39,
      20,
      13,
      1,
      38,
      12,
      22,
      10,
      24,
      15,
      30
    ],
    "ratio_dict": {
      "5": 2.1522708352888187,
      "4": 1.5528368731912197,
      "34": 1.1061367191908316,
      "11": 0.9163119231546283,
      "16": 0.9126108193341751,
      "35": 0.8907240065464106,
      "3": 0.8853699157227437,
      "30": 0.881246566121382,
      "37": 0.866752950164525,
      "7": 0.8448456640821379,
      "28": 0.8364161125839722,
      "12": 0.8333165039658647,
      "31": 0.8265116127721399,
      "8": 0.8148857513549661,
      "14": 0.8058629616686659,
      "36": 0.8004782297783076,
      "6": 0.7889161053981054,
      "0": 0.7739789978177188,
      "25": 0.7529789946864192,
      "24": 0.7392163202589892,
      "26": 0.7290439418210444,
      "10": 0.7257170510338594,
      "38": 0.7087657844532274,
      "15": 0.703693067183572,
      "17": 0.6908597219774164,
      "1": 0.6857029271750699,
      "21": 0.6675822382399471,
      "27": 0.664909162989315,
      "22": 0.6626628177266627,
      "19": 0.6564457493299038,
      "23": 0.6499573313721501,
      "33": 0.6438183441227721,
      "20": 0.6135343661228246,
      "32": 0.6102074466966074,
      "13": 0.6093451571234384,
      "39": 0.5897653438651627,
      "18": 0.5888308749560099,
      "29": 0.5732635148508498,
      "2": 0.5334621104810874
    },
    "true_shifted_node_summary": {
      "2": {
        "is_detected_as_shifted": false,
        "has_functional_shift_detected": true
      },
      "3": {
        "is_detected_as_shifted": false,
        "has_functional_shift_detected": true
      },
      "34": {
        "is_detected_as_shifted": true,
        "has_functional_shift_detected": true
      },
      "5": {
        "is_detected_as_shifted": true,
        "has_functional_shift_detected": true
      },
      "35": {
        "is_detected_as_shifted": false,
        "has_functional_shift_detected": true
      },
      "9": {
        "is_detected_as_shifted": false,
        "has_functional_shift_detected": true
      },
      "17": {
        "is_detected_as_shifted": false,
        "has_functional_shift_detected": true
      },
      "23": {
        "is_detected_as_shifted": false,
        "has_functional_shift_detected": true
      }
    },
    "functional_shift_results": {
      "2": {
        "shifted_edges": [
          [
            0,
            2
          ]
        ],
        "test_details": {
          "y_node": 2,
          "parents": [
            0
          ],
          "functional_shift_detected": true,
          "p_value_overall": 1.1102230246251565e-16,
          "parent_specific_p_values": {
            "0": 1.1102230246251565e-16
          },
          "coefficients_env1": {
            "Intercept": -1.8302496366734915,
            "bs(x0, df=4, degree=3)[0]": 3.2509678922204928,
            "bs(x0, df=4, degree=3)[1]": 0.9431518614395291,
            "bs(x0, df=4, degree=3)[2]": 3.0808639141016183,
            "bs(x0, df=4, degree=3)[3]": 1.533450250461514
          },
          "coefficients_env2": {
            "Intercept": 1.1361437813171316,
            "bs(x0, df=4, degree=3)[0]": -2.4226736813924643,
            "bs(x0, df=4, degree=3)[1]": 0.3443493522703732,
            "bs(x0, df=4, degree=3)[2]": -0.5729758342146067,
            "bs(x0, df=4, degree=3)[3]": -2.344562007757875
          }
        },
        "has_functional_shift": true
      },
      "3": {
        "shifted_edges": [
          [
            2,
            3
          ]
        ],
        "test_details": {
          "y_node": 3,
          "parents": [
            2
          ],
          "functional_shift_detected": true,
          "p_value_overall": 1.1102230246251565e-16,
          "parent_specific_p_values": {
            "2": 1.1102230246251565e-16
          },
          "coefficients_env1": {
            "Intercept": -0.3094342301828463,
            "bs(x2, df=4, degree=3)[0]": 2.1334464907497352,
            "bs(x2, df=4, degree=3)[1]": -1.9285364601087587,
            "bs(x2, df=4, degree=3)[2]": 3.194065343312104,
            "bs(x2, df=4, degree=3)[3]": -2.6647768825878453
          },
          "coefficients_env2": {
            "Intercept": 0.6958779547270892,
            "bs(x2, df=4, degree=3)[0]": -2.1121007298347623,
            "bs(x2, df=4, degree=3)[1]": 1.805401178772691,
            "bs(x2, df=4, degree=3)[2]": -1.2828179660995929,
            "bs(x2, df=4, degree=3)[3]": -1.1162079240244225
          }
        },
        "has_functional_shift": true
      },
      "34": {
        "shifted_edges": [
          [
            33,
            34
          ]
        ],
        "test_details": {
          "y_node": 34,
          "parents": [
            33
          ],
          "functional_shift_detected": true,
          "p_value_overall": 1.1102230246251565e-16,
          "parent_specific_p_values": {
            "33": 1.1102230246251565e-16
          },
          "coefficients_env1": {
            "Intercept": -3.394530596417953,
            "bs(x33, df=4, degree=3)[0]": 5.130688543024766,
            "bs(x33, df=4, degree=3)[1]": 2.471038985512129,
            "bs(x33, df=4, degree=3)[2]": 4.701959972521593,
            "bs(x33, df=4, degree=3)[3]": 3.1086421229728805
          },
          "coefficients_env2": {
            "Intercept": 1.7028805520524788,
            "bs(x33, df=4, degree=3)[0]": -3.3165613055697256,
            "bs(x33, df=4, degree=3)[1]": 0.46593385646091207,
            "bs(x33, df=4, degree=3)[2]": -1.9251019994911782,
            "bs(x33, df=4, degree=3)[3]": -1.4469426687023272
          }
        },
        "has_functional_shift": true
      },
      "5": {
        "shifted_edges": [
          [
            3,
            5
          ]
        ],
        "test_details": {
          "y_node": 5,
          "parents": [
            3
          ],
          "functional_shift_detected": true,
          "p_value_overall": 1.9969213251869178e-06,
          "parent_specific_p_values": {
            "3": 1.9969213251869178e-06
          },
          "coefficients_env1": {
            "Intercept": -0.5434450866340147,
            "bs(x3, df=4, degree=3)[0]": 3.872602929654954,
            "bs(x3, df=4, degree=3)[1]": -2.1733448133146043,
            "bs(x3, df=4, degree=3)[2]": 3.066720005218964,
            "bs(x3, df=4, degree=3)[3]": -2.713120233528314
          },
          "coefficients_env2": {
            "Intercept": -2.1167627425468316,
            "bs(x3, df=4, degree=3)[0]": 3.3411486316965906,
            "bs(x3, df=4, degree=3)[1]": 0.9707127089358564,
            "bs(x3, df=4, degree=3)[2]": 2.8012467675260755,
            "bs(x3, df=4, degree=3)[3]": 0.814751641277857
          }
        },