{
  "dataset_info": {
    "seed": 239,
    "dataset_index": 18,
    "node_count": 40,
    "edge_count": 40,
    "graph_type": "ER",
    "shifted_nodes": [
      19,
      28,
      29,
      31,
      25,
      35,
      34,
      9
    ],
    "shift_types": {
      "19": [
        "pa_delete"
      ],
      "28": [
        "pa_delete"
      ],
      "29": [
        "pa_delete"
      ],
      "31": [
        "pa_delete"
      ],
      "25": [
        "noise_laplace"
      ],
      "35": [
        "noise_laplace"
      ],
      "34": [
        "noise_laplace"
      ],
      "9": [
        "noise_laplace"
      ]
    },
    "shift_case": "pa_delete_noise_laplace",
    "deleted_parents": {
      "19": 9,
      "28": 16,
      "29": 14,
      "31": 6
    }
  },
  "model": "iscan",
  "config_name": "ER",
  "dag_structure": "standard",
  "device": "cuda:0",
  "iscan": {
    "detected_shifted_nodes": [
      29,
      26,
      18,
      11,
      21,
      20,
      38,
      9,
      37,
      7,
      19,
      30,
      36,
      0,
      34,
      28,
      16,
      33,
      14,
      5,
      35,
      1,
      39,
      32,
      27,
      6,
      22,
      10,
      23,
      24,
      3,
      4,
      13,
      31,
      2
    ],
    "order": [
      12,
      30,
      18,
      35,
      26,
      15,
      25,
      31,
      22,
      23,
      33,
      9,
      19,
      27,
      11,
      29,
      37,
      36,
      21,
      20,
      5,
      34,
      38,
      32,
      4,
      10,
      0,
      6,
      2,
      13,
      17,
      3,
      24,
      8,
      39,
      1,
      16,
      7,
      14,
      28
    ],
    "ratio_dict": {
      "29": 1.4979753362150707,
      "26": 1.185639298031794,
      "18": 1.1356969675920274,
      "11": 1.0817467550103719,
      "21": 1.0081982228720454,
      "20": 0.9941963509316118,
      "38": 0.9806106802409803,
      "9": 0.9483457659213146,
      "37": 0.9177533400158129,
      "7": 0.8878650962466975,
      "19": 0.876046756495988,
      "30": 0.8484673457630308,
      "36": 0.8478496799131655,
      "0": 0.8406143099334193,
      "34": 0.8356543584551636,
      "28": 0.8282453750239961,
      "16": 0.816171649997904,
      "33": 0.8135408834021561,
      "14": 0.7843241436097552,
      "5": 0.7830638594247894,
      "35": 0.7653424800996451,
      "1": 0.754685653647786,
      "39": 0.7056790298303729,
      "32": 0.7052758259174068,
      "27": 0.703941926466895,
      "6": 0.6926129014899945,
      "22": 0.6923903142204851,
      "10": 0.6868534535206395,
      "23": 0.6852462708231836,
      "24": 0.6777718150732436,
      "3": 0.6744589874170186,
      "4": 0.6565679508363073,
      "13": 0.6558010523710248,
      "31": 0.6359989339265735,
      "2": 0.6352032641962322,
      "15": 0.5791663896075238,
      "25": 0.5715410273401489,
      "17": 0.5693161847613807,
      "8": 0.565030994636457
    },
    "true_shifted_node_summary": {
      "34": {
        "is_detected_as_shifted": true,
        "has_functional_shift_detected": true
      },
      "35": {
        "is_detected_as_shifted": true,
        "has_functional_shift_detected": true
      },
      "9": {
        "is_detected_as_shifted": true,
        "has_functional_shift_detected": false
      },
      "19": {
        "is_detected_as_shifted": true,
        "has_functional_shift_detected": false
      },
      "25": {
        "is_detected_as_shifted": false,
        "has_functional_shift_detected": true
      },
      "28": {
        "is_detected_as_shifted": true,
        "has_functional_shift_detected": true
      },
      "29": {
        "is_detected_as_shifted": true,
        "has_functional_shift_detected": true
      },
      "31": {
        "is_detected_as_shifted": true,
        "has_functional_shift_detected": true
      }
    },
    "functional_shift_results": {
      "34": {
        "shifted_edges": [
          [
            19,
            34
          ]
        ],
        "test_details": {
          "y_node": 34,
          "parents": [
            13,
            16,
            19,
            20,
            26
          ],
          "functional_shift_detected": true,
          "p_value_overall": 0.02333661278052268,
          "parent_specific_p_values": {
            "13": 0.38270953696539367,
            "16": 0.053967536763940616,
            "19": 0.002359054155414042,
            "20": 0.4387273184685948,
            "26": 0.8280301536006811
          },
          "coefficients_env1": {
            "Intercept": -6.150036004957362,
            "bs(x13, df=4, degree=3)[0]": 4.218258341385496,
            "bs(x13, df=4, degree=3)[1]": 0.21090152797627426,
            "bs(x13, df=4, degree=3)[2]": 3.8305084437117847,
            "bs(x13, df=4, degree=3)[3]": 0.21271815990569382,
            "bs(x16, df=4, degree=3)[0]": 4.900795559518901,
            "bs(x16, df=4, degree=3)[1]": 1.1717759742078422,
            "bs(x16, df=4, degree=3)[2]": 4.604507808580872,
            "bs(x16, df=4, degree=3)[3]": 1.1683976428865548,
            "bs(x19, df=4, degree=3)[0]": 0.39956358011681686,
            "bs(x19, df=4, degree=3)[1]": -0.8981571652995036,
            "bs(x19, df=4, degree=3)[2]": 0.9597192000831892,
            "bs(x19, df=4, degree=3)[3]": -1.116583780920963,
            "bs(x20, df=4, degree=3)[0]": 3.137098141351435,
            "bs(x20, df=4, degree=3)[1]": 0.3801673935053271,
            "bs(x20, df=4, degree=3)[2]": 3.5210943171825972,
            "bs(x20, df=4, degree=3)[3]": -0.370278830581418,
            "bs(x26, df=4, degree=3)[0]": 1.8013843378917211,
            "bs(x26, df=4, degree=3)[1]": -1.5060219538786521,
            "bs(x26, df=4, degree=3)[2]": 2.591375008631924,
            "bs(x26, df=4, degree=3)[3]": -2.249532690758511
          },
          "coefficients_env2": {
            "Intercept": -6.767813063577724,
            "bs(x13, df=4, degree=3)[0]": 5.858730123043527,
            "bs(x13, df=4, degree=3)[1]": 0.6315994293189434,
            "bs(x13, df=4, degree=3)[2]": 5.7631427883488735,
            "bs(x13, df=4, degree=3)[3]": 0.6382091442482731,
            "bs(x16, df=4, degree=3)[0]": 2.043691262855212,
            "bs(x16, df=4, degree=3)[1]": -0.4345913009873573,
            "bs(x16, df=4, degree=3)[2]": 1.9850283944219835,
            "bs(x16, df=4, degree=3)[3]": -1.0560843086025786,
            "bs(x19, df=4, degree=3)[0]": 3.9742396982062393,
            "bs(x19, df=4, degree=3)[1]": -0.5054433002772968,
            "bs(x19, df=4, degree=3)[2]": 4.313894041757268,
            "bs(x19, df=4, degree=3)[3]": -1.5652787309704215,
            "bs(x20, df=4, degree=3)[0]": 3.539685669484129,
            "bs(x20, df=4, degree=3)[1]": 1.103548955592215,
            "bs(x20, df=4, degree=3)[2]": 3.331282958991497,
            "bs(x20, df=4, degree=3)[3]": 1.22345221832524,
            "bs(x26, df=4, degree=3)[0]": 1.121304010426576,
            "bs(x26, df=4, degree=3)[1]": -2.4012068390718677,
            "bs(x26, df=4, degree=3)[2]": 1.6947574572020399,
            "bs(x26, df=4, degree=3)[3]": -2.74142450556118
          }
        },
        "has_functional_shift": true
      },
      "35": {
        "shifted_edges": [
          [
            11,
            35
          ]
        ],
        "test_details": {
          "y_node": 35,
          "parents": [
            11
          ],
          "functional_shift_detected": true,
          "p_value_overall": 0.0014969627849129585,
          "parent_specific_p_values": {
            "11": 0.0014969627849129585
          },
          "coefficients_env1": {
            "Intercept": -2.5533909153836967,
            "bs(x11, df=4, degree=3)[0]": 4.505292444701505,
            "bs(x11, df=4, degree=3)[1]": 1.0039655228976865,
            "bs(x11, df=4, degree=3)[2]": 4.580538190437192,
            "bs(x11, df=4, degree=3)[3]": -0.5605933807721318
          },