{
  "dataset_info": {
    "seed": 235,
    "dataset_index": 14,
    "node_count": 40,
    "edge_count": 40,
    "graph_type": "ER",
    "shifted_nodes": [
      19,
      27,
      39,
      6,
      24,
      28,
      14,
      25
    ],
    "shift_types": {
      "19": [
        "pa_delete"
      ],
      "27": [
        "pa_delete"
      ],
      "39": [
        "pa_delete"
      ],
      "6": [
        "pa_delete"
      ],
      "24": [
        "noise_N02"
      ],
      "28": [
        "noise_N02"
      ],
      "14": [
        "noise_N02"
      ],
      "25": [
        "noise_N02"
      ]
    },
    "shift_case": "pa_delete_noise_N02",
    "deleted_parents": {
      "19": 15,
      "27": 12,
      "39": 4,
      "6": 5
    }
  },
  "model": "iscan",
  "config_name": "ER",
  "dag_structure": "standard",
  "device": "cuda:0",
  "iscan": {
    "detected_shifted_nodes": [
      21,
      6,
      14,
      4,
      24,
      28,
      25,
      31,
      38
    ],
    "order": [
      19,
      21,
      35,
      39,
      29,
      8,
      23,
      32,
      30,
      17,
      14,
      6,
      33,
      34,
      38,
      4,
      24,
      7,
      28,
      31,
      27,
      25,
      18,
      0,
      5,
      37,
      2,
      16,
      3,
      10,
      12,
      20,
      26,
      1,
      11,
      15,
      9,
      13,
      36,
      22
    ],
    "ratio_dict": {
      "21": 2.2180200557751695,
      "6": 1.5982041965627825,
      "14": 1.4284446088209897,
      "4": 1.149913193352476,
      "24": 1.1128863852909001,
      "28": 1.0489471895492504,
      "25": 1.0077988432231166,
      "31": 0.994245597305209,
      "38": 0.9884522661395202,
      "34": 0.8606694022223658,
      "7": 0.8587558172148672,
      "36": 0.8208206883941553,
      "22": 0.8206209543158559,
      "27": 0.8171202103421671,
      "26": 0.7958974134984126,
      "1": 0.7780643741754854,
      "33": 0.7698903140837832,
      "5": 0.7601584846410151,
      "9": 0.7558362879744038,
      "23": 0.7339394236819793,
      "11": 0.7338032851432242,
      "13": 0.7273684566541128,
      "18": 0.7110619423006359,
      "17": 0.7071403238404329,
      "16": 0.7010786958137051,
      "39": 0.696606868913412,
      "30": 0.6825078432600707,
      "12": 0.6808294598448732,
      "2": 0.6800608246171997,
      "32": 0.6626054403472669,
      "8": 0.6553557657660583,
      "29": 0.6552226711260886,
      "0": 0.6401275918584607,
      "3": 0.637487187610844,
      "20": 0.629324734416685,
      "15": 0.6240095944402226,
      "35": 0.5956557338111098,
      "37": 0.5897515350501438,
      "10": 0.5539223660181425
    },
    "true_shifted_node_summary": {
      "6": {
        "is_detected_as_shifted": true,
        "has_functional_shift_detected": true
      },
      "39": {
        "is_detected_as_shifted": false,
        "has_functional_shift_detected": true
      },
      "14": {
        "is_detected_as_shifted": true,
        "has_functional_shift_detected": true
      },
      "19": {
        "is_detected_as_shifted": false,
        "has_functional_shift_detected": true
      },
      "24": {
        "is_detected_as_shifted": true,
        "has_functional_shift_detected": true
      },
      "25": {
        "is_detected_as_shifted": true,
        "has_functional_shift_detected": true
      },
      "27": {
        "is_detected_as_shifted": false,
        "has_functional_shift_detected": true
      },
      "28": {
        "is_detected_as_shifted": true,
        "has_functional_shift_detected": true
      }
    },
    "functional_shift_results": {
      "6": {
        "shifted_edges": [
          [
            5,
            6
          ]
        ],
        "test_details": {
          "y_node": 6,
          "parents": [
            5
          ],
          "functional_shift_detected": true,
          "p_value_overall": 9.518871092351056e-05,
          "parent_specific_p_values": {
            "5": 9.518871092351056e-05
          },
          "coefficients_env1": {
            "Intercept": -3.1473607180360053,
            "bs(x5, df=4, degree=3)[0]": 5.098980226202617,
            "bs(x5, df=4, degree=3)[1]": 1.8858444084493042,
            "bs(x5, df=4, degree=3)[2]": 4.723469381376809,
            "bs(x5, df=4, degree=3)[3]": 2.14954790492282
          },
          "coefficients_env2": {
            "Intercept": -0.5872080434915098,
            "bs(x5, df=4, degree=3)[0]": 0.9243608680776678,
            "bs(x5, df=4, degree=3)[1]": 0.36099214565429655,
            "bs(x5, df=4, degree=3)[2]": 0.6809916023448355,
            "bs(x5, df=4, degree=3)[3]": 1.1322892804637998
          }
        },
        "has_functional_shift": true
      },
      "39": {
        "shifted_edges": [
          [
            4,
            39
          ],
          [
            26,
            39
          ]
        ],
        "test_details": {
          "y_node": 39,
          "parents": [
            4,
            26
          ],
          "functional_shift_detected": true,
          "p_value_overall": 9.630041208907869e-11,
          "parent_specific_p_values": {
            "4": 2.1804269501046747e-10,
            "26": 0.016059407523554392
          },
          "coefficients_env1": {
            "Intercept": -4.8663119214291,
            "bs(x4, df=4, degree=3)[0]": 4.696086805375135,
            "bs(x4, df=4, degree=3)[1]": 1.0944059365768908,
            "bs(x4, df=4, degree=3)[2]": 4.641921989138096,
            "bs(x4, df=4, degree=3)[3]": -1.1894732529645466,
            "bs(x26, df=4, degree=3)[0]": 4.456061389170876,
            "bs(x26, df=4, degree=3)[1]": 0.3287306797586338,
            "bs(x26, df=4, degree=3)[2]": 4.28960082499846,
            "bs(x26, df=4, degree=3)[3]": 0.4512137758896264
          },
          "coefficients_env2": {
            "Intercept": -1.2208150983429544,
            "bs(x4, df=4, degree=3)[0]": -0.044642634919790314,
            "bs(x4, df=4, degree=3)[1]": -0.2658707819169313,
            "bs(x4, df=4, degree=3)[2]": -0.10818437241710344,
            "bs(x4, df=4, degree=3)[3]": -0.6076971184241853,
            "bs(x26, df=4, degree=3)[0]": 2.9926349242768886,
            "bs(x26, df=4, degree=3)[1]": 0.2121287787596577,
            "bs(x26, df=4, degree=3)[2]": 3.0535207747562634,
            "bs(x26, df=4, degree=3)[3]": -0.9450549835969821
          }
        },
        "has_functional_shift": true
      },
      "14": {
        "shifted_edges": [
          [
            2,
            14
          ]
        ],
        "test_details": {
          "y_node": 14,
          "parents": [
            2
          ],
          "functional_shift_detected": true,
          "p_value_overall": 0.0028636248593071345,
          "parent_specific_p_values": {
            "2": 0.0028636248593071345
          },
          "coefficients_env1": {
            "Intercept": -2.3105838678338912,
            "bs(x2, df=4, degree=3)[0]": 4.299173843918829,
            "bs(x2, df=4, degree=3)[1]": 0.570128957605325,
            "bs(x2, df=4, degree=3)[2]": 4.5898776908731715,
            "bs(x2, df=4, degree=3)[3]": -0.9076359289689184
          },
          "coefficients_env2": {
            "Intercept": -1.5034658999813169,
            "bs(x2, df=4, degree=3)[0]": 3.244844686464776,
            "bs(x2, df=4, degree=3)[1]": 0.15456547337814816,
            "bs(x2, df=4, degree=3)[2]": 3.2578531287370733,
            "bs(x2, df=4, degree=3)[3]": 0.3103694742390937
          }
        },
        "has_functional_shift": true
      },
      "19": {
        "shifted_edges": [
          [
            15,
            19
          ]
        ],
        "test_details": {
          "y_node": 19,
          "parents": [
            15
          ],
          "functional_shift_detected": true,
          "p_value_overall": 0.0059168708298152906,
          "parent_specific_p_values": {
            "15": 0.0059168708298152906
          },