{
  "dataset_info": {
    "seed": 245,
    "dataset_index": 24,
    "node_count": 40,
    "edge_count": 40,
    "graph_type": "ER",
    "shifted_nodes": [
      37,
      12,
      33,
      30,
      18,
      9,
      21,
      34
    ],
    "shift_types": {
      "37": [
        "sin_cos"
      ],
      "12": [
        "sin_cos"
      ],
      "33": [
        "sin_cos"
      ],
      "30": [
        "sin_cos"
      ],
      "18": [
        "pa_delete"
      ],
      "9": [
        "pa_delete"
      ],
      "21": [
        "pa_delete"
      ],
      "34": [
        "pa_delete"
      ]
    },
    "shift_case": "sin_cos_pa_delete",
    "deleted_parents": {
      "18": 16,
      "9": 3,
      "21": 14,
      "34": 29
    }
  },
  "model": "iscan",
  "config_name": "ER",
  "dag_structure": "standard",
  "device": "cuda:0",
  "iscan": {
    "detected_shifted_nodes": [
      16,
      9,
      21
    ],
    "order": [
      32,
      18,
      10,
      6,
      16,
      22,
      9,
      36,
      31,
      37,
      17,
      30,
      33,
      34,
      14,
      21,
      28,
      35,
      38,
      26,
      19,
      25,
      39,
      0,
      12,
      8,
      5,
      11,
      29,
      7,
      20,
      24,
      13,
      3,
      1,
      15,
      4,
      23,
      27,
      2
    ],
    "ratio_dict": {
      "16": 4.09233105693055,
      "9": 2.2958350488052006,
      "21": 1.6327762822614487,
      "6": 1.2667991938286955,
      "10": 1.20227431836559,
      "26": 1.146379446855118,
      "18": 1.1024262176904314,
      "35": 1.047585319649967,
      "19": 0.9591159680791763,
      "12": 0.922128482584583,
      "2": 0.8539959150649159,
      "38": 0.8266383396012661,
      "28": 0.8258326838930268,
      "25": 0.8203991819076701,
      "39": 0.8077172014591671,
      "8": 0.7922221981081513,
      "31": 0.7809031197030156,
      "17": 0.7772259311705342,
      "36": 0.7716388033551838,
      "15": 0.7528115212868259,
      "1": 0.7434857692497712,
      "14": 0.7376310774729559,
      "34": 0.7032481007748606,
      "0": 0.6799637207585141,
      "23": 0.6795881333700257,
      "4": 0.6742544679242294,
      "33": 0.6737345342713049,
      "3": 0.6640147738709151,
      "30": 0.654916972523064,
      "37": 0.6545775125426138,
      "11": 0.6482858562001195,
      "27": 0.6381443819892764,
      "7": 0.6341258853986114,
      "20": 0.6128337369396941,
      "5": 0.5997630475901302,
      "22": 0.5904324983165128,
      "24": 0.5675782322360485,
      "29": 0.5658179746090456,
      "13": 0.5487341071997754
    },
    "true_shifted_node_summary": {
      "33": {
        "is_detected_as_shifted": false,
        "has_functional_shift_detected": true
      },
      "34": {
        "is_detected_as_shifted": false,
        "has_functional_shift_detected": true
      },
      "37": {
        "is_detected_as_shifted": false,
        "has_functional_shift_detected": true
      },
      "9": {
        "is_detected_as_shifted": true,
        "has_functional_shift_detected": true
      },
      "12": {
        "is_detected_as_shifted": false,
        "has_functional_shift_detected": true
      },
      "18": {
        "is_detected_as_shifted": false,
        "has_functional_shift_detected": true
      },
      "21": {
        "is_detected_as_shifted": true,
        "has_functional_shift_detected": true
      },
      "30": {
        "is_detected_as_shifted": false,
        "has_functional_shift_detected": true
      }
    },
    "functional_shift_results": {
      "33": {
        "shifted_edges": [
          [
            28,
            33
          ]
        ],
        "test_details": {
          "y_node": 33,
          "parents": [
            28
          ],
          "functional_shift_detected": true,
          "p_value_overall": 0.00040941940242433805,
          "parent_specific_p_values": {
            "28": 0.00040941940242433805
          },
          "coefficients_env1": {
            "Intercept": 1.2917071866148473,
            "bs(x28, df=4, degree=3)[0]": -2.0996971037989867,
            "bs(x28, df=4, degree=3)[1]": 0.47918412384751213,
            "bs(x28, df=4, degree=3)[2]": -2.0150773261431625,
            "bs(x28, df=4, degree=3)[3]": -1.4943461596760512
          },
          "coefficients_env2": {
            "Intercept": 0.9364933342428823,
            "bs(x28, df=4, degree=3)[0]": -2.669199694068159,
            "bs(x28, df=4, degree=3)[1]": 2.131005654852564,
            "bs(x28, df=4, degree=3)[2]": -2.1411459218427162,
            "bs(x28, df=4, degree=3)[3]": -0.6875538613250547
          }
        },
        "has_functional_shift": true
      },
      "34": {
        "shifted_edges": [
          [
            10,
            34
          ],
          [
            29,
            34
          ]
        ],
        "test_details": {
          "y_node": 34,
          "parents": [
            10,
            29,
            33
          ],
          "functional_shift_detected": true,
          "p_value_overall": 1.2234488353524142e-06,
          "parent_specific_p_values": {
            "10": 0.0009803017904351785,
            "29": 3.132293935670383e-05,
            "33": 0.19980407155003665
          },
          "coefficients_env1": {
            "Intercept": -1.808265220701622,
            "bs(x10, df=4, degree=3)[0]": 1.7806215186983672,
            "bs(x10, df=4, degree=3)[1]": -1.7663541561047453,
            "bs(x10, df=4, degree=3)[2]": 3.0020416458322945,
            "bs(x10, df=4, degree=3)[3]": -1.5061098027722841,
            "bs(x29, df=4, degree=3)[0]": 2.952020602448498,
            "bs(x29, df=4, degree=3)[1]": 0.3358032084870941,
            "bs(x29, df=4, degree=3)[2]": 2.902084359228046,
            "bs(x29, df=4, degree=3)[3]": -1.298660298390381,
            "bs(x33, df=4, degree=3)[0]": 1.226298312391358,
            "bs(x33, df=4, degree=3)[1]": -0.32140090846674446,
            "bs(x33, df=4, degree=3)[2]": 1.6153333493841147,
            "bs(x33, df=4, degree=3)[3]": -2.2992202945361067
          },
          "coefficients_env2": {
            "Intercept": 1.0926312173709167,
            "bs(x10, df=4, degree=3)[0]": 1.5231767512116225,
            "bs(x10, df=4, degree=3)[1]": -1.757745989380787,
            "bs(x10, df=4, degree=3)[2]": 1.7315770613854296,
            "bs(x10, df=4, degree=3)[3]": -1.823975266318558,
            "bs(x29, df=4, degree=3)[0]": -0.6024697847541969,
            "bs(x29, df=4, degree=3)[1]": 0.018513460414509963,
            "bs(x29, df=4, degree=3)[2]": -0.26809580256013743,
            "bs(x29, df=4, degree=3)[3]": -0.5499000604366168,
            "bs(x33, df=4, degree=3)[0]": -0.05626476373340564,
            "bs(x33, df=4, degree=3)[1]": -1.1478728669010667,
            "bs(x33, df=4, degree=3)[2]": 1.0438963548030868,
            "bs(x33, df=4, degree=3)[3]": -3.740413516737894
          }
        },
        "has_functional_shift": true
      },
      "37": {
        "shifted_edges": [
          [
            30,
            37
          ]
        ],
        "test_details": {
          "y_node": 37,
          "parents": [
            30
          ],
          "functional_shift_detected": true,
          "p_value_overall": 1.1102230246251565e-16,
          "parent_specific_p_values": {
            "30": 1.1102230246251565e-16
          },
          "coefficients_env1": {
            "Intercept": -1.7256581480314166,
            "bs(x30, df=4, degree=3)[0]": 3.755172724028222,
            "bs(x30, df=4, degree=3)[1]": -0.009558881276236844,
            "bs(x30, df=4, degree=3)[2]": 3.8430913179021537,
            "bs(x30, df=4, degree=3)[3]": -0.9749788456798316
          },
          "coefficients_env2": {
            "Intercept": 0.5782502971030695,
            "bs(x30, df=4, degree=3)[0]": -2.244646548467305,
            "bs(x30, df=4, degree=3)[1]": 1.795480259777567,
            "bs(x30, df=4, degree=3)[2]": -1.0814725288493372,