{
  "dataset_info": {
    "seed": 234,
    "dataset_index": 13,
    "node_count": 40,
    "edge_count": 40,
    "graph_type": "ER",
    "shifted_nodes": [
      26,
      34,
      27,
      22,
      21,
      6,
      38,
      14
    ],
    "shift_types": {
      "26": [
        "pa_delete"
      ],
      "34": [
        "pa_delete"
      ],
      "27": [
        "pa_delete"
      ],
      "22": [
        "pa_delete"
      ],
      "21": [
        "noise_N02"
      ],
      "6": [
        "noise_N02"
      ],
      "38": [
        "noise_N02"
      ],
      "14": [
        "noise_N02"
      ]
    },
    "shift_case": "pa_delete_noise_N02",
    "deleted_parents": {
      "26": 10,
      "34": 14,
      "27": 0,
      "22": 20
    }
  },
  "model": "iscan",
  "config_name": "ER",
  "dag_structure": "standard",
  "device": "cuda:0",
  "iscan": {
    "detected_shifted_nodes": [
      16,
      26,
      27,
      20,
      22,
      21,
      14,
      30,
      38,
      5,
      7,
      39,
      19,
      4,
      29,
      2,
      32,
      11,
      28,
      25,
      1,
      31,
      10,
      36,
      23,
      37,
      18,
      13,
      8,
      15,
      12,
      17,
      34,
      35,
      33
    ],
    "order": [
      6,
      20,
      22,
      16,
      19,
      9,
      18,
      14,
      13,
      34,
      27,
      17,
      26,
      11,
      21,
      4,
      7,
      30,
      29,
      5,
      28,
      38,
      0,
      31,
      2,
      39,
      10,
      1,
      8,
      24,
      12,
      3,
      36,
      15,
      23,
      33,
      35,
      32,
      37,
      25
    ],
    "ratio_dict": {
      "16": 1.8603201553765254,
      "26": 1.8000310757911961,
      "27": 1.6735405194852773,
      "20": 1.4403937440778523,
      "22": 1.2710189500466953,
      "21": 1.2059232424495192,
      "14": 1.2059087689943486,
      "30": 1.177390836857759,
      "38": 1.1267600552428905,
      "5": 1.1105710444976478,
      "7": 1.0897137041913947,
      "39": 0.8862961520763739,
      "19": 0.8853926209860127,
      "4": 0.8760149390300094,
      "29": 0.8623513665799359,
      "2": 0.8515202737194134,
      "32": 0.8093834107485279,
      "11": 0.7981296580998776,
      "28": 0.7674429861373061,
      "25": 0.7643524906422314,
      "1": 0.7627106357125059,
      "31": 0.7531791257089224,
      "10": 0.7317848922230912,
      "36": 0.730530541704669,
      "23": 0.7258365862876671,
      "37": 0.7219493689746493,
      "18": 0.7181737566111468,
      "13": 0.70980609836432,
      "8": 0.6926871179175451,
      "15": 0.690330644186704,
      "12": 0.6848805198965519,
      "17": 0.6775738217931095,
      "34": 0.6646443271304573,
      "35": 0.6596519902761406,
      "33": 0.6479886725662996,
      "9": 0.5927124392005572,
      "3": 0.5811353790121313,
      "0": 0.5660357116918214,
      "24": 0.550694038253437
    },
    "true_shifted_node_summary": {
      "34": {
        "is_detected_as_shifted": true,
        "has_functional_shift_detected": true
      },
      "6": {
        "is_detected_as_shifted": false,
        "has_functional_shift_detected": false
      },
      "38": {
        "is_detected_as_shifted": true,
        "has_functional_shift_detected": false
      },
      "14": {
        "is_detected_as_shifted": true,
        "has_functional_shift_detected": true
      },
      "21": {
        "is_detected_as_shifted": true,
        "has_functional_shift_detected": false
      },
      "22": {
        "is_detected_as_shifted": true,
        "has_functional_shift_detected": true
      },
      "26": {
        "is_detected_as_shifted": true,
        "has_functional_shift_detected": true
      },
      "27": {
        "is_detected_as_shifted": true,
        "has_functional_shift_detected": true
      }
    },
    "functional_shift_results": {
      "34": {
        "shifted_edges": [
          [
            14,
            34
          ],
          [
            0,
            34
          ]
        ],
        "test_details": {
          "y_node": 34,
          "parents": [
            0,
            14
          ],
          "functional_shift_detected": true,
          "p_value_overall": 3.0826772434711103e-07,
          "parent_specific_p_values": {
            "0": 2.2816890885568597e-06,
            "14": 0.006277863452863075
          },
          "coefficients_env1": {
            "Intercept": 0.4768108848090759,
            "bs(x0, df=4, degree=3)[0]": 3.2752798537628127,
            "bs(x0, df=4, degree=3)[1]": -0.07549088940444709,
            "bs(x0, df=4, degree=3)[2]": 3.2707924615271073,
            "bs(x0, df=4, degree=3)[3]": -0.5087719424812873,
            "bs(x14, df=4, degree=3)[0]": -2.564164592069673,
            "bs(x14, df=4, degree=3)[1]": -0.3491940024739689,
            "bs(x14, df=4, degree=3)[2]": -2.278338809457869,
            "bs(x14, df=4, degree=3)[3]": -1.4804907690811084
          },
          "coefficients_env2": {
            "Intercept": -2.632574798284497,
            "bs(x0, df=4, degree=3)[0]": 5.002658251515905,
            "bs(x0, df=4, degree=3)[1]": 0.09405039022547029,
            "bs(x0, df=4, degree=3)[2]": 5.734085120199946,
            "bs(x0, df=4, degree=3)[3]": -2.0098223264655863,
            "bs(x14, df=4, degree=3)[0]": -0.03566759858829041,
            "bs(x14, df=4, degree=3)[1]": 0.11321746835736829,
            "bs(x14, df=4, degree=3)[2]": -0.011405993145952226,
            "bs(x14, df=4, degree=3)[3]": 0.6987195713045049
          }
        },
        "has_functional_shift": true
      },
      "6": {
        "shifted_edges": [],
        "test_details": {
          "y_node": 6,
          "parents": [
            5
          ],
          "functional_shift_detected": false,
          "p_value_overall": 0.2620595328001263,
          "parent_specific_p_values": {},
          "coefficients_env1": {
            "Intercept": -1.90971632851466,
            "bs(x5, df=4, degree=3)[0]": 3.8735262427732904,
            "bs(x5, df=4, degree=3)[1]": 0.24546312406668597,
            "bs(x5, df=4, degree=3)[2]": 4.075842384493268,
            "bs(x5, df=4, degree=3)[3]": -0.602686057551743
          },
          "coefficients_env2": {
            "Intercept": -2.655700471589717,
            "bs(x5, df=4, degree=3)[0]": 5.242807219714024,
            "bs(x5, df=4, degree=3)[1]": 0.28030814298518847,
            "bs(x5, df=4, degree=3)[2]": 5.503848520536399,
            "bs(x5, df=4, degree=3)[3]": -0.3876496259241788
          }
        },
        "has_functional_shift": false
      },
      "38": {
        "shifted_edges": [],
        "test_details": {
          "y_node": 38,
          "parents": [
            0,
            12,
            13
          ],
          "functional_shift_detected": false,
          "p_value_overall": 0.20848012647498626,
          "parent_specific_p_values": {},
          "coefficients_env1": {
            "Intercept": -4.218917366641884,
            "bs(x0, df=4, degree=3)[0]": 3.3270234181175034,
            "bs(x0, df=4, degree=3)[1]": 0.029865780932284147,
            "bs(x0, df=4, degree=3)[2]": 3.4300257083306622,
            "bs(x0, df=4, degree=3)[3]": -0.6338290215862459,
            "bs(x12, df=4, degree=3)[0]": 3.510971135556729,
            "bs(x12, df=4, degree=3)[1]": 0.2621472448366587,
            "bs(x12, df=4, degree=3)[2]": 3.971027224192727,
            "bs(x12, df=4, degree=3)[3]": -2.0022484685360324,
            "bs(x13, df=4, degree=3)[0]": 2.900188922659562,
            "bs(x13, df=4, degree=3)[1]": -1.2798483146507742,
            "bs(x13, df=4, degree=3)[2]": 3.7432254937626452,
            "bs(x13, df=4, degree=3)[3]": -0.404976466615926
          },
          "coefficients_env2": {
            "Intercept": -3.397006773439677,
            "bs(x0, df=4, degree=3)[0]": 4.234553744716566,
            "bs(x0, df=4, degree=3)[1]": 0.5246125274286747,