{
  "dataset_info": {
    "seed": 236,
    "dataset_index": 15,
    "node_count": 40,
    "edge_count": 40,
    "graph_type": "ER",
    "shifted_nodes": [
      17,
      39,
      13,
      30,
      22,
      37,
      26,
      34
    ],
    "shift_types": {
      "17": [
        "pa_delete"
      ],
      "39": [
        "pa_delete"
      ],
      "13": [
        "pa_delete"
      ],
      "30": [
        "pa_delete"
      ],
      "22": [
        "noise_N02"
      ],
      "37": [
        "noise_N02"
      ],
      "26": [
        "noise_N02"
      ],
      "34": [
        "noise_N02"
      ]
    },
    "shift_case": "pa_delete_noise_N02",
    "deleted_parents": {
      "17": 14,
      "39": 28,
      "13": 2,
      "30": 12
    }
  },
  "model": "iscan",
  "config_name": "ER",
  "dag_structure": "standard",
  "device": "cuda:0",
  "iscan": {
    "detected_shifted_nodes": [
      4,
      26,
      28,
      39,
      34,
      29,
      22,
      7,
      17,
      8,
      19,
      38,
      31,
      3,
      37,
      18,
      1,
      20,
      32,
      0,
      10,
      13,
      21,
      24,
      6,
      12,
      33,
      2,
      27,
      5,
      14,
      30,
      16,
      35
    ],
    "order": [
      15,
      4,
      24,
      12,
      30,
      23,
      22,
      17,
      39,
      28,
      37,
      7,
      29,
      33,
      13,
      26,
      18,
      19,
      31,
      38,
      32,
      10,
      0,
      8,
      1,
      2,
      20,
      35,
      34,
      14,
      11,
      25,
      16,
      6,
      27,
      36,
      21,
      9,
      3,
      5
    ],
    "ratio_dict": {
      "4": 1.0887927356354439,
      "26": 1.0669864859428504,
      "28": 1.016984967127508,
      "39": 0.987172990810457,
      "34": 0.9244879680443276,
      "29": 0.9220415417793678,
      "22": 0.9211564721192094,
      "7": 0.8816781995757158,
      "17": 0.8757086982280309,
      "8": 0.860989554460621,
      "19": 0.8484597412026075,
      "38": 0.8068506383291303,
      "31": 0.7915020408928114,
      "3": 0.7845836143458089,
      "37": 0.7809041704500496,
      "18": 0.7776165711258642,
      "1": 0.7707347798175217,
      "20": 0.7681122860207711,
      "32": 0.7665389704799812,
      "0": 0.7603256932402064,
      "10": 0.7600232256362944,
      "13": 0.7363229692755439,
      "21": 0.7231783667093479,
      "24": 0.7167093636078151,
      "6": 0.7150427496017981,
      "12": 0.7132017777357101,
      "33": 0.7084858603368641,
      "2": 0.6832927556676811,
      "27": 0.6824152212362854,
      "5": 0.6713067839915356,
      "14": 0.6589936089894819,
      "30": 0.6180643070794769,
      "16": 0.6065165953081335,
      "35": 0.5897050919702314,
      "9": 0.554664732987307,
      "36": 0.5519959665373164,
      "25": 0.536120775151559,
      "11": 0.5131549008629603,
      "23": 0.45490479320818633
    },
    "true_shifted_node_summary": {
      "34": {
        "is_detected_as_shifted": true,
        "has_functional_shift_detected": true
      },
      "37": {
        "is_detected_as_shifted": true,
        "has_functional_shift_detected": true
      },
      "39": {
        "is_detected_as_shifted": true,
        "has_functional_shift_detected": true
      },
      "13": {
        "is_detected_as_shifted": true,
        "has_functional_shift_detected": true
      },
      "17": {
        "is_detected_as_shifted": true,
        "has_functional_shift_detected": true
      },
      "22": {
        "is_detected_as_shifted": true,
        "has_functional_shift_detected": true
      },
      "26": {
        "is_detected_as_shifted": true,
        "has_functional_shift_detected": true
      },
      "30": {
        "is_detected_as_shifted": true,
        "has_functional_shift_detected": true
      }
    },
    "functional_shift_results": {
      "34": {
        "shifted_edges": [
          [
            25,
            34
          ],
          [
            29,
            34
          ]
        ],
        "test_details": {
          "y_node": 34,
          "parents": [
            11,
            25,
            29
          ],
          "functional_shift_detected": true,
          "p_value_overall": 0.00466201613717554,
          "parent_specific_p_values": {
            "11": 0.5406190625531138,
            "25": 0.028162472848677456,
            "29": 0.005389180058426368
          },
          "coefficients_env1": {
            "Intercept": -2.214293515734224,
            "bs(x11, df=4, degree=3)[0]": 3.4101793710873483,
            "bs(x11, df=4, degree=3)[1]": 0.6627962427625119,
            "bs(x11, df=4, degree=3)[2]": 3.233159646562405,
            "bs(x11, df=4, degree=3)[3]": 0.5536548293974004,
            "bs(x25, df=4, degree=3)[0]": 5.168818459960988,
            "bs(x25, df=4, degree=3)[1]": 0.7892065564888613,
            "bs(x25, df=4, degree=3)[2]": 4.836552450631974,
            "bs(x25, df=4, degree=3)[3]": -0.545823131599836,
            "bs(x29, df=4, degree=3)[0]": -2.999111957775866,
            "bs(x29, df=4, degree=3)[1]": -1.1861684199934386,
            "bs(x29, df=4, degree=3)[2]": -1.6667922623676303,
            "bs(x29, df=4, degree=3)[3]": -4.987048359673333
          },
          "coefficients_env2": {
            "Intercept": -2.181385891732889,
            "bs(x11, df=4, degree=3)[0]": 4.824388781213084,
            "bs(x11, df=4, degree=3)[1]": 1.4765694937478058,
            "bs(x11, df=4, degree=3)[2]": 4.564522690268422,
            "bs(x11, df=4, degree=3)[3]": 0.736968884926934,
            "bs(x25, df=4, degree=3)[0]": 3.5270960509419655,
            "bs(x25, df=4, degree=3)[1]": -0.16904475536312566,
            "bs(x25, df=4, degree=3)[2]": 3.6061902762531295,
            "bs(x25, df=4, degree=3)[3]": -0.32384762350614027,
            "bs(x29, df=4, degree=3)[0]": -3.321386176445582,
            "bs(x29, df=4, degree=3)[1]": -0.5011287141310408,
            "bs(x29, df=4, degree=3)[2]": -2.5176609853032,
            "bs(x29, df=4, degree=3)[3]": -1.800782467091619
          }
        },
        "has_functional_shift": true
      },
      "37": {
        "shifted_edges": [
          [
            2,
            37
          ]
        ],
        "test_details": {
          "y_node": 37,
          "parents": [
            2
          ],
          "functional_shift_detected": true,
          "p_value_overall": 0.0008640121607649265,
          "parent_specific_p_values": {
            "2": 0.0008640121607649265
          },
          "coefficients_env1": {
            "Intercept": -2.3959048711206723,
            "bs(x2, df=4, degree=3)[0]": 4.674061245136117,
            "bs(x2, df=4, degree=3)[1]": 0.27230306504234164,
            "bs(x2, df=4, degree=3)[2]": 5.014614003099664,
            "bs(x2, df=4, degree=3)[3]": -1.4940320715452446
          },
          "coefficients_env2": {
            "Intercept": -1.9128411243228152,
            "bs(x2, df=4, degree=3)[0]": 3.32397021676128,
            "bs(x2, df=4, degree=3)[1]": 1.1971538815480995,
            "bs(x2, df=4, degree=3)[2]": 2.995933919488957,
            "bs(x2, df=4, degree=3)[3]": 0.0475191189842909
          }
        },
        "has_functional_shift": true
      },
      "39": {
        "shifted_edges": [
          [
            28,
            39
          ],
          [
            0,
            39
          ]
        ],
        "test_details": {
          "y_node": 39,
          "parents": [
            0,
            28
          ],
          "functional_shift_detected": true,
          "p_value_overall": 5.900916533185807e-09,
          "parent_specific_p_values": {
            "0": 0.00010330174593764507,
            "28": 9.229642450314657e-08
          },
          "coefficients_env1": {
            "Intercept": 0.4248198520654426,
            "bs(x0, df=4, degree=3)[0]": 3.2574064288673146,
            "bs(x0, df=4, degree=3)[1]": -0.9571973209970995,