{
  "dataset_info": {
    "seed": 224,
    "dataset_index": 3,
    "node_count": 40,
    "edge_count": 40,
    "graph_type": "ER",
    "shifted_nodes": [
      10,
      23,
      36,
      28,
      13,
      27,
      19,
      38
    ],
    "shift_types": {
      "10": [
        "sin_cos"
      ],
      "23": [
        "sin_cos"
      ],
      "36": [
        "sin_cos"
      ],
      "28": [
        "sin_cos"
      ],
      "13": [
        "noise_N02"
      ],
      "27": [
        "noise_N02"
      ],
      "19": [
        "noise_N02"
      ],
      "38": [
        "noise_N02"
      ]
    },
    "shift_case": "sin_cos_noise_N02",
    "deleted_parents": {}
  },
  "model": "iscan",
  "config_name": "ER",
  "dag_structure": "standard",
  "device": "cuda:0",
  "iscan": {
    "detected_shifted_nodes": [
      5,
      19,
      17,
      38,
      22,
      28,
      39,
      26,
      29,
      35,
      13,
      15,
      36,
      32,
      24,
      12,
      27,
      1,
      21,
      6,
      16,
      30,
      9,
      31,
      34,
      7
    ],
    "order": [
      23,
      37,
      39,
      22,
      18,
      10,
      27,
      13,
      30,
      38,
      5,
      25,
      16,
      34,
      32,
      17,
      28,
      19,
      26,
      35,
      29,
      6,
      20,
      1,
      2,
      11,
      0,
      4,
      14,
      8,
      7,
      3,
      9,
      31,
      12,
      33,
      24,
      21,
      15,
      36
    ],
    "ratio_dict": {
      "5": 1.249745451196735,
      "19": 1.2395327850856497,
      "17": 1.1661182627954771,
      "38": 1.1203809724289404,
      "22": 1.0617596094047943,
      "28": 1.0126245223619452,
      "39": 0.9776277008339952,
      "26": 0.9483933137649211,
      "29": 0.9269298824766553,
      "35": 0.9159644312170736,
      "13": 0.8885142726845675,
      "15": 0.8509710749252332,
      "36": 0.829105151691097,
      "32": 0.8036418155977527,
      "24": 0.8031788126911866,
      "12": 0.8024005179680064,
      "27": 0.7876623752318461,
      "1": 0.7855899406377472,
      "21": 0.7838569854403729,
      "6": 0.779648914848667,
      "16": 0.7761128558032434,
      "30": 0.7724651121703489,
      "9": 0.7593169619289,
      "31": 0.722517770891224,
      "34": 0.7176600257050112,
      "7": 0.6921893278594733,
      "14": 0.6715740188977136,
      "4": 0.6700490568916949,
      "20": 0.6649002873153271,
      "8": 0.6616293433108767,
      "3": 0.6589883224748438,
      "18": 0.6523443052518373,
      "37": 0.6491857047851949,
      "25": 0.6424360471486472,
      "2": 0.6405040870388263,
      "33": 0.5893624084597939,
      "0": 0.564537006407293,
      "11": 0.5601557173392683,
      "10": 0.5193016652492239
    },
    "true_shifted_node_summary": {
      "36": {
        "is_detected_as_shifted": true,
        "has_functional_shift_detected": true
      },
      "38": {
        "is_detected_as_shifted": true,
        "has_functional_shift_detected": true
      },
      "10": {
        "is_detected_as_shifted": false,
        "has_functional_shift_detected": true
      },
      "13": {
        "is_detected_as_shifted": true,
        "has_functional_shift_detected": false
      },
      "19": {
        "is_detected_as_shifted": true,
        "has_functional_shift_detected": true
      },
      "23": {
        "is_detected_as_shifted": false,
        "has_functional_shift_detected": true
      },
      "27": {
        "is_detected_as_shifted": true,
        "has_functional_shift_detected": true
      },
      "28": {
        "is_detected_as_shifted": true,
        "has_functional_shift_detected": true
      }
    },
    "functional_shift_results": {
      "36": {
        "shifted_edges": [
          [
            8,
            36
          ],
          [
            17,
            36
          ],
          [
            29,
            36
          ]
        ],
        "test_details": {
          "y_node": 36,
          "parents": [
            8,
            17,
            29,
            30,
            34
          ],
          "functional_shift_detected": true,
          "p_value_overall": 5.617728504603292e-14,
          "parent_specific_p_values": {
            "8": 3.413226380422074e-07,
            "17": 1.3423514522159508e-09,
            "29": 0.0402177982573535,
            "30": 0.15106763330153616,
            "34": 0.3162561153187624
          },
          "coefficients_env1": {
            "Intercept": -0.9323539552198339,
            "bs(x8, df=4, degree=3)[0]": 4.547949539678634,
            "bs(x8, df=4, degree=3)[1]": 2.315983125768697,
            "bs(x8, df=4, degree=3)[2]": 4.359452706510198,
            "bs(x8, df=4, degree=3)[3]": 2.272247423066575,
            "bs(x17, df=4, degree=3)[0]": 3.692877233214852,
            "bs(x17, df=4, degree=3)[1]": 0.47407873985525056,
            "bs(x17, df=4, degree=3)[2]": 3.740173564476073,
            "bs(x17, df=4, degree=3)[3]": -0.5005418229164054,
            "bs(x29, df=4, degree=3)[0]": -2.6434707897630805,
            "bs(x29, df=4, degree=3)[1]": 1.0314857501717392,
            "bs(x29, df=4, degree=3)[2]": -3.120652683492113,
            "bs(x29, df=4, degree=3)[3]": 0.725135545835622,
            "bs(x30, df=4, degree=3)[0]": -2.3779960009665353,
            "bs(x30, df=4, degree=3)[1]": 0.512864402189458,
            "bs(x30, df=4, degree=3)[2]": -2.627397015828046,
            "bs(x30, df=4, degree=3)[3]": -1.2136118865653658,
            "bs(x34, df=4, degree=3)[0]": -2.171761702439531,
            "bs(x34, df=4, degree=3)[1]": 0.7994624446559941,
            "bs(x34, df=4, degree=3)[2]": -1.7588750453885633,
            "bs(x34, df=4, degree=3)[3]": -2.519908505931828
          },
          "coefficients_env2": {
            "Intercept": 1.943113715161142,
            "bs(x8, df=4, degree=3)[0]": -4.470357399882856,
            "bs(x8, df=4, degree=3)[1]": -0.6690976101941373,
            "bs(x8, df=4, degree=3)[2]": -2.760967094027125,
            "bs(x8, df=4, degree=3)[3]": -1.5944741566372116,
            "bs(x17, df=4, degree=3)[0]": -2.7561120665449366,
            "bs(x17, df=4, degree=3)[1]": 0.22115707389069805,
            "bs(x17, df=4, degree=3)[2]": -1.0279423809020747,
            "bs(x17, df=4, degree=3)[3]": -1.6924101504910691,
            "bs(x29, df=4, degree=3)[0]": 0.5589771429884811,
            "bs(x29, df=4, degree=3)[1]": 4.012201983938086,
            "bs(x29, df=4, degree=3)[2]": -0.7673829181079228,
            "bs(x29, df=4, degree=3)[3]": 2.782777717281098,
            "bs(x30, df=4, degree=3)[0]": -0.7554431494057829,
            "bs(x30, df=4, degree=3)[1]": 3.6119291397252815,
            "bs(x30, df=4, degree=3)[2]": -0.7598251189156685,
            "bs(x30, df=4, degree=3)[3]": 0.8325078746286314,
            "bs(x34, df=4, degree=3)[0]": -0.9487356964964151,
            "bs(x34, df=4, degree=3)[1]": 2.6269082433866755,
            "bs(x34, df=4, degree=3)[2]": -0.7617662490967647,
            "bs(x34, df=4, degree=3)[3]": -0.721039838242976
          }
        },
        "has_functional_shift": true
      },
      "38": {
        "shifted_edges": [
          [
            5,
            38
          ],
          [
            3,
            38
          ]
        ],
        "test_details": {
          "y_node": 38,
          "parents": [
            3,
            5
          ],
          "functional_shift_detected": true,
          "p_value_overall": 2.523277094934606e-06,
          "parent_specific_p_values": {
            "3": 0.00903604833129068,
            "5": 3.052300328276747e-05
          },
          "coefficients_env1": {
            "Intercept": -6.93040631847052,
            "bs(x3, df=4, degree=3)[0]": 4.2484625395283135,
            "bs(x3, df=4, degree=3)[1]": 1.150166410226136,
            "bs(x3, df=4, degree=3)[2]": 3.9437463118327054,
            "bs(x3, df=4, degree=3)[3]": 0.7018825267304261,