{
  "dataset_info": {
    "seed": 163,
    "dataset_index": 2,
    "node_count": 30,
    "edge_count": 30,
    "graph_type": "ER",
    "shifted_nodes": [
      26,
      22,
      17,
      29,
      20,
      23
    ],
    "shift_types": {
      "26": [
        "sin_cos"
      ],
      "22": [
        "sin_cos"
      ],
      "17": [
        "sin_cos"
      ],
      "29": [
        "noise_N02"
      ],
      "20": [
        "noise_N02"
      ],
      "23": [
        "noise_N02"
      ]
    },
    "shift_case": "sin_cos_noise_N02",
    "deleted_parents": {}
  },
  "model": "linearccp",
  "exp_type": "synthetic",
  "config_name": "ER",
  "device": "cuda:0",
  "linearccp": {
    "shifted_nodes": [
      17,
      20,
      22,
      23,
      26,
      27,
      28,
      29
    ],
    "functional_change_nodes": [
      17,
      26,
      28,
      29
    ],
    "noise_change_nodes": [
      17,
      20,
      22,
      23,
      26,
      27,
      29
    ],
    "node_results": {
      "4": {
        "is_shifted": false,
        "parents": [
          2
        ],
        "function_test": {
          "f_statistic": 3.8355342198732156,
          "p_value": 0.050179774394527143,
          "is_function_changed": false,
          "beta_env1": [
            0.00202798345553233
          ],
          "beta_env2": [
            -0.006502245249138592
          ]
        },
        "noise_test": {
          "ks_statistic": 0.0049800000000000955,
          "p_value": 0.5630295973864663,
          "is_noise_changed": false
        }
      },
      "6": {
        "is_shifted": false,
        "parents": [
          4
        ],
        "function_test": {
          "f_statistic": 0.30798204372229127,
          "p_value": 0.5789223731410336,
          "is_function_changed": false,
          "beta_env1": [
            0.13940415136791265
          ],
          "beta_env2": [
            0.1359044726821592
          ]
        },
        "noise_test": {
          "ks_statistic": 0.0039199999999999235,
          "p_value": 0.8355215988696998,
          "is_noise_changed": false
        }
      },
      "7": {
        "is_shifted": false,
        "parents": [
          5
        ],
        "function_test": {
          "f_statistic": 2.496159660877985,
          "p_value": 0.1141274485892424,
          "is_function_changed": false,
          "beta_env1": [
            0.00015474204732099706
          ],
          "beta_env2": [
            -0.006741233970330388
          ]
        },
        "noise_test": {
          "ks_statistic": 0.0024800000000000377,
          "p_value": 0.9978199531904033,
          "is_noise_changed": false
        }
      },
      "9": {
        "is_shifted": false,
        "parents": [
          0,
          1
        ],
        "function_test": {
          "f_statistic": 1.5487431745302798,
          "p_value": 0.2125199978459018,
          "is_function_changed": false,
          "beta_env1": [
            0.004156317383392727,
            -0.00010048912163498874
          ],
          "beta_env2": [
            -0.00503404769012233,
            -0.0003246607358956692
          ]
        },
        "noise_test": {
          "ks_statistic": 0.005140000000000033,
          "p_value": 0.5219305734232791,
          "is_noise_changed": false
        }
      },
      "11": {
        "is_shifted": false,
        "parents": [
          2
        ],
        "function_test": {
          "f_statistic": 0.38291846022114573,
          "p_value": 0.5360468592214505,
          "is_function_changed": false,
          "beta_env1": [
            0.000661549377041282
          ],
          "beta_env2": [
            -0.002025730587609287
          ]
        },
        "noise_test": {
          "ks_statistic": 0.0038200000000000456,
          "p_value": 0.857532937075977,
          "is_noise_changed": false
        }
      },
      "12": {
        "is_shifted": false,
        "parents": [
          6
        ],
        "function_test": {
          "f_statistic": 0.00027351508157787526,
          "p_value": 0.9868049871550161,
          "is_function_changed": false,
          "beta_env1": [
            0.1237505010024827
          ],
          "beta_env2": [
            0.12385445765246292
          ]
        },
        "noise_test": {
          "ks_statistic": 0.005159999999999942,
          "p_value": 0.5168760722241771,
          "is_noise_changed": false
        }
      },
      "13": {
        "is_shifted": false,
        "parents": [
          9
        ],
        "function_test": {
          "f_statistic": 0.236114774817309,
          "p_value": 0.6270274851750246,
          "is_function_changed": false,
          "beta_env1": [
            0.02898674503671057
          ],
          "beta_env2": [
            0.025988184198686124
          ]
        },
        "noise_test": {
          "ks_statistic": 0.0038799999999999946,
          "p_value": 0.8444759423146997,
          "is_noise_changed": false
        }
      },
      "15": {
        "is_shifted": false,
        "parents": [
          11
        ],
        "function_test": {
          "f_statistic": 0.30984965386054497,
          "p_value": 0.5777737040624037,
          "is_function_changed": false,
          "beta_env1": [
            0.13539093802859054
          ],
          "beta_env2": [
            0.13892491076677418
          ]
        },
        "noise_test": {
          "ks_statistic": 0.004860000000000031,
          "p_value": 0.5944880167061246,
          "is_noise_changed": false
        }
      },
      "17": {
        "is_shifted": true,
        "parents": [
          3
        ],
        "function_test": {
          "f_statistic": 2290.836620771736,
          "p_value": 1.1102230246251565e-16,
          "is_function_changed": true,
          "beta_env1": [
            0.002435635365090359
          ],
          "beta_env2": [
            0.22827418394249752
          ]
        },
        "noise_test": {
          "ks_statistic": 0.07254000000000005,
          "p_value": 7.638743352110022e-115,
          "is_noise_changed": true
        }
      },
      "19": {
        "is_shifted": false,
        "parents": [
          6
        ],
        "function_test": {
          "f_statistic": 3.595301547575239,
          "p_value": 0.05794599536398748,
          "is_function_changed": false,
          "beta_env1": [
            0.11617245475404059
          ],
          "beta_env2": [
            0.12802303569665904
          ]
        },
        "noise_test": {
          "ks_statistic": 0.005640000000000034,
          "p_value": 0.4027277234147998,
          "is_noise_changed": false
        }
      },
      "20": {
        "is_shifted": true,
        "parents": [
          19
        ],
        "function_test": {
          "f_statistic": 0.6173521887154443,
          "p_value": 0.4320347960067672,
          "is_function_changed": false,
          "beta_env1": [
            0.10731777771687491
          ],
          "beta_env2": [
            0.11302795516175204
          ]
        },
        "noise_test": {
          "ks_statistic": 0.06904000000000002,
          "p_value": 4.659271116233515e-104,
          "is_noise_changed": true
        }
      },
      "21": {
        "is_shifted": false,
        "parents": [
          0,
          4,
          8
        ],
        "function_test": {
          "f_statistic": 2.304381858440481,
          "p_value": 0.0747250124148423,
          "is_function_changed": false,
          "beta_env1": [
            0.010294500789817293,
            0.14271820616849495,
            0.01064477580609022
          ],
          "beta_env2": [
            -0.004659136599795837,
            0.1487855834936329,
            0.009942357403652057
          ]
        },
        "noise_test": {
          "ks_statistic": 0.0049599999999999644,
          "p_value": 0.5682402464647985,
          "is_noise_changed": false
        }
      },