{
  "dataset_info": {
    "seed": 191,
    "dataset_index": 30,
    "node_count": 30,
    "edge_count": 30,
    "graph_type": "ER",
    "shifted_nodes": [
      3,
      27,
      23,
      14,
      26,
      6
    ],
    "shift_types": {
      "3": [
        "noise_N02"
      ],
      "27": [
        "noise_N02"
      ],
      "23": [
        "noise_N02"
      ],
      "14": [
        "noise_laplace"
      ],
      "26": [
        "noise_laplace"
      ],
      "6": [
        "noise_laplace"
      ]
    },
    "shift_case": "noise_N02_laplace",
    "deleted_parents": {}
  },
  "model": "linearccp",
  "exp_type": "synthetic",
  "config_name": "ER",
  "device": "cuda:0",
  "linearccp": {
    "shifted_nodes": [
      3,
      4,
      6,
      10,
      14,
      15,
      16,
      17,
      23,
      26,
      27,
      29
    ],
    "functional_change_nodes": [
      4,
      10,
      15,
      16,
      17,
      26,
      27,
      29
    ],
    "noise_change_nodes": [
      3,
      4,
      6,
      10,
      14,
      16,
      17,
      23,
      26,
      27
    ],
    "node_results": {
      "3": {
        "is_shifted": true,
        "parents": [
          0
        ],
        "function_test": {
          "f_statistic": 0.7967124872101444,
          "p_value": 0.372080250911591,
          "is_function_changed": false,
          "beta_env1": [
            -0.002213519471477473
          ],
          "beta_env2": [
            0.0022619694869173406
          ]
        },
        "noise_test": {
          "ks_statistic": 0.05830000000000002,
          "p_value": 2.648397879790965e-74,
          "is_noise_changed": true
        }
      },
      "4": {
        "is_shifted": true,
        "parents": [
          1,
          3
        ],
        "function_test": {
          "f_statistic": 163.64252089250436,
          "p_value": 1.1102230246251565e-16,
          "is_function_changed": true,
          "beta_env1": [
            -0.0012531840725673125,
            0.15004450493105873
          ],
          "beta_env2": [
            -0.0024717397079036954,
            0.025773007575160215
          ]
        },
        "noise_test": {
          "ks_statistic": 0.01097999999999999,
          "p_value": 0.004784848147177719,
          "is_noise_changed": true
        }
      },
      "6": {
        "is_shifted": true,
        "parents": [
          4
        ],
        "function_test": {
          "f_statistic": 3.1936039349701644,
          "p_value": 0.07392989296692865,
          "is_function_changed": false,
          "beta_env1": [
            0.014832020526676265
          ],
          "beta_env2": [
            0.02745602609913553
          ]
        },
        "noise_test": {
          "ks_statistic": 0.041999999999999996,
          "p_value": 9.31967587138849e-39,
          "is_noise_changed": true
        }
      },
      "10": {
        "is_shifted": true,
        "parents": [
          3
        ],
        "function_test": {
          "f_statistic": 353.963646633658,
          "p_value": 1.1102230246251565e-16,
          "is_function_changed": true,
          "beta_env1": [
            0.14481889642794368
          ],
          "beta_env2": [
            0.03533761677426575
          ]
        },
        "noise_test": {
          "ks_statistic": 0.01104000000000005,
          "p_value": 0.004478782797834754,
          "is_noise_changed": true
        }
      },
      "11": {
        "is_shifted": false,
        "parents": [
          5
        ],
        "function_test": {
          "f_statistic": 2.4588731017243735,
          "p_value": 0.11686576039923591,
          "is_function_changed": false,
          "beta_env1": [
            -0.0007853040964287665
          ],
          "beta_env2": [
            0.006059309289346904
          ]
        },
        "noise_test": {
          "ks_statistic": 0.005800000000000027,
          "p_value": 0.3682121293271101,
          "is_noise_changed": false
        }
      },
      "12": {
        "is_shifted": false,
        "parents": [
          0
        ],
        "function_test": {
          "f_statistic": 0.1007500659884653,
          "p_value": 0.7509320382535049,
          "is_function_changed": false,
          "beta_env1": [
            0.0028293776228091
          ],
          "beta_env2": [
            0.0014463070916302452
          ]
        },
        "noise_test": {
          "ks_statistic": 0.0029800000000000104,
          "p_value": 0.9789967701043304,
          "is_noise_changed": false
        }
      },
      "13": {
        "is_shifted": false,
        "parents": [
          0,
          7,
          8
        ],
        "function_test": {
          "f_statistic": 0.8605042684685864,
          "p_value": 0.4607434120648356,
          "is_function_changed": false,
          "beta_env1": [
            -0.005542206512988098,
            -0.0038429529913304415,
            0.0030068703063052564
          ],
          "beta_env2": [
            0.003796764370678116,
            -0.0026195352712685698,
            0.004797857096847561
          ]
        },
        "noise_test": {
          "ks_statistic": 0.0031799999999999606,
          "p_value": 0.9614285356614413,
          "is_noise_changed": false
        }
      },
      "14": {
        "is_shifted": true,
        "parents": [
          10
        ],
        "function_test": {
          "f_statistic": 0.03309461195508356,
          "p_value": 0.855646469376139,
          "is_function_changed": false,
          "beta_env1": [
            0.11402276017421968
          ],
          "beta_env2": [
            0.11534338489956356
          ]
        },
        "noise_test": {
          "ks_statistic": 0.043660000000000004,
          "p_value": 7.562868735745402e-42,
          "is_noise_changed": true
        }
      },
      "15": {
        "is_shifted": true,
        "parents": [
          13
        ],
        "function_test": {
          "f_statistic": 4.438681658766839,
          "p_value": 0.03513585151645815,
          "is_function_changed": true,
          "beta_env1": [
            -0.1114081836329524
          ],
          "beta_env2": [
            -0.12428877803637084
          ]
        },
        "noise_test": {
          "ks_statistic": 0.0024600000000000177,
          "p_value": 0.9980700901713923,
          "is_noise_changed": false
        }
      },
      "16": {
        "is_shifted": true,
        "parents": [
          14
        ],
        "function_test": {
          "f_statistic": 243.4104679990171,
          "p_value": 1.1102230246251565e-16,
          "is_function_changed": true,
          "beta_env1": [
            0.1110379646161368
          ],
          "beta_env2": [
            0.0232196346105167
          ]
        },
        "noise_test": {
          "ks_statistic": 0.016139999999999988,
          "p_value": 4.3591564989091205e-06,
          "is_noise_changed": true
        }
      },
      "17": {
        "is_shifted": true,
        "parents": [
          3,
          11,
          14
        ],
        "function_test": {
          "f_statistic": 98.6889010498726,
          "p_value": 1.1102230246251565e-16,
          "is_function_changed": true,
          "beta_env1": [
            0.14918270183923774,
            0.13074343490314236,
            0.15374155103255327
          ],
          "beta_env2": [
            0.052822844909438164,
            0.14679735968813745,
            0.06380768478750813
          ]
        },
        "noise_test": {
          "ks_statistic": 0.012980000000000005,
          "p_value": 0.0004351729073503509,
          "is_noise_changed": true
        }
      },
      "21": {
        "is_shifted": false,
        "parents": [
          7,
          15,
          18
        ],
        "function_test": {
          "f_statistic": 0.744678812796986,
          "p_value": 0.5252780959784149,
          "is_function_changed": false,