{
  "dataset_info": {
    "seed": 182,
    "dataset_index": 21,
    "node_count": 30,
    "edge_count": 30,
    "graph_type": "ER",
    "shifted_nodes": [
      11,
      26,
      5,
      15,
      24,
      10
    ],
    "shift_types": {
      "11": [
        "sin_cos"
      ],
      "26": [
        "sin_cos"
      ],
      "5": [
        "sin_cos"
      ],
      "15": [
        "pa_delete"
      ],
      "24": [
        "pa_delete"
      ],
      "10": [
        "pa_delete"
      ]
    },
    "shift_case": "sin_cos_pa_delete",
    "deleted_parents": {
      "15": 1,
      "24": 18,
      "10": 1
    }
  },
  "model": "linearccp",
  "exp_type": "synthetic",
  "config_name": "ER",
  "device": "cuda:0",
  "linearccp": {
    "shifted_nodes": [
      5,
      10,
      11,
      12,
      15,
      16,
      22,
      23,
      24,
      26,
      28,
      29
    ],
    "functional_change_nodes": [
      5,
      11,
      12,
      16,
      22,
      23,
      26,
      28,
      29
    ],
    "noise_change_nodes": [
      5,
      10,
      11,
      12,
      15,
      16,
      22,
      23,
      24,
      26,
      29
    ],
    "node_results": {
      "5": {
        "is_shifted": true,
        "parents": [
          1
        ],
        "function_test": {
          "f_statistic": 2158.5957598273553,
          "p_value": 1.1102230246251565e-16,
          "is_function_changed": true,
          "beta_env1": [
            0.002787845006772976
          ],
          "beta_env2": [
            0.22150620171978297
          ]
        },
        "noise_test": {
          "ks_statistic": 0.07211999999999996,
          "p_value": 1.6052354760986836e-113,
          "is_noise_changed": true
        }
      },
      "7": {
        "is_shifted": false,
        "parents": [
          6
        ],
        "function_test": {
          "f_statistic": 0.4378609951253072,
          "p_value": 0.508158197531696,
          "is_function_changed": false,
          "beta_env1": [
            0.003098538542406083
          ],
          "beta_env2": [
            0.0002123089526143043
          ]
        },
        "noise_test": {
          "ks_statistic": 0.00603999999999999,
          "p_value": 0.3201015430177654,
          "is_noise_changed": false
        }
      },
      "9": {
        "is_shifted": false,
        "parents": [
          8
        ],
        "function_test": {
          "f_statistic": 0.2088281025715452,
          "p_value": 0.6476884723826165,
          "is_function_changed": false,
          "beta_env1": [
            0.005473384768431047
          ],
          "beta_env2": [
            0.00348071278421584
          ]
        },
        "noise_test": {
          "ks_statistic": 0.0050400000000000444,
          "p_value": 0.547488666404953,
          "is_noise_changed": false
        }
      },
      "10": {
        "is_shifted": true,
        "parents": [
          1
        ],
        "function_test": {
          "f_statistic": 0.9726487225783739,
          "p_value": 0.32402286860909324,
          "is_function_changed": false,
          "beta_env1": [
            -0.001500769692208325
          ],
          "beta_env2": [
            -0.006840844157375315
          ]
        },
        "noise_test": {
          "ks_statistic": 0.11194000000000004,
          "p_value": 2.5728367410209986e-273,
          "is_noise_changed": true
        }
      },
      "11": {
        "is_shifted": true,
        "parents": [
          10
        ],
        "function_test": {
          "f_statistic": 175.39086255878698,
          "p_value": 1.1102230246251565e-16,
          "is_function_changed": true,
          "beta_env1": [
            0.14354560540732256
          ],
          "beta_env2": [
            0.22164816467303794
          ]
        },
        "noise_test": {
          "ks_statistic": 0.07069999999999999,
          "p_value": 4.1665524871629486e-109,
          "is_noise_changed": true
        }
      },
      "12": {
        "is_shifted": true,
        "parents": [
          5
        ],
        "function_test": {
          "f_statistic": 288.15572685986245,
          "p_value": 1.1102230246251565e-16,
          "is_function_changed": true,
          "beta_env1": [
            0.14444366171526118
          ],
          "beta_env2": [
            0.04358889831119214
          ]
        },
        "noise_test": {
          "ks_statistic": 0.013680000000000025,
          "p_value": 0.0001710765710802818,
          "is_noise_changed": true
        }
      },
      "15": {
        "is_shifted": true,
        "parents": [
          1
        ],
        "function_test": {
          "f_statistic": 0.017838203239351712,
          "p_value": 0.8937509931601869,
          "is_function_changed": false,
          "beta_env1": [
            -0.005587827770326169
          ],
          "beta_env2": [
            -0.0048662747581921665
          ]
        },
        "noise_test": {
          "ks_statistic": 0.11106000000000005,
          "p_value": 4.962630398391604e-269,
          "is_noise_changed": true
        }
      },
      "16": {
        "is_shifted": true,
        "parents": [
          5,
          8
        ],
        "function_test": {
          "f_statistic": 90.49984748484835,
          "p_value": 1.1102230246251565e-16,
          "is_function_changed": true,
          "beta_env1": [
            0.12803762701935575,
            0.00013778093064042998
          ],
          "beta_env2": [
            0.033451565900126844,
            0.0036134436799619848
          ]
        },
        "noise_test": {
          "ks_statistic": 0.011319999999999997,
          "p_value": 0.0032743193408770665,
          "is_noise_changed": true
        }
      },
      "19": {
        "is_shifted": false,
        "parents": [
          4
        ],
        "function_test": {
          "f_statistic": 2.3563923441539076,
          "p_value": 0.12477360313784436,
          "is_function_changed": false,
          "beta_env1": [
            0.0010646675779479974
          ],
          "beta_env2": [
            -0.005641424841041745
          ]
        },
        "noise_test": {
          "ks_statistic": 0.006940000000000002,
          "p_value": 0.17899768699441887,
          "is_noise_changed": false
        }
      },
      "20": {
        "is_shifted": false,
        "parents": [
          13
        ],
        "function_test": {
          "f_statistic": 0.04239514105661695,
          "p_value": 0.8368688166195306,
          "is_function_changed": false,
          "beta_env1": [
            -0.0005392485616293936
          ],
          "beta_env2": [
            0.00036201005959048815
          ]
        },
        "noise_test": {
          "ks_statistic": 0.0041600000000000525,
          "p_value": 0.778251273012884,
          "is_noise_changed": false
        }
      },
      "21": {
        "is_shifted": false,
        "parents": [
          0,
          4
        ],
        "function_test": {
          "f_statistic": 2.334067719020864,
          "p_value": 0.09690605850898348,
          "is_function_changed": false,
          "beta_env1": [
            0.001615207520614523,
            0.010041098479653579
          ],
          "beta_env2": [
            -0.0005338959591456303,
            -0.0010608796301974
          ]
        },
        "noise_test": {
          "ks_statistic": 0.007940000000000058,
          "p_value": 0.08505822284800302,
          "is_noise_changed": false
        }
      },
      "22": {
        "is_shifted": true,
        "parents": [
          5
        ],
        "function_test": {
          "f_statistic": 315.4066284365826,
          "p_value": 1.1102230246251565e-16,
          "is_function_changed": true,
          "beta_env1": [
            0.13740914279978036
          ],
          "beta_env2": [
            0.03213090574170068
          ]
        },
        "noise_test": {
          "ks_statistic": 0.012860000000000094,