{
  "dataset_info": {
    "seed": 179,
    "dataset_index": 18,
    "node_count": 30,
    "edge_count": 30,
    "graph_type": "ER",
    "shifted_nodes": [
      7,
      27,
      28,
      20,
      17,
      2
    ],
    "shift_types": {
      "7": [
        "pa_delete"
      ],
      "27": [
        "pa_delete"
      ],
      "28": [
        "pa_delete"
      ],
      "20": [
        "noise_laplace"
      ],
      "17": [
        "noise_laplace"
      ],
      "2": [
        "noise_laplace"
      ]
    },
    "shift_case": "pa_delete_noise_laplace",
    "deleted_parents": {
      "7": 5,
      "27": 19,
      "28": 27
    }
  },
  "model": "linearccp",
  "exp_type": "synthetic",
  "config_name": "ER",
  "device": "cuda:0",
  "linearccp": {
    "shifted_nodes": [
      2,
      7,
      12,
      17,
      20,
      21,
      23,
      24,
      25,
      27,
      28,
      29
    ],
    "functional_change_nodes": [
      12,
      21,
      23,
      24,
      25,
      27,
      28,
      29
    ],
    "noise_change_nodes": [
      2,
      7,
      12,
      17,
      20,
      21,
      27,
      28,
      29
    ],
    "node_results": {
      "2": {
        "is_shifted": true,
        "parents": [
          0
        ],
        "function_test": {
          "f_statistic": 0.5527468544244951,
          "p_value": 0.4571992447388603,
          "is_function_changed": false,
          "beta_env1": [
            -6.800451029259275e-05
          ],
          "beta_env2": [
            0.0036433512275629654
          ]
        },
        "noise_test": {
          "ks_statistic": 0.030680000000000006,
          "p_value": 7.05985233526203e-21,
          "is_noise_changed": true
        }
      },
      "7": {
        "is_shifted": true,
        "parents": [
          3,
          5
        ],
        "function_test": {
          "f_statistic": 1.0068578324683979,
          "p_value": 0.3653689206429782,
          "is_function_changed": false,
          "beta_env1": [
            0.002428812354730076,
            0.0022399313214099214
          ],
          "beta_env2": [
            0.003118119038161256,
            -0.004575330300932707
          ]
        },
        "noise_test": {
          "ks_statistic": 0.048839999999999995,
          "p_value": 2.9021951571460753e-52,
          "is_noise_changed": true
        }
      },
      "12": {
        "is_shifted": true,
        "parents": [
          0,
          7
        ],
        "function_test": {
          "f_statistic": 129.84482822304324,
          "p_value": 1.1102230246251565e-16,
          "is_function_changed": true,
          "beta_env1": [
            -0.010579809260757854,
            0.026985542445901945
          ],
          "beta_env2": [
            0.0018003255202578912,
            0.1439619434796141
          ]
        },
        "noise_test": {
          "ks_statistic": 0.028100000000000014,
          "p_value": 1.3927445797083908e-17,
          "is_noise_changed": true
        }
      },
      "13": {
        "is_shifted": false,
        "parents": [
          6
        ],
        "function_test": {
          "f_statistic": 2.817282024228363,
          "p_value": 0.09325731668425696,
          "is_function_changed": false,
          "beta_env1": [
            0.005114925468744482
          ],
          "beta_env2": [
            -0.0022065275601830347
          ]
        },
        "noise_test": {
          "ks_statistic": 0.0026599999999999957,
          "p_value": 0.9942422667944718,
          "is_noise_changed": false
        }
      },
      "16": {
        "is_shifted": false,
        "parents": [
          5,
          6
        ],
        "function_test": {
          "f_statistic": 1.3582499172482965,
          "p_value": 0.25711509135496735,
          "is_function_changed": false,
          "beta_env1": [
            -0.0020642073178572177,
            0.0031514784047243344
          ],
          "beta_env2": [
            0.005442892096855283,
            -0.0010569666978845341
          ]
        },
        "noise_test": {
          "ks_statistic": 0.0048000000000000265,
          "p_value": 0.6103638054025584,
          "is_noise_changed": false
        }
      },
      "17": {
        "is_shifted": true,
        "parents": [
          10
        ],
        "function_test": {
          "f_statistic": 2.553129243991189,
          "p_value": 0.11007920166511764,
          "is_function_changed": false,
          "beta_env1": [
            -0.004033352770130741
          ],
          "beta_env2": [
            0.003910286547092877
          ]
        },
        "noise_test": {
          "ks_statistic": 0.033280000000000004,
          "p_value": 1.7193212383032502e-24,
          "is_noise_changed": true
        }
      },
      "18": {
        "is_shifted": false,
        "parents": [
          0,
          16
        ],
        "function_test": {
          "f_statistic": 0.463008140551111,
          "p_value": 0.6293888582588478,
          "is_function_changed": false,
          "beta_env1": [
            3.71252661068142e-05,
            0.027459363853542935
          ],
          "beta_env2": [
            0.005386727186335105,
            0.02941175836124304
          ]
        },
        "noise_test": {
          "ks_statistic": 0.0028799999999999937,
          "p_value": 0.9852862572943257,
          "is_noise_changed": false
        }
      },
      "19": {
        "is_shifted": false,
        "parents": [
          5,
          9
        ],
        "function_test": {
          "f_statistic": 0.6145356643316101,
          "p_value": 0.5408940352627218,
          "is_function_changed": false,
          "beta_env1": [
            0.001164842306245651,
            0.00025495437141235573
          ],
          "beta_env2": [
            -0.0038996769428913105,
            0.0031176097338326296
          ]
        },
        "noise_test": {
          "ks_statistic": 0.0031200000000000117,
          "p_value": 0.9674357226570611,
          "is_noise_changed": false
        }
      },
      "20": {
        "is_shifted": true,
        "parents": [
          19
        ],
        "function_test": {
          "f_statistic": 1.43726425284742,
          "p_value": 0.230585398269603,
          "is_function_changed": false,
          "beta_env1": [
            0.01987630647448841
          ],
          "beta_env2": [
            0.02840296351836497
          ]
        },
        "noise_test": {
          "ks_statistic": 0.03603999999999999,
          "p_value": 1.1962987265350282e-28,
          "is_noise_changed": true
        }
      },
      "21": {
        "is_shifted": true,
        "parents": [
          7,
          14
        ],
        "function_test": {
          "f_statistic": 110.991542284861,
          "p_value": 1.1102230246251565e-16,
          "is_function_changed": true,
          "beta_env1": [
            0.023592402084252496,
            0.0013910663178684922
          ],
          "beta_env2": [
            0.1323963925306075,
            -0.006994717541842596
          ]
        },
        "noise_test": {
          "ks_statistic": 0.026959999999999984,
          "p_value": 3.218457199058415e-16,
          "is_noise_changed": true
        }
      },
      "22": {
        "is_shifted": false,
        "parents": [
          18
        ],
        "function_test": {
          "f_statistic": 0.1687462647659837,
          "p_value": 0.6812293340148308,
          "is_function_changed": false,
          "beta_env1": [
            -0.027179004738848347
          ],
          "beta_env2": [
            -0.02953178716238925
          ]
        },
        "noise_test": {
          "ks_statistic": 0.0034000000000000696,
          "p_value": 0.9337680314772026,
          "is_noise_changed": false
        }
      },
      "23": {
        "is_shifted": true,
        "parents": [
          16
        ],
        "function_test": {
          "f_statistic": 4.057630424567692,