{
  "dataset_info": {
    "seed": 201,
    "dataset_index": 10,
    "node_count": 30,
    "edge_count": 30,
    "graph_type": "SF",
    "shifted_nodes": [
      13,
      7,
      23,
      25,
      8,
      21
    ],
    "shift_types": {
      "13": [
        "sin_cos"
      ],
      "7": [
        "sin_cos"
      ],
      "23": [
        "sin_cos"
      ],
      "25": [
        "noise_laplace"
      ],
      "8": [
        "noise_laplace"
      ],
      "21": [
        "noise_laplace"
      ]
    },
    "shift_case": "sin_cos_noise_laplace",
    "deleted_parents": {}
  },
  "model": "linearccp",
  "exp_type": "synthetic",
  "config_name": "SF",
  "device": "cuda:0",
  "linearccp": {
    "shifted_nodes": [
      7,
      8,
      11,
      13,
      20,
      21,
      23,
      25,
      27
    ],
    "functional_change_nodes": [
      7,
      11,
      13,
      20,
      23,
      25,
      27
    ],
    "noise_change_nodes": [
      7,
      8,
      11,
      13,
      21,
      23,
      25
    ],
    "node_results": {
      "1": {
        "is_shifted": false,
        "parents": [
          0
        ],
        "function_test": {
          "f_statistic": 8.450794371159256e-05,
          "p_value": 0.9926653123164926,
          "is_function_changed": false,
          "beta_env1": [
            0.00035578679270040106
          ],
          "beta_env2": [
            0.0003157630454880943
          ]
        },
        "noise_test": {
          "ks_statistic": 0.005680000000000018,
          "p_value": 0.39392019982710413,
          "is_noise_changed": false
        }
      },
      "2": {
        "is_shifted": false,
        "parents": [
          0
        ],
        "function_test": {
          "f_statistic": 0.0001831767216445214,
          "p_value": 0.9892015640158991,
          "is_function_changed": false,
          "beta_env1": [
            0.003030103711163991
          ],
          "beta_env2": [
            0.0030889223377446894
          ]
        },
        "noise_test": {
          "ks_statistic": 0.005199999999999982,
          "p_value": 0.5068287707936774,
          "is_noise_changed": false
        }
      },
      "3": {
        "is_shifted": false,
        "parents": [
          0
        ],
        "function_test": {
          "f_statistic": 0.02287747104803544,
          "p_value": 0.8797764456063055,
          "is_function_changed": false,
          "beta_env1": [
            -0.0009272991381661615
          ],
          "beta_env2": [
            -0.0002686602553475729
          ]
        },
        "noise_test": {
          "ks_statistic": 0.005280000000000062,
          "p_value": 0.48699556582352876,
          "is_noise_changed": false
        }
      },
      "4": {
        "is_shifted": false,
        "parents": [
          0
        ],
        "function_test": {
          "f_statistic": 0.09773068247703148,
          "p_value": 0.7545707405158432,
          "is_function_changed": false,
          "beta_env1": [
            -0.0024540165259062845
          ],
          "beta_env2": [
            -0.0010941967430993394
          ]
        },
        "noise_test": {
          "ks_statistic": 0.0048000000000000265,
          "p_value": 0.6103638054025584,
          "is_noise_changed": false
        }
      },
      "5": {
        "is_shifted": false,
        "parents": [
          0
        ],
        "function_test": {
          "f_statistic": 2.1804318534688565,
          "p_value": 0.13977838532182263,
          "is_function_changed": false,
          "beta_env1": [
            -0.0044441969755
          ],
          "beta_env2": [
            0.0019560983409166797
          ]
        },
        "noise_test": {
          "ks_statistic": 0.0039000000000000146,
          "p_value": 0.840022849787458,
          "is_noise_changed": false
        }
      },
      "6": {
        "is_shifted": false,
        "parents": [
          4
        ],
        "function_test": {
          "f_statistic": 1.0112357984594516,
          "p_value": 0.3146093951901954,
          "is_function_changed": false,
          "beta_env1": [
            0.15233166494525932
          ],
          "beta_env2": [
            0.1459863281328636
          ]
        },
        "noise_test": {
          "ks_statistic": 0.004580000000000001,
          "p_value": 0.6689569927802927,
          "is_noise_changed": false
        }
      },
      "7": {
        "is_shifted": true,
        "parents": [
          4
        ],
        "function_test": {
          "f_statistic": 68.43004962067414,
          "p_value": 1.1102230246251565e-16,
          "is_function_changed": true,
          "beta_env1": [
            0.15208317708240746
          ],
          "beta_env2": [
            0.20672944573831675
          ]
        },
        "noise_test": {
          "ks_statistic": 0.04578000000000004,
          "p_value": 5.715457681901251e-46,
          "is_noise_changed": true
        }
      },
      "8": {
        "is_shifted": true,
        "parents": [
          3
        ],
        "function_test": {
          "f_statistic": 0.04827950099966078,
          "p_value": 0.8260850278441144,
          "is_function_changed": false,
          "beta_env1": [
            0.1437414208308196
          ],
          "beta_env2": [
            0.14212557580794372
          ]
        },
        "noise_test": {
          "ks_statistic": 0.038400000000000004,
          "p_value": 1.8198167516034746e-32,
          "is_noise_changed": true
        }
      },
      "9": {
        "is_shifted": false,
        "parents": [
          5
        ],
        "function_test": {
          "f_statistic": 0.23955721119936585,
          "p_value": 0.6245271767955958,
          "is_function_changed": false,
          "beta_env1": [
            0.14902406882407424
          ],
          "beta_env2": [
            0.14590870296366903
          ]
        },
        "noise_test": {
          "ks_statistic": 0.0042600000000000415,
          "p_value": 0.7529700555236012,
          "is_noise_changed": false
        }
      },
      "10": {
        "is_shifted": false,
        "parents": [
          3
        ],
        "function_test": {
          "f_statistic": 0.28606512482766216,
          "p_value": 0.5927543850717585,
          "is_function_changed": false,
          "beta_env1": [
            0.14458652122867044
          ],
          "beta_env2": [
            0.14120037004834257
          ]
        },
        "noise_test": {
          "ks_statistic": 0.0041400000000000325,
          "p_value": 0.7832226944512868,
          "is_noise_changed": false
        }
      },
      "11": {
        "is_shifted": true,
        "parents": [
          8
        ],
        "function_test": {
          "f_statistic": 132.86433150101868,
          "p_value": 1.1102230246251565e-16,
          "is_function_changed": true,
          "beta_env1": [
            0.10751863947776369
          ],
          "beta_env2": [
            0.04171769466008453
          ]
        },
        "noise_test": {
          "ks_statistic": 0.012319999999999998,
          "p_value": 0.0010033859513229508,
          "is_noise_changed": true
        }
      },
      "12": {
        "is_shifted": false,
        "parents": [
          5
        ],
        "function_test": {
          "f_statistic": 0.9052443970618006,
          "p_value": 0.34138167643466055,
          "is_function_changed": false,
          "beta_env1": [
            0.14236595103192373
          ],
          "beta_env2": [
            0.14841256920795207
          ]
        },
        "noise_test": {
          "ks_statistic": 0.0046599999999999975,
          "p_value": 0.6476258819471477,
          "is_noise_changed": false
        }
      },
      "13": {
        "is_shifted": true,
        "parents": [
          0
        ],
        "function_test": {
          "f_statistic": 2378.29779813727,
          "p_value": 1.1102230246251565e-16,