{
  "dataset_info": {
    "seed": 209,
    "dataset_index": 18,
    "node_count": 30,
    "edge_count": 30,
    "graph_type": "SF",
    "shifted_nodes": [
      20,
      19,
      13,
      25,
      15,
      16
    ],
    "shift_types": {
      "20": [
        "pa_delete"
      ],
      "19": [
        "pa_delete"
      ],
      "13": [
        "pa_delete"
      ],
      "25": [
        "noise_laplace"
      ],
      "15": [
        "noise_laplace"
      ],
      "16": [
        "noise_laplace"
      ]
    },
    "shift_case": "pa_delete_noise_laplace",
    "deleted_parents": {
      "20": 9,
      "19": 9,
      "13": 0
    }
  },
  "model": "linearccp",
  "exp_type": "synthetic",
  "config_name": "SF",
  "device": "cuda:0",
  "linearccp": {
    "shifted_nodes": [
      13,
      14,
      15,
      16,
      19,
      20,
      21,
      24,
      25,
      28,
      29
    ],
    "functional_change_nodes": [
      14,
      15,
      19,
      20,
      21,
      24,
      25,
      28,
      29
    ],
    "noise_change_nodes": [
      13,
      15,
      16,
      19,
      20,
      21,
      24,
      25,
      29
    ],
    "node_results": {
      "1": {
        "is_shifted": false,
        "parents": [
          0
        ],
        "function_test": {
          "f_statistic": 1.5113345934186442,
          "p_value": 0.21893844480317515,
          "is_function_changed": false,
          "beta_env1": [
            0.005786409848405952
          ],
          "beta_env2": [
            0.0004196052580359984
          ]
        },
        "noise_test": {
          "ks_statistic": 0.003940000000000055,
          "p_value": 0.8309735435788079,
          "is_noise_changed": false
        }
      },
      "2": {
        "is_shifted": false,
        "parents": [
          1
        ],
        "function_test": {
          "f_statistic": 0.7564465442818491,
          "p_value": 0.3844449480134119,
          "is_function_changed": false,
          "beta_env1": [
            0.1357805662559443
          ],
          "beta_env2": [
            0.14126450744217228
          ]
        },
        "noise_test": {
          "ks_statistic": 0.00358,
          "p_value": 0.904628836128685,
          "is_noise_changed": false
        }
      },
      "3": {
        "is_shifted": false,
        "parents": [
          0
        ],
        "function_test": {
          "f_statistic": 3.063344188875396e-05,
          "p_value": 0.9955839431440998,
          "is_function_changed": false,
          "beta_env1": [
            0.0015634675488929543
          ],
          "beta_env2": [
            0.0015393727085145526
          ]
        },
        "noise_test": {
          "ks_statistic": 0.0029799999999999827,
          "p_value": 0.9789967701043324,
          "is_noise_changed": false
        }
      },
      "4": {
        "is_shifted": false,
        "parents": [
          3
        ],
        "function_test": {
          "f_statistic": 0.02826605888293032,
          "p_value": 0.8664851809293259,
          "is_function_changed": false,
          "beta_env1": [
            0.14081628530848544
          ],
          "beta_env2": [
            0.14187931933677694
          ]
        },
        "noise_test": {
          "ks_statistic": 0.003520000000000023,
          "p_value": 0.9149700525923435,
          "is_noise_changed": false
        }
      },
      "5": {
        "is_shifted": false,
        "parents": [
          1
        ],
        "function_test": {
          "f_statistic": 1.2337027854169922,
          "p_value": 0.26669081189710975,
          "is_function_changed": false,
          "beta_env1": [
            0.14058873069675099
          ],
          "beta_env2": [
            0.14761476231528683
          ]
        },
        "noise_test": {
          "ks_statistic": 0.0033400000000000096,
          "p_value": 0.9421940206857727,
          "is_noise_changed": false
        }
      },
      "6": {
        "is_shifted": false,
        "parents": [
          3
        ],
        "function_test": {
          "f_statistic": 0.6274463938758027,
          "p_value": 0.42829542243000696,
          "is_function_changed": false,
          "beta_env1": [
            0.14185537257631625
          ],
          "beta_env2": [
            0.13685960993117052
          ]
        },
        "noise_test": {
          "ks_statistic": 0.0030400000000000427,
          "p_value": 0.9744522814612239,
          "is_noise_changed": false
        }
      },
      "7": {
        "is_shifted": false,
        "parents": [
          1
        ],
        "function_test": {
          "f_statistic": 0.6579992890480294,
          "p_value": 0.4172690899253021,
          "is_function_changed": false,
          "beta_env1": [
            0.13503608262704445
          ],
          "beta_env2": [
            0.14015630219131905
          ]
        },
        "noise_test": {
          "ks_statistic": 0.0039799999999999836,
          "p_value": 0.8217424912265029,
          "is_noise_changed": false
        }
      },
      "8": {
        "is_shifted": false,
        "parents": [
          2
        ],
        "function_test": {
          "f_statistic": 1.9810047029678663,
          "p_value": 0.15928771175135825,
          "is_function_changed": false,
          "beta_env1": [
            0.11063853248339997
          ],
          "beta_env2": [
            0.11945027446526361
          ]
        },
        "noise_test": {
          "ks_statistic": 0.0026599999999999957,
          "p_value": 0.9942422667944718,
          "is_noise_changed": false
        }
      },
      "9": {
        "is_shifted": false,
        "parents": [
          5
        ],
        "function_test": {
          "f_statistic": 0.5641387383825208,
          "p_value": 0.4525992393866094,
          "is_function_changed": false,
          "beta_env1": [
            0.11830563155355273
          ],
          "beta_env2": [
            0.12297934161821585
          ]
        },
        "noise_test": {
          "ks_statistic": 0.0045399999999999885,
          "p_value": 0.6796059795712869,
          "is_noise_changed": false
        }
      },
      "10": {
        "is_shifted": false,
        "parents": [
          9
        ],
        "function_test": {
          "f_statistic": 0.09024683721365716,
          "p_value": 0.7638642119868561,
          "is_function_changed": false,
          "beta_env1": [
            0.11884197334012771
          ],
          "beta_env2": [
            0.1169754503834629
          ]
        },
        "noise_test": {
          "ks_statistic": 0.0033800000000000496,
          "p_value": 0.9366497508056424,
          "is_noise_changed": false
        }
      },
      "11": {
        "is_shifted": false,
        "parents": [
          2
        ],
        "function_test": {
          "f_statistic": 0.16290629638854032,
          "p_value": 0.6864955976410612,
          "is_function_changed": false,
          "beta_env1": [
            0.1250942608686984
          ],
          "beta_env2": [
            0.12257915060305398
          ]
        },
        "noise_test": {
          "ks_statistic": 0.0045000000000000595,
          "p_value": 0.6902320574078991,
          "is_noise_changed": false
        }
      },
      "12": {
        "is_shifted": false,
        "parents": [
          1
        ],
        "function_test": {
          "f_statistic": 0.0674341649781092,
          "p_value": 0.7951104687289414,
          "is_function_changed": false,
          "beta_env1": [
            0.14258586282316477
          ],
          "beta_env2": [
            0.14422659237054924
          ]
        },
        "noise_test": {
          "ks_statistic": 0.0035000000000000586,
          "p_value": 0.9182798169309441,
          "is_noise_changed": false
        }
      },
      "13": {
        "is_shifted": true,
        "parents": [
          0
        ],