{
  "dataset_info": {
    "seed": 203,
    "dataset_index": 12,
    "node_count": 30,
    "edge_count": 30,
    "graph_type": "SF",
    "shifted_nodes": [
      4,
      22,
      24,
      3,
      12,
      2
    ],
    "shift_types": {
      "4": [
        "pa_delete"
      ],
      "22": [
        "pa_delete"
      ],
      "24": [
        "pa_delete"
      ],
      "3": [
        "noise_N02"
      ],
      "12": [
        "noise_N02"
      ],
      "2": [
        "noise_N02"
      ]
    },
    "shift_case": "pa_delete_noise_N02",
    "deleted_parents": {
      "4": 2,
      "22": 14,
      "24": 1
    }
  },
  "model": "linearccp",
  "exp_type": "synthetic",
  "config_name": "SF",
  "device": "cuda:0",
  "linearccp": {
    "shifted_nodes": [
      2,
      3,
      4,
      6,
      7,
      8,
      9,
      10,
      11,
      12,
      14,
      15,
      16,
      18,
      19,
      21,
      22,
      23,
      24,
      26,
      27,
      29
    ],
    "functional_change_nodes": [
      3,
      4,
      6,
      7,
      8,
      9,
      10,
      12,
      14,
      15,
      16,
      18,
      19,
      21,
      22,
      23,
      24,
      26,
      27,
      29
    ],
    "noise_change_nodes": [
      2,
      3,
      4,
      6,
      7,
      8,
      9,
      10,
      11,
      12,
      16,
      18,
      19,
      21,
      22,
      23,
      24,
      26,
      27,
      29
    ],
    "node_results": {
      "1": {
        "is_shifted": false,
        "parents": [
          0
        ],
        "function_test": {
          "f_statistic": 2.8002858917474396,
          "p_value": 0.09425062811581231,
          "is_function_changed": false,
          "beta_env1": [
            0.000263485733715292
          ],
          "beta_env2": [
            -0.0070413859055670595
          ]
        },
        "noise_test": {
          "ks_statistic": 0.0042200000000000015,
          "p_value": 0.7631618593486247,
          "is_noise_changed": false
        }
      },
      "2": {
        "is_shifted": true,
        "parents": [
          0
        ],
        "function_test": {
          "f_statistic": 0.005019300289807139,
          "p_value": 0.9435196506800214,
          "is_function_changed": false,
          "beta_env1": [
            -0.0025292885391604725
          ],
          "beta_env2": [
            -0.002881911954436116
          ]
        },
        "noise_test": {
          "ks_statistic": 0.054660000000000014,
          "p_value": 2.318481543044222e-65,
          "is_noise_changed": true
        }
      },
      "3": {
        "is_shifted": true,
        "parents": [
          2
        ],
        "function_test": {
          "f_statistic": 254.3912356228684,
          "p_value": 1.1102230246251565e-16,
          "is_function_changed": true,
          "beta_env1": [
            0.14210708224723687
          ],
          "beta_env2": [
            0.03302574873495263
          ]
        },
        "noise_test": {
          "ks_statistic": 0.07308,
          "p_value": 1.483565376452431e-116,
          "is_noise_changed": true
        }
      },
      "4": {
        "is_shifted": true,
        "parents": [
          2
        ],
        "function_test": {
          "f_statistic": 419.5897666206097,
          "p_value": 1.1102230246251565e-16,
          "is_function_changed": true,
          "beta_env1": [
            0.14311393583265827
          ],
          "beta_env2": [
            -0.0021824168531826356
          ]
        },
        "noise_test": {
          "ks_statistic": 0.10084000000000001,
          "p_value": 9.149198605941177e-222,
          "is_noise_changed": true
        }
      },
      "5": {
        "is_shifted": false,
        "parents": [
          0
        ],
        "function_test": {
          "f_statistic": 3.126848607199792,
          "p_value": 0.07701552661615885,
          "is_function_changed": false,
          "beta_env1": [
            0.0064285374597478455
          ],
          "beta_env2": [
            -0.0012720354666202072
          ]
        },
        "noise_test": {
          "ks_statistic": 0.0039799999999999836,
          "p_value": 0.8217424912265029,
          "is_noise_changed": false
        }
      },
      "6": {
        "is_shifted": true,
        "parents": [
          4
        ],
        "function_test": {
          "f_statistic": 481.88436667735897,
          "p_value": 1.1102230246251565e-16,
          "is_function_changed": true,
          "beta_env1": [
            0.11950083694445297
          ],
          "beta_env2": [
            0.0012918823746939383
          ]
        },
        "noise_test": {
          "ks_statistic": 0.021720000000000073,
          "p_value": 1.1211245376167914e-10,
          "is_noise_changed": true
        }
      },
      "7": {
        "is_shifted": true,
        "parents": [
          3
        ],
        "function_test": {
          "f_statistic": 368.7458992821184,
          "p_value": 1.1102230246251565e-16,
          "is_function_changed": true,
          "beta_env1": [
            0.11189718030900513
          ],
          "beta_env2": [
            0.0034570433717105824
          ]
        },
        "noise_test": {
          "ks_statistic": 0.016120000000000002,
          "p_value": 4.502151330697162e-06,
          "is_noise_changed": true
        }
      },
      "8": {
        "is_shifted": true,
        "parents": [
          6
        ],
        "function_test": {
          "f_statistic": 13.30574389974578,
          "p_value": 0.00026472862891313564,
          "is_function_changed": true,
          "beta_env1": [
            0.10899278778552417
          ],
          "beta_env2": [
            0.13187777397693165
          ]
        },
        "noise_test": {
          "ks_statistic": 0.011859999999999982,
          "p_value": 0.0017504241718426896,
          "is_noise_changed": true
        }
      },
      "9": {
        "is_shifted": true,
        "parents": [
          4
        ],
        "function_test": {
          "f_statistic": 530.4431743134833,
          "p_value": 1.1102230246251565e-16,
          "is_function_changed": true,
          "beta_env1": [
            0.12534087370097852
          ],
          "beta_env2": [
            0.001111574707716862
          ]
        },
        "noise_test": {
          "ks_statistic": 0.025499999999999967,
          "p_value": 1.4850143178666355e-14,
          "is_noise_changed": true
        }
      },
      "10": {
        "is_shifted": true,
        "parents": [
          6
        ],
        "function_test": {
          "f_statistic": 14.29600814304086,
          "p_value": 0.00015628650886700957,
          "is_function_changed": true,
          "beta_env1": [
            0.10541215650674106
          ],
          "beta_env2": [
            0.12921698313730676
          ]
        },
        "noise_test": {
          "ks_statistic": 0.008900000000000019,
          "p_value": 0.0378801680828581,
          "is_noise_changed": true
        }
      },
      "11": {
        "is_shifted": true,
        "parents": [
          7
        ],
        "function_test": {
          "f_statistic": 2.925709347594518,
          "p_value": 0.08718200497745932,
          "is_function_changed": false,
          "beta_env1": [
            0.10885153560687053
          ],
          "beta_env2": [
            0.09839960793180473
          ]
        },
        "noise_test": {
          "ks_statistic": 0.010620000000000074,
          "p_value": 0.007060465764577876,
          "is_noise_changed": true
        }
      },
      "12": {
        "is_shifted": true,
        "parents": [
          3
        ],
        "function_test": {
          "f_statistic": 275.49058181966336,
          "p_value": 1.1102230246251565e-16,
          "is_function_changed": true,
          "beta_env1": [
            0.11395857908109425
          ],