{
  "dataset_info": {
    "seed": 193,
    "dataset_index": 2,
    "node_count": 30,
    "edge_count": 30,
    "graph_type": "SF",
    "shifted_nodes": [
      28,
      13,
      18,
      5,
      27,
      14
    ],
    "shift_types": {
      "28": [
        "sin_cos"
      ],
      "13": [
        "sin_cos"
      ],
      "18": [
        "sin_cos"
      ],
      "5": [
        "noise_N02"
      ],
      "27": [
        "noise_N02"
      ],
      "14": [
        "noise_N02"
      ]
    },
    "shift_case": "sin_cos_noise_N02",
    "deleted_parents": {}
  },
  "model": "linearccp",
  "exp_type": "synthetic",
  "config_name": "SF",
  "device": "cuda:0",
  "linearccp": {
    "shifted_nodes": [
      5,
      13,
      14,
      18,
      19,
      21,
      23,
      26,
      27,
      28
    ],
    "functional_change_nodes": [
      13,
      18,
      19,
      21,
      23,
      28
    ],
    "noise_change_nodes": [
      5,
      13,
      14,
      18,
      23,
      26,
      27,
      28
    ],
    "node_results": {
      "1": {
        "is_shifted": false,
        "parents": [
          0
        ],
        "function_test": {
          "f_statistic": 1.2160851224837352,
          "p_value": 0.27013297275930537,
          "is_function_changed": false,
          "beta_env1": [
            -0.0011205908633154873
          ],
          "beta_env2": [
            -0.005929890987611956
          ]
        },
        "noise_test": {
          "ks_statistic": 0.005599999999999994,
          "p_value": 0.4116519065232225,
          "is_noise_changed": false
        }
      },
      "2": {
        "is_shifted": false,
        "parents": [
          1
        ],
        "function_test": {
          "f_statistic": 3.167476808261555,
          "p_value": 0.0751214494416087,
          "is_function_changed": false,
          "beta_env1": [
            0.145533294533805
          ],
          "beta_env2": [
            0.15677512260459878
          ]
        },
        "noise_test": {
          "ks_statistic": 0.004159999999999997,
          "p_value": 0.7782512730128979,
          "is_noise_changed": false
        }
      },
      "3": {
        "is_shifted": false,
        "parents": [
          2
        ],
        "function_test": {
          "f_statistic": 1.4732016650132742,
          "p_value": 0.22484408840665793,
          "is_function_changed": false,
          "beta_env1": [
            0.11464231154463714
          ],
          "beta_env2": [
            0.12220264964717897
          ]
        },
        "noise_test": {
          "ks_statistic": 0.00520000000000001,
          "p_value": 0.5068287707936704,
          "is_noise_changed": false
        }
      },
      "4": {
        "is_shifted": false,
        "parents": [
          2
        ],
        "function_test": {
          "f_statistic": 0.02273265399361685,
          "p_value": 0.8801546804257003,
          "is_function_changed": false,
          "beta_env1": [
            0.11300913727236951
          ],
          "beta_env2": [
            0.1120641616545544
          ]
        },
        "noise_test": {
          "ks_statistic": 0.005199999999999982,
          "p_value": 0.5068287707936774,
          "is_noise_changed": false
        }
      },
      "5": {
        "is_shifted": true,
        "parents": [
          4
        ],
        "function_test": {
          "f_statistic": 1.3358648423469115,
          "p_value": 0.24776729162417643,
          "is_function_changed": false,
          "beta_env1": [
            0.11206022758772023
          ],
          "beta_env2": [
            0.1036970640751264
          ]
        },
        "noise_test": {
          "ks_statistic": 0.06834000000000001,
          "p_value": 5.769216470675079e-102,
          "is_noise_changed": true
        }
      },
      "6": {
        "is_shifted": false,
        "parents": [
          2
        ],
        "function_test": {
          "f_statistic": 0.1133583279283851,
          "p_value": 0.7363533559157354,
          "is_function_changed": false,
          "beta_env1": [
            0.11293965498459041
          ],
          "beta_env2": [
            0.11504781718968313
          ]
        },
        "noise_test": {
          "ks_statistic": 0.0023800000000000487,
          "p_value": 0.9988525195355428,
          "is_noise_changed": false
        }
      },
      "7": {
        "is_shifted": false,
        "parents": [
          2
        ],
        "function_test": {
          "f_statistic": 0.39260358995610034,
          "p_value": 0.5309354399019091,
          "is_function_changed": false,
          "beta_env1": [
            0.11067139180759356
          ],
          "beta_env2": [
            0.11459586747795587
          ]
        },
        "noise_test": {
          "ks_statistic": 0.003360000000000002,
          "p_value": 0.9394585117553405,
          "is_noise_changed": false
        }
      },
      "8": {
        "is_shifted": false,
        "parents": [
          1
        ],
        "function_test": {
          "f_statistic": 0.18593365575479456,
          "p_value": 0.6663237015530399,
          "is_function_changed": false,
          "beta_env1": [
            0.14981870568586966
          ],
          "beta_env2": [
            0.147079883927779
          ]
        },
        "noise_test": {
          "ks_statistic": 0.0032400000000000206,
          "p_value": 0.9547672792582147,
          "is_noise_changed": false
        }
      },
      "9": {
        "is_shifted": false,
        "parents": [
          2
        ],
        "function_test": {
          "f_statistic": 0.1370437878325648,
          "p_value": 0.7112385394899227,
          "is_function_changed": false,
          "beta_env1": [
            0.11340294802394407
          ],
          "beta_env2": [
            0.11572250343344816
          ]
        },
        "noise_test": {
          "ks_statistic": 0.004720000000000002,
          "p_value": 0.6316319558492014,
          "is_noise_changed": false
        }
      },
      "10": {
        "is_shifted": false,
        "parents": [
          8
        ],
        "function_test": {
          "f_statistic": 0.16185903140597657,
          "p_value": 0.6874515474496562,
          "is_function_changed": false,
          "beta_env1": [
            0.109882635948636
          ],
          "beta_env2": [
            0.11240267323130833
          ]
        },
        "noise_test": {
          "ks_statistic": 0.0027200000000000557,
          "p_value": 0.9923831777074438,
          "is_noise_changed": false
        }
      },
      "11": {
        "is_shifted": false,
        "parents": [
          4
        ],
        "function_test": {
          "f_statistic": 0.24677849708922509,
          "p_value": 0.6193537192259195,
          "is_function_changed": false,
          "beta_env1": [
            0.10617932814656963
          ],
          "beta_env2": [
            0.10925218267260706
          ]
        },
        "noise_test": {
          "ks_statistic": 0.0028599999999999737,
          "p_value": 0.98636271068631,
          "is_noise_changed": false
        }
      },
      "12": {
        "is_shifted": false,
        "parents": [
          11
        ],
        "function_test": {
          "f_statistic": 2.6234923108603088,
          "p_value": 0.10529562901613299,
          "is_function_changed": false,
          "beta_env1": [
            0.10787510564594636
          ],
          "beta_env2": [
            0.11798007037187723
          ]
        },
        "noise_test": {
          "ks_statistic": 0.0036800000000000166,
          "p_value": 0.886072031247185,
          "is_noise_changed": false
        }
      },
      "13": {
        "is_shifted": true,
        "parents": [
          11
        ],
        "function_test": {
          "f_statistic": 190.61502812087036,
          "p_value": 1.1102230246251565e-16,
          "is_function_changed": true,