{
  "dataset_info": {
    "seed": 213,
    "dataset_index": 22,
    "node_count": 30,
    "edge_count": 30,
    "graph_type": "SF",
    "shifted_nodes": [
      6,
      27,
      13,
      11,
      14,
      20
    ],
    "shift_types": {
      "6": [
        "sin_cos"
      ],
      "27": [
        "sin_cos"
      ],
      "13": [
        "sin_cos"
      ],
      "11": [
        "pa_delete"
      ],
      "14": [
        "pa_delete"
      ],
      "20": [
        "pa_delete"
      ]
    },
    "shift_case": "sin_cos_pa_delete",
    "deleted_parents": {
      "11": 1,
      "14": 9,
      "20": 12
    }
  },
  "model": "linearccp",
  "exp_type": "synthetic",
  "config_name": "SF",
  "device": "cuda:0",
  "linearccp": {
    "shifted_nodes": [
      1,
      6,
      11,
      13,
      14,
      18,
      19,
      20,
      23,
      27
    ],
    "functional_change_nodes": [
      1,
      6,
      11,
      13,
      14,
      18,
      19,
      20,
      23,
      27
    ],
    "noise_change_nodes": [
      6,
      11,
      13,
      14,
      20,
      27
    ],
    "node_results": {
      "1": {
        "is_shifted": true,
        "parents": [
          0
        ],
        "function_test": {
          "f_statistic": 6.413568830150268,
          "p_value": 0.0113266730891034,
          "is_function_changed": true,
          "beta_env1": [
            0.004271156858767301
          ],
          "beta_env2": [
            -0.006751711356794976
          ]
        },
        "noise_test": {
          "ks_statistic": 0.006120000000000014,
          "p_value": 0.30506070202723834,
          "is_noise_changed": false
        }
      },
      "2": {
        "is_shifted": false,
        "parents": [
          0
        ],
        "function_test": {
          "f_statistic": 2.2712293046061287,
          "p_value": 0.1317984833187651,
          "is_function_changed": false,
          "beta_env1": [
            0.0026219444584385
          ],
          "beta_env2": [
            -0.003966560075764924
          ]
        },
        "noise_test": {
          "ks_statistic": 0.0036599999999999966,
          "p_value": 0.8899111024410605,
          "is_noise_changed": false
        }
      },
      "3": {
        "is_shifted": false,
        "parents": [
          0
        ],
        "function_test": {
          "f_statistic": 3.0391318400268195,
          "p_value": 0.08128244859941358,
          "is_function_changed": false,
          "beta_env1": [
            0.005616512424654169
          ],
          "beta_env2": [
            -0.0020246202101049395
          ]
        },
        "noise_test": {
          "ks_statistic": 0.006440000000000001,
          "p_value": 0.24987610122097703,
          "is_noise_changed": false
        }
      },
      "4": {
        "is_shifted": false,
        "parents": [
          0
        ],
        "function_test": {
          "f_statistic": 0.9185035936728577,
          "p_value": 0.3378705037850097,
          "is_function_changed": false,
          "beta_env1": [
            0.004072392313562696
          ],
          "beta_env2": [
            -0.0001006226304985225
          ]
        },
        "noise_test": {
          "ks_statistic": 0.004060000000000008,
          "p_value": 0.8027793720659009,
          "is_noise_changed": false
        }
      },
      "5": {
        "is_shifted": false,
        "parents": [
          1
        ],
        "function_test": {
          "f_statistic": 3.795716451225632,
          "p_value": 0.05138667207934555,
          "is_function_changed": false,
          "beta_env1": [
            0.14663696669138437
          ],
          "beta_env2": [
            0.1343095064170511
          ]
        },
        "noise_test": {
          "ks_statistic": 0.005019999999999913,
          "p_value": 0.5526531116608602,
          "is_noise_changed": false
        }
      },
      "6": {
        "is_shifted": true,
        "parents": [
          2
        ],
        "function_test": {
          "f_statistic": 80.55461566189875,
          "p_value": 1.1102230246251565e-16,
          "is_function_changed": true,
          "beta_env1": [
            0.1409859750137757
          ],
          "beta_env2": [
            0.1998894229554121
          ]
        },
        "noise_test": {
          "ks_statistic": 0.04692000000000007,
          "p_value": 2.882550531189772e-48,
          "is_noise_changed": true
        }
      },
      "7": {
        "is_shifted": false,
        "parents": [
          1
        ],
        "function_test": {
          "f_statistic": 2.897558136644119,
          "p_value": 0.08871695646525934,
          "is_function_changed": false,
          "beta_env1": [
            0.1483224787498305
          ],
          "beta_env2": [
            0.1375574094015461
          ]
        },
        "noise_test": {
          "ks_statistic": 0.0050200000000000244,
          "p_value": 0.5526531116608314,
          "is_noise_changed": false
        }
      },
      "8": {
        "is_shifted": false,
        "parents": [
          1
        ],
        "function_test": {
          "f_statistic": 2.0373400356092387e-05,
          "p_value": 0.996398617409498,
          "is_function_changed": false,
          "beta_env1": [
            0.13880636118214496
          ],
          "beta_env2": [
            0.13877778106752514
          ]
        },
        "noise_test": {
          "ks_statistic": 0.005900000000000016,
          "p_value": 0.34762437946916913,
          "is_noise_changed": false
        }
      },
      "9": {
        "is_shifted": false,
        "parents": [
          3
        ],
        "function_test": {
          "f_statistic": 1.3267381833081298,
          "p_value": 0.2493890821430611,
          "is_function_changed": false,
          "beta_env1": [
            0.13584886869984306
          ],
          "beta_env2": [
            0.1430997501619665
          ]
        },
        "noise_test": {
          "ks_statistic": 0.0033800000000000496,
          "p_value": 0.9366497508056424,
          "is_noise_changed": false
        }
      },
      "10": {
        "is_shifted": false,
        "parents": [
          1
        ],
        "function_test": {
          "f_statistic": 0.03845710362168056,
          "p_value": 0.8445285158118545,
          "is_function_changed": false,
          "beta_env1": [
            0.14259468661021052
          ],
          "beta_env2": [
            0.1413528250659518
          ]
        },
        "noise_test": {
          "ks_statistic": 0.005119999999999958,
          "p_value": 0.5270049011293211,
          "is_noise_changed": false
        }
      },
      "11": {
        "is_shifted": true,
        "parents": [
          1
        ],
        "function_test": {
          "f_statistic": 282.9380299604217,
          "p_value": 1.1102230246251565e-16,
          "is_function_changed": true,
          "beta_env1": [
            0.13579379006574632
          ],
          "beta_env2": [
            0.003023045316233125
          ]
        },
        "noise_test": {
          "ks_statistic": 0.10394,
          "p_value": 1.2909635079668143e-235,
          "is_noise_changed": true
        }
      },
      "12": {
        "is_shifted": false,
        "parents": [
          4
        ],
        "function_test": {
          "f_statistic": 0.15787823118954886,
          "p_value": 0.6911183858121592,
          "is_function_changed": false,
          "beta_env1": [
            0.1377203779795681
          ],
          "beta_env2": [
            0.1402456522987219
          ]
        },
        "noise_test": {
          "ks_statistic": 0.0048200000000000465,
          "p_value": 0.6050632197071476,
          "is_noise_changed": false
        }
      },
      "13": {
        "is_shifted": true,
        "parents": [
          3
        ],
        "function_test": {
          "f_statistic": 101.73720771937292,