{
  "dataset_info": {
    "seed": 214,
    "dataset_index": 23,
    "node_count": 30,
    "edge_count": 30,
    "graph_type": "SF",
    "shifted_nodes": [
      14,
      11,
      1,
      12,
      8,
      13
    ],
    "shift_types": {
      "14": [
        "sin_cos"
      ],
      "11": [
        "sin_cos"
      ],
      "1": [
        "sin_cos"
      ],
      "12": [
        "pa_delete"
      ],
      "8": [
        "pa_delete"
      ],
      "13": [
        "pa_delete"
      ]
    },
    "shift_case": "sin_cos_pa_delete",
    "deleted_parents": {
      "12": 7,
      "8": 0,
      "13": 2
    }
  },
  "model": "linearccp",
  "exp_type": "synthetic",
  "config_name": "SF",
  "device": "cuda:0",
  "linearccp": {
    "shifted_nodes": [
      1,
      2,
      3,
      4,
      5,
      6,
      7,
      8,
      9,
      10,
      11,
      12,
      13,
      14,
      15,
      16,
      19,
      20,
      23,
      24,
      26,
      27,
      29
    ],
    "functional_change_nodes": [
      1,
      2,
      3,
      4,
      5,
      6,
      7,
      8,
      9,
      10,
      11,
      12,
      13,
      14,
      15,
      16,
      19,
      20,
      23,
      24,
      26,
      27
    ],
    "noise_change_nodes": [
      1,
      2,
      3,
      4,
      5,
      7,
      8,
      9,
      10,
      11,
      12,
      13,
      14,
      16,
      19,
      23,
      24,
      26,
      27,
      29
    ],
    "node_results": {
      "1": {
        "is_shifted": true,
        "parents": [
          0
        ],
        "function_test": {
          "f_statistic": 2176.0580324110624,
          "p_value": 1.1102230246251565e-16,
          "is_function_changed": true,
          "beta_env1": [
            -0.0009585574344863676
          ],
          "beta_env2": [
            0.22018438954918665
          ]
        },
        "noise_test": {
          "ks_statistic": 0.07073999999999991,
          "p_value": 3.137898697598467e-109,
          "is_noise_changed": true
        }
      },
      "2": {
        "is_shifted": true,
        "parents": [
          1
        ],
        "function_test": {
          "f_statistic": 305.9278262729656,
          "p_value": 1.1102230246251565e-16,
          "is_function_changed": true,
          "beta_env1": [
            0.13479010228776725
          ],
          "beta_env2": [
            0.03123374384860557
          ]
        },
        "noise_test": {
          "ks_statistic": 0.015079999999999982,
          "p_value": 2.282394336628415e-05,
          "is_noise_changed": true
        }
      },
      "3": {
        "is_shifted": true,
        "parents": [
          1
        ],
        "function_test": {
          "f_statistic": 330.32919502435453,
          "p_value": 1.1102230246251565e-16,
          "is_function_changed": true,
          "beta_env1": [
            0.14081188529261562
          ],
          "beta_env2": [
            0.03308488374361412
          ]
        },
        "noise_test": {
          "ks_statistic": 0.01319999999999999,
          "p_value": 0.00032622827769643976,
          "is_noise_changed": true
        }
      },
      "4": {
        "is_shifted": true,
        "parents": [
          1
        ],
        "function_test": {
          "f_statistic": 336.9995417200091,
          "p_value": 1.1102230246251565e-16,
          "is_function_changed": true,
          "beta_env1": [
            0.1436412309678899
          ],
          "beta_env2": [
            0.034299802056389536
          ]
        },
        "noise_test": {
          "ks_statistic": 0.013599999999999945,
          "p_value": 0.00019081276081013167,
          "is_noise_changed": true
        }
      },
      "5": {
        "is_shifted": true,
        "parents": [
          2
        ],
        "function_test": {
          "f_statistic": 5.896306096616393,
          "p_value": 0.015174424927345664,
          "is_function_changed": true,
          "beta_env1": [
            0.11075590513096509
          ],
          "beta_env2": [
            0.12604484441949657
          ]
        },
        "noise_test": {
          "ks_statistic": 0.012340000000000018,
          "p_value": 0.0009789305775662538,
          "is_noise_changed": true
        }
      },
      "6": {
        "is_shifted": true,
        "parents": [
          2
        ],
        "function_test": {
          "f_statistic": 4.847590812330283,
          "p_value": 0.02768704950610268,
          "is_function_changed": true,
          "beta_env1": [
            0.11267064235723294
          ],
          "beta_env2": [
            0.1264669518082101
          ]
        },
        "noise_test": {
          "ks_statistic": 0.008299999999999974,
          "p_value": 0.06348571677737536,
          "is_noise_changed": false
        }
      },
      "7": {
        "is_shifted": true,
        "parents": [
          1
        ],
        "function_test": {
          "f_statistic": 359.53325127354424,
          "p_value": 1.1102230246251565e-16,
          "is_function_changed": true,
          "beta_env1": [
            0.14309790894372748
          ],
          "beta_env2": [
            0.030702856172095973
          ]
        },
        "noise_test": {
          "ks_statistic": 0.013920000000000043,
          "p_value": 0.0001228207673987476,
          "is_noise_changed": true
        }
      },
      "8": {
        "is_shifted": true,
        "parents": [
          0
        ],
        "function_test": {
          "f_statistic": 4.172894809118571,
          "p_value": 0.04107817875495068,
          "is_function_changed": true,
          "beta_env1": [
            -0.0031439675074041193
          ],
          "beta_env2": [
            0.007973852088094561
          ]
        },
        "noise_test": {
          "ks_statistic": 0.11273999999999995,
          "p_value": 3.054957839463281e-277,
          "is_noise_changed": true
        }
      },
      "9": {
        "is_shifted": true,
        "parents": [
          1
        ],
        "function_test": {
          "f_statistic": 355.09035486407504,
          "p_value": 1.1102230246251565e-16,
          "is_function_changed": true,
          "beta_env1": [
            0.1470025920487627
          ],
          "beta_env2": [
            0.0355109972620702
          ]
        },
        "noise_test": {
          "ks_statistic": 0.014840000000000006,
          "p_value": 3.2689132909961924e-05,
          "is_noise_changed": true
        }
      },
      "10": {
        "is_shifted": true,
        "parents": [
          8
        ],
        "function_test": {
          "f_statistic": 721.9205855783518,
          "p_value": 1.1102230246251565e-16,
          "is_function_changed": true,
          "beta_env1": [
            0.14876575025040356
          ],
          "beta_env2": [
            0.0019394536174172315
          ]
        },
        "noise_test": {
          "ks_statistic": 0.02069999999999994,
          "p_value": 9.76540702619977e-10,
          "is_noise_changed": true
        }
      },
      "11": {
        "is_shifted": true,
        "parents": [
          9
        ],
        "function_test": {
          "f_statistic": 17.70767295386597,
          "p_value": 2.57809853536628e-05,
          "is_function_changed": true,
          "beta_env1": [
            0.12194594320825516
          ],
          "beta_env2": [
            0.14921843296517245
          ]
        },
        "noise_test": {
          "ks_statistic": 0.05344000000000004,
          "p_value": 1.710177108670746e-62,
          "is_noise_changed": true
        }
      },
      "12": {
        "is_shifted": true,
        "parents": [
          7
        ],
        "function_test": {
          "f_statistic": 219.19023069358676,
          "p_value": 1.1102230246251565e-16,
          "is_function_changed": true,
          "beta_env1": [
            0.11507161447002841
          ],