{
  "dataset_info": {
    "seed": 219,
    "dataset_index": 28,
    "node_count": 30,
    "edge_count": 30,
    "graph_type": "SF",
    "shifted_nodes": [
      21,
      15,
      28,
      19,
      6,
      22
    ],
    "shift_types": {
      "21": [
        "noise_N02"
      ],
      "15": [
        "noise_N02"
      ],
      "28": [
        "noise_N02"
      ],
      "19": [
        "noise_laplace"
      ],
      "6": [
        "noise_laplace"
      ],
      "22": [
        "noise_laplace"
      ]
    },
    "shift_case": "noise_N02_laplace",
    "deleted_parents": {}
  },
  "model": "linearccp",
  "exp_type": "synthetic",
  "config_name": "SF",
  "device": "cuda:0",
  "linearccp": {
    "shifted_nodes": [
      6,
      15,
      19,
      21,
      22,
      25,
      27,
      28,
      29
    ],
    "functional_change_nodes": [
      25,
      27,
      28,
      29
    ],
    "noise_change_nodes": [
      6,
      15,
      19,
      21,
      22,
      25,
      27,
      28
    ],
    "node_results": {
      "1": {
        "is_shifted": false,
        "parents": [
          0
        ],
        "function_test": {
          "f_statistic": 0.35076398170807155,
          "p_value": 0.5536823159597886,
          "is_function_changed": false,
          "beta_env1": [
            -0.0009149461149930852
          ],
          "beta_env2": [
            0.0016640332912452986
          ]
        },
        "noise_test": {
          "ks_statistic": 0.006220000000000003,
          "p_value": 0.286962683403707,
          "is_noise_changed": false
        }
      },
      "2": {
        "is_shifted": false,
        "parents": [
          1
        ],
        "function_test": {
          "f_statistic": 2.147680056456533,
          "p_value": 0.1427886447315403,
          "is_function_changed": false,
          "beta_env1": [
            0.1425484329579863
          ],
          "beta_env2": [
            0.15180112030927498
          ]
        },
        "noise_test": {
          "ks_statistic": 0.005799999999999972,
          "p_value": 0.3682121293271219,
          "is_noise_changed": false
        }
      },
      "3": {
        "is_shifted": false,
        "parents": [
          1
        ],
        "function_test": {
          "f_statistic": 0.990691322497716,
          "p_value": 0.31957587638362817,
          "is_function_changed": false,
          "beta_env1": [
            0.13980240453947726
          ],
          "beta_env2": [
            0.14610928548570218
          ]
        },
        "noise_test": {
          "ks_statistic": 0.0037200000000000566,
          "p_value": 0.8782096759340627,
          "is_noise_changed": false
        }
      },
      "4": {
        "is_shifted": false,
        "parents": [
          0
        ],
        "function_test": {
          "f_statistic": 1.4574612496671986,
          "p_value": 0.22733735038700298,
          "is_function_changed": false,
          "beta_env1": [
            -0.0018128860194707801
          ],
          "beta_env2": [
            0.0034588530543504734
          ]
        },
        "noise_test": {
          "ks_statistic": 0.0035399999999999876,
          "p_value": 0.9115911159176359,
          "is_noise_changed": false
        }
      },
      "5": {
        "is_shifted": false,
        "parents": [
          3
        ],
        "function_test": {
          "f_statistic": 2.2623270939117917,
          "p_value": 0.13255789844654875,
          "is_function_changed": false,
          "beta_env1": [
            0.11032341238882368
          ],
          "beta_env2": [
            0.11968579027068867
          ]
        },
        "noise_test": {
          "ks_statistic": 0.0032800000000000606,
          "p_value": 0.9499591129886205,
          "is_noise_changed": false
        }
      },
      "6": {
        "is_shifted": true,
        "parents": [
          0
        ],
        "function_test": {
          "f_statistic": 1.4558179780974974,
          "p_value": 0.22759955249384678,
          "is_function_changed": false,
          "beta_env1": [
            0.002562216908971676
          ],
          "beta_env2": [
            -0.003520523518297122
          ]
        },
        "noise_test": {
          "ks_statistic": 0.03382,
          "p_value": 2.8054478875266957e-25,
          "is_noise_changed": true
        }
      },
      "7": {
        "is_shifted": false,
        "parents": [
          1
        ],
        "function_test": {
          "f_statistic": 0.01401804238423269,
          "p_value": 0.9057526955049041,
          "is_function_changed": false,
          "beta_env1": [
            0.1450069824638406
          ],
          "beta_env2": [
            0.14575443934482707
          ]
        },
        "noise_test": {
          "ks_statistic": 0.007080000000000003,
          "p_value": 0.16227975517183657,
          "is_noise_changed": false
        }
      },
      "8": {
        "is_shifted": false,
        "parents": [
          1
        ],
        "function_test": {
          "f_statistic": 0.012314838474596607,
          "p_value": 0.9116385812098273,
          "is_function_changed": false,
          "beta_env1": [
            0.14353018813505428
          ],
          "beta_env2": [
            0.14423204129381556
          ]
        },
        "noise_test": {
          "ks_statistic": 0.0041599999999999415,
          "p_value": 0.7782512730129116,
          "is_noise_changed": false
        }
      },
      "9": {
        "is_shifted": false,
        "parents": [
          8
        ],
        "function_test": {
          "f_statistic": 1.2929554493274982,
          "p_value": 0.2555067372654283,
          "is_function_changed": false,
          "beta_env1": [
            0.11309020010963615
          ],
          "beta_env2": [
            0.12016493420007679
          ]
        },
        "noise_test": {
          "ks_statistic": 0.008280000000000065,
          "p_value": 0.06454786290778047,
          "is_noise_changed": false
        }
      },
      "10": {
        "is_shifted": false,
        "parents": [
          0
        ],
        "function_test": {
          "f_statistic": 2.190699593999513,
          "p_value": 0.13884938895448595,
          "is_function_changed": false,
          "beta_env1": [
            -0.002236028315361631
          ],
          "beta_env2": [
            0.004185181722912837
          ]
        },
        "noise_test": {
          "ks_statistic": 0.0035799999999999166,
          "p_value": 0.9046288361286997,
          "is_noise_changed": false
        }
      },
      "11": {
        "is_shifted": false,
        "parents": [
          0
        ],
        "function_test": {
          "f_statistic": 0.24348241261018314,
          "p_value": 0.6217032531156366,
          "is_function_changed": false,
          "beta_env1": [
            4.0797231512739625e-05
          ],
          "beta_env2": [
            -0.0021067065538898605
          ]
        },
        "noise_test": {
          "ks_statistic": 0.00496000000000002,
          "p_value": 0.5682402464647839,
          "is_noise_changed": false
        }
      },
      "12": {
        "is_shifted": false,
        "parents": [
          8
        ],
        "function_test": {
          "f_statistic": 0.009844382966048814,
          "p_value": 0.9209646963694144,
          "is_function_changed": false,
          "beta_env1": [
            0.11469306489713779
          ],
          "beta_env2": [
            0.11531354345227982
          ]
        },
        "noise_test": {
          "ks_statistic": 0.0042200000000000015,
          "p_value": 0.7631618593486247,
          "is_noise_changed": false
        }
      },
      "13": {
        "is_shifted": false,
        "parents": [
          2
        ],
        "function_test": {
          "f_statistic": 0.050343621057594934,
          "p_value": 0.8224668811614905,
          "is_function_changed": false,