{
  "dataset_info": {
    "seed": 216,
    "dataset_index": 25,
    "node_count": 30,
    "edge_count": 30,
    "graph_type": "SF",
    "shifted_nodes": [
      10,
      4,
      20,
      9,
      5,
      15
    ],
    "shift_types": {
      "10": [
        "sin_cos"
      ],
      "4": [
        "sin_cos"
      ],
      "20": [
        "sin_cos"
      ],
      "9": [
        "pa_delete"
      ],
      "5": [
        "pa_delete"
      ],
      "15": [
        "pa_delete"
      ]
    },
    "shift_case": "sin_cos_pa_delete",
    "deleted_parents": {
      "9": 7,
      "5": 2,
      "15": 0
    }
  },
  "model": "linearccp",
  "exp_type": "synthetic",
  "config_name": "SF",
  "device": "cuda:0",
  "linearccp": {
    "shifted_nodes": [
      4,
      5,
      6,
      7,
      9,
      10,
      12,
      13,
      14,
      15,
      16,
      17,
      18,
      20,
      21,
      22,
      24,
      25,
      26,
      27,
      28,
      29
    ],
    "functional_change_nodes": [
      4,
      5,
      6,
      7,
      9,
      10,
      12,
      13,
      14,
      16,
      17,
      18,
      20,
      21,
      22,
      24,
      25,
      26,
      27,
      28,
      29
    ],
    "noise_change_nodes": [
      4,
      5,
      9,
      10,
      12,
      13,
      14,
      15,
      16,
      17,
      18,
      20,
      21,
      22,
      24,
      26,
      27,
      29
    ],
    "node_results": {
      "1": {
        "is_shifted": false,
        "parents": [
          0
        ],
        "function_test": {
          "f_statistic": 0.9925311115073379,
          "p_value": 0.3191269453252972,
          "is_function_changed": false,
          "beta_env1": [
            0.001678093497531383
          ],
          "beta_env2": [
            -0.002646257808737216
          ]
        },
        "noise_test": {
          "ks_statistic": 0.0036800000000000166,
          "p_value": 0.886072031247185,
          "is_noise_changed": false
        }
      },
      "2": {
        "is_shifted": false,
        "parents": [
          1
        ],
        "function_test": {
          "f_statistic": 3.39149175526654,
          "p_value": 0.06553659328551642,
          "is_function_changed": false,
          "beta_env1": [
            0.13394712408368545
          ],
          "beta_env2": [
            0.14561407537167803
          ]
        },
        "noise_test": {
          "ks_statistic": 0.003360000000000002,
          "p_value": 0.9394585117553405,
          "is_noise_changed": false
        }
      },
      "3": {
        "is_shifted": false,
        "parents": [
          1
        ],
        "function_test": {
          "f_statistic": 0.10497842165522642,
          "p_value": 0.7459358825692552,
          "is_function_changed": false,
          "beta_env1": [
            0.14302931004387887
          ],
          "beta_env2": [
            0.14507165670412925
          ]
        },
        "noise_test": {
          "ks_statistic": 0.004580000000000001,
          "p_value": 0.6689569927802927,
          "is_noise_changed": false
        }
      },
      "4": {
        "is_shifted": true,
        "parents": [
          2
        ],
        "function_test": {
          "f_statistic": 71.42317377234878,
          "p_value": 1.1102230246251565e-16,
          "is_function_changed": true,
          "beta_env1": [
            0.11869076336984044
          ],
          "beta_env2": [
            0.1741027373998064
          ]
        },
        "noise_test": {
          "ks_statistic": 0.05677999999999994,
          "p_value": 1.6879913083169975e-70,
          "is_noise_changed": true
        }
      },
      "5": {
        "is_shifted": true,
        "parents": [
          2
        ],
        "function_test": {
          "f_statistic": 208.51965247701634,
          "p_value": 1.1102230246251565e-16,
          "is_function_changed": true,
          "beta_env1": [
            0.11449902121943725
          ],
          "beta_env2": [
            0.0019102600459264005
          ]
        },
        "noise_test": {
          "ks_statistic": 0.10566,
          "p_value": 1.751892613255436e-243,
          "is_noise_changed": true
        }
      },
      "6": {
        "is_shifted": true,
        "parents": [
          2
        ],
        "function_test": {
          "f_statistic": 4.020123430174154,
          "p_value": 0.04496311312152801,
          "is_function_changed": true,
          "beta_env1": [
            0.11844915361885608
          ],
          "beta_env2": [
            0.1058928911209101
          ]
        },
        "noise_test": {
          "ks_statistic": 0.0046199999999999575,
          "p_value": 0.6582940689498392,
          "is_noise_changed": false
        }
      },
      "7": {
        "is_shifted": true,
        "parents": [
          2
        ],
        "function_test": {
          "f_statistic": 4.829356563419368,
          "p_value": 0.027981355213951065,
          "is_function_changed": true,
          "beta_env1": [
            0.12155138390747632
          ],
          "beta_env2": [
            0.10789050028306155
          ]
        },
        "noise_test": {
          "ks_statistic": 0.003919999999999979,
          "p_value": 0.8355215988696871,
          "is_noise_changed": false
        }
      },
      "8": {
        "is_shifted": false,
        "parents": [
          1
        ],
        "function_test": {
          "f_statistic": 0.25775807586837324,
          "p_value": 0.6116657068755913,
          "is_function_changed": false,
          "beta_env1": [
            0.13690658115427823
          ],
          "beta_env2": [
            0.1401322128264367
          ]
        },
        "noise_test": {
          "ks_statistic": 0.0043400000000000105,
          "p_value": 0.7323179467578325,
          "is_noise_changed": false
        }
      },
      "9": {
        "is_shifted": true,
        "parents": [
          7
        ],
        "function_test": {
          "f_statistic": 247.34547501981424,
          "p_value": 1.1102230246251565e-16,
          "is_function_changed": true,
          "beta_env1": [
            0.12253546727226491
          ],
          "beta_env2": [
            -0.001260313810547631
          ]
        },
        "noise_test": {
          "ks_statistic": 0.10804000000000001,
          "p_value": 1.3870954555687964e-254,
          "is_noise_changed": true
        }
      },
      "10": {
        "is_shifted": true,
        "parents": [
          4
        ],
        "function_test": {
          "f_statistic": 214.81874479007712,
          "p_value": 1.1102230246251565e-16,
          "is_function_changed": true,
          "beta_env1": [
            0.10134874430262499
          ],
          "beta_env2": [
            0.19462145579556905
          ]
        },
        "noise_test": {
          "ks_statistic": 0.056599999999999984,
          "p_value": 4.6904652493453897e-70,
          "is_noise_changed": true
        }
      },
      "11": {
        "is_shifted": false,
        "parents": [
          8
        ],
        "function_test": {
          "f_statistic": 0.016794260997274615,
          "p_value": 0.8968889607986535,
          "is_function_changed": false,
          "beta_env1": [
            0.11701059044419314
          ],
          "beta_env2": [
            0.11619867687749268
          ]
        },
        "noise_test": {
          "ks_statistic": 0.005560000000000009,
          "p_value": 0.42069102245090895,
          "is_noise_changed": false
        }
      },
      "12": {
        "is_shifted": true,
        "parents": [
          4
        ],
        "function_test": {
          "f_statistic": 14.932145561688994,
          "p_value": 0.0001115180202703181,
          "is_function_changed": true,
          "beta_env1": [
            0.10964791452827802
          ],
          "beta_env2": [
            0.08561812810491161
          ]
        },