{
  "dataset_info": {
    "seed": 221,
    "dataset_index": 30,
    "node_count": 30,
    "edge_count": 30,
    "graph_type": "SF",
    "shifted_nodes": [
      18,
      11,
      26,
      14,
      5,
      15
    ],
    "shift_types": {
      "18": [
        "noise_N02"
      ],
      "11": [
        "noise_N02"
      ],
      "26": [
        "noise_N02"
      ],
      "14": [
        "noise_laplace"
      ],
      "5": [
        "noise_laplace"
      ],
      "15": [
        "noise_laplace"
      ]
    },
    "shift_case": "noise_N02_laplace",
    "deleted_parents": {}
  },
  "model": "linearccp",
  "exp_type": "synthetic",
  "config_name": "SF",
  "device": "cuda:0",
  "linearccp": {
    "shifted_nodes": [
      3,
      5,
      9,
      10,
      11,
      14,
      15,
      16,
      18,
      22,
      23,
      25,
      26
    ],
    "functional_change_nodes": [
      3,
      9,
      10,
      16,
      22,
      23,
      25,
      26
    ],
    "noise_change_nodes": [
      5,
      10,
      11,
      14,
      15,
      16,
      18,
      23,
      25,
      26
    ],
    "node_results": {
      "1": {
        "is_shifted": false,
        "parents": [
          0
        ],
        "function_test": {
          "f_statistic": 0.5567161180548897,
          "p_value": 0.4555881567594654,
          "is_function_changed": false,
          "beta_env1": [
            0.0001416378155697112
          ],
          "beta_env2": [
            -0.0031023594422107887
          ]
        },
        "noise_test": {
          "ks_statistic": 0.004160000000000025,
          "p_value": 0.778251273012891,
          "is_noise_changed": false
        }
      },
      "2": {
        "is_shifted": false,
        "parents": [
          0
        ],
        "function_test": {
          "f_statistic": 0.344695466181473,
          "p_value": 0.5571326935470335,
          "is_function_changed": false,
          "beta_env1": [
            -0.0001772407581580703
          ],
          "beta_env2": [
            0.0023721769591403758
          ]
        },
        "noise_test": {
          "ks_statistic": 0.0042200000000000015,
          "p_value": 0.7631618593486247,
          "is_noise_changed": false
        }
      },
      "3": {
        "is_shifted": true,
        "parents": [
          0
        ],
        "function_test": {
          "f_statistic": 6.623140217903704,
          "p_value": 0.010067646518853168,
          "is_function_changed": true,
          "beta_env1": [
            -0.00042797575177290476
          ],
          "beta_env2": [
            0.010783082898191711
          ]
        },
        "noise_test": {
          "ks_statistic": 0.0025800000000000267,
          "p_value": 0.9961614795354867,
          "is_noise_changed": false
        }
      },
      "4": {
        "is_shifted": false,
        "parents": [
          0
        ],
        "function_test": {
          "f_statistic": 0.07549163175115045,
          "p_value": 0.7835031922912645,
          "is_function_changed": false,
          "beta_env1": [
            0.0013322436507081036
          ],
          "beta_env2": [
            0.0025262770757204043
          ]
        },
        "noise_test": {
          "ks_statistic": 0.007360000000000033,
          "p_value": 0.13258390382831453,
          "is_noise_changed": false
        }
      },
      "5": {
        "is_shifted": true,
        "parents": [
          3
        ],
        "function_test": {
          "f_statistic": 0.016079012636294184,
          "p_value": 0.899096539289362,
          "is_function_changed": false,
          "beta_env1": [
            0.1481814466937448
          ],
          "beta_env2": [
            0.1491237888016724
          ]
        },
        "noise_test": {
          "ks_statistic": 0.0391,
          "p_value": 1.2051031587766137e-33,
          "is_noise_changed": true
        }
      },
      "6": {
        "is_shifted": false,
        "parents": [
          0
        ],
        "function_test": {
          "f_statistic": 0.0031932759649285934,
          "p_value": 0.9549363763031072,
          "is_function_changed": false,
          "beta_env1": [
            0.00041365095397070413
          ],
          "beta_env2": [
            0.0006604362213024358
          ]
        },
        "noise_test": {
          "ks_statistic": 0.007759999999999989,
          "p_value": 0.09797555091476395,
          "is_noise_changed": false
        }
      },
      "7": {
        "is_shifted": false,
        "parents": [
          4
        ],
        "function_test": {
          "f_statistic": 0.01769942892563177,
          "p_value": 0.8941626460536293,
          "is_function_changed": false,
          "beta_env1": [
            0.14095943736517727
          ],
          "beta_env2": [
            0.14179689950612087
          ]
        },
        "noise_test": {
          "ks_statistic": 0.0032200000000000006,
          "p_value": 0.9570609608946361,
          "is_noise_changed": false
        }
      },
      "8": {
        "is_shifted": false,
        "parents": [
          1
        ],
        "function_test": {
          "f_statistic": 3.7811420582935926,
          "p_value": 0.05183607090043829,
          "is_function_changed": false,
          "beta_env1": [
            0.14014628853719596
          ],
          "beta_env2": [
            0.1523716232018641
          ]
        },
        "noise_test": {
          "ks_statistic": 0.0037800000000000056,
          "p_value": 0.8659726587393721,
          "is_noise_changed": false
        }
      },
      "9": {
        "is_shifted": true,
        "parents": [
          3
        ],
        "function_test": {
          "f_statistic": 6.041469347932401,
          "p_value": 0.01397533303477927,
          "is_function_changed": true,
          "beta_env1": [
            0.14893408637462424
          ],
          "beta_env2": [
            0.1333782554954064
          ]
        },
        "noise_test": {
          "ks_statistic": 0.006200000000000011,
          "p_value": 0.29051988890267755,
          "is_noise_changed": false
        }
      },
      "10": {
        "is_shifted": true,
        "parents": [
          5
        ],
        "function_test": {
          "f_statistic": 157.4108472658512,
          "p_value": 1.1102230246251565e-16,
          "is_function_changed": true,
          "beta_env1": [
            0.1050673611296049
          ],
          "beta_env2": [
            0.03378913849444537
          ]
        },
        "noise_test": {
          "ks_statistic": 0.012480000000000019,
          "p_value": 0.0008227209116923922,
          "is_noise_changed": true
        }
      },
      "11": {
        "is_shifted": true,
        "parents": [
          0
        ],
        "function_test": {
          "f_statistic": 0.36110248081236707,
          "p_value": 0.5478959445911047,
          "is_function_changed": false,
          "beta_env1": [
            0.0007603232032915097
          ],
          "beta_env2": [
            0.0037413879158652292
          ]
        },
        "noise_test": {
          "ks_statistic": 0.05258000000000007,
          "p_value": 1.6430065386854974e-60,
          "is_noise_changed": true
        }
      },
      "12": {
        "is_shifted": false,
        "parents": [
          9
        ],
        "function_test": {
          "f_statistic": 0.0010330723797883916,
          "p_value": 0.9743593176142417,
          "is_function_changed": false,
          "beta_env1": [
            0.11391653262642527
          ],
          "beta_env2": [
            0.113715724901496
          ]
        },
        "noise_test": {
          "ks_statistic": 0.0049200000000000355,
          "p_value": 0.5787027367268573,
          "is_noise_changed": false
        }
      },
      "13": {
        "is_shifted": false,
        "parents": [
          6
        ],
        "function_test": {
          "f_statistic": 3.822460790951672,