{
  "dataset_info": {
    "seed": 220,
    "dataset_index": 29,
    "node_count": 30,
    "edge_count": 30,
    "graph_type": "SF",
    "shifted_nodes": [
      2,
      4,
      5,
      27,
      7,
      8
    ],
    "shift_types": {
      "2": [
        "noise_N02"
      ],
      "4": [
        "noise_N02"
      ],
      "5": [
        "noise_N02"
      ],
      "27": [
        "noise_laplace"
      ],
      "7": [
        "noise_laplace"
      ],
      "8": [
        "noise_laplace"
      ]
    },
    "shift_case": "noise_N02_laplace",
    "deleted_parents": {}
  },
  "model": "linearccp",
  "exp_type": "synthetic",
  "config_name": "SF",
  "device": "cuda:0",
  "linearccp": {
    "shifted_nodes": [
      2,
      4,
      5,
      7,
      8,
      10,
      11,
      12,
      15,
      18,
      19,
      25,
      26,
      27,
      29
    ],
    "functional_change_nodes": [
      7,
      8,
      10,
      11,
      12,
      15,
      18,
      19,
      25,
      26,
      27,
      29
    ],
    "noise_change_nodes": [
      2,
      4,
      5,
      7,
      8,
      10,
      11,
      12,
      15,
      18,
      19,
      25,
      26,
      27
    ],
    "node_results": {
      "1": {
        "is_shifted": false,
        "parents": [
          0
        ],
        "function_test": {
          "f_statistic": 3.782730773035077,
          "p_value": 0.05178688189135672,
          "is_function_changed": false,
          "beta_env1": [
            0.009120957885055363
          ],
          "beta_env2": [
            0.0006651260506913395
          ]
        },
        "noise_test": {
          "ks_statistic": 0.005719999999999947,
          "p_value": 0.3852308778585283,
          "is_noise_changed": false
        }
      },
      "2": {
        "is_shifted": true,
        "parents": [
          1
        ],
        "function_test": {
          "f_statistic": 0.0496698668160935,
          "p_value": 0.8236391840068316,
          "is_function_changed": false,
          "beta_env1": [
            0.14463651010671694
          ],
          "beta_env2": [
            0.14628813292472292
          ]
        },
        "noise_test": {
          "ks_statistic": 0.07096000000000001,
          "p_value": 6.578544691423272e-110,
          "is_noise_changed": true
        }
      },
      "3": {
        "is_shifted": false,
        "parents": [
          0
        ],
        "function_test": {
          "f_statistic": 0.33382435387734194,
          "p_value": 0.5634171012053082,
          "is_function_changed": false,
          "beta_env1": [
            -0.00032557323640004234
          ],
          "beta_env2": [
            0.0021811098213306936
          ]
        },
        "noise_test": {
          "ks_statistic": 0.0038799999999999946,
          "p_value": 0.8444759423146997,
          "is_noise_changed": false
        }
      },
      "4": {
        "is_shifted": true,
        "parents": [
          0
        ],
        "function_test": {
          "f_statistic": 0.8721860998648785,
          "p_value": 0.3503530689793889,
          "is_function_changed": false,
          "beta_env1": [
            0.004460540254605634
          ],
          "beta_env2": [
            -0.0001922534778716433
          ]
        },
        "noise_test": {
          "ks_statistic": 0.05479999999999999,
          "p_value": 1.07635807845883e-65,
          "is_noise_changed": true
        }
      },
      "5": {
        "is_shifted": true,
        "parents": [
          0
        ],
        "function_test": {
          "f_statistic": 0.030044820290366335,
          "p_value": 0.86238892270796,
          "is_function_changed": false,
          "beta_env1": [
            0.0069782958451424775
          ],
          "beta_env2": [
            0.007841320631415929
          ]
        },
        "noise_test": {
          "ks_statistic": 0.054680000000000006,
          "p_value": 2.0780178376523393e-65,
          "is_noise_changed": true
        }
      },
      "6": {
        "is_shifted": false,
        "parents": [
          1
        ],
        "function_test": {
          "f_statistic": 0.14331694516418195,
          "p_value": 0.7050063391768487,
          "is_function_changed": false,
          "beta_env1": [
            0.14717847348586993
          ],
          "beta_env2": [
            0.14477938068289528
          ]
        },
        "noise_test": {
          "ks_statistic": 0.0042400000000000215,
          "p_value": 0.7580782658245451,
          "is_noise_changed": false
        }
      },
      "7": {
        "is_shifted": true,
        "parents": [
          2
        ],
        "function_test": {
          "f_statistic": 308.3208028772612,
          "p_value": 1.1102230246251565e-16,
          "is_function_changed": true,
          "beta_env1": [
            0.1162026542644666
          ],
          "beta_env2": [
            -0.0006746819539085011
          ]
        },
        "noise_test": {
          "ks_statistic": 0.049780000000000005,
          "p_value": 2.800762098631945e-54,
          "is_noise_changed": true
        }
      },
      "8": {
        "is_shifted": true,
        "parents": [
          4
        ],
        "function_test": {
          "f_statistic": 220.84529363525255,
          "p_value": 1.1102230246251565e-16,
          "is_function_changed": true,
          "beta_env1": [
            0.13914521563963583
          ],
          "beta_env2": [
            0.038789955190669606
          ]
        },
        "noise_test": {
          "ks_statistic": 0.04732,
          "p_value": 4.368181969441688e-49,
          "is_noise_changed": true
        }
      },
      "9": {
        "is_shifted": false,
        "parents": [
          1
        ],
        "function_test": {
          "f_statistic": 0.16611162584004072,
          "p_value": 0.683591777967304,
          "is_function_changed": false,
          "beta_env1": [
            0.1468936574296904
          ],
          "beta_env2": [
            0.144310465799885
          ]
        },
        "noise_test": {
          "ks_statistic": 0.0035200000000000786,
          "p_value": 0.9149700525923342,
          "is_noise_changed": false
        }
      },
      "10": {
        "is_shifted": true,
        "parents": [
          8
        ],
        "function_test": {
          "f_statistic": 175.09709870951687,
          "p_value": 1.1102230246251565e-16,
          "is_function_changed": true,
          "beta_env1": [
            0.11371143987285257
          ],
          "beta_env2": [
            0.03858271068325366
          ]
        },
        "noise_test": {
          "ks_statistic": 0.016000000000000014,
          "p_value": 5.459601266522624e-06,
          "is_noise_changed": true
        }
      },
      "11": {
        "is_shifted": true,
        "parents": [
          2
        ],
        "function_test": {
          "f_statistic": 481.61727823638853,
          "p_value": 1.1102230246251565e-16,
          "is_function_changed": true,
          "beta_env1": [
            0.12132627288618414
          ],
          "beta_env2": [
            -0.0037400930468448456
          ]
        },
        "noise_test": {
          "ks_statistic": 0.015400000000000011,
          "p_value": 1.4011392270088752e-05,
          "is_noise_changed": true
        }
      },
      "12": {
        "is_shifted": true,
        "parents": [
          2
        ],
        "function_test": {
          "f_statistic": 433.01652980204585,
          "p_value": 1.1102230246251565e-16,
          "is_function_changed": true,
          "beta_env1": [
            0.11684741143122185
          ],
          "beta_env2": [
            -0.0019320655266992519
          ]
        },
        "noise_test": {
          "ks_statistic": 0.017019999999999924,
          "p_value": 1.012564582572406e-06,
          "is_noise_changed": true
        }
      },
      "13": {
        "is_shifted": false,