{
  "dataset_info": {
    "seed": 210,
    "dataset_index": 19,
    "node_count": 30,
    "edge_count": 30,
    "graph_type": "SF",
    "shifted_nodes": [
      29,
      14,
      1,
      3,
      20,
      21
    ],
    "shift_types": {
      "29": [
        "pa_delete"
      ],
      "14": [
        "pa_delete"
      ],
      "1": [
        "pa_delete"
      ],
      "3": [
        "noise_laplace"
      ],
      "20": [
        "noise_laplace"
      ],
      "21": [
        "noise_laplace"
      ]
    },
    "shift_case": "pa_delete_noise_laplace",
    "deleted_parents": {
      "29": 0,
      "14": 0,
      "1": 0
    }
  },
  "model": "linearccp",
  "exp_type": "synthetic",
  "config_name": "SF",
  "device": "cuda:0",
  "linearccp": {
    "shifted_nodes": [
      1,
      3,
      5,
      8,
      11,
      12,
      14,
      15,
      17,
      20,
      21,
      23,
      24,
      26,
      27,
      28,
      29
    ],
    "functional_change_nodes": [
      3,
      5,
      8,
      11,
      12,
      15,
      17,
      20,
      21,
      23,
      24,
      26,
      27,
      28
    ],
    "noise_change_nodes": [
      1,
      3,
      5,
      8,
      11,
      12,
      14,
      17,
      20,
      21,
      23,
      24,
      26,
      27,
      28,
      29
    ],
    "node_results": {
      "1": {
        "is_shifted": true,
        "parents": [
          0
        ],
        "function_test": {
          "f_statistic": 1.500609889549526,
          "p_value": 0.22058042978480075,
          "is_function_changed": false,
          "beta_env1": [
            -0.0029463289883528564
          ],
          "beta_env2": [
            0.003701323214085821
          ]
        },
        "noise_test": {
          "ks_statistic": 0.11074000000000006,
          "p_value": 1.7600477152023388e-267,
          "is_noise_changed": true
        }
      },
      "2": {
        "is_shifted": false,
        "parents": [
          0
        ],
        "function_test": {
          "f_statistic": 0.9606994455142635,
          "p_value": 0.32701308718249633,
          "is_function_changed": false,
          "beta_env1": [
            -0.0031534409007454474
          ],
          "beta_env2": [
            0.0011302558704046086
          ]
        },
        "noise_test": {
          "ks_statistic": 0.003920000000000035,
          "p_value": 0.8355215988696746,
          "is_noise_changed": false
        }
      },
      "3": {
        "is_shifted": true,
        "parents": [
          1
        ],
        "function_test": {
          "f_statistic": 534.1032848815034,
          "p_value": 1.1102230246251565e-16,
          "is_function_changed": true,
          "beta_env1": [
            0.14259777996696002
          ],
          "beta_env2": [
            -0.0018738912784881836
          ]
        },
        "noise_test": {
          "ks_statistic": 0.040859999999999994,
          "p_value": 1.05308128612991e-36,
          "is_noise_changed": true
        }
      },
      "4": {
        "is_shifted": false,
        "parents": [
          2
        ],
        "function_test": {
          "f_statistic": 0.20071910663801618,
          "p_value": 0.654141999531318,
          "is_function_changed": false,
          "beta_env1": [
            0.14263383162373444
          ],
          "beta_env2": [
            0.14546761610789657
          ]
        },
        "noise_test": {
          "ks_statistic": 0.0033800000000000496,
          "p_value": 0.9366497508056424,
          "is_noise_changed": false
        }
      },
      "5": {
        "is_shifted": true,
        "parents": [
          1
        ],
        "function_test": {
          "f_statistic": 789.0784999890266,
          "p_value": 1.1102230246251565e-16,
          "is_function_changed": true,
          "beta_env1": [
            0.1531811935531972
          ],
          "beta_env2": [
            0.0004282135784988262
          ]
        },
        "noise_test": {
          "ks_statistic": 0.02499999999999991,
          "p_value": 5.2519775515577976e-14,
          "is_noise_changed": true
        }
      },
      "6": {
        "is_shifted": false,
        "parents": [
          0
        ],
        "function_test": {
          "f_statistic": 1.5421283059964541,
          "p_value": 0.2143042015069091,
          "is_function_changed": false,
          "beta_env1": [
            -0.0015516327154509795
          ],
          "beta_env2": [
            0.003849757602143358
          ]
        },
        "noise_test": {
          "ks_statistic": 0.004080000000000028,
          "p_value": 0.7979423493458161,
          "is_noise_changed": false
        }
      },
      "7": {
        "is_shifted": false,
        "parents": [
          0
        ],
        "function_test": {
          "f_statistic": 0.2357756051910856,
          "p_value": 0.6272750478135598,
          "is_function_changed": false,
          "beta_env1": [
            -0.0017935795596172711
          ],
          "beta_env2": [
            0.0003219217788203655
          ]
        },
        "noise_test": {
          "ks_statistic": 0.0045399999999999885,
          "p_value": 0.6796059795712869,
          "is_noise_changed": false
        }
      },
      "8": {
        "is_shifted": true,
        "parents": [
          1
        ],
        "function_test": {
          "f_statistic": 660.5341937580364,
          "p_value": 1.1102230246251565e-16,
          "is_function_changed": true,
          "beta_env1": [
            0.14594257819149342
          ],
          "beta_env2": [
            0.005827327904451643
          ]
        },
        "noise_test": {
          "ks_statistic": 0.02190000000000003,
          "p_value": 7.569581135682542e-11,
          "is_noise_changed": true
        }
      },
      "9": {
        "is_shifted": false,
        "parents": [
          0
        ],
        "function_test": {
          "f_statistic": 1.542668370312828,
          "p_value": 0.21422397315262987,
          "is_function_changed": false,
          "beta_env1": [
            -0.001406320338539317
          ],
          "beta_env2": [
            0.004000876075969018
          ]
        },
        "noise_test": {
          "ks_statistic": 0.0043600000000000305,
          "p_value": 0.7271067289207698,
          "is_noise_changed": false
        }
      },
      "10": {
        "is_shifted": false,
        "parents": [
          0
        ],
        "function_test": {
          "f_statistic": 1.082494349319311,
          "p_value": 0.2981427380046441,
          "is_function_changed": false,
          "beta_env1": [
            0.0014060269944747383
          ],
          "beta_env2": [
            -0.003128139405845957
          ]
        },
        "noise_test": {
          "ks_statistic": 0.004119999999999985,
          "p_value": 0.7881626114615322,
          "is_noise_changed": false
        }
      },
      "11": {
        "is_shifted": true,
        "parents": [
          3
        ],
        "function_test": {
          "f_statistic": 117.80684907578457,
          "p_value": 1.1102230246251565e-16,
          "is_function_changed": true,
          "beta_env1": [
            0.11730583058896507
          ],
          "beta_env2": [
            0.054968919838218076
          ]
        },
        "noise_test": {
          "ks_statistic": 0.012579999999999925,
          "p_value": 0.0007257769420411534,
          "is_noise_changed": true
        }
      },
      "12": {
        "is_shifted": true,
        "parents": [
          3
        ],
        "function_test": {
          "f_statistic": 114.8696651150272,
          "p_value": 1.1102230246251565e-16,
          "is_function_changed": true,
          "beta_env1": [
            0.11350837636632384
          ],
          "beta_env2": [
            0.051998302561708495
          ]
        },
        "noise_test": {
          "ks_statistic": 0.014040000000000052,