{
  "dataset_info": {
    "seed": 206,
    "dataset_index": 15,
    "node_count": 30,
    "edge_count": 30,
    "graph_type": "SF",
    "shifted_nodes": [
      12,
      24,
      21,
      17,
      6,
      20
    ],
    "shift_types": {
      "12": [
        "pa_delete"
      ],
      "24": [
        "pa_delete"
      ],
      "21": [
        "pa_delete"
      ],
      "17": [
        "noise_N02"
      ],
      "6": [
        "noise_N02"
      ],
      "20": [
        "noise_N02"
      ]
    },
    "shift_case": "pa_delete_noise_N02",
    "deleted_parents": {
      "12": 1,
      "24": 5,
      "21": 4
    }
  },
  "model": "linearccp",
  "exp_type": "synthetic",
  "config_name": "SF",
  "device": "cuda:0",
  "linearccp": {
    "shifted_nodes": [
      6,
      7,
      8,
      10,
      11,
      12,
      15,
      17,
      20,
      21,
      22,
      24,
      25,
      26,
      27
    ],
    "functional_change_nodes": [
      7,
      8,
      10,
      11,
      12,
      15,
      21,
      22,
      24,
      25,
      26,
      27
    ],
    "noise_change_nodes": [
      6,
      7,
      11,
      12,
      17,
      20,
      21,
      22,
      24,
      26
    ],
    "node_results": {
      "1": {
        "is_shifted": false,
        "parents": [
          0
        ],
        "function_test": {
          "f_statistic": 2.6131954660175714,
          "p_value": 0.10598117480500047,
          "is_function_changed": false,
          "beta_env1": [
            0.004114127867107573
          ],
          "beta_env2": [
            -0.0029152727516631805
          ]
        },
        "noise_test": {
          "ks_statistic": 0.0035000000000000586,
          "p_value": 0.9182798169309441,
          "is_noise_changed": false
        }
      },
      "2": {
        "is_shifted": false,
        "parents": [
          0
        ],
        "function_test": {
          "f_statistic": 0.5361034582688093,
          "p_value": 0.46405379711186323,
          "is_function_changed": false,
          "beta_env1": [
            -0.0023221475235470335
          ],
          "beta_env2": [
            -0.005510601597538811
          ]
        },
        "noise_test": {
          "ks_statistic": 0.005359999999999976,
          "p_value": 0.46753626470536946,
          "is_noise_changed": false
        }
      },
      "3": {
        "is_shifted": false,
        "parents": [
          0
        ],
        "function_test": {
          "f_statistic": 2.4817021069744376,
          "p_value": 0.11518071053203038,
          "is_function_changed": false,
          "beta_env1": [
            -0.00010927311860139133
          ],
          "beta_env2": [
            -0.006975842184015551
          ]
        },
        "noise_test": {
          "ks_statistic": 0.0045399999999999885,
          "p_value": 0.6796059795712869,
          "is_noise_changed": false
        }
      },
      "4": {
        "is_shifted": false,
        "parents": [
          2
        ],
        "function_test": {
          "f_statistic": 2.1472664169446385,
          "p_value": 0.1428271260161298,
          "is_function_changed": false,
          "beta_env1": [
            0.14391739608280818
          ],
          "beta_env2": [
            0.15320271521440787
          ]
        },
        "noise_test": {
          "ks_statistic": 0.003159999999999996,
          "p_value": 0.9635030593519137,
          "is_noise_changed": false
        }
      },
      "5": {
        "is_shifted": false,
        "parents": [
          3
        ],
        "function_test": {
          "f_statistic": 0.6897551531153843,
          "p_value": 0.40624965752294095,
          "is_function_changed": false,
          "beta_env1": [
            0.13692518583964192
          ],
          "beta_env2": [
            0.1421777207297658
          ]
        },
        "noise_test": {
          "ks_statistic": 0.005759999999999987,
          "p_value": 0.3766611225543809,
          "is_noise_changed": false
        }
      },
      "6": {
        "is_shifted": true,
        "parents": [
          5
        ],
        "function_test": {
          "f_statistic": 0.7782949950136552,
          "p_value": 0.3776652192555279,
          "is_function_changed": false,
          "beta_env1": [
            0.10199348931370372
          ],
          "beta_env2": [
            0.1084545740369314
          ]
        },
        "noise_test": {
          "ks_statistic": 0.06986,
          "p_value": 1.5470889557386987e-106,
          "is_noise_changed": true
        }
      },
      "7": {
        "is_shifted": true,
        "parents": [
          6
        ],
        "function_test": {
          "f_statistic": 378.3072662487817,
          "p_value": 1.1102230246251565e-16,
          "is_function_changed": true,
          "beta_env1": [
            0.11571762284373177
          ],
          "beta_env2": [
            0.005107630818283027
          ]
        },
        "noise_test": {
          "ks_statistic": 0.013079999999999994,
          "p_value": 0.0003819799375421664,
          "is_noise_changed": true
        }
      },
      "8": {
        "is_shifted": true,
        "parents": [
          1
        ],
        "function_test": {
          "f_statistic": 4.553930695265526,
          "p_value": 0.03284569176655816,
          "is_function_changed": true,
          "beta_env1": [
            0.14798458830148842
          ],
          "beta_env2": [
            0.16151746346715187
          ]
        },
        "noise_test": {
          "ks_statistic": 0.0044800000000000395,
          "p_value": 0.6955336223160543,
          "is_noise_changed": false
        }
      },
      "9": {
        "is_shifted": false,
        "parents": [
          1
        ],
        "function_test": {
          "f_statistic": 0.09728470805079567,
          "p_value": 0.7551133983343783,
          "is_function_changed": false,
          "beta_env1": [
            0.15102541359099908
          ],
          "beta_env2": [
            0.15300812364750419
          ]
        },
        "noise_test": {
          "ks_statistic": 0.005620000000000014,
          "p_value": 0.40717533603183,
          "is_noise_changed": false
        }
      },
      "10": {
        "is_shifted": true,
        "parents": [
          4
        ],
        "function_test": {
          "f_statistic": 4.809142643695161,
          "p_value": 0.02831142111338658,
          "is_function_changed": true,
          "beta_env1": [
            0.12111866348830731
          ],
          "beta_env2": [
            0.10739874644794846
          ]
        },
        "noise_test": {
          "ks_statistic": 0.005100000000000049,
          "p_value": 0.5320984781533171,
          "is_noise_changed": false
        }
      },
      "11": {
        "is_shifted": true,
        "parents": [
          6
        ],
        "function_test": {
          "f_statistic": 339.960044653034,
          "p_value": 1.1102230246251565e-16,
          "is_function_changed": true,
          "beta_env1": [
            0.11323091538333539
          ],
          "beta_env2": [
            0.008321490105166985
          ]
        },
        "noise_test": {
          "ks_statistic": 0.01985999999999999,
          "p_value": 5.368979467227504e-09,
          "is_noise_changed": true
        }
      },
      "12": {
        "is_shifted": true,
        "parents": [
          1
        ],
        "function_test": {
          "f_statistic": 306.8531748439529,
          "p_value": 1.1102230246251565e-16,
          "is_function_changed": true,
          "beta_env1": [
            0.1365144916445672
          ],
          "beta_env2": [
            -0.0018065873966537774
          ]
        },
        "noise_test": {
          "ks_statistic": 0.10098,
          "p_value": 2.2131094826761525e-222,
          "is_noise_changed": true
        }
      },
      "13": {
        "is_shifted": false,