{
  "dataset_info": {
    "seed": 208,
    "dataset_index": 17,
    "node_count": 30,
    "edge_count": 30,
    "graph_type": "SF",
    "shifted_nodes": [
      4,
      24,
      27,
      18,
      25,
      3
    ],
    "shift_types": {
      "4": [
        "pa_delete"
      ],
      "24": [
        "pa_delete"
      ],
      "27": [
        "pa_delete"
      ],
      "18": [
        "noise_laplace"
      ],
      "25": [
        "noise_laplace"
      ],
      "3": [
        "noise_laplace"
      ]
    },
    "shift_case": "pa_delete_noise_laplace",
    "deleted_parents": {
      "4": 0,
      "24": 9,
      "27": 20
    }
  },
  "model": "linearccp",
  "exp_type": "synthetic",
  "config_name": "SF",
  "device": "cuda:0",
  "linearccp": {
    "shifted_nodes": [
      3,
      4,
      5,
      7,
      13,
      16,
      18,
      23,
      24,
      25,
      26,
      27
    ],
    "functional_change_nodes": [
      4,
      5,
      7,
      13,
      16,
      23,
      24,
      26,
      27
    ],
    "noise_change_nodes": [
      3,
      4,
      5,
      7,
      13,
      16,
      18,
      23,
      24,
      25,
      26,
      27
    ],
    "node_results": {
      "1": {
        "is_shifted": false,
        "parents": [
          0
        ],
        "function_test": {
          "f_statistic": 0.7307366148351576,
          "p_value": 0.3926465751045273,
          "is_function_changed": false,
          "beta_env1": [
            -0.00011295011153088133
          ],
          "beta_env2": [
            0.003599809841989074
          ]
        },
        "noise_test": {
          "ks_statistic": 0.0043800000000000505,
          "p_value": 0.7218788415520777,
          "is_noise_changed": false
        }
      },
      "2": {
        "is_shifted": false,
        "parents": [
          0
        ],
        "function_test": {
          "f_statistic": 1.8386991474523677,
          "p_value": 0.17510655362630256,
          "is_function_changed": false,
          "beta_env1": [
            0.0050021921681115
          ],
          "beta_env2": [
            -0.0009400282294381738
          ]
        },
        "noise_test": {
          "ks_statistic": 0.004899999999999904,
          "p_value": 0.5839530724568589,
          "is_noise_changed": false
        }
      },
      "3": {
        "is_shifted": true,
        "parents": [
          2
        ],
        "function_test": {
          "f_statistic": 0.6912287277717791,
          "p_value": 0.40574874427793783,
          "is_function_changed": false,
          "beta_env1": [
            0.14273166332884266
          ],
          "beta_env2": [
            0.13658747706782046
          ]
        },
        "noise_test": {
          "ks_statistic": 0.04102000000000001,
          "p_value": 5.466704132463049e-37,
          "is_noise_changed": true
        }
      },
      "4": {
        "is_shifted": true,
        "parents": [
          0
        ],
        "function_test": {
          "f_statistic": 9.702778994069387,
          "p_value": 0.0018404155244674536,
          "is_function_changed": true,
          "beta_env1": [
            0.0056025410967685705
          ],
          "beta_env2": [
            -0.011426738947841636
          ]
        },
        "noise_test": {
          "ks_statistic": 0.11060000000000003,
          "p_value": 8.358834495753246e-267,
          "is_noise_changed": true
        }
      },
      "5": {
        "is_shifted": true,
        "parents": [
          3
        ],
        "function_test": {
          "f_statistic": 233.92212791166696,
          "p_value": 1.1102230246251565e-16,
          "is_function_changed": true,
          "beta_env1": [
            0.11834727493056507
          ],
          "beta_env2": [
            0.03170837400551947
          ]
        },
        "noise_test": {
          "ks_statistic": 0.011099999999999999,
          "p_value": 0.004190785894266389,
          "is_noise_changed": true
        }
      },
      "6": {
        "is_shifted": false,
        "parents": [
          1
        ],
        "function_test": {
          "f_statistic": 0.12275903912130266,
          "p_value": 0.7260618804687655,
          "is_function_changed": false,
          "beta_env1": [
            0.1425016993102595
          ],
          "beta_env2": [
            0.14473237615891069
          ]
        },
        "noise_test": {
          "ks_statistic": 0.005639999999999978,
          "p_value": 0.4027277234148121,
          "is_noise_changed": false
        }
      },
      "7": {
        "is_shifted": true,
        "parents": [
          3
        ],
        "function_test": {
          "f_statistic": 249.74099830266462,
          "p_value": 1.1102230246251565e-16,
          "is_function_changed": true,
          "beta_env1": [
            0.11272277425923866
          ],
          "beta_env2": [
            0.02273199862164284
          ]
        },
        "noise_test": {
          "ks_statistic": 0.014660000000000006,
          "p_value": 4.263544875902936e-05,
          "is_noise_changed": true
        }
      },
      "8": {
        "is_shifted": false,
        "parents": [
          6
        ],
        "function_test": {
          "f_statistic": 1.0419545281338423,
          "p_value": 0.30736980518088763,
          "is_function_changed": false,
          "beta_env1": [
            0.12334830299875793
          ],
          "beta_env2": [
            0.11698059857915269
          ]
        },
        "noise_test": {
          "ks_statistic": 0.006280000000000063,
          "p_value": 0.2764776880384894,
          "is_noise_changed": false
        }
      },
      "9": {
        "is_shifted": false,
        "parents": [
          1
        ],
        "function_test": {
          "f_statistic": 1.5878226279930905,
          "p_value": 0.20764043615812566,
          "is_function_changed": false,
          "beta_env1": [
            0.14676984412747693
          ],
          "beta_env2": [
            0.13873526401273323
          ]
        },
        "noise_test": {
          "ks_statistic": 0.0038799999999999946,
          "p_value": 0.8444759423146997,
          "is_noise_changed": false
        }
      },
      "10": {
        "is_shifted": false,
        "parents": [
          6
        ],
        "function_test": {
          "f_statistic": 0.5468986792768797,
          "p_value": 0.45958940423131844,
          "is_function_changed": false,
          "beta_env1": [
            0.11563937233798573
          ],
          "beta_env2": [
            0.11101255239864323
          ]
        },
        "noise_test": {
          "ks_statistic": 0.004580000000000001,
          "p_value": 0.6689569927802927,
          "is_noise_changed": false
        }
      },
      "11": {
        "is_shifted": false,
        "parents": [
          10
        ],
        "function_test": {
          "f_statistic": 1.1148217660433664,
          "p_value": 0.2910387510722664,
          "is_function_changed": false,
          "beta_env1": [
            0.11567977952867055
          ],
          "beta_env2": [
            0.10915166426485383
          ]
        },
        "noise_test": {
          "ks_statistic": 0.0038400000000000656,
          "p_value": 0.8532323035610258,
          "is_noise_changed": false
        }
      },
      "12": {
        "is_shifted": false,
        "parents": [
          6
        ],
        "function_test": {
          "f_statistic": 0.6207521761163027,
          "p_value": 0.4307697774762752,
          "is_function_changed": false,
          "beta_env1": [
            0.11685230620040432
          ],
          "beta_env2": [
            0.12178134480642178
          ]
        },
        "noise_test": {
          "ks_statistic": 0.00651999999999997,
          "p_value": 0.23730699369681763,
          "is_noise_changed": false
        }
      },
      "13": {
        "is_shifted": true,
        "parents": [
          3
        ],