{
  "dataset_info": {
    "seed": 192,
    "dataset_index": 1,
    "node_count": 30,
    "edge_count": 30,
    "graph_type": "SF",
    "shifted_nodes": [
      13,
      14,
      5,
      4,
      10,
      17
    ],
    "shift_types": {
      "13": [
        "sin_cos"
      ],
      "14": [
        "sin_cos"
      ],
      "5": [
        "sin_cos"
      ],
      "4": [
        "noise_N02"
      ],
      "10": [
        "noise_N02"
      ],
      "17": [
        "noise_N02"
      ]
    },
    "shift_case": "sin_cos_noise_N02",
    "deleted_parents": {}
  },
  "model": "linearccp",
  "exp_type": "synthetic",
  "config_name": "SF",
  "device": "cuda:0",
  "linearccp": {
    "shifted_nodes": [
      1,
      4,
      5,
      8,
      10,
      11,
      13,
      14,
      15,
      16,
      17,
      19,
      20,
      21,
      23,
      28
    ],
    "functional_change_nodes": [
      1,
      5,
      8,
      11,
      13,
      14,
      15,
      16,
      17,
      20,
      21,
      23,
      28
    ],
    "noise_change_nodes": [
      4,
      5,
      8,
      10,
      11,
      13,
      14,
      15,
      16,
      17,
      19,
      20,
      21
    ],
    "node_results": {
      "1": {
        "is_shifted": true,
        "parents": [
          0
        ],
        "function_test": {
          "f_statistic": 4.522636083152227,
          "p_value": 0.03345169726664199,
          "is_function_changed": true,
          "beta_env1": [
            -0.0023347958803112993
          ],
          "beta_env2": [
            0.006965756824718771
          ]
        },
        "noise_test": {
          "ks_statistic": 0.0028999999999999027,
          "p_value": 0.9841511328850784,
          "is_noise_changed": false
        }
      },
      "2": {
        "is_shifted": false,
        "parents": [
          0
        ],
        "function_test": {
          "f_statistic": 0.009855266888404005,
          "p_value": 0.9209211610943876,
          "is_function_changed": false,
          "beta_env1": [
            0.006202099756763829
          ],
          "beta_env2": [
            0.005769541003407993
          ]
        },
        "noise_test": {
          "ks_statistic": 0.0031999999999999806,
          "p_value": 0.9592812871609974,
          "is_noise_changed": false
        }
      },
      "3": {
        "is_shifted": false,
        "parents": [
          0
        ],
        "function_test": {
          "f_statistic": 1.9238623542654452,
          "p_value": 0.16543459286506024,
          "is_function_changed": false,
          "beta_env1": [
            0.004776014620509186
          ],
          "beta_env2": [
            -0.0012826293177010453
          ]
        },
        "noise_test": {
          "ks_statistic": 0.005039999999999989,
          "p_value": 0.5474886664049672,
          "is_noise_changed": false
        }
      },
      "4": {
        "is_shifted": true,
        "parents": [
          1
        ],
        "function_test": {
          "f_statistic": 0.12414275405491626,
          "p_value": 0.7245848037096715,
          "is_function_changed": false,
          "beta_env1": [
            0.14241551923790693
          ],
          "beta_env2": [
            0.1450265196759578
          ]
        },
        "noise_test": {
          "ks_statistic": 0.07072,
          "p_value": 3.615901838939282e-109,
          "is_noise_changed": true
        }
      },
      "5": {
        "is_shifted": true,
        "parents": [
          4
        ],
        "function_test": {
          "f_statistic": 11.756228051694155,
          "p_value": 0.0006066442149992302,
          "is_function_changed": true,
          "beta_env1": [
            0.11612898272399054
          ],
          "beta_env2": [
            0.13692084432350637
          ]
        },
        "noise_test": {
          "ks_statistic": 0.07250000000000001,
          "p_value": 1.021664459577569e-114,
          "is_noise_changed": true
        }
      },
      "6": {
        "is_shifted": false,
        "parents": [
          1
        ],
        "function_test": {
          "f_statistic": 0.17007881798690114,
          "p_value": 0.6800426532452342,
          "is_function_changed": false,
          "beta_env1": [
            0.14240886270181302
          ],
          "beta_env2": [
            0.13981502247553404
          ]
        },
        "noise_test": {
          "ks_statistic": 0.0031800000000000717,
          "p_value": 0.9614285356614296,
          "is_noise_changed": false
        }
      },
      "7": {
        "is_shifted": false,
        "parents": [
          2
        ],
        "function_test": {
          "f_statistic": 0.012705544244231527,
          "p_value": 0.9102536646843309,
          "is_function_changed": false,
          "beta_env1": [
            0.13872873515608447
          ],
          "beta_env2": [
            0.13944527769886536
          ]
        },
        "noise_test": {
          "ks_statistic": 0.0047599999999999865,
          "p_value": 0.6209865473005058,
          "is_noise_changed": false
        }
      },
      "8": {
        "is_shifted": true,
        "parents": [
          4
        ],
        "function_test": {
          "f_statistic": 444.6792396055556,
          "p_value": 1.1102230246251565e-16,
          "is_function_changed": true,
          "beta_env1": [
            0.11690362844435437
          ],
          "beta_env2": [
            -0.004432069469479083
          ]
        },
        "noise_test": {
          "ks_statistic": 0.014880000000000004,
          "p_value": 3.080172569250262e-05,
          "is_noise_changed": true
        }
      },
      "9": {
        "is_shifted": false,
        "parents": [
          2
        ],
        "function_test": {
          "f_statistic": 1.2643598682539268,
          "p_value": 0.2608301366897898,
          "is_function_changed": false,
          "beta_env1": [
            0.1366391339480366
          ],
          "beta_env2": [
            0.14377117884309895
          ]
        },
        "noise_test": {
          "ks_statistic": 0.0045600000000000085,
          "p_value": 0.6742837821558736,
          "is_noise_changed": false
        }
      },
      "10": {
        "is_shifted": true,
        "parents": [
          6
        ],
        "function_test": {
          "f_statistic": 1.2125652089875014,
          "p_value": 0.2708273337914656,
          "is_function_changed": false,
          "beta_env1": [
            0.12509484704679466
          ],
          "beta_env2": [
            0.11699193912267473
          ]
        },
        "noise_test": {
          "ks_statistic": 0.07139999999999999,
          "p_value": 2.8494630794694803e-111,
          "is_noise_changed": true
        }
      },
      "11": {
        "is_shifted": true,
        "parents": [
          10
        ],
        "function_test": {
          "f_statistic": 287.57641314020634,
          "p_value": 1.1102230246251565e-16,
          "is_function_changed": true,
          "beta_env1": [
            0.10570615946602598
          ],
          "beta_env2": [
            0.009654083175952148
          ]
        },
        "noise_test": {
          "ks_statistic": 0.01419999999999999,
          "p_value": 8.283314789971755e-05,
          "is_noise_changed": true
        }
      },
      "12": {
        "is_shifted": false,
        "parents": [
          1
        ],
        "function_test": {
          "f_statistic": 0.018567215084998263,
          "p_value": 0.8916147785477232,
          "is_function_changed": false,
          "beta_env1": [
            0.14715198541296637
          ],
          "beta_env2": [
            0.14801145196304016
          ]
        },
        "noise_test": {
          "ks_statistic": 0.005360000000000031,
          "p_value": 0.46753626470535614,
          "is_noise_changed": false
        }
      },
      "13": {
        "is_shifted": true,