{
  "dataset_info": {
    "seed": 195,
    "dataset_index": 4,
    "node_count": 30,
    "edge_count": 30,
    "graph_type": "SF",
    "shifted_nodes": [
      3,
      23,
      24,
      6,
      16,
      15
    ],
    "shift_types": {
      "3": [
        "sin_cos"
      ],
      "23": [
        "sin_cos"
      ],
      "24": [
        "sin_cos"
      ],
      "6": [
        "noise_N02"
      ],
      "16": [
        "noise_N02"
      ],
      "15": [
        "noise_N02"
      ]
    },
    "shift_case": "sin_cos_noise_N02",
    "deleted_parents": {}
  },
  "model": "linearccp",
  "exp_type": "synthetic",
  "config_name": "SF",
  "device": "cuda:0",
  "linearccp": {
    "shifted_nodes": [
      3,
      6,
      10,
      11,
      15,
      16,
      18,
      23,
      24,
      27
    ],
    "functional_change_nodes": [
      3,
      10,
      11,
      15,
      18,
      23,
      24,
      27
    ],
    "noise_change_nodes": [
      3,
      6,
      11,
      15,
      16,
      18,
      23,
      24,
      27
    ],
    "node_results": {
      "1": {
        "is_shifted": false,
        "parents": [
          0
        ],
        "function_test": {
          "f_statistic": 0.04127839113688246,
          "p_value": 0.8390019154386941,
          "is_function_changed": false,
          "beta_env1": [
            -0.003703186264683033
          ],
          "beta_env2": [
            -0.0028149855880534465
          ]
        },
        "noise_test": {
          "ks_statistic": 0.0040000000000000036,
          "p_value": 0.8170622524647269,
          "is_noise_changed": false
        }
      },
      "2": {
        "is_shifted": false,
        "parents": [
          1
        ],
        "function_test": {
          "f_statistic": 0.5259517303301336,
          "p_value": 0.4683155235050992,
          "is_function_changed": false,
          "beta_env1": [
            0.14841548568826962
          ],
          "beta_env2": [
            0.14382934257246416
          ]
        },
        "noise_test": {
          "ks_statistic": 0.005720000000000003,
          "p_value": 0.3852308778585164,
          "is_noise_changed": false
        }
      },
      "3": {
        "is_shifted": true,
        "parents": [
          0
        ],
        "function_test": {
          "f_statistic": 2194.542744387162,
          "p_value": 1.1102230246251565e-16,
          "is_function_changed": true,
          "beta_env1": [
            -0.0056934501990485555
          ],
          "beta_env2": [
            0.21517276690092466
          ]
        },
        "noise_test": {
          "ks_statistic": 0.07475999999999994,
          "p_value": 5.812953895875263e-122,
          "is_noise_changed": true
        }
      },
      "4": {
        "is_shifted": false,
        "parents": [
          0
        ],
        "function_test": {
          "f_statistic": 0.993220020055377,
          "p_value": 0.31895905646549616,
          "is_function_changed": false,
          "beta_env1": [
            -0.0009470919314653327
          ],
          "beta_env2": [
            -0.005316808549696235
          ]
        },
        "noise_test": {
          "ks_statistic": 0.0049799999999999844,
          "p_value": 0.5630295973864953,
          "is_noise_changed": false
        }
      },
      "5": {
        "is_shifted": false,
        "parents": [
          2
        ],
        "function_test": {
          "f_statistic": 0.40423134767735486,
          "p_value": 0.5249135187579064,
          "is_function_changed": false,
          "beta_env1": [
            0.11272013069046402
          ],
          "beta_env2": [
            0.11669276619051037
          ]
        },
        "noise_test": {
          "ks_statistic": 0.004060000000000008,
          "p_value": 0.8027793720659009,
          "is_noise_changed": false
        }
      },
      "6": {
        "is_shifted": true,
        "parents": [
          4
        ],
        "function_test": {
          "f_statistic": 0.2889024790000685,
          "p_value": 0.5909259034354473,
          "is_function_changed": false,
          "beta_env1": [
            0.1384776891011423
          ],
          "beta_env2": [
            0.14244705952336728
          ]
        },
        "noise_test": {
          "ks_statistic": 0.07006000000000001,
          "p_value": 3.806016374970629e-107,
          "is_noise_changed": true
        }
      },
      "7": {
        "is_shifted": false,
        "parents": [
          2
        ],
        "function_test": {
          "f_statistic": 0.30218271515886785,
          "p_value": 0.5825185068218588,
          "is_function_changed": false,
          "beta_env1": [
            0.11179327778423402
          ],
          "beta_env2": [
            0.10836263320291949
          ]
        },
        "noise_test": {
          "ks_statistic": 0.0028799999999999937,
          "p_value": 0.9852862572943257,
          "is_noise_changed": false
        }
      },
      "8": {
        "is_shifted": false,
        "parents": [
          4
        ],
        "function_test": {
          "f_statistic": 0.2665037904532592,
          "p_value": 0.6056879019976413,
          "is_function_changed": false,
          "beta_env1": [
            0.1443729590204476
          ],
          "beta_env2": [
            0.14111724528110856
          ]
        },
        "noise_test": {
          "ks_statistic": 0.0035800000000000276,
          "p_value": 0.9046288361286801,
          "is_noise_changed": false
        }
      },
      "9": {
        "is_shifted": false,
        "parents": [
          5
        ],
        "function_test": {
          "f_statistic": 0.028871016848439734,
          "p_value": 0.8650775372460442,
          "is_function_changed": false,
          "beta_env1": [
            0.10797869157305093
          ],
          "beta_env2": [
            0.10902727705932537
          ]
        },
        "noise_test": {
          "ks_statistic": 0.0038799999999999946,
          "p_value": 0.8444759423146997,
          "is_noise_changed": false
        }
      },
      "10": {
        "is_shifted": true,
        "parents": [
          5
        ],
        "function_test": {
          "f_statistic": 7.778619909665741,
          "p_value": 0.005287816316095206,
          "is_function_changed": true,
          "beta_env1": [
            0.11707341366400512
          ],
          "beta_env2": [
            0.09976892340347793
          ]
        },
        "noise_test": {
          "ks_statistic": 0.004080000000000028,
          "p_value": 0.7979423493458161,
          "is_noise_changed": false
        }
      },
      "11": {
        "is_shifted": true,
        "parents": [
          6
        ],
        "function_test": {
          "f_statistic": 339.7566934642244,
          "p_value": 1.1102230246251565e-16,
          "is_function_changed": true,
          "beta_env1": [
            0.11503781871633625
          ],
          "beta_env2": [
            0.009457535034504935
          ]
        },
        "noise_test": {
          "ks_statistic": 0.016400000000000012,
          "p_value": 2.8549067405531526e-06,
          "is_noise_changed": true
        }
      },
      "12": {
        "is_shifted": false,
        "parents": [
          9
        ],
        "function_test": {
          "f_statistic": 0.01751597382802964,
          "p_value": 0.8947093666320789,
          "is_function_changed": false,
          "beta_env1": [
            0.11830748693686605
          ],
          "beta_env2": [
            0.11747963267998898
          ]
        },
        "noise_test": {
          "ks_statistic": 0.005099999999999993,
          "p_value": 0.5320984781533314,
          "is_noise_changed": false
        }
      },
      "13": {
        "is_shifted": false,
        "parents": [
          2
        ],
        "function_test": {
          "f_statistic": 0.9228609651855532,
          "p_value": 0.3367272186457111,