{
  "dataset_info": {
    "seed": 207,
    "dataset_index": 16,
    "node_count": 30,
    "edge_count": 30,
    "graph_type": "SF",
    "shifted_nodes": [
      26,
      8,
      23,
      29,
      16,
      5
    ],
    "shift_types": {
      "26": [
        "pa_delete"
      ],
      "8": [
        "pa_delete"
      ],
      "23": [
        "pa_delete"
      ],
      "29": [
        "noise_laplace"
      ],
      "16": [
        "noise_laplace"
      ],
      "5": [
        "noise_laplace"
      ]
    },
    "shift_case": "pa_delete_noise_laplace",
    "deleted_parents": {
      "26": 23,
      "8": 1,
      "23": 13
    }
  },
  "model": "linearccp",
  "exp_type": "synthetic",
  "config_name": "SF",
  "device": "cuda:0",
  "linearccp": {
    "shifted_nodes": [
      5,
      8,
      9,
      10,
      14,
      16,
      23,
      25,
      26,
      27,
      29
    ],
    "functional_change_nodes": [
      5,
      8,
      9,
      10,
      14,
      23,
      25,
      26,
      27
    ],
    "noise_change_nodes": [
      5,
      8,
      9,
      16,
      23,
      25,
      26,
      29
    ],
    "node_results": {
      "1": {
        "is_shifted": false,
        "parents": [
          0
        ],
        "function_test": {
          "f_statistic": 0.2113041490190817,
          "p_value": 0.6457481394993089,
          "is_function_changed": false,
          "beta_env1": [
            -0.0018556812900246418
          ],
          "beta_env2": [
            0.00015310398233600803
          ]
        },
        "noise_test": {
          "ks_statistic": 0.0035600000000000076,
          "p_value": 0.9081437720613811,
          "is_noise_changed": false
        }
      },
      "2": {
        "is_shifted": false,
        "parents": [
          1
        ],
        "function_test": {
          "f_statistic": 0.029561634924916685,
          "p_value": 0.8634889994661196,
          "is_function_changed": false,
          "beta_env1": [
            0.1387381408545725
          ],
          "beta_env2": [
            0.13982235812532243
          ]
        },
        "noise_test": {
          "ks_statistic": 0.0041600000000000525,
          "p_value": 0.778251273012884,
          "is_noise_changed": false
        }
      },
      "3": {
        "is_shifted": false,
        "parents": [
          1
        ],
        "function_test": {
          "f_statistic": 0.06366794263693933,
          "p_value": 0.8007903278698646,
          "is_function_changed": false,
          "beta_env1": [
            0.14579665082527496
          ],
          "beta_env2": [
            0.1473929838449603
          ]
        },
        "noise_test": {
          "ks_statistic": 0.005179999999999962,
          "p_value": 0.5118419572168238,
          "is_noise_changed": false
        }
      },
      "4": {
        "is_shifted": false,
        "parents": [
          3
        ],
        "function_test": {
          "f_statistic": 0.08667333395685785,
          "p_value": 0.7684503165526563,
          "is_function_changed": false,
          "beta_env1": [
            0.11667671712682133
          ],
          "beta_env2": [
            0.11484009200234403
          ]
        },
        "noise_test": {
          "ks_statistic": 0.006340000000000012,
          "p_value": 0.2662715473566568,
          "is_noise_changed": false
        }
      },
      "5": {
        "is_shifted": true,
        "parents": [
          1
        ],
        "function_test": {
          "f_statistic": 6.474157321416983,
          "p_value": 0.010946909845337971,
          "is_function_changed": true,
          "beta_env1": [
            0.14635563882392394
          ],
          "beta_env2": [
            0.12749735981330163
          ]
        },
        "noise_test": {
          "ks_statistic": 0.042859999999999995,
          "p_value": 2.4163712423844826e-40,
          "is_noise_changed": true
        }
      },
      "6": {
        "is_shifted": false,
        "parents": [
          1
        ],
        "function_test": {
          "f_statistic": 0.5023332913537119,
          "p_value": 0.4784783367076173,
          "is_function_changed": false,
          "beta_env1": [
            0.14464109987125365
          ],
          "beta_env2": [
            0.14016420233207597
          ]
        },
        "noise_test": {
          "ks_statistic": 0.0034800000000000386,
          "p_value": 0.9215196958308662,
          "is_noise_changed": false
        }
      },
      "7": {
        "is_shifted": false,
        "parents": [
          3
        ],
        "function_test": {
          "f_statistic": 0.5565606384124872,
          "p_value": 0.4556510961569741,
          "is_function_changed": false,
          "beta_env1": [
            0.11956028448569152
          ],
          "beta_env2": [
            0.11490136653953203
          ]
        },
        "noise_test": {
          "ks_statistic": 0.0031600000000000517,
          "p_value": 0.963503059351908,
          "is_noise_changed": false
        }
      },
      "8": {
        "is_shifted": true,
        "parents": [
          1
        ],
        "function_test": {
          "f_statistic": 406.5887320239794,
          "p_value": 1.1102230246251565e-16,
          "is_function_changed": true,
          "beta_env1": [
            0.14832660486140903
          ],
          "beta_env2": [
            -0.009972248815008036
          ]
        },
        "noise_test": {
          "ks_statistic": 0.1038,
          "p_value": 5.56603966395416e-235,
          "is_noise_changed": true
        }
      },
      "9": {
        "is_shifted": true,
        "parents": [
          5
        ],
        "function_test": {
          "f_statistic": 240.16594471257233,
          "p_value": 1.1102230246251565e-16,
          "is_function_changed": true,
          "beta_env1": [
            0.12075764334932594
          ],
          "beta_env2": [
            0.03263505632912196
          ]
        },
        "noise_test": {
          "ks_statistic": 0.012020000000000003,
          "p_value": 0.001445855305599775,
          "is_noise_changed": true
        }
      },
      "10": {
        "is_shifted": true,
        "parents": [
          7
        ],
        "function_test": {
          "f_statistic": 5.83057056958325,
          "p_value": 0.015751797310756155,
          "is_function_changed": true,
          "beta_env1": [
            0.10882144916209868
          ],
          "beta_env2": [
            0.09386033083409535
          ]
        },
        "noise_test": {
          "ks_statistic": 0.005360000000000031,
          "p_value": 0.46753626470535614,
          "is_noise_changed": false
        }
      },
      "11": {
        "is_shifted": false,
        "parents": [
          0
        ],
        "function_test": {
          "f_statistic": 0.4213310943210213,
          "p_value": 0.5162750910677574,
          "is_function_changed": false,
          "beta_env1": [
            -0.0006435984836863249
          ],
          "beta_env2": [
            -0.0034773632852907054
          ]
        },
        "noise_test": {
          "ks_statistic": 0.0035799999999999166,
          "p_value": 0.9046288361286997,
          "is_noise_changed": false
        }
      },
      "12": {
        "is_shifted": false,
        "parents": [
          3
        ],
        "function_test": {
          "f_statistic": 1.5209538649009517,
          "p_value": 0.21747810108221854,
          "is_function_changed": false,
          "beta_env1": [
            0.10856338869290554
          ],
          "beta_env2": [
            0.10089149959222606
          ]
        },
        "noise_test": {
          "ks_statistic": 0.005260000000000042,
          "p_value": 0.4919199521517633,
          "is_noise_changed": false
        }
      },
      "13": {
        "is_shifted": false,
        "parents": [
          1
        ],