{
  "dataset_info": {
    "seed": 214,
    "dataset_index": 23,
    "node_count": 30,
    "edge_count": 30,
    "graph_type": "SF",
    "shifted_nodes": [
      14,
      11,
      1,
      12,
      8,
      13
    ],
    "shift_types": {
      "14": [
        "sin_cos"
      ],
      "11": [
        "sin_cos"
      ],
      "1": [
        "sin_cos"
      ],
      "12": [
        "pa_delete"
      ],
      "8": [
        "pa_delete"
      ],
      "13": [
        "pa_delete"
      ]
    },
    "shift_case": "sin_cos_pa_delete",
    "deleted_parents": {
      "12": 7,
      "8": 0,
      "13": 2
    }
  },
  "model": "iscan",
  "config_name": "SF",
  "dag_structure": "standard",
  "device": "cuda:0",
  "iscan": {
    "detected_shifted_nodes": [
      26,
      8,
      12,
      24
    ],
    "order": [
      13,
      24,
      26,
      1,
      2,
      23,
      4,
      3,
      7,
      5,
      6,
      9,
      11,
      16,
      27,
      29,
      17,
      8,
      18,
      10,
      15,
      22,
      21,
      20,
      28,
      25,
      14,
      12,
      19,
      0
    ],
    "ratio_dict": {
      "26": 7.798988189858178,
      "8": 2.1129082794635594,
      "12": 1.9814959725024115,
      "24": 1.8803390336812063,
      "9": 1.1459686039136772,
      "23": 1.1145636521572355,
      "3": 1.0511493025156395,
      "21": 1.0494921492513556,
      "16": 1.0314156682162903,
      "5": 1.0165248246751402,
      "4": 1.0094250886095955,
      "27": 0.9713750555842882,
      "29": 0.9512097160464765,
      "2": 0.9068473434478885,
      "17": 0.9061939540894614,
      "15": 0.8930790236464085,
      "7": 0.8551914968069857,
      "10": 0.8472168747877465,
      "20": 0.8064817657735324,
      "19": 0.7861128946910008,
      "11": 0.7792587783750407,
      "25": 0.7707365746427467,
      "28": 0.769188903530469,
      "18": 0.7553406897520404,
      "6": 0.7401173362974701,
      "22": 0.6796922398803952,
      "1": 0.5627778040881101,
      "14": 0.5259722423289896,
      "0": 0.523372203688444
    },
    "true_shifted_node_summary": {
      "1": {
        "is_detected_as_shifted": false,
        "has_functional_shift_detected": true
      },
      "8": {
        "is_detected_as_shifted": true,
        "has_functional_shift_detected": true
      },
      "11": {
        "is_detected_as_shifted": false,
        "has_functional_shift_detected": true
      },
      "12": {
        "is_detected_as_shifted": true,
        "has_functional_shift_detected": true
      },
      "13": {
        "is_detected_as_shifted": false,
        "has_functional_shift_detected": true
      },
      "14": {
        "is_detected_as_shifted": false,
        "has_functional_shift_detected": true
      }
    },
    "functional_shift_results": {
      "1": {
        "shifted_edges": [
          [
            0,
            1
          ]
        ],
        "test_details": {
          "y_node": 1,
          "parents": [
            0
          ],
          "functional_shift_detected": true,
          "p_value_overall": 1.1102230246251565e-16,
          "parent_specific_p_values": {
            "0": 1.1102230246251565e-16
          },
          "coefficients_env1": {
            "Intercept": -1.3474092267915796,
            "bs(x0, df=4, degree=3)[0]": 2.9555895411300845,
            "bs(x0, df=4, degree=3)[1]": 0.21437132721913615,
            "bs(x0, df=4, degree=3)[2]": 2.9797041774297526,
            "bs(x0, df=4, degree=3)[3]": 0.2798773493155706
          },
          "coefficients_env2": {
            "Intercept": 1.120734826592614,
            "bs(x0, df=4, degree=3)[0]": -2.4760935550825898,
            "bs(x0, df=4, degree=3)[1]": 0.18063206465098336,
            "bs(x0, df=4, degree=3)[2]": -0.49788361265719083,
            "bs(x0, df=4, degree=3)[3]": -2.5369163967043624
          }
        },
        "has_functional_shift": true
      },
      "8": {
        "shifted_edges": [
          [
            0,
            8
          ]
        ],
        "test_details": {
          "y_node": 8,
          "parents": [
            0
          ],
          "functional_shift_detected": true,
          "p_value_overall": 0.0010727774873392493,
          "parent_specific_p_values": {
            "0": 0.0010727774873392493
          },
          "coefficients_env1": {
            "Intercept": -1.2919039262394811,
            "bs(x0, df=4, degree=3)[0]": 2.9519621825171027,
            "bs(x0, df=4, degree=3)[1]": 0.056988191137533006,
            "bs(x0, df=4, degree=3)[2]": 2.960117862345699,
            "bs(x0, df=4, degree=3)[3]": -0.15146594636661329
          },
          "coefficients_env2": {
            "Intercept": 0.38494203273286437,
            "bs(x0, df=4, degree=3)[0]": -0.5183132623292982,
            "bs(x0, df=4, degree=3)[1]": -0.3916527678091565,
            "bs(x0, df=4, degree=3)[2]": -0.25102807530682425,
            "bs(x0, df=4, degree=3)[3]": -0.5141763772279362
          }
        },
        "has_functional_shift": true
      },
      "11": {
        "shifted_edges": [
          [
            9,
            11
          ]
        ],
        "test_details": {
          "y_node": 11,
          "parents": [
            9
          ],
          "functional_shift_detected": true,
          "p_value_overall": 1.1102230246251565e-16,
          "parent_specific_p_values": {
            "9": 1.1102230246251565e-16
          },
          "coefficients_env1": {
            "Intercept": -0.6326452022344813,
            "bs(x9, df=4, degree=3)[0]": 2.816247300200735,
            "bs(x9, df=4, degree=3)[1]": -1.43845333975126,
            "bs(x9, df=4, degree=3)[2]": 3.075645149790724,
            "bs(x9, df=4, degree=3)[3]": -1.8749668209542143
          },
          "coefficients_env2": {
            "Intercept": 0.03156559287080185,
            "bs(x9, df=4, degree=3)[0]": -1.2132634416491792,
            "bs(x9, df=4, degree=3)[1]": 2.5889223465778555,
            "bs(x9, df=4, degree=3)[2]": -0.9484103764063561,
            "bs(x9, df=4, degree=3)[3]": 1.0195019327912143
          }
        },
        "has_functional_shift": true
      },
      "12": {
        "shifted_edges": [
          [
            7,
            12
          ]
        ],
        "test_details": {
          "y_node": 12,
          "parents": [
            7
          ],
          "functional_shift_detected": true,
          "p_value_overall": 1.782489489343675e-09,
          "parent_specific_p_values": {
            "7": 1.782489489343675e-09
          },
          "coefficients_env1": {
            "Intercept": 1.7749287983759758,
            "bs(x7, df=4, degree=3)[0]": -1.1568192847818524,
            "bs(x7, df=4, degree=3)[1]": -2.5900608621362258,
            "bs(x7, df=4, degree=3)[2]": 0.3507877776084717,
            "bs(x7, df=4, degree=3)[3]": -6.08664289062167
          },
          "coefficients_env2": {
            "Intercept": -0.3482577598347634,
            "bs(x7, df=4, degree=3)[0]": 0.3583458858648494,
            "bs(x7, df=4, degree=3)[1]": 0.5086122909856524,
            "bs(x7, df=4, degree=3)[2]": 0.20492945698047446,
            "bs(x7, df=4, degree=3)[3]": 0.8586896690249292
          }
        },
        "has_functional_shift": true
      },
      "13": {
        "shifted_edges": [
          [
            2,
            13
          ]
        ],
        "test_details": {
          "y_node": 13,
          "parents": [
            2
          ],
          "functional_shift_detected": true,
          "p_value_overall": 1.9984014443252818e-15,
          "parent_specific_p_values": {
            "2": 1.9984014443252818e-15
          },
          "coefficients_env1": {
            "Intercept": -1.7128216032124783,
            "bs(x2, df=4, degree=3)[0]": 4.755477840870629,
            "bs(x2, df=4, degree=3)[1]": -1.2179949501015157,
            "bs(x2, df=4, degree=3)[2]": 4.648391394474718,