{
  "dataset_info": {
    "seed": 200,
    "dataset_index": 9,
    "node_count": 30,
    "edge_count": 30,
    "graph_type": "SF",
    "shifted_nodes": [
      14,
      26,
      3,
      21,
      1,
      23
    ],
    "shift_types": {
      "14": [
        "sin_cos"
      ],
      "26": [
        "sin_cos"
      ],
      "3": [
        "sin_cos"
      ],
      "21": [
        "noise_laplace"
      ],
      "1": [
        "noise_laplace"
      ],
      "23": [
        "noise_laplace"
      ]
    },
    "shift_case": "sin_cos_noise_laplace",
    "deleted_parents": {}
  },
  "model": "iscan",
  "config_name": "SF",
  "dag_structure": "standard",
  "device": "cuda:0",
  "iscan": {
    "detected_shifted_nodes": [
      1,
      21,
      5,
      23,
      13,
      24,
      27
    ],
    "order": [
      11,
      5,
      25,
      8,
      2,
      24,
      14,
      19,
      10,
      26,
      3,
      0,
      1,
      13,
      7,
      22,
      28,
      18,
      9,
      4,
      15,
      17,
      27,
      16,
      23,
      20,
      6,
      12,
      29,
      21
    ],
    "ratio_dict": {
      "1": 2.0143782977926104,
      "21": 1.4611888099187327,
      "5": 1.413913717966326,
      "23": 1.208859398285681,
      "13": 1.1890852608327955,
      "24": 1.141855813791596,
      "27": 1.0435342417904556,
      "16": 0.9789982669525121,
      "22": 0.9770583093782698,
      "15": 0.9614846806262521,
      "2": 0.9488979932450207,
      "28": 0.9260658136749269,
      "8": 0.9001329583934017,
      "7": 0.8991806999710841,
      "4": 0.892823841982003,
      "12": 0.8663343367927892,
      "9": 0.8603384762187151,
      "0": 0.8465411113816282,
      "29": 0.8392185628260024,
      "18": 0.8301390905760746,
      "6": 0.8213002805165085,
      "14": 0.8110712963393552,
      "17": 0.7824049264063496,
      "25": 0.7341074797199315,
      "20": 0.7183660843332518,
      "3": 0.7154211632389932,
      "10": 0.6251978440890364,
      "26": 0.5806421336998508,
      "19": 0.5272607131756568
    },
    "true_shifted_node_summary": {
      "1": {
        "is_detected_as_shifted": true,
        "has_functional_shift_detected": true
      },
      "3": {
        "is_detected_as_shifted": false,
        "has_functional_shift_detected": true
      },
      "14": {
        "is_detected_as_shifted": false,
        "has_functional_shift_detected": true
      },
      "21": {
        "is_detected_as_shifted": true,
        "has_functional_shift_detected": true
      },
      "23": {
        "is_detected_as_shifted": true,
        "has_functional_shift_detected": true
      },
      "26": {
        "is_detected_as_shifted": false,
        "has_functional_shift_detected": true
      }
    },
    "functional_shift_results": {
      "1": {
        "shifted_edges": [
          [
            0,
            1
          ]
        ],
        "test_details": {
          "y_node": 1,
          "parents": [
            0
          ],
          "functional_shift_detected": true,
          "p_value_overall": 0.042602037265022874,
          "parent_specific_p_values": {
            "0": 0.042602037265022874
          },
          "coefficients_env1": {
            "Intercept": -1.34911511504231,
            "bs(x0, df=4, degree=3)[0]": 3.184246204793879,
            "bs(x0, df=4, degree=3)[1]": 0.03251394359706697,
            "bs(x0, df=4, degree=3)[2]": 3.0646491288630067,
            "bs(x0, df=4, degree=3)[3]": -1.2800561682259475
          },
          "coefficients_env2": {
            "Intercept": -2.0290471721488874,
            "bs(x0, df=4, degree=3)[0]": 3.869596897238253,
            "bs(x0, df=4, degree=3)[1]": 0.5483346226833357,
            "bs(x0, df=4, degree=3)[2]": 3.96654840586013,
            "bs(x0, df=4, degree=3)[3]": 0.1967004467252609
          }
        },
        "has_functional_shift": true
      },
      "3": {
        "shifted_edges": [
          [
            0,
            3
          ]
        ],
        "test_details": {
          "y_node": 3,
          "parents": [
            0
          ],
          "functional_shift_detected": true,
          "p_value_overall": 1.1102230246251565e-16,
          "parent_specific_p_values": {
            "0": 1.1102230246251565e-16
          },
          "coefficients_env1": {
            "Intercept": -1.500825155829351,
            "bs(x0, df=4, degree=3)[0]": 3.548914507605323,
            "bs(x0, df=4, degree=3)[1]": -0.08332330075290206,
            "bs(x0, df=4, degree=3)[2]": 3.463135184883784,
            "bs(x0, df=4, degree=3)[3]": -0.4470091032879869
          },
          "coefficients_env2": {
            "Intercept": 1.1678712922085845,
            "bs(x0, df=4, degree=3)[0]": -2.4874605145635753,
            "bs(x0, df=4, degree=3)[1]": 0.37629824229322617,
            "bs(x0, df=4, degree=3)[2]": -0.7983603243558178,
            "bs(x0, df=4, degree=3)[3]": -1.86621806114416
          }
        },
        "has_functional_shift": true
      },
      "14": {
        "shifted_edges": [
          [
            0,
            14
          ]
        ],
        "test_details": {
          "y_node": 14,
          "parents": [
            0
          ],
          "functional_shift_detected": true,
          "p_value_overall": 1.1102230246251565e-16,
          "parent_specific_p_values": {
            "0": 1.1102230246251565e-16
          },
          "coefficients_env1": {
            "Intercept": -1.3500482006952086,
            "bs(x0, df=4, degree=3)[0]": 3.2134178407060014,
            "bs(x0, df=4, degree=3)[1]": 0.028540975928612294,
            "bs(x0, df=4, degree=3)[2]": 2.9912680715182156,
            "bs(x0, df=4, degree=3)[3]": -1.0334955185372978
          },
          "coefficients_env2": {
            "Intercept": 1.3512728935136131,
            "bs(x0, df=4, degree=3)[0]": -2.7913270608623524,
            "bs(x0, df=4, degree=3)[1]": 0.4001541016214237,
            "bs(x0, df=4, degree=3)[2]": -1.273437219367339,
            "bs(x0, df=4, degree=3)[3]": -1.6564450773748158
          }
        },
        "has_functional_shift": true
      },
      "21": {
        "shifted_edges": [
          [
            11,
            21
          ]
        ],
        "test_details": {
          "y_node": 21,
          "parents": [
            11
          ],
          "functional_shift_detected": true,
          "p_value_overall": 6.5953704120325085e-06,
          "parent_specific_p_values": {
            "11": 6.5953704120325085e-06
          },
          "coefficients_env1": {
            "Intercept": 1.731682256692336,
            "bs(x11, df=4, degree=3)[0]": -1.5579605729684967,
            "bs(x11, df=4, degree=3)[1]": -2.158972513451289,
            "bs(x11, df=4, degree=3)[2]": 0.6661445016329481,
            "bs(x11, df=4, degree=3)[3]": -2.392227690191019
          },
          "coefficients_env2": {
            "Intercept": 0.45292000201039845,
            "bs(x11, df=4, degree=3)[0]": 0.6059059276335168,
            "bs(x11, df=4, degree=3)[1]": -1.8301004476822642,
            "bs(x11, df=4, degree=3)[2]": 1.951822250326766,
            "bs(x11, df=4, degree=3)[3]": -3.2380012170106918
          }
        },
        "has_functional_shift": true
      },
      "23": {
        "shifted_edges": [
          [
            11,
            23
          ]
        ],
        "test_details": {
          "y_node": 23,
          "parents": [
            11
          ],
          "functional_shift_detected": true,
          "p_value_overall": 9.73375420931788e-07,
          "parent_specific_p_values": {
            "11": 9.73375420931788e-07
          },
          "coefficients_env1": {
            "Intercept": 1.9215894065002153,
            "bs(x11, df=4, degree=3)[0]": -2.1960852190823075,
            "bs(x11, df=4, degree=3)[1]": -1.4440076809917577,
            "bs(x11, df=4, degree=3)[2]": -0.635793022327756,