{
  "dataset_info": {
    "seed": 113,
    "dataset_index": 12,
    "node_count": 20,
    "edge_count": 20,
    "graph_type": "ER",
    "shifted_nodes": [
      11,
      10,
      16,
      15
    ],
    "shift_types": {
      "11": [
        "pa_delete"
      ],
      "10": [
        "pa_delete"
      ],
      "16": [
        "noise_N02"
      ],
      "15": [
        "noise_N02"
      ]
    },
    "shift_case": "pa_delete_noise_N02",
    "deleted_parents": {
      "11": 7,
      "10": 1
    }
  },
  "model": "linearccp",
  "exp_type": "synthetic",
  "config_name": "ER",
  "device": "cuda:0",
  "linearccp": {
    "shifted_nodes": [
      9,
      10,
      11,
      15,
      16,
      18,
      19
    ],
    "functional_change_nodes": [
      9,
      10,
      18,
      19
    ],
    "noise_change_nodes": [
      10,
      11,
      15,
      16
    ],
    "node_results": {
      "2": {
        "is_shifted": false,
        "parents": [
          0
        ],
        "function_test": {
          "f_statistic": 0.10327809973017953,
          "p_value": 0.7479313669471521,
          "is_function_changed": false,
          "beta_env1": [
            3.569839594295988e-05
          ],
          "beta_env2": [
            -0.0013665501030929816
          ]
        },
        "noise_test": {
          "ks_statistic": 0.0039599999999999635,
          "p_value": 0.8263800493256891,
          "is_noise_changed": false
        }
      },
      "3": {
        "is_shifted": false,
        "parents": [
          2
        ],
        "function_test": {
          "f_statistic": 1.0205742328834397,
          "p_value": 0.31238528263097654,
          "is_function_changed": false,
          "beta_env1": [
            0.14375698098595063
          ],
          "beta_env2": [
            0.1373469693252076
          ]
        },
        "noise_test": {
          "ks_statistic": 0.0046800000000000175,
          "p_value": 0.6422924421567748,
          "is_noise_changed": false
        }
      },
      "9": {
        "is_shifted": true,
        "parents": [
          5
        ],
        "function_test": {
          "f_statistic": 4.506688199993443,
          "p_value": 0.033765002122170595,
          "is_function_changed": true,
          "beta_env1": [
            -0.00742404818064725
          ],
          "beta_env2": [
            0.0018788324985203493
          ]
        },
        "noise_test": {
          "ks_statistic": 0.0041200000000000125,
          "p_value": 0.7881626114615253,
          "is_noise_changed": false
        }
      },
      "10": {
        "is_shifted": true,
        "parents": [
          1
        ],
        "function_test": {
          "f_statistic": 5.701304698544508,
          "p_value": 0.01695415210173845,
          "is_function_changed": true,
          "beta_env1": [
            -0.008779119650122529
          ],
          "beta_env2": [
            0.0041353258455222135
          ]
        },
        "noise_test": {
          "ks_statistic": 0.1101200000000001,
          "p_value": 1.7195743427598486e-264,
          "is_noise_changed": true
        }
      },
      "11": {
        "is_shifted": true,
        "parents": [
          3,
          5,
          7
        ],
        "function_test": {
          "f_statistic": 1.4238374042122561,
          "p_value": 0.23360577854340003,
          "is_function_changed": false,
          "beta_env1": [
            0.10119837785382059,
            -0.010171397655999972,
            -0.00048173150720675007
          ],
          "beta_env2": [
            0.11020359956708592,
            -0.0005235020081677385,
            -0.0017351943478885717
          ]
        },
        "noise_test": {
          "ks_statistic": 0.039100000000000024,
          "p_value": 1.2051031587765155e-33,
          "is_noise_changed": true
        }
      },
      "12": {
        "is_shifted": false,
        "parents": [
          7
        ],
        "function_test": {
          "f_statistic": 8.602368246950372e-06,
          "p_value": 0.9976598302136693,
          "is_function_changed": false,
          "beta_env1": [
            0.0010991175733275891
          ],
          "beta_env2": [
            0.0010862532077068492
          ]
        },
        "noise_test": {
          "ks_statistic": 0.0038399999999999546,
          "p_value": 0.8532323035610497,
          "is_noise_changed": false
        }
      },
      "13": {
        "is_shifted": false,
        "parents": [
          0,
          7
        ],
        "function_test": {
          "f_statistic": 0.09761739574285179,
          "p_value": 0.9069959442870619,
          "is_function_changed": false,
          "beta_env1": [
            0.0016159272157830217,
            -0.006623678128367614
          ],
          "beta_env2": [
            0.003917661810942374,
            -0.0063972961227174155
          ]
        },
        "noise_test": {
          "ks_statistic": 0.006440000000000001,
          "p_value": 0.24987610122097703,
          "is_noise_changed": false
        }
      },
      "14": {
        "is_shifted": false,
        "parents": [
          6
        ],
        "function_test": {
          "f_statistic": 0.205721684010401,
          "p_value": 0.6501425570442856,
          "is_function_changed": false,
          "beta_env1": [
            9.332815989135723e-05
          ],
          "beta_env2": [
            0.0020700498836394915
          ]
        },
        "noise_test": {
          "ks_statistic": 0.004620000000000013,
          "p_value": 0.6582940689498242,
          "is_noise_changed": false
        }
      },
      "15": {
        "is_shifted": true,
        "parents": [
          0,
          9
        ],
        "function_test": {
          "f_statistic": 0.834997080942161,
          "p_value": 0.4338787731661853,
          "is_function_changed": false,
          "beta_env1": [
            -0.0019149917709531678,
            0.14344579525100828
          ],
          "beta_env2": [
            0.001577166758517827,
            0.13369041660294773
          ]
        },
        "noise_test": {
          "ks_statistic": 0.047880000000000006,
          "p_value": 3.0291812241515667e-50,
          "is_noise_changed": true
        }
      },
      "16": {
        "is_shifted": true,
        "parents": [
          2,
          3,
          7
        ],
        "function_test": {
          "f_statistic": 1.7741700349926917,
          "p_value": 0.14965579230978676,
          "is_function_changed": false,
          "beta_env1": [
            0.11904056303966905,
            0.3457906658590227,
            0.0013064742108657636
          ],
          "beta_env2": [
            0.13325028304053507,
            0.35759026946542416,
            -0.005386047912847075
          ]
        },
        "noise_test": {
          "ks_statistic": 0.04733999999999999,
          "p_value": 3.973232379658867e-49,
          "is_noise_changed": true
        }
      },
      "18": {
        "is_shifted": true,
        "parents": [
          8,
          16,
          17
        ],
        "function_test": {
          "f_statistic": 2.743666661726984,
          "p_value": 0.04147680842487411,
          "is_function_changed": true,
          "beta_env1": [
            -0.011226368045668171,
            -0.0924143143117945,
            0.0025761883375642848
          ],
          "beta_env2": [
            0.002255352394381347,
            -0.08050698910391302,
            -0.0032641986893555577
          ]
        },
        "noise_test": {
          "ks_statistic": 0.003420000000000034,
          "p_value": 0.9308137128090231,
          "is_noise_changed": false
        }
      },
      "19": {
        "is_shifted": true,
        "parents": [
          14
        ],
        "function_test": {
          "f_statistic": 4.150027770961321,
          "p_value": 0.04163646870125948,
          "is_function_changed": true,