{
  "dataset_info": {
    "seed": 130,
    "dataset_index": 29,
    "node_count": 20,
    "edge_count": 20,
    "graph_type": "ER",
    "shifted_nodes": [
      14,
      16,
      12,
      15
    ],
    "shift_types": {
      "14": [
        "noise_N02"
      ],
      "16": [
        "noise_N02"
      ],
      "12": [
        "noise_laplace"
      ],
      "15": [
        "noise_laplace"
      ]
    },
    "shift_case": "noise_N02_laplace",
    "deleted_parents": {}
  },
  "model": "linearccp",
  "exp_type": "synthetic",
  "config_name": "ER",
  "device": "cuda:0",
  "linearccp": {
    "shifted_nodes": [
      12,
      14,
      15,
      16
    ],
    "functional_change_nodes": [
      15
    ],
    "noise_change_nodes": [
      12,
      14,
      15,
      16
    ],
    "node_results": {
      "5": {
        "is_shifted": false,
        "parents": [
          1,
          4
        ],
        "function_test": {
          "f_statistic": 1.8794909108698197,
          "p_value": 0.15267320075090474,
          "is_function_changed": false,
          "beta_env1": [
            0.002017169016574152,
            -0.010529692577232738
          ],
          "beta_env2": [
            -0.003625895680196783,
            -0.0021248457644079846
          ]
        },
        "noise_test": {
          "ks_statistic": 0.0045600000000000085,
          "p_value": 0.6742837821558736,
          "is_noise_changed": false
        }
      },
      "6": {
        "is_shifted": false,
        "parents": [
          2
        ],
        "function_test": {
          "f_statistic": 0.4097991230120591,
          "p_value": 0.5220729469037129,
          "is_function_changed": false,
          "beta_env1": [
            0.0023054193896590853
          ],
          "beta_env2": [
            -0.00048326699118564993
          ]
        },
        "noise_test": {
          "ks_statistic": 0.005379999999999996,
          "p_value": 0.46273310056858874,
          "is_noise_changed": false
        }
      },
      "7": {
        "is_shifted": false,
        "parents": [
          1
        ],
        "function_test": {
          "f_statistic": 0.994557963804446,
          "p_value": 0.3186333273308547,
          "is_function_changed": false,
          "beta_env1": [
            0.0013490707425794525
          ],
          "beta_env2": [
            0.005696662992677844
          ]
        },
        "noise_test": {
          "ks_statistic": 0.006299999999999972,
          "p_value": 0.2730447345623205,
          "is_noise_changed": false
        }
      },
      "11": {
        "is_shifted": false,
        "parents": [
          1
        ],
        "function_test": {
          "f_statistic": 2.9184790144856865,
          "p_value": 0.08757347535083893,
          "is_function_changed": false,
          "beta_env1": [
            -0.001402268977841357
          ],
          "beta_env2": [
            0.006068504300117903
          ]
        },
        "noise_test": {
          "ks_statistic": 0.007159999999999944,
          "p_value": 0.15329922914058303,
          "is_noise_changed": false
        }
      },
      "12": {
        "is_shifted": true,
        "parents": [
          2,
          11
        ],
        "function_test": {
          "f_statistic": 1.6104838606181557,
          "p_value": 0.1997961018874863,
          "is_function_changed": false,
          "beta_env1": [
            -0.0032195748281680235,
            0.14112082546134855
          ],
          "beta_env2": [
            0.004538727489827144,
            0.1305358097878951
          ]
        },
        "noise_test": {
          "ks_statistic": 0.030700000000000005,
          "p_value": 6.63929393413456e-21,
          "is_noise_changed": true
        }
      },
      "13": {
        "is_shifted": false,
        "parents": [
          0,
          4,
          10
        ],
        "function_test": {
          "f_statistic": 1.5380446007046649,
          "p_value": 0.20234007401648313,
          "is_function_changed": false,
          "beta_env1": [
            -0.0013339341424898382,
            -0.006096668214147474,
            -0.0019526540595174024
          ],
          "beta_env2": [
            -0.003345514904307233,
            0.005676527422471313,
            0.0025998017506399036
          ]
        },
        "noise_test": {
          "ks_statistic": 0.003500000000000003,
          "p_value": 0.9182798169309532,
          "is_noise_changed": false
        }
      },
      "14": {
        "is_shifted": true,
        "parents": [
          1
        ],
        "function_test": {
          "f_statistic": 0.3781948375791453,
          "p_value": 0.5385723148680219,
          "is_function_changed": false,
          "beta_env1": [
            -0.0023720397665424223
          ],
          "beta_env2": [
            0.0006933848459394469
          ]
        },
        "noise_test": {
          "ks_statistic": 0.058679999999999954,
          "p_value": 2.8584996312390276e-75,
          "is_noise_changed": true
        }
      },
      "15": {
        "is_shifted": true,
        "parents": [
          8,
          12
        ],
        "function_test": {
          "f_statistic": 8.289993577474505,
          "p_value": 0.00025118863373585487,
          "is_function_changed": true,
          "beta_env1": [
            0.0006414244971116477,
            0.02049826169641214
          ],
          "beta_env2": [
            -0.005895462487016436,
            -0.007662149726862128
          ]
        },
        "noise_test": {
          "ks_statistic": 0.030240000000000003,
          "p_value": 2.699087663946072e-20,
          "is_noise_changed": true
        }
      },
      "16": {
        "is_shifted": true,
        "parents": [
          2
        ],
        "function_test": {
          "f_statistic": 0.1672141043022698,
          "p_value": 0.6826005589526336,
          "is_function_changed": false,
          "beta_env1": [
            0.0014492167551637678
          ],
          "beta_env2": [
            0.0034845904324528817
          ]
        },
        "noise_test": {
          "ks_statistic": 0.05506,
          "p_value": 2.5751488000220337e-66,
          "is_noise_changed": true
        }
      },
      "17": {
        "is_shifted": false,
        "parents": [
          1,
          11
        ],
        "function_test": {
          "f_statistic": 0.3754096149275428,
          "p_value": 0.687008780763132,
          "is_function_changed": false,
          "beta_env1": [
            -0.038784617365835466,
            0.5179071661767369
          ],
          "beta_env2": [
            -0.03857327658885099,
            0.511683521410082
          ]
        },
        "noise_test": {
          "ks_statistic": 0.004420000000000035,
          "p_value": 0.711378161757201,
          "is_noise_changed": false
        }
      },
      "18": {
        "is_shifted": false,
        "parents": [
          3,
          4,
          17
        ],
        "function_test": {
          "f_statistic": 1.2915491968952066,
          "p_value": 0.27532824518397425,
          "is_function_changed": false,
          "beta_env1": [
            -0.007574768917430342,
            -0.007848933385615084,
            -0.007590865616040674
          ],
          "beta_env2": [
            -0.003554924467461566,
            0.003968368224174553,
            -0.010071019169261999
          ]
        },
        "noise_test": {
          "ks_statistic": 0.006019999999999998,
          "p_value": 0.3239398915011187,
          "is_noise_changed": false
        }
      },
      "19": {
        "is_shifted": false,
        "parents": [
          0
        ],
        "function_test": {
          "f_statistic": 0.9866158941219798,
          "p_value": 0.3205732919365005,
          "is_function_changed": false,
          "beta_env1": [
            -0.0017297898909050837
          ],