{
  "dataset_info": {
    "seed": 103,
    "dataset_index": 2,
    "node_count": 20,
    "edge_count": 20,
    "graph_type": "ER",
    "shifted_nodes": [
      7,
      19,
      4,
      18
    ],
    "shift_types": {
      "7": [
        "sin_cos"
      ],
      "19": [
        "sin_cos"
      ],
      "4": [
        "noise_N02"
      ],
      "18": [
        "noise_N02"
      ]
    },
    "shift_case": "sin_cos_noise_N02",
    "deleted_parents": {}
  },
  "model": "linearccp",
  "exp_type": "synthetic",
  "config_name": "ER",
  "device": "cuda:0",
  "linearccp": {
    "shifted_nodes": [
      4,
      7,
      12,
      13,
      16,
      18,
      19
    ],
    "functional_change_nodes": [
      7,
      12,
      13,
      16,
      18,
      19
    ],
    "noise_change_nodes": [
      4,
      7,
      12,
      13,
      18,
      19
    ],
    "node_results": {
      "4": {
        "is_shifted": true,
        "parents": [
          0,
          3
        ],
        "function_test": {
          "f_statistic": 0.5323697018693927,
          "p_value": 0.5872134670793305,
          "is_function_changed": false,
          "beta_env1": [
            -0.006912426007251222,
            -0.0019876936584531644
          ],
          "beta_env2": [
            -0.002761960459600416,
            0.002319079264104734
          ]
        },
        "noise_test": {
          "ks_statistic": 0.042520000000000016,
          "p_value": 1.0330683424780609e-39,
          "is_noise_changed": true
        }
      },
      "5": {
        "is_shifted": false,
        "parents": [
          2
        ],
        "function_test": {
          "f_statistic": 0.6728546441885558,
          "p_value": 0.4120600703482066,
          "is_function_changed": false,
          "beta_env1": [
            0.0007364865988950817
          ],
          "beta_env2": [
            -0.002846974416453557
          ]
        },
        "noise_test": {
          "ks_statistic": 0.0038399999999999546,
          "p_value": 0.8532323035610497,
          "is_noise_changed": false
        }
      },
      "7": {
        "is_shifted": true,
        "parents": [
          6
        ],
        "function_test": {
          "f_statistic": 2233.534246449844,
          "p_value": 1.1102230246251565e-16,
          "is_function_changed": true,
          "beta_env1": [
            0.00025366950374996
          ],
          "beta_env2": [
            0.22242993511155526
          ]
        },
        "noise_test": {
          "ks_statistic": 0.06828000000000001,
          "p_value": 8.699677758978215e-102,
          "is_noise_changed": true
        }
      },
      "10": {
        "is_shifted": false,
        "parents": [
          5
        ],
        "function_test": {
          "f_statistic": 0.23149115534087109,
          "p_value": 0.6304214096358667,
          "is_function_changed": false,
          "beta_env1": [
            0.14218244629642796
          ],
          "beta_env2": [
            0.14521774563182124
          ]
        },
        "noise_test": {
          "ks_statistic": 0.005580000000000029,
          "p_value": 0.4161572132234064,
          "is_noise_changed": false
        }
      },
      "11": {
        "is_shifted": false,
        "parents": [
          0
        ],
        "function_test": {
          "f_statistic": 0.4078856594081807,
          "p_value": 0.5230460792700315,
          "is_function_changed": false,
          "beta_env1": [
            -0.004365125065619631
          ],
          "beta_env2": [
            -0.00715876956087117
          ]
        },
        "noise_test": {
          "ks_statistic": 0.006160000000000054,
          "p_value": 0.29772784324978685,
          "is_noise_changed": false
        }
      },
      "12": {
        "is_shifted": true,
        "parents": [
          7
        ],
        "function_test": {
          "f_statistic": 303.88781229431396,
          "p_value": 1.1102230246251565e-16,
          "is_function_changed": true,
          "beta_env1": [
            0.1388080902204845
          ],
          "beta_env2": [
            0.035647553408839884
          ]
        },
        "noise_test": {
          "ks_statistic": 0.013719999999999954,
          "p_value": 0.00016194884021263815,
          "is_noise_changed": true
        }
      },
      "13": {
        "is_shifted": true,
        "parents": [
          3,
          4,
          6
        ],
        "function_test": {
          "f_statistic": 137.39758332455494,
          "p_value": 1.1102230246251565e-16,
          "is_function_changed": true,
          "beta_env1": [
            -0.04238826131476067,
            0.2977512732199563,
            0.002626627576215027
          ],
          "beta_env2": [
            -0.04749071974750895,
            0.15520437097500445,
            0.0005481117131835114
          ]
        },
        "noise_test": {
          "ks_statistic": 0.01100000000000001,
          "p_value": 0.004680757565476653,
          "is_noise_changed": true
        }
      },
      "14": {
        "is_shifted": false,
        "parents": [
          13
        ],
        "function_test": {
          "f_statistic": 0.0013734309680762313,
          "p_value": 0.970437375342081,
          "is_function_changed": false,
          "beta_env1": [
            -0.11801655487377384
          ],
          "beta_env2": [
            -0.11822683818507852
          ]
        },
        "noise_test": {
          "ks_statistic": 0.004599999999999993,
          "p_value": 0.663626723805484,
          "is_noise_changed": false
        }
      },
      "16": {
        "is_shifted": true,
        "parents": [
          4,
          15
        ],
        "function_test": {
          "f_statistic": 36.85091870196581,
          "p_value": 1.1102230246251565e-16,
          "is_function_changed": true,
          "beta_env1": [
            0.02744427791665713,
            -0.000325307752701514
          ],
          "beta_env2": [
            -0.028464398801327728,
            0.0010081822779184244
          ]
        },
        "noise_test": {
          "ks_statistic": 0.005700000000000004,
          "p_value": 0.38956067426303265,
          "is_noise_changed": false
        }
      },
      "17": {
        "is_shifted": false,
        "parents": [
          1
        ],
        "function_test": {
          "f_statistic": 0.5205025980387128,
          "p_value": 0.47062905350766593,
          "is_function_changed": false,
          "beta_env1": [
            -0.0027945192548719726
          ],
          "beta_env2": [
            0.0003602272451860051
          ]
        },
        "noise_test": {
          "ks_statistic": 0.0050000000000000044,
          "p_value": 0.5578336507542049,
          "is_noise_changed": false
        }
      },
      "18": {
        "is_shifted": true,
        "parents": [
          7,
          14
        ],
        "function_test": {
          "f_statistic": 86.52443499392812,
          "p_value": 1.1102230246251565e-16,
          "is_function_changed": true,
          "beta_env1": [
            0.13905637988538702,
            0.03253739838677842
          ],
          "beta_env2": [
            0.03045397087010669,
            0.04231630356632467
          ]
        },
        "noise_test": {
          "ks_statistic": 0.06012000000000001,
          "p_value": 5.434116550631241e-79,
          "is_noise_changed": true
        }
      },
      "19": {
        "is_shifted": true,
        "parents": [
          5,
          11,
          13,
          14
        ],
        "function_test": {
          "f_statistic": 39.01228160921238,
          "p_value": 1.1102230246251565e-16,
          "is_function_changed": true,
          "beta_env1": [
            0.155297051754482,
            0.14441904003139738,
            -0.05719612727482256,
            0.3992567365910702
          ],