{
  "dataset_info": {
    "seed": 127,
    "dataset_index": 26,
    "node_count": 20,
    "edge_count": 20,
    "graph_type": "ER",
    "shifted_nodes": [
      14,
      19,
      16,
      3
    ],
    "shift_types": {
      "14": [
        "noise_N02"
      ],
      "19": [
        "noise_N02"
      ],
      "16": [
        "noise_laplace"
      ],
      "3": [
        "noise_laplace"
      ]
    },
    "shift_case": "noise_N02_laplace",
    "deleted_parents": {}
  },
  "model": "linearccp",
  "exp_type": "synthetic",
  "config_name": "ER",
  "device": "cuda:0",
  "linearccp": {
    "shifted_nodes": [
      3,
      8,
      14,
      16,
      19
    ],
    "functional_change_nodes": [
      8,
      14,
      16
    ],
    "noise_change_nodes": [
      3,
      8,
      14,
      16,
      19
    ],
    "node_results": {
      "3": {
        "is_shifted": true,
        "parents": [
          1
        ],
        "function_test": {
          "f_statistic": 0.7218847973309146,
          "p_value": 0.3955283906835343,
          "is_function_changed": false,
          "beta_env1": [
            0.0022543598515597273
          ],
          "beta_env2": [
            -0.0019944050319786783
          ]
        },
        "noise_test": {
          "ks_statistic": 0.031740000000000004,
          "p_value": 2.5770300817860587e-22,
          "is_noise_changed": true
        }
      },
      "5": {
        "is_shifted": false,
        "parents": [
          0
        ],
        "function_test": {
          "f_statistic": 0.36929264474335116,
          "p_value": 0.5433914700195284,
          "is_function_changed": false,
          "beta_env1": [
            0.0006147714172874833
          ],
          "beta_env2": [
            -0.0020195684797757866
          ]
        },
        "noise_test": {
          "ks_statistic": 0.003799999999999998,
          "p_value": 0.8617801454954986,
          "is_noise_changed": false
        }
      },
      "8": {
        "is_shifted": true,
        "parents": [
          3
        ],
        "function_test": {
          "f_statistic": 139.4988447392886,
          "p_value": 1.1102230246251565e-16,
          "is_function_changed": true,
          "beta_env1": [
            0.1363878698905242
          ],
          "beta_env2": [
            0.06777278994733138
          ]
        },
        "noise_test": {
          "ks_statistic": 0.010600000000000012,
          "p_value": 0.007211992241071361,
          "is_noise_changed": true
        }
      },
      "11": {
        "is_shifted": false,
        "parents": [
          4,
          5
        ],
        "function_test": {
          "f_statistic": 1.3490379407598299,
          "p_value": 0.2594945078483355,
          "is_function_changed": false,
          "beta_env1": [
            -0.0006513679075195021,
            0.15339303315704175
          ],
          "beta_env2": [
            -0.00361991858698389,
            0.14172683951877388
          ]
        },
        "noise_test": {
          "ks_statistic": 0.004159999999999997,
          "p_value": 0.7782512730128979,
          "is_noise_changed": false
        }
      },
      "12": {
        "is_shifted": false,
        "parents": [
          2
        ],
        "function_test": {
          "f_statistic": 1.4550097904148966,
          "p_value": 0.22772864112381408,
          "is_function_changed": false,
          "beta_env1": [
            -0.0007363439287552586
          ],
          "beta_env2": [
            0.004527185020160001
          ]
        },
        "noise_test": {
          "ks_statistic": 0.0037000000000000366,
          "p_value": 0.8821711875387847,
          "is_noise_changed": false
        }
      },
      "13": {
        "is_shifted": false,
        "parents": [
          0,
          4,
          5
        ],
        "function_test": {
          "f_statistic": 2.0497468097528175,
          "p_value": 0.10457809014149477,
          "is_function_changed": false,
          "beta_env1": [
            -0.03584958074211347,
            -0.01282205513228346,
            0.534346981997393
          ],
          "beta_env2": [
            -0.03239920543012864,
            0.0007194567727063506,
            0.5369884340942714
          ]
        },
        "noise_test": {
          "ks_statistic": 0.00550000000000006,
          "p_value": 0.4344609431540869,
          "is_noise_changed": false
        }
      },
      "14": {
        "is_shifted": true,
        "parents": [
          3,
          4
        ],
        "function_test": {
          "f_statistic": 48.55489747640554,
          "p_value": 1.1102230246251565e-16,
          "is_function_changed": true,
          "beta_env1": [
            0.13460376755635384,
            -0.0035229631618277375
          ],
          "beta_env2": [
            0.05892696674966806,
            0.001928123270434991
          ]
        },
        "noise_test": {
          "ks_statistic": 0.05163999999999999,
          "p_value": 2.217116024074966e-58,
          "is_noise_changed": true
        }
      },
      "15": {
        "is_shifted": false,
        "parents": [
          1,
          2,
          6
        ],
        "function_test": {
          "f_statistic": 1.4300991575670257,
          "p_value": 0.2317822842024635,
          "is_function_changed": false,
          "beta_env1": [
            0.003232629898688673,
            -0.0042087240007441205,
            0.005716695660866939
          ],
          "beta_env2": [
            -0.00431838303855743,
            0.005320050225331006,
            0.007716323174519503
          ]
        },
        "noise_test": {
          "ks_statistic": 0.0048000000000000265,
          "p_value": 0.6103638054025584,
          "is_noise_changed": false
        }
      },
      "16": {
        "is_shifted": true,
        "parents": [
          14,
          15
        ],
        "function_test": {
          "f_statistic": 18.440247689917033,
          "p_value": 9.839628334340489e-09,
          "is_function_changed": true,
          "beta_env1": [
            0.01692430683125619,
            -0.12168713515720538
          ],
          "beta_env2": [
            -0.02961852708910616,
            -0.14080488878335248
          ]
        },
        "noise_test": {
          "ks_statistic": 0.03420000000000001,
          "p_value": 7.697234886288864e-26,
          "is_noise_changed": true
        }
      },
      "18": {
        "is_shifted": false,
        "parents": [
          5
        ],
        "function_test": {
          "f_statistic": 0.017570388734959683,
          "p_value": 0.8945469003148192,
          "is_function_changed": false,
          "beta_env1": [
            0.14639106046365258
          ],
          "beta_env2": [
            0.14555511609306568
          ]
        },
        "noise_test": {
          "ks_statistic": 0.0033400000000000096,
          "p_value": 0.9421940206857727,
          "is_noise_changed": false
        }
      },
      "19": {
        "is_shifted": true,
        "parents": [
          4,
          8,
          18
        ],
        "function_test": {
          "f_statistic": 2.4678847213010213,
          "p_value": 0.060092707360735576,
          "is_function_changed": false,
          "beta_env1": [
            -0.005814869204028511,
            0.10674160152787579,
            0.12714989789057113
          ],
          "beta_env2": [
            -0.004171577654343143,
            0.08932024142236913,
            0.10841714887518876
          ]
        },
        "noise_test": {
          "ks_statistic": 0.04818,
          "p_value": 7.15856669327018e-51,
          "is_noise_changed": true
        }
      }
    },
    "metrics": {
      "true_positives": [
        3,
        14,
        16,
        19
      ],
      "false_positives": [
        8
      ],
      "false_negatives": [],
      "precision": 0.8,
      "recall": 1.0,
      "f1_score": 0.888888888888889
    }
  },