node_count,graph_type,dataset_idx,true_shifted_nodes,true_function_shifts,true_noise_shifts,nodes_with_parents,fans_shifted_nodes,fans_function_shifts,fans_noise_shifts,fans_error,fans_swap_shifted_nodes,fans_swap_function_shifts,fans_swap_noise_shifts,fans_swap_error,fans_5000_shifted_nodes,fans_5000_function_shifts,fans_5000_noise_shifts,fans_5000_error,fans_10000_shifted_nodes,fans_10000_function_shifts,fans_10000_noise_shifts,fans_10000_error,fans_30000_shifted_nodes,fans_30000_function_shifts,fans_30000_noise_shifts,fans_30000_error,fans_100epochs_shifted_nodes,fans_100epochs_function_shifts,fans_100epochs_noise_shifts,fans_100epochs_error,fans_500epochs_shifted_nodes,fans_500epochs_function_shifts,fans_500epochs_noise_shifts,fans_500epochs_error,fans_dim8_shifted_nodes,fans_dim8_function_shifts,fans_dim8_noise_shifts,fans_dim8_error,fans_dim16_shifted_nodes,fans_dim16_function_shifts,fans_dim16_noise_shifts,fans_dim16_error,fans_anm_shifted_nodes,fans_anm_function_shifts,fans_anm_noise_shifts,fans_anm_error,fans_small_shifted_nodes,fans_small_function_shifts,fans_small_noise_shifts,fans_small_error,iscan_shifted_nodes,iscan_function_shifts,iscan_noise_shifts,iscan_error,linearccp_shifted_nodes,linearccp_function_shifts,linearccp_noise_shifts,linearccp_error,splitkci_shifted_nodes,splitkci_function_shifts,splitkci_noise_shifts,splitkci_error,prediter_shifted_nodes,prediter_function_shifts,prediter_noise_shifts,prediter_error,gpr_shifted_nodes,gpr_function_shifts,gpr_noise_shifts,gpr_error,lcit_shifted_nodes,lcit_function_shifts,lcit_noise_shifts,lcit_error,fans_f1_shifted,fans_f1_function,fans_f1_noise,fans_f1_macro,fans_swap_f1_shifted,fans_swap_f1_function,fans_swap_f1_noise,fans_swap_f1_macro,fans_5000_f1_shifted,fans_5000_f1_function,fans_5000_f1_noise,fans_5000_f1_macro,fans_10000_f1_shifted,fans_10000_f1_function,fans_10000_f1_noise,fans_10000_f1_macro,fans_30000_f1_shifted,fans_30000_f1_function,fans_30000_f1_noise,fans_30000_f1_macro,fans_100epochs_f1_shifted,fans_100epochs_f1_function,fans_100epochs_f1_noise,fans_100epochs_f1_macro,fans_500epochs_f1_shifted,fans_500epochs_f1_function,fans_500epochs_f1_noise,fans_500epochs_f1_macro,fans_dim8_f1_shifted,fans_dim8_f1_function,fans_dim8_f1_noise,fans_dim8_f1_macro,fans_dim16_f1_shifted,fans_dim16_f1_function,fans_dim16_f1_noise,fans_dim16_f1_macro,fans_anm_f1_shifted,fans_anm_f1_function,fans_anm_f1_noise,fans_anm_f1_macro,fans_small_f1_shifted,fans_small_f1_function,fans_small_f1_noise,fans_small_f1_macro,gpr_f1_shifted,gpr_f1_function,gpr_f1_noise,gpr_f1_macro,iscan_f1_shifted,iscan_f1_function,iscan_f1_noise,iscan_f1_macro,linearccp_f1_shifted,linearccp_f1_function,linearccp_f1_noise,linearccp_f1_macro,splitkci_f1_shifted,splitkci_f1_function,splitkci_f1_noise,prediter_f1_shifted,prediter_f1_function,prediter_f1_noise,lcit_f1_shifted,lcit_f1_function,lcit_f1_noise
10,ER,1,"[6, 9]",[6],[9],"[5, 6, 7, 8, 9]","[6, 9]",[6],[9],,[],[],[],File not found with pattern: /data1/statduck/exp1_result_fans_swap/*nodes_10_ER_adj_1/*/fans_analysis/fans_*.json,[],[],[],File not found with pattern: /data1/statduck/exp1_result_fans_5000/*nodes_10_ER_adj_1/*/fans_analysis/fans_*.json,[],[],[],File not found with pattern: /data1/statduck/exp1_result_fans_10000/*nodes_10_ER_adj_1/*/fans_analysis/fans_*.json,[],[],[],File not found with pattern: /data1/statduck/exp1_result_fans_30000/*nodes_10_ER_adj_1/*/fans_analysis/fans_*.json,[],[],[],File not found with pattern: /data1/statduck/exp1_result_fans_100epochs/*nodes_10_ER_adj_1/*/fans_analysis/fans_*.json,[],[],[],File not found with pattern: /data1/statduck/exp1_result_fans_500epochs/*nodes_10_ER_adj_1/*/fans_analysis/fans_*.json,[],[],[],File not found with pattern: /data1/statduck/exp1_result_fans_dim8/*nodes_10_ER_adj_1/*/fans_analysis/fans_*.json,[],[],[],File not found with pattern: /data1/statduck/exp1_result_fans_dim16/*nodes_10_ER_adj_1/*/fans_analysis/fans_*.json,[],[],[],File not found with pattern: /data1/statduck/exp1_result_fans_anm/*nodes_10_ER_adj_1/*/fans_analysis/fans_*.json,[],[],[],File not found with pattern: /data1/statduck/exp1_result_fans_small/*nodes_10_ER_adj_1/*/fans_analysis/fans_*.json,"[6, 9]","[6, 9]",[],,[],[],[],File not found,[],[],[],File not found,"[6, 9]",[],[],,[],[],[],File not found,"[5, 6, 7, 8, 9]",[],[],,1.0,1.0,1.0,1.0,0.0,0.0,0.0,0.0,0.0,0.0,0.0,0.0,0.0,0.0,0.0,0.0,0.0,0.0,0.0,0.0,0.0,0.0,0.0,0.0,0.0,0.0,0.0,0.0,0.0,0.0,0.0,0.0,0.0,0.0,0.0,0.0,0.0,0.0,0.0,0.0,0.0,0.0,0.0,0.0,0,0.0,0.0,0.0,1.0,0.6666666666666666,0.0,0.3333333333333333,0,0.0,0.0,0.0,0,,,1.0,,,0.5714285714285715,,
10,ER,2,"[5, 9]",[9],[5],"[2, 4, 5, 6, 7, 9]","[5, 9]",[9],[5],,[],[],[],File not found with pattern: /data1/statduck/exp1_result_fans_swap/*nodes_10_ER_adj_2/*/fans_analysis/fans_*.json,[],[],[],File not found with pattern: /data1/statduck/exp1_result_fans_5000/*nodes_10_ER_adj_2/*/fans_analysis/fans_*.json,[],[],[],File not found with pattern: /data1/statduck/exp1_result_fans_10000/*nodes_10_ER_adj_2/*/fans_analysis/fans_*.json,[],[],[],File not found with pattern: /data1/statduck/exp1_result_fans_30000/*nodes_10_ER_adj_2/*/fans_analysis/fans_*.json,[],[],[],File not found with pattern: /data1/statduck/exp1_result_fans_100epochs/*nodes_10_ER_adj_2/*/fans_analysis/fans_*.json,[],[],[],File not found with pattern: /data1/statduck/exp1_result_fans_500epochs/*nodes_10_ER_adj_2/*/fans_analysis/fans_*.json,[],[],[],File not found with pattern: /data1/statduck/exp1_result_fans_dim8/*nodes_10_ER_adj_2/*/fans_analysis/fans_*.json,[],[],[],File not found with pattern: /data1/statduck/exp1_result_fans_dim16/*nodes_10_ER_adj_2/*/fans_analysis/fans_*.json,[],[],[],File not found with pattern: /data1/statduck/exp1_result_fans_anm/*nodes_10_ER_adj_2/*/fans_analysis/fans_*.json,[],[],[],File not found with pattern: /data1/statduck/exp1_result_fans_small/*nodes_10_ER_adj_2/*/fans_analysis/fans_*.json,"[4, 5]","[5, 9]",[],,[],[],[],File not found,[],[],[],File not found,"[5, 9]",[],[],,[],[],[],File not found,"[2, 4, 7]",[],[],,1.0,1.0,1.0,1.0,0.0,0.0,0.0,0.0,0.0,0.0,0.0,0.0,0.0,0.0,0.0,0.0,0.0,0.0,0.0,0.0,0.0,0.0,0.0,0.0,0.0,0.0,0.0,0.0,0.0,0.0,0.0,0.0,0.0,0.0,0.0,0.0,0.0,0.0,0.0,0.0,0.0,0.0,0.0,0.0,0,0.0,0.0,0.0,0.5,0.6666666666666666,0.0,0.3333333333333333,0,0.0,0.0,0.0,0,,,1.0,,,0.0,,
10,ER,3,"[2, 5]",[2],[5],"[2, 3, 5, 6, 8, 9]","[2, 5]",[2],[5],,[],[],[],File not found with pattern: /data1/statduck/exp1_result_fans_swap/*nodes_10_ER_adj_3/*/fans_analysis/fans_*.json,[],[],[],File not found with pattern: /data1/statduck/exp1_result_fans_5000/*nodes_10_ER_adj_3/*/fans_analysis/fans_*.json,[],[],[],File not found with pattern: /data1/statduck/exp1_result_fans_10000/*nodes_10_ER_adj_3/*/fans_analysis/fans_*.json,[],[],[],File not found with pattern: /data1/statduck/exp1_result_fans_30000/*nodes_10_ER_adj_3/*/fans_analysis/fans_*.json,[],[],[],File not found with pattern: /data1/statduck/exp1_result_fans_100epochs/*nodes_10_ER_adj_3/*/fans_analysis/fans_*.json,[],[],[],File not found with pattern: /data1/statduck/exp1_result_fans_500epochs/*nodes_10_ER_adj_3/*/fans_analysis/fans_*.json,[],[],[],File not found with pattern: /data1/statduck/exp1_result_fans_dim8/*nodes_10_ER_adj_3/*/fans_analysis/fans_*.json,[],[],[],File not found with pattern: /data1/statduck/exp1_result_fans_dim16/*nodes_10_ER_adj_3/*/fans_analysis/fans_*.json,[],[],[],File not found with pattern: /data1/statduck/exp1_result_fans_anm/*nodes_10_ER_adj_3/*/fans_analysis/fans_*.json,[],[],[],File not found with pattern: /data1/statduck/exp1_result_fans_small/*nodes_10_ER_adj_3/*/fans_analysis/fans_*.json,"[2, 5, 6]","[2, 5]",[],,[],[],[],File not found,[],[],[],File not found,"[2, 5]",[],[],,[],[],[],File not found,"[2, 3, 5, 6, 9]",[],[],,1.0,1.0,1.0,1.0,0.0,0.0,0.0,0.0,0.0,0.0,0.0,0.0,0.0,0.0,0.0,0.0,0.0,0.0,0.0,0.0,0.0,0.0,0.0,0.0,0.0,0.0,0.0,0.0,0.0,0.0,0.0,0.0,0.0,0.0,0.0,0.0,0.0,0.0,0.0,0.0,0.0,0.0,0.0,0.0,0,0.0,0.0,0.0,0.8,0.6666666666666666,0.0,0.3333333333333333,0,0.0,0.0,0.0,0,,,1.0,,,0.5714285714285715,,
10,ER,4,"[5, 6]",[6],[5],"[2, 5, 6, 7, 8, 9]","[5, 6]",[6],[5],,[],[],[],File not found with pattern: /data1/statduck/exp1_result_fans_swap/*nodes_10_ER_adj_4/*/fans_analysis/fans_*.json,[],[],[],File not found with pattern: /data1/statduck/exp1_result_fans_5000/*nodes_10_ER_adj_4/*/fans_analysis/fans_*.json,[],[],[],File not found with pattern: /data1/statduck/exp1_result_fans_10000/*nodes_10_ER_adj_4/*/fans_analysis/fans_*.json,[],[],[],File not found with pattern: /data1/statduck/exp1_result_fans_30000/*nodes_10_ER_adj_4/*/fans_analysis/fans_*.json,[],[],[],File not found with pattern: /data1/statduck/exp1_result_fans_100epochs/*nodes_10_ER_adj_4/*/fans_analysis/fans_*.json,[],[],[],File not found with pattern: /data1/statduck/exp1_result_fans_500epochs/*nodes_10_ER_adj_4/*/fans_analysis/fans_*.json,[],[],[],File not found with pattern: /data1/statduck/exp1_result_fans_dim8/*nodes_10_ER_adj_4/*/fans_analysis/fans_*.json,[],[],[],File not found with pattern: /data1/statduck/exp1_result_fans_dim16/*nodes_10_ER_adj_4/*/fans_analysis/fans_*.json,[],[],[],File not found with pattern: /data1/statduck/exp1_result_fans_anm/*nodes_10_ER_adj_4/*/fans_analysis/fans_*.json,[],[],[],File not found with pattern: /data1/statduck/exp1_result_fans_small/*nodes_10_ER_adj_4/*/fans_analysis/fans_*.json,"[2, 5, 6, 9]",[6],[5],,[],[],[],File not found,[],[],[],File not found,"[5, 6]",[],[],,[],[],[],File not found,"[2, 5, 6, 7, 8, 9]",[],[],,1.0,1.0,1.0,1.0,0.0,0.0,0.0,0.0,0.0,0.0,0.0,0.0,0.0,0.0,0.0,0.0,0.0,0.0,0.0,0.0,0.0,0.0,0.0,0.0,0.0,0.0,0.0,0.0,0.0,0.0,0.0,0.0,0.0,0.0,0.0,0.0,0.0,0.0,0.0,0.0,0.0,0.0,0.0,0.0,0,0.0,0.0,0.0,0.6666666666666666,1.0,1.0,1.0,0,0.0,0.0,0.0,0,,,1.0,,,0.5,,
10,ER,5,"[4, 6]",[6],[4],"[3, 4, 5, 6, 7, 9]","[4, 6]",[6],[4],,[],[],[],File not found with pattern: /data1/statduck/exp1_result_fans_swap/*nodes_10_ER_adj_5/*/fans_analysis/fans_*.json,[],[],[],File not found with pattern: /data1/statduck/exp1_result_fans_5000/*nodes_10_ER_adj_5/*/fans_analysis/fans_*.json,[],[],[],File not found with pattern: /data1/statduck/exp1_result_fans_10000/*nodes_10_ER_adj_5/*/fans_analysis/fans_*.json,[],[],[],File not found with pattern: /data1/statduck/exp1_result_fans_30000/*nodes_10_ER_adj_5/*/fans_analysis/fans_*.json,[],[],[],File not found with pattern: /data1/statduck/exp1_result_fans_100epochs/*nodes_10_ER_adj_5/*/fans_analysis/fans_*.json,[],[],[],File not found with pattern: /data1/statduck/exp1_result_fans_500epochs/*nodes_10_ER_adj_5/*/fans_analysis/fans_*.json,[],[],[],File not found with pattern: /data1/statduck/exp1_result_fans_dim8/*nodes_10_ER_adj_5/*/fans_analysis/fans_*.json,[],[],[],File not found with pattern: /data1/statduck/exp1_result_fans_dim16/*nodes_10_ER_adj_5/*/fans_analysis/fans_*.json,[],[],[],File not found with pattern: /data1/statduck/exp1_result_fans_anm/*nodes_10_ER_adj_5/*/fans_analysis/fans_*.json,[],[],[],File not found with pattern: /data1/statduck/exp1_result_fans_small/*nodes_10_ER_adj_5/*/fans_analysis/fans_*.json,[],[6],[4],,[],[],[],File not found,[],[],[],File not found,"[4, 6]",[],[],,[],[],[],File not found,"[3, 5, 6, 7, 9]",[],[],,1.0,1.0,1.0,1.0,0.0,0.0,0.0,0.0,0.0,0.0,0.0,0.0,0.0,0.0,0.0,0.0,0.0,0.0,0.0,0.0,0.0,0.0,0.0,0.0,0.0,0.0,0.0,0.0,0.0,0.0,0.0,0.0,0.0,0.0,0.0,0.0,0.0,0.0,0.0,0.0,0.0,0.0,0.0,0.0,0,0.0,0.0,0.0,0.0,1.0,1.0,1.0,0,0.0,0.0,0.0,0,,,1.0,,,0.28571428571428575,,
10,ER,6,"[4, 5]",[5],[4],"[3, 4, 5, 6, 8, 9]","[4, 5]",[5],[4],,[],[],[],File not found with pattern: /data1/statduck/exp1_result_fans_swap/*nodes_10_ER_adj_6/*/fans_analysis/fans_*.json,[],[],[],File not found with pattern: /data1/statduck/exp1_result_fans_5000/*nodes_10_ER_adj_6/*/fans_analysis/fans_*.json,[],[],[],File not found with pattern: /data1/statduck/exp1_result_fans_10000/*nodes_10_ER_adj_6/*/fans_analysis/fans_*.json,[],[],[],File not found with pattern: /data1/statduck/exp1_result_fans_30000/*nodes_10_ER_adj_6/*/fans_analysis/fans_*.json,[],[],[],File not found with pattern: /data1/statduck/exp1_result_fans_100epochs/*nodes_10_ER_adj_6/*/fans_analysis/fans_*.json,[],[],[],File not found with pattern: /data1/statduck/exp1_result_fans_500epochs/*nodes_10_ER_adj_6/*/fans_analysis/fans_*.json,[],[],[],File not found with pattern: /data1/statduck/exp1_result_fans_dim8/*nodes_10_ER_adj_6/*/fans_analysis/fans_*.json,[],[],[],File not found with pattern: /data1/statduck/exp1_result_fans_dim16/*nodes_10_ER_adj_6/*/fans_analysis/fans_*.json,[],[],[],File not found with pattern: /data1/statduck/exp1_result_fans_anm/*nodes_10_ER_adj_6/*/fans_analysis/fans_*.json,[],[],[],File not found with pattern: /data1/statduck/exp1_result_fans_small/*nodes_10_ER_adj_6/*/fans_analysis/fans_*.json,[8],"[4, 5]",[],,[],[],[],File not found,[],[],[],File not found,"[4, 5]",[],[],,[],[],[],File not found,"[3, 4, 8, 9]",[],[],,1.0,1.0,1.0,1.0,0.0,0.0,0.0,0.0,0.0,0.0,0.0,0.0,0.0,0.0,0.0,0.0,0.0,0.0,0.0,0.0,0.0,0.0,0.0,0.0,0.0,0.0,0.0,0.0,0.0,0.0,0.0,0.0,0.0,0.0,0.0,0.0,0.0,0.0,0.0,0.0,0.0,0.0,0.0,0.0,0,0.0,0.0,0.0,0.0,0.6666666666666666,0.0,0.3333333333333333,0,0.0,0.0,0.0,0,,,1.0,,,0.3333333333333333,,
10,ER,7,"[6, 8]",[6],[8],"[4, 5, 6, 7, 8]","[6, 8]",[6],[8],,[],[],[],File not found with pattern: /data1/statduck/exp1_result_fans_swap/*nodes_10_ER_adj_7/*/fans_analysis/fans_*.json,[],[],[],File not found with pattern: /data1/statduck/exp1_result_fans_5000/*nodes_10_ER_adj_7/*/fans_analysis/fans_*.json,[],[],[],File not found with pattern: /data1/statduck/exp1_result_fans_10000/*nodes_10_ER_adj_7/*/fans_analysis/fans_*.json,[],[],[],File not found with pattern: /data1/statduck/exp1_result_fans_30000/*nodes_10_ER_adj_7/*/fans_analysis/fans_*.json,[],[],[],File not found with pattern: /data1/statduck/exp1_result_fans_100epochs/*nodes_10_ER_adj_7/*/fans_analysis/fans_*.json,[],[],[],File not found with pattern: /data1/statduck/exp1_result_fans_500epochs/*nodes_10_ER_adj_7/*/fans_analysis/fans_*.json,[],[],[],File not found with pattern: /data1/statduck/exp1_result_fans_dim8/*nodes_10_ER_adj_7/*/fans_analysis/fans_*.json,[],[],[],File not found with pattern: /data1/statduck/exp1_result_fans_dim16/*nodes_10_ER_adj_7/*/fans_analysis/fans_*.json,[],[],[],File not found with pattern: /data1/statduck/exp1_result_fans_anm/*nodes_10_ER_adj_7/*/fans_analysis/fans_*.json,[],[],[],File not found with pattern: /data1/statduck/exp1_result_fans_small/*nodes_10_ER_adj_7/*/fans_analysis/fans_*.json,"[5, 7, 8]","[6, 8]",[],,[],[],[],File not found,[],[],[],File not found,"[6, 8]",[],[],,[],[],[],File not found,"[5, 8]",[],[],,1.0,1.0,1.0,1.0,0.0,0.0,0.0,0.0,0.0,0.0,0.0,0.0,0.0,0.0,0.0,0.0,0.0,0.0,0.0,0.0,0.0,0.0,0.0,0.0,0.0,0.0,0.0,0.0,0.0,0.0,0.0,0.0,0.0,0.0,0.0,0.0,0.0,0.0,0.0,0.0,0.0,0.0,0.0,0.0,0,0.0,0.0,0.0,0.4,0.6666666666666666,0.0,0.3333333333333333,0,0.0,0.0,0.0,0,,,1.0,,,0.5,,
10,ER,8,"[7, 8]",[7],[8],"[3, 5, 6, 7, 8, 9]","[7, 8]",[7],[8],,[],[],[],File not found with pattern: /data1/statduck/exp1_result_fans_swap/*nodes_10_ER_adj_8/*/fans_analysis/fans_*.json,[],[],[],File not found with pattern: /data1/statduck/exp1_result_fans_5000/*nodes_10_ER_adj_8/*/fans_analysis/fans_*.json,[],[],[],File not found with pattern: /data1/statduck/exp1_result_fans_10000/*nodes_10_ER_adj_8/*/fans_analysis/fans_*.json,[],[],[],File not found with pattern: /data1/statduck/exp1_result_fans_30000/*nodes_10_ER_adj_8/*/fans_analysis/fans_*.json,[],[],[],File not found with pattern: /data1/statduck/exp1_result_fans_100epochs/*nodes_10_ER_adj_8/*/fans_analysis/fans_*.json,[],[],[],File not found with pattern: /data1/statduck/exp1_result_fans_500epochs/*nodes_10_ER_adj_8/*/fans_analysis/fans_*.json,[],[],[],File not found with pattern: /data1/statduck/exp1_result_fans_dim8/*nodes_10_ER_adj_8/*/fans_analysis/fans_*.json,[],[],[],File not found with pattern: /data1/statduck/exp1_result_fans_dim16/*nodes_10_ER_adj_8/*/fans_analysis/fans_*.json,[],[],[],File not found with pattern: /data1/statduck/exp1_result_fans_anm/*nodes_10_ER_adj_8/*/fans_analysis/fans_*.json,[],[],[],File not found with pattern: /data1/statduck/exp1_result_fans_small/*nodes_10_ER_adj_8/*/fans_analysis/fans_*.json,"[3, 6, 7, 8]","[7, 8]",[],,[],[],[],File not found,[],[],[],File not found,[8],[],[],,[],[],[],File not found,"[3, 6, 7, 9]",[],[],,1.0,1.0,1.0,1.0,0.0,0.0,0.0,0.0,0.0,0.0,0.0,0.0,0.0,0.0,0.0,0.0,0.0,0.0,0.0,0.0,0.0,0.0,0.0,0.0,0.0,0.0,0.0,0.0,0.0,0.0,0.0,0.0,0.0,0.0,0.0,0.0,0.0,0.0,0.0,0.0,0.0,0.0,0.0,0.0,0,0.0,0.0,0.0,0.6666666666666666,0.6666666666666666,0.0,0.3333333333333333,0,0.0,0.0,0.0,0,,,0.6666666666666666,,,0.3333333333333333,,
10,ER,9,"[5, 8]",[5],[8],"[3, 4, 5, 6, 7, 8, 9]","[5, 8]",[5],[8],,[],[],[],File not found with pattern: /data1/statduck/exp1_result_fans_swap/*nodes_10_ER_adj_9/*/fans_analysis/fans_*.json,[],[],[],File not found with pattern: /data1/statduck/exp1_result_fans_5000/*nodes_10_ER_adj_9/*/fans_analysis/fans_*.json,[],[],[],File not found with pattern: /data1/statduck/exp1_result_fans_10000/*nodes_10_ER_adj_9/*/fans_analysis/fans_*.json,[],[],[],File not found with pattern: /data1/statduck/exp1_result_fans_30000/*nodes_10_ER_adj_9/*/fans_analysis/fans_*.json,[],[],[],File not found with pattern: /data1/statduck/exp1_result_fans_100epochs/*nodes_10_ER_adj_9/*/fans_analysis/fans_*.json,[],[],[],File not found with pattern: /data1/statduck/exp1_result_fans_500epochs/*nodes_10_ER_adj_9/*/fans_analysis/fans_*.json,[],[],[],File not found with pattern: /data1/statduck/exp1_result_fans_dim8/*nodes_10_ER_adj_9/*/fans_analysis/fans_*.json,[],[],[],File not found with pattern: /data1/statduck/exp1_result_fans_dim16/*nodes_10_ER_adj_9/*/fans_analysis/fans_*.json,[],[],[],File not found with pattern: /data1/statduck/exp1_result_fans_anm/*nodes_10_ER_adj_9/*/fans_analysis/fans_*.json,[],[],[],File not found with pattern: /data1/statduck/exp1_result_fans_small/*nodes_10_ER_adj_9/*/fans_analysis/fans_*.json,"[3, 6, 7, 8, 9]","[5, 8]",[],,[],[],[],File not found,[],[],[],File not found,"[5, 8]",[],[],,[],[],[],File not found,"[3, 4, 5, 7]",[],[],,1.0,1.0,1.0,1.0,0.0,0.0,0.0,0.0,0.0,0.0,0.0,0.0,0.0,0.0,0.0,0.0,0.0,0.0,0.0,0.0,0.0,0.0,0.0,0.0,0.0,0.0,0.0,0.0,0.0,0.0,0.0,0.0,0.0,0.0,0.0,0.0,0.0,0.0,0.0,0.0,0.0,0.0,0.0,0.0,0,0.0,0.0,0.0,0.28571428571428575,0.6666666666666666,0.0,0.3333333333333333,0,0.0,0.0,0.0,0,,,1.0,,,0.3333333333333333,,
10,ER,10,"[5, 7]",[5],[7],"[2, 4, 5, 6, 7, 8, 9]","[5, 7]",[5],[7],,[],[],[],File not found with pattern: /data1/statduck/exp1_result_fans_swap/*nodes_10_ER_adj_10/*/fans_analysis/fans_*.json,[],[],[],File not found with pattern: /data1/statduck/exp1_result_fans_5000/*nodes_10_ER_adj_10/*/fans_analysis/fans_*.json,[],[],[],File not found with pattern: /data1/statduck/exp1_result_fans_10000/*nodes_10_ER_adj_10/*/fans_analysis/fans_*.json,[],[],[],File not found with pattern: /data1/statduck/exp1_result_fans_30000/*nodes_10_ER_adj_10/*/fans_analysis/fans_*.json,[],[],[],File not found with pattern: /data1/statduck/exp1_result_fans_100epochs/*nodes_10_ER_adj_10/*/fans_analysis/fans_*.json,[],[],[],File not found with pattern: /data1/statduck/exp1_result_fans_500epochs/*nodes_10_ER_adj_10/*/fans_analysis/fans_*.json,[],[],[],File not found with pattern: /data1/statduck/exp1_result_fans_dim8/*nodes_10_ER_adj_10/*/fans_analysis/fans_*.json,[],[],[],File not found with pattern: /data1/statduck/exp1_result_fans_dim16/*nodes_10_ER_adj_10/*/fans_analysis/fans_*.json,[],[],[],File not found with pattern: /data1/statduck/exp1_result_fans_anm/*nodes_10_ER_adj_10/*/fans_analysis/fans_*.json,[],[],[],File not found with pattern: /data1/statduck/exp1_result_fans_small/*nodes_10_ER_adj_10/*/fans_analysis/fans_*.json,"[4, 7, 9]",[5],[7],,[],[],[],File not found,[],[],[],File not found,"[5, 7]",[],[],,[],[],[],File not found,"[2, 4, 6, 8, 9]",[],[],,1.0,1.0,1.0,1.0,0.0,0.0,0.0,0.0,0.0,0.0,0.0,0.0,0.0,0.0,0.0,0.0,0.0,0.0,0.0,0.0,0.0,0.0,0.0,0.0,0.0,0.0,0.0,0.0,0.0,0.0,0.0,0.0,0.0,0.0,0.0,0.0,0.0,0.0,0.0,0.0,0.0,0.0,0.0,0.0,0,0.0,0.0,0.0,0.4,1.0,1.0,1.0,0,0.0,0.0,0.0,0,,,1.0,,,0.0,,
10,ER,11,"[5, 7]",[5],[7],"[5, 6, 7, 8, 9]","[5, 7]",[5],[7],,[],[],[],File not found with pattern: /data1/statduck/exp1_result_fans_swap/*nodes_10_ER_adj_11/*/fans_analysis/fans_*.json,[],[],[],File not found with pattern: /data1/statduck/exp1_result_fans_5000/*nodes_10_ER_adj_11/*/fans_analysis/fans_*.json,[],[],[],File not found with pattern: /data1/statduck/exp1_result_fans_10000/*nodes_10_ER_adj_11/*/fans_analysis/fans_*.json,[],[],[],File not found with pattern: /data1/statduck/exp1_result_fans_30000/*nodes_10_ER_adj_11/*/fans_analysis/fans_*.json,[],[],[],File not found with pattern: /data1/statduck/exp1_result_fans_100epochs/*nodes_10_ER_adj_11/*/fans_analysis/fans_*.json,[],[],[],File not found with pattern: /data1/statduck/exp1_result_fans_500epochs/*nodes_10_ER_adj_11/*/fans_analysis/fans_*.json,[],[],[],File not found with pattern: /data1/statduck/exp1_result_fans_dim8/*nodes_10_ER_adj_11/*/fans_analysis/fans_*.json,[],[],[],File not found with pattern: /data1/statduck/exp1_result_fans_dim16/*nodes_10_ER_adj_11/*/fans_analysis/fans_*.json,[],[],[],File not found with pattern: /data1/statduck/exp1_result_fans_anm/*nodes_10_ER_adj_11/*/fans_analysis/fans_*.json,[],[],[],File not found with pattern: /data1/statduck/exp1_result_fans_small/*nodes_10_ER_adj_11/*/fans_analysis/fans_*.json,"[5, 7]",[5],[7],,[],[],[],File not found,[],[],[],File not found,"[5, 6, 7]",[],[],,[],[],[],File not found,"[5, 6, 7, 8, 9]",[],[],,1.0,1.0,1.0,1.0,0.0,0.0,0.0,0.0,0.0,0.0,0.0,0.0,0.0,0.0,0.0,0.0,0.0,0.0,0.0,0.0,0.0,0.0,0.0,0.0,0.0,0.0,0.0,0.0,0.0,0.0,0.0,0.0,0.0,0.0,0.0,0.0,0.0,0.0,0.0,0.0,0.0,0.0,0.0,0.0,0,0.0,0.0,0.0,1.0,1.0,1.0,1.0,0,0.0,0.0,0.0,0,,,0.8,,,0.5714285714285715,,
10,ER,12,"[1, 6]",[6],[1],"[1, 3, 4, 5, 6, 9]","[1, 6]",[6],[1],,[],[],[],File not found with pattern: /data1/statduck/exp1_result_fans_swap/*nodes_10_ER_adj_12/*/fans_analysis/fans_*.json,[],[],[],File not found with pattern: /data1/statduck/exp1_result_fans_5000/*nodes_10_ER_adj_12/*/fans_analysis/fans_*.json,[],[],[],File not found with pattern: /data1/statduck/exp1_result_fans_10000/*nodes_10_ER_adj_12/*/fans_analysis/fans_*.json,[],[],[],File not found with pattern: /data1/statduck/exp1_result_fans_30000/*nodes_10_ER_adj_12/*/fans_analysis/fans_*.json,[],[],[],File not found with pattern: /data1/statduck/exp1_result_fans_100epochs/*nodes_10_ER_adj_12/*/fans_analysis/fans_*.json,[],[],[],File not found with pattern: /data1/statduck/exp1_result_fans_500epochs/*nodes_10_ER_adj_12/*/fans_analysis/fans_*.json,[],[],[],File not found with pattern: /data1/statduck/exp1_result_fans_dim8/*nodes_10_ER_adj_12/*/fans_analysis/fans_*.json,[],[],[],File not found with pattern: /data1/statduck/exp1_result_fans_dim16/*nodes_10_ER_adj_12/*/fans_analysis/fans_*.json,[],[],[],File not found with pattern: /data1/statduck/exp1_result_fans_anm/*nodes_10_ER_adj_12/*/fans_analysis/fans_*.json,[],[],[],File not found with pattern: /data1/statduck/exp1_result_fans_small/*nodes_10_ER_adj_12/*/fans_analysis/fans_*.json,"[3, 5, 6, 9]","[1, 6]",[],,[],[],[],File not found,[],[],[],File not found,"[1, 6]",[],[],,[],[],[],File not found,"[1, 3, 6]",[],[],,1.0,1.0,1.0,1.0,0.0,0.0,0.0,0.0,0.0,0.0,0.0,0.0,0.0,0.0,0.0,0.0,0.0,0.0,0.0,0.0,0.0,0.0,0.0,0.0,0.0,0.0,0.0,0.0,0.0,0.0,0.0,0.0,0.0,0.0,0.0,0.0,0.0,0.0,0.0,0.0,0.0,0.0,0.0,0.0,0,0.0,0.0,0.0,0.3333333333333333,0.6666666666666666,0.0,0.3333333333333333,0,0.0,0.0,0.0,0,,,1.0,,,0.8,,
10,ER,13,"[4, 8]",[8],[4],"[4, 5, 6, 7, 8, 9]","[4, 8]",[8],[4],,[],[],[],File not found with pattern: /data1/statduck/exp1_result_fans_swap/*nodes_10_ER_adj_13/*/fans_analysis/fans_*.json,[],[],[],File not found with pattern: /data1/statduck/exp1_result_fans_5000/*nodes_10_ER_adj_13/*/fans_analysis/fans_*.json,[],[],[],File not found with pattern: /data1/statduck/exp1_result_fans_10000/*nodes_10_ER_adj_13/*/fans_analysis/fans_*.json,[],[],[],File not found with pattern: /data1/statduck/exp1_result_fans_30000/*nodes_10_ER_adj_13/*/fans_analysis/fans_*.json,[],[],[],File not found with pattern: /data1/statduck/exp1_result_fans_100epochs/*nodes_10_ER_adj_13/*/fans_analysis/fans_*.json,[],[],[],File not found with pattern: /data1/statduck/exp1_result_fans_500epochs/*nodes_10_ER_adj_13/*/fans_analysis/fans_*.json,[],[],[],File not found with pattern: /data1/statduck/exp1_result_fans_dim8/*nodes_10_ER_adj_13/*/fans_analysis/fans_*.json,[],[],[],File not found with pattern: /data1/statduck/exp1_result_fans_dim16/*nodes_10_ER_adj_13/*/fans_analysis/fans_*.json,[],[],[],File not found with pattern: /data1/statduck/exp1_result_fans_anm/*nodes_10_ER_adj_13/*/fans_analysis/fans_*.json,[],[],[],File not found with pattern: /data1/statduck/exp1_result_fans_small/*nodes_10_ER_adj_13/*/fans_analysis/fans_*.json,[8],"[4, 8]",[],,[],[],[],File not found,[],[],[],File not found,"[4, 8]",[],[],,[],[],[],File not found,"[4, 5, 6, 7, 8, 9]",[],[],,1.0,1.0,1.0,1.0,0.0,0.0,0.0,0.0,0.0,0.0,0.0,0.0,0.0,0.0,0.0,0.0,0.0,0.0,0.0,0.0,0.0,0.0,0.0,0.0,0.0,0.0,0.0,0.0,0.0,0.0,0.0,0.0,0.0,0.0,0.0,0.0,0.0,0.0,0.0,0.0,0.0,0.0,0.0,0.0,0,0.0,0.0,0.0,0.6666666666666666,0.6666666666666666,0.0,0.3333333333333333,0,0.0,0.0,0.0,0,,,1.0,,,0.5,,
10,ER,14,"[7, 9]",[7],[9],"[1, 4, 5, 6, 7, 8, 9]","[7, 9]",[7],[9],,[],[],[],File not found with pattern: /data1/statduck/exp1_result_fans_swap/*nodes_10_ER_adj_14/*/fans_analysis/fans_*.json,[],[],[],File not found with pattern: /data1/statduck/exp1_result_fans_5000/*nodes_10_ER_adj_14/*/fans_analysis/fans_*.json,[],[],[],File not found with pattern: /data1/statduck/exp1_result_fans_10000/*nodes_10_ER_adj_14/*/fans_analysis/fans_*.json,[],[],[],File not found with pattern: /data1/statduck/exp1_result_fans_30000/*nodes_10_ER_adj_14/*/fans_analysis/fans_*.json,[],[],[],File not found with pattern: /data1/statduck/exp1_result_fans_100epochs/*nodes_10_ER_adj_14/*/fans_analysis/fans_*.json,[],[],[],File not found with pattern: /data1/statduck/exp1_result_fans_500epochs/*nodes_10_ER_adj_14/*/fans_analysis/fans_*.json,[],[],[],File not found with pattern: /data1/statduck/exp1_result_fans_dim8/*nodes_10_ER_adj_14/*/fans_analysis/fans_*.json,[],[],[],File not found with pattern: /data1/statduck/exp1_result_fans_dim16/*nodes_10_ER_adj_14/*/fans_analysis/fans_*.json,[],[],[],File not found with pattern: /data1/statduck/exp1_result_fans_anm/*nodes_10_ER_adj_14/*/fans_analysis/fans_*.json,[],[],[],File not found with pattern: /data1/statduck/exp1_result_fans_small/*nodes_10_ER_adj_14/*/fans_analysis/fans_*.json,"[8, 9]",[7],[9],,[],[],[],File not found,[],[],[],File not found,"[7, 9]",[],[],,[],[],[],File not found,"[1, 4, 5, 7, 9]",[],[],,1.0,1.0,1.0,1.0,0.0,0.0,0.0,0.0,0.0,0.0,0.0,0.0,0.0,0.0,0.0,0.0,0.0,0.0,0.0,0.0,0.0,0.0,0.0,0.0,0.0,0.0,0.0,0.0,0.0,0.0,0.0,0.0,0.0,0.0,0.0,0.0,0.0,0.0,0.0,0.0,0.0,0.0,0.0,0.0,0,0.0,0.0,0.0,0.5,1.0,1.0,1.0,0,0.0,0.0,0.0,0,,,1.0,,,0.5714285714285715,,
10,ER,15,"[4, 9]",[4],[9],"[2, 4, 5, 6, 7, 8, 9]","[4, 9]",[4],[9],,[],[],[],File not found with pattern: /data1/statduck/exp1_result_fans_swap/*nodes_10_ER_adj_15/*/fans_analysis/fans_*.json,[],[],[],File not found with pattern: /data1/statduck/exp1_result_fans_5000/*nodes_10_ER_adj_15/*/fans_analysis/fans_*.json,[],[],[],File not found with pattern: /data1/statduck/exp1_result_fans_10000/*nodes_10_ER_adj_15/*/fans_analysis/fans_*.json,[],[],[],File not found with pattern: /data1/statduck/exp1_result_fans_30000/*nodes_10_ER_adj_15/*/fans_analysis/fans_*.json,[],[],[],File not found with pattern: /data1/statduck/exp1_result_fans_100epochs/*nodes_10_ER_adj_15/*/fans_analysis/fans_*.json,[],[],[],File not found with pattern: /data1/statduck/exp1_result_fans_500epochs/*nodes_10_ER_adj_15/*/fans_analysis/fans_*.json,[],[],[],File not found with pattern: /data1/statduck/exp1_result_fans_dim8/*nodes_10_ER_adj_15/*/fans_analysis/fans_*.json,[],[],[],File not found with pattern: /data1/statduck/exp1_result_fans_dim16/*nodes_10_ER_adj_15/*/fans_analysis/fans_*.json,[],[],[],File not found with pattern: /data1/statduck/exp1_result_fans_anm/*nodes_10_ER_adj_15/*/fans_analysis/fans_*.json,[],[],[],File not found with pattern: /data1/statduck/exp1_result_fans_small/*nodes_10_ER_adj_15/*/fans_analysis/fans_*.json,[],"[4, 9]",[],,[],[],[],File not found,[],[],[],File not found,"[4, 7, 9]",[],[],,[],[],[],File not found,"[2, 4, 6, 7, 8]",[],[],,1.0,1.0,1.0,1.0,0.0,0.0,0.0,0.0,0.0,0.0,0.0,0.0,0.0,0.0,0.0,0.0,0.0,0.0,0.0,0.0,0.0,0.0,0.0,0.0,0.0,0.0,0.0,0.0,0.0,0.0,0.0,0.0,0.0,0.0,0.0,0.0,0.0,0.0,0.0,0.0,0.0,0.0,0.0,0.0,0,0.0,0.0,0.0,0.0,0.6666666666666666,0.0,0.3333333333333333,0,0.0,0.0,0.0,0,,,0.8,,,0.28571428571428575,,
10,ER,16,"[6, 8]",[6],[8],"[2, 6, 7, 8, 9]","[6, 8]",[6],[8],,[],[],[],File not found with pattern: /data1/statduck/exp1_result_fans_swap/*nodes_10_ER_adj_16/*/fans_analysis/fans_*.json,[],[],[],File not found with pattern: /data1/statduck/exp1_result_fans_5000/*nodes_10_ER_adj_16/*/fans_analysis/fans_*.json,[],[],[],File not found with pattern: /data1/statduck/exp1_result_fans_10000/*nodes_10_ER_adj_16/*/fans_analysis/fans_*.json,[],[],[],File not found with pattern: /data1/statduck/exp1_result_fans_30000/*nodes_10_ER_adj_16/*/fans_analysis/fans_*.json,[],[],[],File not found with pattern: /data1/statduck/exp1_result_fans_100epochs/*nodes_10_ER_adj_16/*/fans_analysis/fans_*.json,[],[],[],File not found with pattern: /data1/statduck/exp1_result_fans_500epochs/*nodes_10_ER_adj_16/*/fans_analysis/fans_*.json,[],[],[],File not found with pattern: /data1/statduck/exp1_result_fans_dim8/*nodes_10_ER_adj_16/*/fans_analysis/fans_*.json,[],[],[],File not found with pattern: /data1/statduck/exp1_result_fans_dim16/*nodes_10_ER_adj_16/*/fans_analysis/fans_*.json,[],[],[],File not found with pattern: /data1/statduck/exp1_result_fans_anm/*nodes_10_ER_adj_16/*/fans_analysis/fans_*.json,[],[],[],File not found with pattern: /data1/statduck/exp1_result_fans_small/*nodes_10_ER_adj_16/*/fans_analysis/fans_*.json,"[2, 9]",[6],[8],,[],[],[],File not found,[],[],[],File not found,"[6, 8, 9]",[],[],,[],[],[],File not found,"[2, 6, 7, 8, 9]",[],[],,1.0,1.0,1.0,1.0,0.0,0.0,0.0,0.0,0.0,0.0,0.0,0.0,0.0,0.0,0.0,0.0,0.0,0.0,0.0,0.0,0.0,0.0,0.0,0.0,0.0,0.0,0.0,0.0,0.0,0.0,0.0,0.0,0.0,0.0,0.0,0.0,0.0,0.0,0.0,0.0,0.0,0.0,0.0,0.0,0,0.0,0.0,0.0,0.0,1.0,1.0,1.0,0,0.0,0.0,0.0,0,,,0.8,,,0.5714285714285715,,
10,ER,17,"[7, 9]",[7],[9],"[3, 4, 7, 8, 9]","[7, 9]",[7],[9],,[],[],[],File not found with pattern: /data1/statduck/exp1_result_fans_swap/*nodes_10_ER_adj_17/*/fans_analysis/fans_*.json,[],[],[],File not found with pattern: /data1/statduck/exp1_result_fans_5000/*nodes_10_ER_adj_17/*/fans_analysis/fans_*.json,[],[],[],File not found with pattern: /data1/statduck/exp1_result_fans_10000/*nodes_10_ER_adj_17/*/fans_analysis/fans_*.json,[],[],[],File not found with pattern: /data1/statduck/exp1_result_fans_30000/*nodes_10_ER_adj_17/*/fans_analysis/fans_*.json,[],[],[],File not found with pattern: /data1/statduck/exp1_result_fans_100epochs/*nodes_10_ER_adj_17/*/fans_analysis/fans_*.json,[],[],[],File not found with pattern: /data1/statduck/exp1_result_fans_500epochs/*nodes_10_ER_adj_17/*/fans_analysis/fans_*.json,[],[],[],File not found with pattern: /data1/statduck/exp1_result_fans_dim8/*nodes_10_ER_adj_17/*/fans_analysis/fans_*.json,[],[],[],File not found with pattern: /data1/statduck/exp1_result_fans_dim16/*nodes_10_ER_adj_17/*/fans_analysis/fans_*.json,[],[],[],File not found with pattern: /data1/statduck/exp1_result_fans_anm/*nodes_10_ER_adj_17/*/fans_analysis/fans_*.json,[],[],[],File not found with pattern: /data1/statduck/exp1_result_fans_small/*nodes_10_ER_adj_17/*/fans_analysis/fans_*.json,[],"[7, 9]",[],,[],[],[],File not found,[],[],[],File not found,"[7, 9]",[],[],,[],[],[],File not found,"[3, 7, 9]",[],[],,1.0,1.0,1.0,1.0,0.0,0.0,0.0,0.0,0.0,0.0,0.0,0.0,0.0,0.0,0.0,0.0,0.0,0.0,0.0,0.0,0.0,0.0,0.0,0.0,0.0,0.0,0.0,0.0,0.0,0.0,0.0,0.0,0.0,0.0,0.0,0.0,0.0,0.0,0.0,0.0,0.0,0.0,0.0,0.0,0,0.0,0.0,0.0,0.0,0.6666666666666666,0.0,0.3333333333333333,0,0.0,0.0,0.0,0,,,1.0,,,0.8,,
10,ER,18,"[6, 7]",[7],[6],"[1, 2, 6, 7, 9]","[6, 7]",[7],[6],,[],[],[],File not found with pattern: /data1/statduck/exp1_result_fans_swap/*nodes_10_ER_adj_18/*/fans_analysis/fans_*.json,[],[],[],File not found with pattern: /data1/statduck/exp1_result_fans_5000/*nodes_10_ER_adj_18/*/fans_analysis/fans_*.json,[],[],[],File not found with pattern: /data1/statduck/exp1_result_fans_10000/*nodes_10_ER_adj_18/*/fans_analysis/fans_*.json,[],[],[],File not found with pattern: /data1/statduck/exp1_result_fans_30000/*nodes_10_ER_adj_18/*/fans_analysis/fans_*.json,[],[],[],File not found with pattern: /data1/statduck/exp1_result_fans_100epochs/*nodes_10_ER_adj_18/*/fans_analysis/fans_*.json,[],[],[],File not found with pattern: /data1/statduck/exp1_result_fans_500epochs/*nodes_10_ER_adj_18/*/fans_analysis/fans_*.json,[],[],[],File not found with pattern: /data1/statduck/exp1_result_fans_dim8/*nodes_10_ER_adj_18/*/fans_analysis/fans_*.json,[],[],[],File not found with pattern: /data1/statduck/exp1_result_fans_dim16/*nodes_10_ER_adj_18/*/fans_analysis/fans_*.json,[],[],[],File not found with pattern: /data1/statduck/exp1_result_fans_anm/*nodes_10_ER_adj_18/*/fans_analysis/fans_*.json,[],[],[],File not found with pattern: /data1/statduck/exp1_result_fans_small/*nodes_10_ER_adj_18/*/fans_analysis/fans_*.json,"[1, 6]","[6, 7]",[],,[],[],[],File not found,[],[],[],File not found,"[6, 7]",[],[],,[],[],[],File not found,"[1, 2, 6, 7, 9]",[],[],,1.0,1.0,1.0,1.0,0.0,0.0,0.0,0.0,0.0,0.0,0.0,0.0,0.0,0.0,0.0,0.0,0.0,0.0,0.0,0.0,0.0,0.0,0.0,0.0,0.0,0.0,0.0,0.0,0.0,0.0,0.0,0.0,0.0,0.0,0.0,0.0,0.0,0.0,0.0,0.0,0.0,0.0,0.0,0.0,0,0.0,0.0,0.0,0.5,0.6666666666666666,0.0,0.3333333333333333,0,0.0,0.0,0.0,0,,,1.0,,,0.5714285714285715,,
10,ER,19,"[2, 7]",[2],[7],"[2, 4, 5, 6, 7, 8]",[2],[2],[7],,[],[],[],File not found with pattern: /data1/statduck/exp1_result_fans_swap/*nodes_10_ER_adj_19/*/fans_analysis/fans_*.json,[],[],[],File not found with pattern: /data1/statduck/exp1_result_fans_5000/*nodes_10_ER_adj_19/*/fans_analysis/fans_*.json,[],[],[],File not found with pattern: /data1/statduck/exp1_result_fans_10000/*nodes_10_ER_adj_19/*/fans_analysis/fans_*.json,[],[],[],File not found with pattern: /data1/statduck/exp1_result_fans_30000/*nodes_10_ER_adj_19/*/fans_analysis/fans_*.json,[],[],[],File not found with pattern: /data1/statduck/exp1_result_fans_100epochs/*nodes_10_ER_adj_19/*/fans_analysis/fans_*.json,[],[],[],File not found with pattern: /data1/statduck/exp1_result_fans_500epochs/*nodes_10_ER_adj_19/*/fans_analysis/fans_*.json,[],[],[],File not found with pattern: /data1/statduck/exp1_result_fans_dim8/*nodes_10_ER_adj_19/*/fans_analysis/fans_*.json,[],[],[],File not found with pattern: /data1/statduck/exp1_result_fans_dim16/*nodes_10_ER_adj_19/*/fans_analysis/fans_*.json,[],[],[],File not found with pattern: /data1/statduck/exp1_result_fans_anm/*nodes_10_ER_adj_19/*/fans_analysis/fans_*.json,[],[],[],File not found with pattern: /data1/statduck/exp1_result_fans_small/*nodes_10_ER_adj_19/*/fans_analysis/fans_*.json,"[2, 6]",[2],[7],,[],[],[],File not found,[],[],[],File not found,"[2, 7]",[],[],,[],[],[],File not found,"[2, 4, 5, 6, 7, 8]",[],[],,0.6666666666666666,1.0,1.0,1.0,0.0,0.0,0.0,0.0,0.0,0.0,0.0,0.0,0.0,0.0,0.0,0.0,0.0,0.0,0.0,0.0,0.0,0.0,0.0,0.0,0.0,0.0,0.0,0.0,0.0,0.0,0.0,0.0,0.0,0.0,0.0,0.0,0.0,0.0,0.0,0.0,0.0,0.0,0.0,0.0,0,0.0,0.0,0.0,0.5,1.0,1.0,1.0,0,0.0,0.0,0.0,0,,,1.0,,,0.5,,
10,ER,20,"[3, 6]",[3],[6],"[2, 3, 4, 5, 6, 7, 8, 9]","[3, 6]",[3],[6],,[],[],[],File not found with pattern: /data1/statduck/exp1_result_fans_swap/*nodes_10_ER_adj_20/*/fans_analysis/fans_*.json,[],[],[],File not found with pattern: /data1/statduck/exp1_result_fans_5000/*nodes_10_ER_adj_20/*/fans_analysis/fans_*.json,[],[],[],File not found with pattern: /data1/statduck/exp1_result_fans_10000/*nodes_10_ER_adj_20/*/fans_analysis/fans_*.json,[],[],[],File not found with pattern: /data1/statduck/exp1_result_fans_30000/*nodes_10_ER_adj_20/*/fans_analysis/fans_*.json,[],[],[],File not found with pattern: /data1/statduck/exp1_result_fans_100epochs/*nodes_10_ER_adj_20/*/fans_analysis/fans_*.json,[],[],[],File not found with pattern: /data1/statduck/exp1_result_fans_500epochs/*nodes_10_ER_adj_20/*/fans_analysis/fans_*.json,[],[],[],File not found with pattern: /data1/statduck/exp1_result_fans_dim8/*nodes_10_ER_adj_20/*/fans_analysis/fans_*.json,[],[],[],File not found with pattern: /data1/statduck/exp1_result_fans_dim16/*nodes_10_ER_adj_20/*/fans_analysis/fans_*.json,[],[],[],File not found with pattern: /data1/statduck/exp1_result_fans_anm/*nodes_10_ER_adj_20/*/fans_analysis/fans_*.json,[],[],[],File not found with pattern: /data1/statduck/exp1_result_fans_small/*nodes_10_ER_adj_20/*/fans_analysis/fans_*.json,[3],"[3, 6]",[],,[],[],[],File not found,[],[],[],File not found,"[3, 6]",[],[],,[],[],[],File not found,"[2, 3, 4, 5, 7, 8]",[],[],,1.0,1.0,1.0,1.0,0.0,0.0,0.0,0.0,0.0,0.0,0.0,0.0,0.0,0.0,0.0,0.0,0.0,0.0,0.0,0.0,0.0,0.0,0.0,0.0,0.0,0.0,0.0,0.0,0.0,0.0,0.0,0.0,0.0,0.0,0.0,0.0,0.0,0.0,0.0,0.0,0.0,0.0,0.0,0.0,0,0.0,0.0,0.0,0.6666666666666666,0.6666666666666666,0.0,0.3333333333333333,0,0.0,0.0,0.0,0,,,1.0,,,0.25,,
10,ER,21,"[8, 9]","[8, 9]",[],"[4, 5, 6, 7, 8, 9]","[8, 9]","[8, 9]",[],,[],[],[],File not found with pattern: /data1/statduck/exp1_result_fans_swap/*nodes_10_ER_adj_21/*/fans_analysis/fans_*.json,[],[],[],File not found with pattern: /data1/statduck/exp1_result_fans_5000/*nodes_10_ER_adj_21/*/fans_analysis/fans_*.json,[],[],[],File not found with pattern: /data1/statduck/exp1_result_fans_10000/*nodes_10_ER_adj_21/*/fans_analysis/fans_*.json,[],[],[],File not found with pattern: /data1/statduck/exp1_result_fans_30000/*nodes_10_ER_adj_21/*/fans_analysis/fans_*.json,[],[],[],File not found with pattern: /data1/statduck/exp1_result_fans_100epochs/*nodes_10_ER_adj_21/*/fans_analysis/fans_*.json,[],[],[],File not found with pattern: /data1/statduck/exp1_result_fans_500epochs/*nodes_10_ER_adj_21/*/fans_analysis/fans_*.json,[],[],[],File not found with pattern: /data1/statduck/exp1_result_fans_dim8/*nodes_10_ER_adj_21/*/fans_analysis/fans_*.json,[],[],[],File not found with pattern: /data1/statduck/exp1_result_fans_dim16/*nodes_10_ER_adj_21/*/fans_analysis/fans_*.json,[],[],[],File not found with pattern: /data1/statduck/exp1_result_fans_anm/*nodes_10_ER_adj_21/*/fans_analysis/fans_*.json,[],[],[],File not found with pattern: /data1/statduck/exp1_result_fans_small/*nodes_10_ER_adj_21/*/fans_analysis/fans_*.json,[],"[8, 9]",[],,[],[],[],File not found,[],[],[],File not found,[9],[],[],,[],[],[],File not found,"[5, 8, 9]",[],[],,1.0,1.0,0.0,1.0,0.0,0.0,0.0,0.0,0.0,0.0,0.0,0.0,0.0,0.0,0.0,0.0,0.0,0.0,0.0,0.0,0.0,0.0,0.0,0.0,0.0,0.0,0.0,0.0,0.0,0.0,0.0,0.0,0.0,0.0,0.0,0.0,0.0,0.0,0.0,0.0,0.0,0.0,0.0,0.0,0,0.0,0.0,0.0,0.0,1.0,0.0,1.0,0,0.0,0.0,0.0,0,,,0.6666666666666666,,,0.8,,
10,ER,22,"[3, 4]","[3, 4]",[],"[3, 4, 6, 7, 8, 9]","[3, 4]","[3, 4]",[],,[],[],[],File not found with pattern: /data1/statduck/exp1_result_fans_swap/*nodes_10_ER_adj_22/*/fans_analysis/fans_*.json,[],[],[],File not found with pattern: /data1/statduck/exp1_result_fans_5000/*nodes_10_ER_adj_22/*/fans_analysis/fans_*.json,[],[],[],File not found with pattern: /data1/statduck/exp1_result_fans_10000/*nodes_10_ER_adj_22/*/fans_analysis/fans_*.json,[],[],[],File not found with pattern: /data1/statduck/exp1_result_fans_30000/*nodes_10_ER_adj_22/*/fans_analysis/fans_*.json,[],[],[],File not found with pattern: /data1/statduck/exp1_result_fans_100epochs/*nodes_10_ER_adj_22/*/fans_analysis/fans_*.json,[],[],[],File not found with pattern: /data1/statduck/exp1_result_fans_500epochs/*nodes_10_ER_adj_22/*/fans_analysis/fans_*.json,[],[],[],File not found with pattern: /data1/statduck/exp1_result_fans_dim8/*nodes_10_ER_adj_22/*/fans_analysis/fans_*.json,[],[],[],File not found with pattern: /data1/statduck/exp1_result_fans_dim16/*nodes_10_ER_adj_22/*/fans_analysis/fans_*.json,[],[],[],File not found with pattern: /data1/statduck/exp1_result_fans_anm/*nodes_10_ER_adj_22/*/fans_analysis/fans_*.json,[],[],[],File not found with pattern: /data1/statduck/exp1_result_fans_small/*nodes_10_ER_adj_22/*/fans_analysis/fans_*.json,[],"[3, 4]",[],,[],[],[],File not found,[],[],[],File not found,[3],[],[],,[],[],[],File not found,"[3, 4, 6, 7, 9]",[],[],,1.0,1.0,0.0,1.0,0.0,0.0,0.0,0.0,0.0,0.0,0.0,0.0,0.0,0.0,0.0,0.0,0.0,0.0,0.0,0.0,0.0,0.0,0.0,0.0,0.0,0.0,0.0,0.0,0.0,0.0,0.0,0.0,0.0,0.0,0.0,0.0,0.0,0.0,0.0,0.0,0.0,0.0,0.0,0.0,0,0.0,0.0,0.0,0.0,1.0,0.0,1.0,0,0.0,0.0,0.0,0,,,0.6666666666666666,,,0.5714285714285715,,
10,ER,23,"[4, 7]","[4, 7]",[],"[2, 3, 4, 7, 8, 9]","[4, 7]","[4, 7]",[],,[],[],[],File not found with pattern: /data1/statduck/exp1_result_fans_swap/*nodes_10_ER_adj_23/*/fans_analysis/fans_*.json,[],[],[],File not found with pattern: /data1/statduck/exp1_result_fans_5000/*nodes_10_ER_adj_23/*/fans_analysis/fans_*.json,[],[],[],File not found with pattern: /data1/statduck/exp1_result_fans_10000/*nodes_10_ER_adj_23/*/fans_analysis/fans_*.json,[],[],[],File not found with pattern: /data1/statduck/exp1_result_fans_30000/*nodes_10_ER_adj_23/*/fans_analysis/fans_*.json,[],[],[],File not found with pattern: /data1/statduck/exp1_result_fans_100epochs/*nodes_10_ER_adj_23/*/fans_analysis/fans_*.json,[],[],[],File not found with pattern: /data1/statduck/exp1_result_fans_500epochs/*nodes_10_ER_adj_23/*/fans_analysis/fans_*.json,[],[],[],File not found with pattern: /data1/statduck/exp1_result_fans_dim8/*nodes_10_ER_adj_23/*/fans_analysis/fans_*.json,[],[],[],File not found with pattern: /data1/statduck/exp1_result_fans_dim16/*nodes_10_ER_adj_23/*/fans_analysis/fans_*.json,[],[],[],File not found with pattern: /data1/statduck/exp1_result_fans_anm/*nodes_10_ER_adj_23/*/fans_analysis/fans_*.json,[],[],[],File not found with pattern: /data1/statduck/exp1_result_fans_small/*nodes_10_ER_adj_23/*/fans_analysis/fans_*.json,[4],"[4, 7]",[],,[],[],[],File not found,[],[],[],File not found,"[4, 7, 9]",[],[],,[],[],[],File not found,"[2, 3, 4, 7, 8]",[],[],,1.0,1.0,0.0,1.0,0.0,0.0,0.0,0.0,0.0,0.0,0.0,0.0,0.0,0.0,0.0,0.0,0.0,0.0,0.0,0.0,0.0,0.0,0.0,0.0,0.0,0.0,0.0,0.0,0.0,0.0,0.0,0.0,0.0,0.0,0.0,0.0,0.0,0.0,0.0,0.0,0.0,0.0,0.0,0.0,0,0.0,0.0,0.0,0.6666666666666666,1.0,0.0,1.0,0,0.0,0.0,0.0,0,,,0.8,,,0.5714285714285715,,
10,ER,24,"[5, 6]","[5, 6]",[],"[3, 4, 5, 6, 7, 9]","[5, 6]","[5, 6]",[],,[],[],[],File not found with pattern: /data1/statduck/exp1_result_fans_swap/*nodes_10_ER_adj_24/*/fans_analysis/fans_*.json,[],[],[],File not found with pattern: /data1/statduck/exp1_result_fans_5000/*nodes_10_ER_adj_24/*/fans_analysis/fans_*.json,[],[],[],File not found with pattern: /data1/statduck/exp1_result_fans_10000/*nodes_10_ER_adj_24/*/fans_analysis/fans_*.json,[],[],[],File not found with pattern: /data1/statduck/exp1_result_fans_30000/*nodes_10_ER_adj_24/*/fans_analysis/fans_*.json,[],[],[],File not found with pattern: /data1/statduck/exp1_result_fans_100epochs/*nodes_10_ER_adj_24/*/fans_analysis/fans_*.json,[],[],[],File not found with pattern: /data1/statduck/exp1_result_fans_500epochs/*nodes_10_ER_adj_24/*/fans_analysis/fans_*.json,[],[],[],File not found with pattern: /data1/statduck/exp1_result_fans_dim8/*nodes_10_ER_adj_24/*/fans_analysis/fans_*.json,[],[],[],File not found with pattern: /data1/statduck/exp1_result_fans_dim16/*nodes_10_ER_adj_24/*/fans_analysis/fans_*.json,[],[],[],File not found with pattern: /data1/statduck/exp1_result_fans_anm/*nodes_10_ER_adj_24/*/fans_analysis/fans_*.json,[],[],[],File not found with pattern: /data1/statduck/exp1_result_fans_small/*nodes_10_ER_adj_24/*/fans_analysis/fans_*.json,[6],"[5, 6]",[],,[],[],[],File not found,[],[],[],File not found,"[5, 6]",[],[],,[],[],[],File not found,"[3, 4, 5, 6]",[],[],,1.0,1.0,0.0,1.0,0.0,0.0,0.0,0.0,0.0,0.0,0.0,0.0,0.0,0.0,0.0,0.0,0.0,0.0,0.0,0.0,0.0,0.0,0.0,0.0,0.0,0.0,0.0,0.0,0.0,0.0,0.0,0.0,0.0,0.0,0.0,0.0,0.0,0.0,0.0,0.0,0.0,0.0,0.0,0.0,0,0.0,0.0,0.0,0.6666666666666666,1.0,0.0,1.0,0,0.0,0.0,0.0,0,,,1.0,,,0.6666666666666666,,
10,ER,25,"[3, 8]","[3, 8]",[],"[3, 4, 5, 6, 7, 8, 9]","[3, 8]","[3, 8]",[],,[],[],[],File not found with pattern: /data1/statduck/exp1_result_fans_swap/*nodes_10_ER_adj_25/*/fans_analysis/fans_*.json,[],[],[],File not found with pattern: /data1/statduck/exp1_result_fans_5000/*nodes_10_ER_adj_25/*/fans_analysis/fans_*.json,[],[],[],File not found with pattern: /data1/statduck/exp1_result_fans_10000/*nodes_10_ER_adj_25/*/fans_analysis/fans_*.json,[],[],[],File not found with pattern: /data1/statduck/exp1_result_fans_30000/*nodes_10_ER_adj_25/*/fans_analysis/fans_*.json,[],[],[],File not found with pattern: /data1/statduck/exp1_result_fans_100epochs/*nodes_10_ER_adj_25/*/fans_analysis/fans_*.json,[],[],[],File not found with pattern: /data1/statduck/exp1_result_fans_500epochs/*nodes_10_ER_adj_25/*/fans_analysis/fans_*.json,[],[],[],File not found with pattern: /data1/statduck/exp1_result_fans_dim8/*nodes_10_ER_adj_25/*/fans_analysis/fans_*.json,[],[],[],File not found with pattern: /data1/statduck/exp1_result_fans_dim16/*nodes_10_ER_adj_25/*/fans_analysis/fans_*.json,[],[],[],File not found with pattern: /data1/statduck/exp1_result_fans_anm/*nodes_10_ER_adj_25/*/fans_analysis/fans_*.json,[],[],[],File not found with pattern: /data1/statduck/exp1_result_fans_small/*nodes_10_ER_adj_25/*/fans_analysis/fans_*.json,"[4, 8]","[3, 8]",[],,[],[],[],File not found,[],[],[],File not found,"[3, 8]",[],[],,[],[],[],File not found,"[3, 4, 5, 6, 7, 8, 9]",[],[],,1.0,1.0,0.0,1.0,0.0,0.0,0.0,0.0,0.0,0.0,0.0,0.0,0.0,0.0,0.0,0.0,0.0,0.0,0.0,0.0,0.0,0.0,0.0,0.0,0.0,0.0,0.0,0.0,0.0,0.0,0.0,0.0,0.0,0.0,0.0,0.0,0.0,0.0,0.0,0.0,0.0,0.0,0.0,0.0,0,0.0,0.0,0.0,0.5,1.0,0.0,1.0,0,0.0,0.0,0.0,0,,,1.0,,,0.4444444444444445,,
10,ER,26,"[2, 8]",[],"[2, 8]","[2, 4, 5, 6, 8, 9]","[2, 8]",[],"[2, 8]",,[],[],[],File not found with pattern: /data1/statduck/exp1_result_fans_swap/*nodes_10_ER_adj_26/*/fans_analysis/fans_*.json,[],[],[],File not found with pattern: /data1/statduck/exp1_result_fans_5000/*nodes_10_ER_adj_26/*/fans_analysis/fans_*.json,[],[],[],File not found with pattern: /data1/statduck/exp1_result_fans_10000/*nodes_10_ER_adj_26/*/fans_analysis/fans_*.json,[],[],[],File not found with pattern: /data1/statduck/exp1_result_fans_30000/*nodes_10_ER_adj_26/*/fans_analysis/fans_*.json,[],[],[],File not found with pattern: /data1/statduck/exp1_result_fans_100epochs/*nodes_10_ER_adj_26/*/fans_analysis/fans_*.json,[],[],[],File not found with pattern: /data1/statduck/exp1_result_fans_500epochs/*nodes_10_ER_adj_26/*/fans_analysis/fans_*.json,[],[],[],File not found with pattern: /data1/statduck/exp1_result_fans_dim8/*nodes_10_ER_adj_26/*/fans_analysis/fans_*.json,[],[],[],File not found with pattern: /data1/statduck/exp1_result_fans_dim16/*nodes_10_ER_adj_26/*/fans_analysis/fans_*.json,[],[],[],File not found with pattern: /data1/statduck/exp1_result_fans_anm/*nodes_10_ER_adj_26/*/fans_analysis/fans_*.json,[],[],[],File not found with pattern: /data1/statduck/exp1_result_fans_small/*nodes_10_ER_adj_26/*/fans_analysis/fans_*.json,[5],[2],[8],,[],[],[],File not found,[],[],[],File not found,"[2, 8]",[],[],,[],[],[],File not found,"[5, 8]",[],[],,1.0,0.0,1.0,1.0,0.0,0.0,0.0,0.0,0.0,0.0,0.0,0.0,0.0,0.0,0.0,0.0,0.0,0.0,0.0,0.0,0.0,0.0,0.0,0.0,0.0,0.0,0.0,0.0,0.0,0.0,0.0,0.0,0.0,0.0,0.0,0.0,0.0,0.0,0.0,0.0,0.0,0.0,0.0,0.0,0,0.0,0.0,0.0,0.0,0.0,0.6666666666666666,0.6666666666666666,0,0.0,0.0,0.0,0,,,1.0,,,0.5,,
10,ER,27,"[2, 7]",[],"[2, 7]","[1, 2, 3, 5, 6, 7, 8, 9]","[2, 7]",[],"[2, 7]",,[],[],[],File not found with pattern: /data1/statduck/exp1_result_fans_swap/*nodes_10_ER_adj_27/*/fans_analysis/fans_*.json,[],[],[],File not found with pattern: /data1/statduck/exp1_result_fans_5000/*nodes_10_ER_adj_27/*/fans_analysis/fans_*.json,[],[],[],File not found with pattern: /data1/statduck/exp1_result_fans_10000/*nodes_10_ER_adj_27/*/fans_analysis/fans_*.json,[],[],[],File not found with pattern: /data1/statduck/exp1_result_fans_30000/*nodes_10_ER_adj_27/*/fans_analysis/fans_*.json,[],[],[],File not found with pattern: /data1/statduck/exp1_result_fans_100epochs/*nodes_10_ER_adj_27/*/fans_analysis/fans_*.json,[],[],[],File not found with pattern: /data1/statduck/exp1_result_fans_500epochs/*nodes_10_ER_adj_27/*/fans_analysis/fans_*.json,[],[],[],File not found with pattern: /data1/statduck/exp1_result_fans_dim8/*nodes_10_ER_adj_27/*/fans_analysis/fans_*.json,[],[],[],File not found with pattern: /data1/statduck/exp1_result_fans_dim16/*nodes_10_ER_adj_27/*/fans_analysis/fans_*.json,[],[],[],File not found with pattern: /data1/statduck/exp1_result_fans_anm/*nodes_10_ER_adj_27/*/fans_analysis/fans_*.json,[],[],[],File not found with pattern: /data1/statduck/exp1_result_fans_small/*nodes_10_ER_adj_27/*/fans_analysis/fans_*.json,[],"[2, 7]",[],,[],[],[],File not found,[],[],[],File not found,"[2, 7]",[],[],,[],[],[],File not found,"[1, 3, 5, 6, 7]",[],[],,1.0,0.0,1.0,1.0,0.0,0.0,0.0,0.0,0.0,0.0,0.0,0.0,0.0,0.0,0.0,0.0,0.0,0.0,0.0,0.0,0.0,0.0,0.0,0.0,0.0,0.0,0.0,0.0,0.0,0.0,0.0,0.0,0.0,0.0,0.0,0.0,0.0,0.0,0.0,0.0,0.0,0.0,0.0,0.0,0,0.0,0.0,0.0,0.0,0.0,0.0,0.0,0,0.0,0.0,0.0,0,,,1.0,,,0.28571428571428575,,
10,ER,28,"[4, 8]",[],"[4, 8]","[4, 5, 6, 7, 8, 9]","[4, 8]",[],"[4, 8]",,[],[],[],File not found with pattern: /data1/statduck/exp1_result_fans_swap/*nodes_10_ER_adj_28/*/fans_analysis/fans_*.json,[],[],[],File not found with pattern: /data1/statduck/exp1_result_fans_5000/*nodes_10_ER_adj_28/*/fans_analysis/fans_*.json,[],[],[],File not found with pattern: /data1/statduck/exp1_result_fans_10000/*nodes_10_ER_adj_28/*/fans_analysis/fans_*.json,[],[],[],File not found with pattern: /data1/statduck/exp1_result_fans_30000/*nodes_10_ER_adj_28/*/fans_analysis/fans_*.json,[],[],[],File not found with pattern: /data1/statduck/exp1_result_fans_100epochs/*nodes_10_ER_adj_28/*/fans_analysis/fans_*.json,[],[],[],File not found with pattern: /data1/statduck/exp1_result_fans_500epochs/*nodes_10_ER_adj_28/*/fans_analysis/fans_*.json,[],[],[],File not found with pattern: /data1/statduck/exp1_result_fans_dim8/*nodes_10_ER_adj_28/*/fans_analysis/fans_*.json,[],[],[],File not found with pattern: /data1/statduck/exp1_result_fans_dim16/*nodes_10_ER_adj_28/*/fans_analysis/fans_*.json,[],[],[],File not found with pattern: /data1/statduck/exp1_result_fans_anm/*nodes_10_ER_adj_28/*/fans_analysis/fans_*.json,[],[],[],File not found with pattern: /data1/statduck/exp1_result_fans_small/*nodes_10_ER_adj_28/*/fans_analysis/fans_*.json,[5],[4],[8],,[],[],[],File not found,[],[],[],File not found,"[4, 8]",[],[],,[],[],[],File not found,"[4, 5, 6, 7, 9]",[],[],,1.0,0.0,1.0,1.0,0.0,0.0,0.0,0.0,0.0,0.0,0.0,0.0,0.0,0.0,0.0,0.0,0.0,0.0,0.0,0.0,0.0,0.0,0.0,0.0,0.0,0.0,0.0,0.0,0.0,0.0,0.0,0.0,0.0,0.0,0.0,0.0,0.0,0.0,0.0,0.0,0.0,0.0,0.0,0.0,0,0.0,0.0,0.0,0.0,0.0,0.6666666666666666,0.6666666666666666,0,0.0,0.0,0.0,0,,,1.0,,,0.28571428571428575,,
10,ER,29,"[4, 9]",[],"[4, 9]","[3, 4, 6, 7, 8, 9]","[4, 9]",[],"[4, 9]",,[],[],[],File not found with pattern: /data1/statduck/exp1_result_fans_swap/*nodes_10_ER_adj_29/*/fans_analysis/fans_*.json,[],[],[],File not found with pattern: /data1/statduck/exp1_result_fans_5000/*nodes_10_ER_adj_29/*/fans_analysis/fans_*.json,[],[],[],File not found with pattern: /data1/statduck/exp1_result_fans_10000/*nodes_10_ER_adj_29/*/fans_analysis/fans_*.json,[],[],[],File not found with pattern: /data1/statduck/exp1_result_fans_30000/*nodes_10_ER_adj_29/*/fans_analysis/fans_*.json,[],[],[],File not found with pattern: /data1/statduck/exp1_result_fans_100epochs/*nodes_10_ER_adj_29/*/fans_analysis/fans_*.json,[],[],[],File not found with pattern: /data1/statduck/exp1_result_fans_500epochs/*nodes_10_ER_adj_29/*/fans_analysis/fans_*.json,[],[],[],File not found with pattern: /data1/statduck/exp1_result_fans_dim8/*nodes_10_ER_adj_29/*/fans_analysis/fans_*.json,[],[],[],File not found with pattern: /data1/statduck/exp1_result_fans_dim16/*nodes_10_ER_adj_29/*/fans_analysis/fans_*.json,[],[],[],File not found with pattern: /data1/statduck/exp1_result_fans_anm/*nodes_10_ER_adj_29/*/fans_analysis/fans_*.json,[],[],[],File not found with pattern: /data1/statduck/exp1_result_fans_small/*nodes_10_ER_adj_29/*/fans_analysis/fans_*.json,[],"[4, 9]",[],,[],[],[],File not found,[],[],[],File not found,"[4, 9]",[],[],,[],[],[],File not found,"[3, 4, 6, 7, 8, 9]",[],[],,1.0,0.0,1.0,1.0,0.0,0.0,0.0,0.0,0.0,0.0,0.0,0.0,0.0,0.0,0.0,0.0,0.0,0.0,0.0,0.0,0.0,0.0,0.0,0.0,0.0,0.0,0.0,0.0,0.0,0.0,0.0,0.0,0.0,0.0,0.0,0.0,0.0,0.0,0.0,0.0,0.0,0.0,0.0,0.0,0,0.0,0.0,0.0,0.0,0.0,0.0,0.0,0,0.0,0.0,0.0,0,,,1.0,,,0.5,,
10,ER,30,"[7, 9]",[],"[7, 9]","[2, 6, 7, 8, 9]","[7, 9]",[],"[7, 9]",,[],[],[],File not found with pattern: /data1/statduck/exp1_result_fans_swap/*nodes_10_ER_adj_30/*/fans_analysis/fans_*.json,[],[],[],File not found with pattern: /data1/statduck/exp1_result_fans_5000/*nodes_10_ER_adj_30/*/fans_analysis/fans_*.json,[],[],[],File not found with pattern: /data1/statduck/exp1_result_fans_10000/*nodes_10_ER_adj_30/*/fans_analysis/fans_*.json,[],[],[],File not found with pattern: /data1/statduck/exp1_result_fans_30000/*nodes_10_ER_adj_30/*/fans_analysis/fans_*.json,[],[],[],File not found with pattern: /data1/statduck/exp1_result_fans_100epochs/*nodes_10_ER_adj_30/*/fans_analysis/fans_*.json,[],[],[],File not found with pattern: /data1/statduck/exp1_result_fans_500epochs/*nodes_10_ER_adj_30/*/fans_analysis/fans_*.json,[],[],[],File not found with pattern: /data1/statduck/exp1_result_fans_dim8/*nodes_10_ER_adj_30/*/fans_analysis/fans_*.json,[],[],[],File not found with pattern: /data1/statduck/exp1_result_fans_dim16/*nodes_10_ER_adj_30/*/fans_analysis/fans_*.json,[],[],[],File not found with pattern: /data1/statduck/exp1_result_fans_anm/*nodes_10_ER_adj_30/*/fans_analysis/fans_*.json,[],[],[],File not found with pattern: /data1/statduck/exp1_result_fans_small/*nodes_10_ER_adj_30/*/fans_analysis/fans_*.json,"[6, 8, 9]",[9],[7],,[],[],[],File not found,[],[],[],File not found,"[7, 9]",[],[],,[],[],[],File not found,"[2, 6, 7, 8, 9]",[],[],,1.0,0.0,1.0,1.0,0.0,0.0,0.0,0.0,0.0,0.0,0.0,0.0,0.0,0.0,0.0,0.0,0.0,0.0,0.0,0.0,0.0,0.0,0.0,0.0,0.0,0.0,0.0,0.0,0.0,0.0,0.0,0.0,0.0,0.0,0.0,0.0,0.0,0.0,0.0,0.0,0.0,0.0,0.0,0.0,0,0.0,0.0,0.0,0.4,0.0,0.6666666666666666,0.6666666666666666,0,0.0,0.0,0.0,0,,,1.0,,,0.5714285714285715,,
10,SF,1,"[1, 5]",[1],[5],"[1, 2, 3, 4, 5, 6, 7, 8, 9]","[1, 5]",[1],[5],,[],[],[],File not found with pattern: /data1/statduck/exp1_result_fans_swap/*nodes_10_SF_adj_1/*/fans_analysis/fans_*.json,[],[],[],File not found with pattern: /data1/statduck/exp1_result_fans_5000/*nodes_10_SF_adj_1/*/fans_analysis/fans_*.json,[],[],[],File not found with pattern: /data1/statduck/exp1_result_fans_10000/*nodes_10_SF_adj_1/*/fans_analysis/fans_*.json,[],[],[],File not found with pattern: /data1/statduck/exp1_result_fans_30000/*nodes_10_SF_adj_1/*/fans_analysis/fans_*.json,[],[],[],File not found with pattern: /data1/statduck/exp1_result_fans_100epochs/*nodes_10_SF_adj_1/*/fans_analysis/fans_*.json,[],[],[],File not found with pattern: /data1/statduck/exp1_result_fans_500epochs/*nodes_10_SF_adj_1/*/fans_analysis/fans_*.json,[],[],[],File not found with pattern: /data1/statduck/exp1_result_fans_dim8/*nodes_10_SF_adj_1/*/fans_analysis/fans_*.json,[],[],[],File not found with pattern: /data1/statduck/exp1_result_fans_dim16/*nodes_10_SF_adj_1/*/fans_analysis/fans_*.json,[],[],[],File not found with pattern: /data1/statduck/exp1_result_fans_anm/*nodes_10_SF_adj_1/*/fans_analysis/fans_*.json,[],[],[],File not found with pattern: /data1/statduck/exp1_result_fans_small/*nodes_10_SF_adj_1/*/fans_analysis/fans_*.json,"[8, 9]","[1, 5]",[],,[],[],[],File not found,[],[],[],File not found,"[1, 5]",[],[],,[],[],[],File not found,"[1, 2, 3, 4, 5, 6, 7, 8, 9]",[],[],,1.0,1.0,1.0,1.0,0.0,0.0,0.0,0.0,0.0,0.0,0.0,0.0,0.0,0.0,0.0,0.0,0.0,0.0,0.0,0.0,0.0,0.0,0.0,0.0,0.0,0.0,0.0,0.0,0.0,0.0,0.0,0.0,0.0,0.0,0.0,0.0,0.0,0.0,0.0,0.0,0.0,0.0,0.0,0.0,0,0.0,0.0,0.0,0.0,0.6666666666666666,0.0,0.3333333333333333,0,0.0,0.0,0.0,0,,,1.0,,,0.3636363636363636,,
10,SF,2,"[4, 6]",[6],[4],"[1, 2, 3, 4, 5, 6, 7, 8, 9]","[4, 6]",[6],[4],,[],[],[],File not found with pattern: /data1/statduck/exp1_result_fans_swap/*nodes_10_SF_adj_2/*/fans_analysis/fans_*.json,[],[],[],File not found with pattern: /data1/statduck/exp1_result_fans_5000/*nodes_10_SF_adj_2/*/fans_analysis/fans_*.json,[],[],[],File not found with pattern: /data1/statduck/exp1_result_fans_10000/*nodes_10_SF_adj_2/*/fans_analysis/fans_*.json,[],[],[],File not found with pattern: /data1/statduck/exp1_result_fans_30000/*nodes_10_SF_adj_2/*/fans_analysis/fans_*.json,[],[],[],File not found with pattern: /data1/statduck/exp1_result_fans_100epochs/*nodes_10_SF_adj_2/*/fans_analysis/fans_*.json,[],[],[],File not found with pattern: /data1/statduck/exp1_result_fans_500epochs/*nodes_10_SF_adj_2/*/fans_analysis/fans_*.json,[],[],[],File not found with pattern: /data1/statduck/exp1_result_fans_dim8/*nodes_10_SF_adj_2/*/fans_analysis/fans_*.json,[],[],[],File not found with pattern: /data1/statduck/exp1_result_fans_dim16/*nodes_10_SF_adj_2/*/fans_analysis/fans_*.json,[],[],[],File not found with pattern: /data1/statduck/exp1_result_fans_anm/*nodes_10_SF_adj_2/*/fans_analysis/fans_*.json,[],[],[],File not found with pattern: /data1/statduck/exp1_result_fans_small/*nodes_10_SF_adj_2/*/fans_analysis/fans_*.json,"[3, 4, 5, 8, 9]","[4, 6]",[],,[],[],[],File not found,[],[],[],File not found,[4],[],[],,[],[],[],File not found,"[1, 2, 3, 4, 5, 6, 7, 8, 9]",[],[],,1.0,1.0,1.0,1.0,0.0,0.0,0.0,0.0,0.0,0.0,0.0,0.0,0.0,0.0,0.0,0.0,0.0,0.0,0.0,0.0,0.0,0.0,0.0,0.0,0.0,0.0,0.0,0.0,0.0,0.0,0.0,0.0,0.0,0.0,0.0,0.0,0.0,0.0,0.0,0.0,0.0,0.0,0.0,0.0,0,0.0,0.0,0.0,0.28571428571428575,0.6666666666666666,0.0,0.3333333333333333,0,0.0,0.0,0.0,0,,,0.6666666666666666,,,0.3636363636363636,,
10,SF,3,"[1, 6]",[1],[6],"[1, 2, 3, 4, 5, 6, 7, 8, 9]","[1, 6]",[1],[6],,[],[],[],File not found with pattern: /data1/statduck/exp1_result_fans_swap/*nodes_10_SF_adj_3/*/fans_analysis/fans_*.json,[],[],[],File not found with pattern: /data1/statduck/exp1_result_fans_5000/*nodes_10_SF_adj_3/*/fans_analysis/fans_*.json,[],[],[],File not found with pattern: /data1/statduck/exp1_result_fans_10000/*nodes_10_SF_adj_3/*/fans_analysis/fans_*.json,[],[],[],File not found with pattern: /data1/statduck/exp1_result_fans_30000/*nodes_10_SF_adj_3/*/fans_analysis/fans_*.json,[],[],[],File not found with pattern: /data1/statduck/exp1_result_fans_100epochs/*nodes_10_SF_adj_3/*/fans_analysis/fans_*.json,[],[],[],File not found with pattern: /data1/statduck/exp1_result_fans_500epochs/*nodes_10_SF_adj_3/*/fans_analysis/fans_*.json,[],[],[],File not found with pattern: /data1/statduck/exp1_result_fans_dim8/*nodes_10_SF_adj_3/*/fans_analysis/fans_*.json,[],[],[],File not found with pattern: /data1/statduck/exp1_result_fans_dim16/*nodes_10_SF_adj_3/*/fans_analysis/fans_*.json,[],[],[],File not found with pattern: /data1/statduck/exp1_result_fans_anm/*nodes_10_SF_adj_3/*/fans_analysis/fans_*.json,[],[],[],File not found with pattern: /data1/statduck/exp1_result_fans_small/*nodes_10_SF_adj_3/*/fans_analysis/fans_*.json,"[2, 3, 6, 9]","[1, 6]",[],,[],[],[],File not found,[],[],[],File not found,"[1, 6]",[],[],,[],[],[],File not found,"[1, 2, 3, 4, 5, 6, 7, 8, 9]",[],[],,1.0,1.0,1.0,1.0,0.0,0.0,0.0,0.0,0.0,0.0,0.0,0.0,0.0,0.0,0.0,0.0,0.0,0.0,0.0,0.0,0.0,0.0,0.0,0.0,0.0,0.0,0.0,0.0,0.0,0.0,0.0,0.0,0.0,0.0,0.0,0.0,0.0,0.0,0.0,0.0,0.0,0.0,0.0,0.0,0,0.0,0.0,0.0,0.3333333333333333,0.6666666666666666,0.0,0.3333333333333333,0,0.0,0.0,0.0,0,,,1.0,,,0.3636363636363636,,
10,SF,4,"[6, 7]",[6],[7],"[1, 2, 3, 4, 5, 6, 7, 8, 9]","[6, 7]",[6],[7],,[],[],[],File not found with pattern: /data1/statduck/exp1_result_fans_swap/*nodes_10_SF_adj_4/*/fans_analysis/fans_*.json,[],[],[],File not found with pattern: /data1/statduck/exp1_result_fans_5000/*nodes_10_SF_adj_4/*/fans_analysis/fans_*.json,[],[],[],File not found with pattern: /data1/statduck/exp1_result_fans_10000/*nodes_10_SF_adj_4/*/fans_analysis/fans_*.json,[],[],[],File not found with pattern: /data1/statduck/exp1_result_fans_30000/*nodes_10_SF_adj_4/*/fans_analysis/fans_*.json,[],[],[],File not found with pattern: /data1/statduck/exp1_result_fans_100epochs/*nodes_10_SF_adj_4/*/fans_analysis/fans_*.json,[],[],[],File not found with pattern: /data1/statduck/exp1_result_fans_500epochs/*nodes_10_SF_adj_4/*/fans_analysis/fans_*.json,[],[],[],File not found with pattern: /data1/statduck/exp1_result_fans_dim8/*nodes_10_SF_adj_4/*/fans_analysis/fans_*.json,[],[],[],File not found with pattern: /data1/statduck/exp1_result_fans_dim16/*nodes_10_SF_adj_4/*/fans_analysis/fans_*.json,[],[],[],File not found with pattern: /data1/statduck/exp1_result_fans_anm/*nodes_10_SF_adj_4/*/fans_analysis/fans_*.json,[],[],[],File not found with pattern: /data1/statduck/exp1_result_fans_small/*nodes_10_SF_adj_4/*/fans_analysis/fans_*.json,"[3, 7]","[6, 7]",[],,[],[],[],File not found,[],[],[],File not found,"[6, 7]",[],[],,[],[],[],File not found,"[1, 2, 4, 5, 7, 8, 9]",[],[],,1.0,1.0,1.0,1.0,0.0,0.0,0.0,0.0,0.0,0.0,0.0,0.0,0.0,0.0,0.0,0.0,0.0,0.0,0.0,0.0,0.0,0.0,0.0,0.0,0.0,0.0,0.0,0.0,0.0,0.0,0.0,0.0,0.0,0.0,0.0,0.0,0.0,0.0,0.0,0.0,0.0,0.0,0.0,0.0,0,0.0,0.0,0.0,0.5,0.6666666666666666,0.0,0.3333333333333333,0,0.0,0.0,0.0,0,,,1.0,,,0.22222222222222224,,
10,SF,5,"[4, 7]",[7],[4],"[1, 2, 3, 4, 5, 6, 7, 8, 9]","[4, 7]",[7],[4],,[],[],[],File not found with pattern: /data1/statduck/exp1_result_fans_swap/*nodes_10_SF_adj_5/*/fans_analysis/fans_*.json,[],[],[],File not found with pattern: /data1/statduck/exp1_result_fans_5000/*nodes_10_SF_adj_5/*/fans_analysis/fans_*.json,[],[],[],File not found with pattern: /data1/statduck/exp1_result_fans_10000/*nodes_10_SF_adj_5/*/fans_analysis/fans_*.json,[],[],[],File not found with pattern: /data1/statduck/exp1_result_fans_30000/*nodes_10_SF_adj_5/*/fans_analysis/fans_*.json,[],[],[],File not found with pattern: /data1/statduck/exp1_result_fans_100epochs/*nodes_10_SF_adj_5/*/fans_analysis/fans_*.json,[],[],[],File not found with pattern: /data1/statduck/exp1_result_fans_500epochs/*nodes_10_SF_adj_5/*/fans_analysis/fans_*.json,[],[],[],File not found with pattern: /data1/statduck/exp1_result_fans_dim8/*nodes_10_SF_adj_5/*/fans_analysis/fans_*.json,[],[],[],File not found with pattern: /data1/statduck/exp1_result_fans_dim16/*nodes_10_SF_adj_5/*/fans_analysis/fans_*.json,[],[],[],File not found with pattern: /data1/statduck/exp1_result_fans_anm/*nodes_10_SF_adj_5/*/fans_analysis/fans_*.json,[],[],[],File not found with pattern: /data1/statduck/exp1_result_fans_small/*nodes_10_SF_adj_5/*/fans_analysis/fans_*.json,[4],"[4, 7]",[],,[],[],[],File not found,[],[],[],File not found,"[4, 7]",[],[],,[],[],[],File not found,"[1, 2, 3, 4, 5, 6, 7, 8, 9]",[],[],,1.0,1.0,1.0,1.0,0.0,0.0,0.0,0.0,0.0,0.0,0.0,0.0,0.0,0.0,0.0,0.0,0.0,0.0,0.0,0.0,0.0,0.0,0.0,0.0,0.0,0.0,0.0,0.0,0.0,0.0,0.0,0.0,0.0,0.0,0.0,0.0,0.0,0.0,0.0,0.0,0.0,0.0,0.0,0.0,0,0.0,0.0,0.0,0.6666666666666666,0.6666666666666666,0.0,0.3333333333333333,0,0.0,0.0,0.0,0,,,1.0,,,0.3636363636363636,,
10,SF,6,"[3, 6]",[3],[6],"[1, 2, 3, 4, 5, 6, 7, 8, 9]","[3, 6]",[3],[6],,[],[],[],File not found with pattern: /data1/statduck/exp1_result_fans_swap/*nodes_10_SF_adj_6/*/fans_analysis/fans_*.json,[],[],[],File not found with pattern: /data1/statduck/exp1_result_fans_5000/*nodes_10_SF_adj_6/*/fans_analysis/fans_*.json,[],[],[],File not found with pattern: /data1/statduck/exp1_result_fans_10000/*nodes_10_SF_adj_6/*/fans_analysis/fans_*.json,[],[],[],File not found with pattern: /data1/statduck/exp1_result_fans_30000/*nodes_10_SF_adj_6/*/fans_analysis/fans_*.json,[],[],[],File not found with pattern: /data1/statduck/exp1_result_fans_100epochs/*nodes_10_SF_adj_6/*/fans_analysis/fans_*.json,[],[],[],File not found with pattern: /data1/statduck/exp1_result_fans_500epochs/*nodes_10_SF_adj_6/*/fans_analysis/fans_*.json,[],[],[],File not found with pattern: /data1/statduck/exp1_result_fans_dim8/*nodes_10_SF_adj_6/*/fans_analysis/fans_*.json,[],[],[],File not found with pattern: /data1/statduck/exp1_result_fans_dim16/*nodes_10_SF_adj_6/*/fans_analysis/fans_*.json,[],[],[],File not found with pattern: /data1/statduck/exp1_result_fans_anm/*nodes_10_SF_adj_6/*/fans_analysis/fans_*.json,[],[],[],File not found with pattern: /data1/statduck/exp1_result_fans_small/*nodes_10_SF_adj_6/*/fans_analysis/fans_*.json,"[2, 8]",[3],[6],,[],[],[],File not found,[],[],[],File not found,[6],[],[],,[],[],[],File not found,"[1, 2, 3, 4, 5, 6, 7, 8, 9]",[],[],,1.0,1.0,1.0,1.0,0.0,0.0,0.0,0.0,0.0,0.0,0.0,0.0,0.0,0.0,0.0,0.0,0.0,0.0,0.0,0.0,0.0,0.0,0.0,0.0,0.0,0.0,0.0,0.0,0.0,0.0,0.0,0.0,0.0,0.0,0.0,0.0,0.0,0.0,0.0,0.0,0.0,0.0,0.0,0.0,0,0.0,0.0,0.0,0.0,1.0,1.0,1.0,0,0.0,0.0,0.0,0,,,0.6666666666666666,,,0.3636363636363636,,
10,SF,7,"[3, 4]",[4],[3],"[1, 2, 3, 4, 5, 6, 7, 8, 9]","[3, 4]",[4],[3],,[],[],[],File not found with pattern: /data1/statduck/exp1_result_fans_swap/*nodes_10_SF_adj_7/*/fans_analysis/fans_*.json,[],[],[],File not found with pattern: /data1/statduck/exp1_result_fans_5000/*nodes_10_SF_adj_7/*/fans_analysis/fans_*.json,[],[],[],File not found with pattern: /data1/statduck/exp1_result_fans_10000/*nodes_10_SF_adj_7/*/fans_analysis/fans_*.json,[],[],[],File not found with pattern: /data1/statduck/exp1_result_fans_30000/*nodes_10_SF_adj_7/*/fans_analysis/fans_*.json,[],[],[],File not found with pattern: /data1/statduck/exp1_result_fans_100epochs/*nodes_10_SF_adj_7/*/fans_analysis/fans_*.json,[],[],[],File not found with pattern: /data1/statduck/exp1_result_fans_500epochs/*nodes_10_SF_adj_7/*/fans_analysis/fans_*.json,[],[],[],File not found with pattern: /data1/statduck/exp1_result_fans_dim8/*nodes_10_SF_adj_7/*/fans_analysis/fans_*.json,[],[],[],File not found with pattern: /data1/statduck/exp1_result_fans_dim16/*nodes_10_SF_adj_7/*/fans_analysis/fans_*.json,[],[],[],File not found with pattern: /data1/statduck/exp1_result_fans_anm/*nodes_10_SF_adj_7/*/fans_analysis/fans_*.json,[],[],[],File not found with pattern: /data1/statduck/exp1_result_fans_small/*nodes_10_SF_adj_7/*/fans_analysis/fans_*.json,"[2, 7]",[4],[3],,[],[],[],File not found,[],[],[],File not found,"[3, 4]",[],[],,[],[],[],File not found,"[1, 2, 3, 4, 5, 6, 7, 8, 9]",[],[],,1.0,1.0,1.0,1.0,0.0,0.0,0.0,0.0,0.0,0.0,0.0,0.0,0.0,0.0,0.0,0.0,0.0,0.0,0.0,0.0,0.0,0.0,0.0,0.0,0.0,0.0,0.0,0.0,0.0,0.0,0.0,0.0,0.0,0.0,0.0,0.0,0.0,0.0,0.0,0.0,0.0,0.0,0.0,0.0,0,0.0,0.0,0.0,0.0,1.0,1.0,1.0,0,0.0,0.0,0.0,0,,,1.0,,,0.3636363636363636,,
10,SF,8,"[2, 9]",[2],[9],"[1, 2, 3, 4, 5, 6, 7, 8, 9]","[2, 9]",[2],[9],,[],[],[],File not found with pattern: /data1/statduck/exp1_result_fans_swap/*nodes_10_SF_adj_8/*/fans_analysis/fans_*.json,[],[],[],File not found with pattern: /data1/statduck/exp1_result_fans_5000/*nodes_10_SF_adj_8/*/fans_analysis/fans_*.json,[],[],[],File not found with pattern: /data1/statduck/exp1_result_fans_10000/*nodes_10_SF_adj_8/*/fans_analysis/fans_*.json,[],[],[],File not found with pattern: /data1/statduck/exp1_result_fans_30000/*nodes_10_SF_adj_8/*/fans_analysis/fans_*.json,[],[],[],File not found with pattern: /data1/statduck/exp1_result_fans_100epochs/*nodes_10_SF_adj_8/*/fans_analysis/fans_*.json,[],[],[],File not found with pattern: /data1/statduck/exp1_result_fans_500epochs/*nodes_10_SF_adj_8/*/fans_analysis/fans_*.json,[],[],[],File not found with pattern: /data1/statduck/exp1_result_fans_dim8/*nodes_10_SF_adj_8/*/fans_analysis/fans_*.json,[],[],[],File not found with pattern: /data1/statduck/exp1_result_fans_dim16/*nodes_10_SF_adj_8/*/fans_analysis/fans_*.json,[],[],[],File not found with pattern: /data1/statduck/exp1_result_fans_anm/*nodes_10_SF_adj_8/*/fans_analysis/fans_*.json,[],[],[],File not found with pattern: /data1/statduck/exp1_result_fans_small/*nodes_10_SF_adj_8/*/fans_analysis/fans_*.json,[8],[2],[9],,[],[],[],File not found,[],[],[],File not found,"[2, 9]",[],[],,[],[],[],File not found,"[1, 2, 3, 4, 5, 6, 7, 8, 9]",[],[],,1.0,1.0,1.0,1.0,0.0,0.0,0.0,0.0,0.0,0.0,0.0,0.0,0.0,0.0,0.0,0.0,0.0,0.0,0.0,0.0,0.0,0.0,0.0,0.0,0.0,0.0,0.0,0.0,0.0,0.0,0.0,0.0,0.0,0.0,0.0,0.0,0.0,0.0,0.0,0.0,0.0,0.0,0.0,0.0,0,0.0,0.0,0.0,0.0,1.0,1.0,1.0,0,0.0,0.0,0.0,0,,,1.0,,,0.3636363636363636,,
10,SF,9,"[1, 5]",[1],[5],"[1, 2, 3, 4, 5, 6, 7, 8, 9]","[1, 5]",[1],[5],,[],[],[],File not found with pattern: /data1/statduck/exp1_result_fans_swap/*nodes_10_SF_adj_9/*/fans_analysis/fans_*.json,[],[],[],File not found with pattern: /data1/statduck/exp1_result_fans_5000/*nodes_10_SF_adj_9/*/fans_analysis/fans_*.json,[],[],[],File not found with pattern: /data1/statduck/exp1_result_fans_10000/*nodes_10_SF_adj_9/*/fans_analysis/fans_*.json,[],[],[],File not found with pattern: /data1/statduck/exp1_result_fans_30000/*nodes_10_SF_adj_9/*/fans_analysis/fans_*.json,[],[],[],File not found with pattern: /data1/statduck/exp1_result_fans_100epochs/*nodes_10_SF_adj_9/*/fans_analysis/fans_*.json,[],[],[],File not found with pattern: /data1/statduck/exp1_result_fans_500epochs/*nodes_10_SF_adj_9/*/fans_analysis/fans_*.json,[],[],[],File not found with pattern: /data1/statduck/exp1_result_fans_dim8/*nodes_10_SF_adj_9/*/fans_analysis/fans_*.json,[],[],[],File not found with pattern: /data1/statduck/exp1_result_fans_dim16/*nodes_10_SF_adj_9/*/fans_analysis/fans_*.json,[],[],[],File not found with pattern: /data1/statduck/exp1_result_fans_anm/*nodes_10_SF_adj_9/*/fans_analysis/fans_*.json,[],[],[],File not found with pattern: /data1/statduck/exp1_result_fans_small/*nodes_10_SF_adj_9/*/fans_analysis/fans_*.json,"[3, 7]",[1],[5],,[],[],[],File not found,[],[],[],File not found,"[1, 5]",[],[],,[],[],[],File not found,"[1, 2, 3, 4, 5, 6, 7, 8, 9]",[],[],,1.0,1.0,1.0,1.0,0.0,0.0,0.0,0.0,0.0,0.0,0.0,0.0,0.0,0.0,0.0,0.0,0.0,0.0,0.0,0.0,0.0,0.0,0.0,0.0,0.0,0.0,0.0,0.0,0.0,0.0,0.0,0.0,0.0,0.0,0.0,0.0,0.0,0.0,0.0,0.0,0.0,0.0,0.0,0.0,0,0.0,0.0,0.0,0.0,1.0,1.0,1.0,0,0.0,0.0,0.0,0,,,1.0,,,0.3636363636363636,,
10,SF,10,"[3, 7]",[7],[3],"[1, 2, 3, 4, 5, 6, 7, 8, 9]","[3, 7]",[7],[3],,[],[],[],File not found with pattern: /data1/statduck/exp1_result_fans_swap/*nodes_10_SF_adj_10/*/fans_analysis/fans_*.json,[],[],[],File not found with pattern: /data1/statduck/exp1_result_fans_5000/*nodes_10_SF_adj_10/*/fans_analysis/fans_*.json,[],[],[],File not found with pattern: /data1/statduck/exp1_result_fans_10000/*nodes_10_SF_adj_10/*/fans_analysis/fans_*.json,[],[],[],File not found with pattern: /data1/statduck/exp1_result_fans_30000/*nodes_10_SF_adj_10/*/fans_analysis/fans_*.json,[],[],[],File not found with pattern: /data1/statduck/exp1_result_fans_100epochs/*nodes_10_SF_adj_10/*/fans_analysis/fans_*.json,[],[],[],File not found with pattern: /data1/statduck/exp1_result_fans_500epochs/*nodes_10_SF_adj_10/*/fans_analysis/fans_*.json,[],[],[],File not found with pattern: /data1/statduck/exp1_result_fans_dim8/*nodes_10_SF_adj_10/*/fans_analysis/fans_*.json,[],[],[],File not found with pattern: /data1/statduck/exp1_result_fans_dim16/*nodes_10_SF_adj_10/*/fans_analysis/fans_*.json,[],[],[],File not found with pattern: /data1/statduck/exp1_result_fans_anm/*nodes_10_SF_adj_10/*/fans_analysis/fans_*.json,[],[],[],File not found with pattern: /data1/statduck/exp1_result_fans_small/*nodes_10_SF_adj_10/*/fans_analysis/fans_*.json,[2],[7],[3],,[],[],[],File not found,[],[],[],File not found,[3],[],[],,[],[],[],File not found,"[1, 2, 3, 4, 5, 6, 7, 8, 9]",[],[],,1.0,1.0,1.0,1.0,0.0,0.0,0.0,0.0,0.0,0.0,0.0,0.0,0.0,0.0,0.0,0.0,0.0,0.0,0.0,0.0,0.0,0.0,0.0,0.0,0.0,0.0,0.0,0.0,0.0,0.0,0.0,0.0,0.0,0.0,0.0,0.0,0.0,0.0,0.0,0.0,0.0,0.0,0.0,0.0,0,0.0,0.0,0.0,0.0,1.0,1.0,1.0,0,0.0,0.0,0.0,0,,,0.6666666666666666,,,0.3636363636363636,,
10,SF,11,"[2, 6]",[2],[6],"[1, 2, 3, 4, 5, 6, 7, 8, 9]","[2, 6]",[2],[6],,[],[],[],File not found with pattern: /data1/statduck/exp1_result_fans_swap/*nodes_10_SF_adj_11/*/fans_analysis/fans_*.json,[],[],[],File not found with pattern: /data1/statduck/exp1_result_fans_5000/*nodes_10_SF_adj_11/*/fans_analysis/fans_*.json,[],[],[],File not found with pattern: /data1/statduck/exp1_result_fans_10000/*nodes_10_SF_adj_11/*/fans_analysis/fans_*.json,[],[],[],File not found with pattern: /data1/statduck/exp1_result_fans_30000/*nodes_10_SF_adj_11/*/fans_analysis/fans_*.json,[],[],[],File not found with pattern: /data1/statduck/exp1_result_fans_100epochs/*nodes_10_SF_adj_11/*/fans_analysis/fans_*.json,[],[],[],File not found with pattern: /data1/statduck/exp1_result_fans_500epochs/*nodes_10_SF_adj_11/*/fans_analysis/fans_*.json,[],[],[],File not found with pattern: /data1/statduck/exp1_result_fans_dim8/*nodes_10_SF_adj_11/*/fans_analysis/fans_*.json,[],[],[],File not found with pattern: /data1/statduck/exp1_result_fans_dim16/*nodes_10_SF_adj_11/*/fans_analysis/fans_*.json,[],[],[],File not found with pattern: /data1/statduck/exp1_result_fans_anm/*nodes_10_SF_adj_11/*/fans_analysis/fans_*.json,[],[],[],File not found with pattern: /data1/statduck/exp1_result_fans_small/*nodes_10_SF_adj_11/*/fans_analysis/fans_*.json,"[2, 3, 6, 7]","[2, 6]",[],,[],[],[],File not found,[],[],[],File not found,"[2, 6]",[],[],,[],[],[],File not found,"[1, 2, 3, 4, 5, 6, 7, 8, 9]",[],[],,1.0,1.0,1.0,1.0,0.0,0.0,0.0,0.0,0.0,0.0,0.0,0.0,0.0,0.0,0.0,0.0,0.0,0.0,0.0,0.0,0.0,0.0,0.0,0.0,0.0,0.0,0.0,0.0,0.0,0.0,0.0,0.0,0.0,0.0,0.0,0.0,0.0,0.0,0.0,0.0,0.0,0.0,0.0,0.0,0,0.0,0.0,0.0,0.6666666666666666,0.6666666666666666,0.0,0.3333333333333333,0,0.0,0.0,0.0,0,,,1.0,,,0.3636363636363636,,
10,SF,12,"[2, 9]",[9],[2],"[1, 2, 3, 4, 5, 6, 7, 8, 9]","[2, 9]",[9],[2],,[],[],[],File not found with pattern: /data1/statduck/exp1_result_fans_swap/*nodes_10_SF_adj_12/*/fans_analysis/fans_*.json,[],[],[],File not found with pattern: /data1/statduck/exp1_result_fans_5000/*nodes_10_SF_adj_12/*/fans_analysis/fans_*.json,[],[],[],File not found with pattern: /data1/statduck/exp1_result_fans_10000/*nodes_10_SF_adj_12/*/fans_analysis/fans_*.json,[],[],[],File not found with pattern: /data1/statduck/exp1_result_fans_30000/*nodes_10_SF_adj_12/*/fans_analysis/fans_*.json,[],[],[],File not found with pattern: /data1/statduck/exp1_result_fans_100epochs/*nodes_10_SF_adj_12/*/fans_analysis/fans_*.json,[],[],[],File not found with pattern: /data1/statduck/exp1_result_fans_500epochs/*nodes_10_SF_adj_12/*/fans_analysis/fans_*.json,[],[],[],File not found with pattern: /data1/statduck/exp1_result_fans_dim8/*nodes_10_SF_adj_12/*/fans_analysis/fans_*.json,[],[],[],File not found with pattern: /data1/statduck/exp1_result_fans_dim16/*nodes_10_SF_adj_12/*/fans_analysis/fans_*.json,[],[],[],File not found with pattern: /data1/statduck/exp1_result_fans_anm/*nodes_10_SF_adj_12/*/fans_analysis/fans_*.json,[],[],[],File not found with pattern: /data1/statduck/exp1_result_fans_small/*nodes_10_SF_adj_12/*/fans_analysis/fans_*.json,"[8, 9]","[2, 9]",[],,[],[],[],File not found,[],[],[],File not found,"[2, 9]",[],[],,[],[],[],File not found,"[1, 2, 3, 4, 5, 6, 7, 8, 9]",[],[],,1.0,1.0,1.0,1.0,0.0,0.0,0.0,0.0,0.0,0.0,0.0,0.0,0.0,0.0,0.0,0.0,0.0,0.0,0.0,0.0,0.0,0.0,0.0,0.0,0.0,0.0,0.0,0.0,0.0,0.0,0.0,0.0,0.0,0.0,0.0,0.0,0.0,0.0,0.0,0.0,0.0,0.0,0.0,0.0,0,0.0,0.0,0.0,0.5,0.6666666666666666,0.0,0.3333333333333333,0,0.0,0.0,0.0,0,,,1.0,,,0.3636363636363636,,
10,SF,13,"[4, 7]",[4],[7],"[1, 2, 3, 4, 5, 6, 7, 8, 9]","[4, 7]",[4],[7],,[],[],[],File not found with pattern: /data1/statduck/exp1_result_fans_swap/*nodes_10_SF_adj_13/*/fans_analysis/fans_*.json,[],[],[],File not found with pattern: /data1/statduck/exp1_result_fans_5000/*nodes_10_SF_adj_13/*/fans_analysis/fans_*.json,[],[],[],File not found with pattern: /data1/statduck/exp1_result_fans_10000/*nodes_10_SF_adj_13/*/fans_analysis/fans_*.json,[],[],[],File not found with pattern: /data1/statduck/exp1_result_fans_30000/*nodes_10_SF_adj_13/*/fans_analysis/fans_*.json,[],[],[],File not found with pattern: /data1/statduck/exp1_result_fans_100epochs/*nodes_10_SF_adj_13/*/fans_analysis/fans_*.json,[],[],[],File not found with pattern: /data1/statduck/exp1_result_fans_500epochs/*nodes_10_SF_adj_13/*/fans_analysis/fans_*.json,[],[],[],File not found with pattern: /data1/statduck/exp1_result_fans_dim8/*nodes_10_SF_adj_13/*/fans_analysis/fans_*.json,[],[],[],File not found with pattern: /data1/statduck/exp1_result_fans_dim16/*nodes_10_SF_adj_13/*/fans_analysis/fans_*.json,[],[],[],File not found with pattern: /data1/statduck/exp1_result_fans_anm/*nodes_10_SF_adj_13/*/fans_analysis/fans_*.json,[],[],[],File not found with pattern: /data1/statduck/exp1_result_fans_small/*nodes_10_SF_adj_13/*/fans_analysis/fans_*.json,"[4, 7, 8, 9]",[4],[7],,[],[],[],File not found,[],[],[],File not found,"[4, 7]",[],[],,[],[],[],File not found,"[1, 2, 3, 4, 5, 6, 7, 8, 9]",[],[],,1.0,1.0,1.0,1.0,0.0,0.0,0.0,0.0,0.0,0.0,0.0,0.0,0.0,0.0,0.0,0.0,0.0,0.0,0.0,0.0,0.0,0.0,0.0,0.0,0.0,0.0,0.0,0.0,0.0,0.0,0.0,0.0,0.0,0.0,0.0,0.0,0.0,0.0,0.0,0.0,0.0,0.0,0.0,0.0,0,0.0,0.0,0.0,0.6666666666666666,1.0,1.0,1.0,0,0.0,0.0,0.0,0,,,1.0,,,0.3636363636363636,,
10,SF,14,"[3, 9]",[9],[3],"[1, 2, 3, 4, 5, 6, 7, 8, 9]","[3, 9]",[9],[3],,[],[],[],File not found with pattern: /data1/statduck/exp1_result_fans_swap/*nodes_10_SF_adj_14/*/fans_analysis/fans_*.json,[],[],[],File not found with pattern: /data1/statduck/exp1_result_fans_5000/*nodes_10_SF_adj_14/*/fans_analysis/fans_*.json,[],[],[],File not found with pattern: /data1/statduck/exp1_result_fans_10000/*nodes_10_SF_adj_14/*/fans_analysis/fans_*.json,[],[],[],File not found with pattern: /data1/statduck/exp1_result_fans_30000/*nodes_10_SF_adj_14/*/fans_analysis/fans_*.json,[],[],[],File not found with pattern: /data1/statduck/exp1_result_fans_100epochs/*nodes_10_SF_adj_14/*/fans_analysis/fans_*.json,[],[],[],File not found with pattern: /data1/statduck/exp1_result_fans_500epochs/*nodes_10_SF_adj_14/*/fans_analysis/fans_*.json,[],[],[],File not found with pattern: /data1/statduck/exp1_result_fans_dim8/*nodes_10_SF_adj_14/*/fans_analysis/fans_*.json,[],[],[],File not found with pattern: /data1/statduck/exp1_result_fans_dim16/*nodes_10_SF_adj_14/*/fans_analysis/fans_*.json,[],[],[],File not found with pattern: /data1/statduck/exp1_result_fans_anm/*nodes_10_SF_adj_14/*/fans_analysis/fans_*.json,[],[],[],File not found with pattern: /data1/statduck/exp1_result_fans_small/*nodes_10_SF_adj_14/*/fans_analysis/fans_*.json,"[3, 5, 9]","[3, 9]",[],,[],[],[],File not found,[],[],[],File not found,"[3, 9]",[],[],,[],[],[],File not found,"[1, 2, 3, 4, 5, 6, 7, 8, 9]",[],[],,1.0,1.0,1.0,1.0,0.0,0.0,0.0,0.0,0.0,0.0,0.0,0.0,0.0,0.0,0.0,0.0,0.0,0.0,0.0,0.0,0.0,0.0,0.0,0.0,0.0,0.0,0.0,0.0,0.0,0.0,0.0,0.0,0.0,0.0,0.0,0.0,0.0,0.0,0.0,0.0,0.0,0.0,0.0,0.0,0,0.0,0.0,0.0,0.8,0.6666666666666666,0.0,0.3333333333333333,0,0.0,0.0,0.0,0,,,1.0,,,0.3636363636363636,,
10,SF,15,"[3, 6]",[6],[3],"[1, 2, 3, 4, 5, 6, 7, 8, 9]","[3, 6]",[6],[3],,[],[],[],File not found with pattern: /data1/statduck/exp1_result_fans_swap/*nodes_10_SF_adj_15/*/fans_analysis/fans_*.json,[],[],[],File not found with pattern: /data1/statduck/exp1_result_fans_5000/*nodes_10_SF_adj_15/*/fans_analysis/fans_*.json,[],[],[],File not found with pattern: /data1/statduck/exp1_result_fans_10000/*nodes_10_SF_adj_15/*/fans_analysis/fans_*.json,[],[],[],File not found with pattern: /data1/statduck/exp1_result_fans_30000/*nodes_10_SF_adj_15/*/fans_analysis/fans_*.json,[],[],[],File not found with pattern: /data1/statduck/exp1_result_fans_100epochs/*nodes_10_SF_adj_15/*/fans_analysis/fans_*.json,[],[],[],File not found with pattern: /data1/statduck/exp1_result_fans_500epochs/*nodes_10_SF_adj_15/*/fans_analysis/fans_*.json,[],[],[],File not found with pattern: /data1/statduck/exp1_result_fans_dim8/*nodes_10_SF_adj_15/*/fans_analysis/fans_*.json,[],[],[],File not found with pattern: /data1/statduck/exp1_result_fans_dim16/*nodes_10_SF_adj_15/*/fans_analysis/fans_*.json,[],[],[],File not found with pattern: /data1/statduck/exp1_result_fans_anm/*nodes_10_SF_adj_15/*/fans_analysis/fans_*.json,[],[],[],File not found with pattern: /data1/statduck/exp1_result_fans_small/*nodes_10_SF_adj_15/*/fans_analysis/fans_*.json,"[1, 2, 4, 6, 8]",[6],[3],,[],[],[],File not found,[],[],[],File not found,"[3, 6]",[],[],,[],[],[],File not found,"[1, 2, 3, 4, 5, 6, 7, 8, 9]",[],[],,1.0,1.0,1.0,1.0,0.0,0.0,0.0,0.0,0.0,0.0,0.0,0.0,0.0,0.0,0.0,0.0,0.0,0.0,0.0,0.0,0.0,0.0,0.0,0.0,0.0,0.0,0.0,0.0,0.0,0.0,0.0,0.0,0.0,0.0,0.0,0.0,0.0,0.0,0.0,0.0,0.0,0.0,0.0,0.0,0,0.0,0.0,0.0,0.28571428571428575,1.0,1.0,1.0,0,0.0,0.0,0.0,0,,,1.0,,,0.3636363636363636,,
10,SF,16,"[3, 5]",[3],[5],"[1, 2, 3, 4, 5, 6, 7, 8, 9]","[3, 5]",[3],[5],,[],[],[],File not found with pattern: /data1/statduck/exp1_result_fans_swap/*nodes_10_SF_adj_16/*/fans_analysis/fans_*.json,[],[],[],File not found with pattern: /data1/statduck/exp1_result_fans_5000/*nodes_10_SF_adj_16/*/fans_analysis/fans_*.json,[],[],[],File not found with pattern: /data1/statduck/exp1_result_fans_10000/*nodes_10_SF_adj_16/*/fans_analysis/fans_*.json,[],[],[],File not found with pattern: /data1/statduck/exp1_result_fans_30000/*nodes_10_SF_adj_16/*/fans_analysis/fans_*.json,[],[],[],File not found with pattern: /data1/statduck/exp1_result_fans_100epochs/*nodes_10_SF_adj_16/*/fans_analysis/fans_*.json,[],[],[],File not found with pattern: /data1/statduck/exp1_result_fans_500epochs/*nodes_10_SF_adj_16/*/fans_analysis/fans_*.json,[],[],[],File not found with pattern: /data1/statduck/exp1_result_fans_dim8/*nodes_10_SF_adj_16/*/fans_analysis/fans_*.json,[],[],[],File not found with pattern: /data1/statduck/exp1_result_fans_dim16/*nodes_10_SF_adj_16/*/fans_analysis/fans_*.json,[],[],[],File not found with pattern: /data1/statduck/exp1_result_fans_anm/*nodes_10_SF_adj_16/*/fans_analysis/fans_*.json,[],[],[],File not found with pattern: /data1/statduck/exp1_result_fans_small/*nodes_10_SF_adj_16/*/fans_analysis/fans_*.json,"[4, 8]",[3],[5],,[],[],[],File not found,[],[],[],File not found,"[3, 5]",[],[],,[],[],[],File not found,"[1, 2, 3, 4, 5, 6, 7, 8, 9]",[],[],,1.0,1.0,1.0,1.0,0.0,0.0,0.0,0.0,0.0,0.0,0.0,0.0,0.0,0.0,0.0,0.0,0.0,0.0,0.0,0.0,0.0,0.0,0.0,0.0,0.0,0.0,0.0,0.0,0.0,0.0,0.0,0.0,0.0,0.0,0.0,0.0,0.0,0.0,0.0,0.0,0.0,0.0,0.0,0.0,0,0.0,0.0,0.0,0.0,1.0,1.0,1.0,0,0.0,0.0,0.0,0,,,1.0,,,0.3636363636363636,,
10,SF,17,"[4, 8]",[8],[4],"[1, 2, 3, 4, 5, 6, 7, 8, 9]","[4, 8]",[8],[4],,[],[],[],File not found with pattern: /data1/statduck/exp1_result_fans_swap/*nodes_10_SF_adj_17/*/fans_analysis/fans_*.json,[],[],[],File not found with pattern: /data1/statduck/exp1_result_fans_5000/*nodes_10_SF_adj_17/*/fans_analysis/fans_*.json,[],[],[],File not found with pattern: /data1/statduck/exp1_result_fans_10000/*nodes_10_SF_adj_17/*/fans_analysis/fans_*.json,[],[],[],File not found with pattern: /data1/statduck/exp1_result_fans_30000/*nodes_10_SF_adj_17/*/fans_analysis/fans_*.json,[],[],[],File not found with pattern: /data1/statduck/exp1_result_fans_100epochs/*nodes_10_SF_adj_17/*/fans_analysis/fans_*.json,[],[],[],File not found with pattern: /data1/statduck/exp1_result_fans_500epochs/*nodes_10_SF_adj_17/*/fans_analysis/fans_*.json,[],[],[],File not found with pattern: /data1/statduck/exp1_result_fans_dim8/*nodes_10_SF_adj_17/*/fans_analysis/fans_*.json,[],[],[],File not found with pattern: /data1/statduck/exp1_result_fans_dim16/*nodes_10_SF_adj_17/*/fans_analysis/fans_*.json,[],[],[],File not found with pattern: /data1/statduck/exp1_result_fans_anm/*nodes_10_SF_adj_17/*/fans_analysis/fans_*.json,[],[],[],File not found with pattern: /data1/statduck/exp1_result_fans_small/*nodes_10_SF_adj_17/*/fans_analysis/fans_*.json,"[1, 8, 9]","[4, 8]",[],,[],[],[],File not found,[],[],[],File not found,"[4, 8]",[],[],,[],[],[],File not found,"[1, 2, 3, 4, 5, 6, 7, 8, 9]",[],[],,1.0,1.0,1.0,1.0,0.0,0.0,0.0,0.0,0.0,0.0,0.0,0.0,0.0,0.0,0.0,0.0,0.0,0.0,0.0,0.0,0.0,0.0,0.0,0.0,0.0,0.0,0.0,0.0,0.0,0.0,0.0,0.0,0.0,0.0,0.0,0.0,0.0,0.0,0.0,0.0,0.0,0.0,0.0,0.0,0,0.0,0.0,0.0,0.4,0.6666666666666666,0.0,0.3333333333333333,0,0.0,0.0,0.0,0,,,1.0,,,0.3636363636363636,,
10,SF,18,"[1, 8]",[8],[1],"[1, 2, 3, 4, 5, 6, 7, 8, 9]","[1, 8]",[8],[1],,[],[],[],File not found with pattern: /data1/statduck/exp1_result_fans_swap/*nodes_10_SF_adj_18/*/fans_analysis/fans_*.json,[],[],[],File not found with pattern: /data1/statduck/exp1_result_fans_5000/*nodes_10_SF_adj_18/*/fans_analysis/fans_*.json,[],[],[],File not found with pattern: /data1/statduck/exp1_result_fans_10000/*nodes_10_SF_adj_18/*/fans_analysis/fans_*.json,[],[],[],File not found with pattern: /data1/statduck/exp1_result_fans_30000/*nodes_10_SF_adj_18/*/fans_analysis/fans_*.json,[],[],[],File not found with pattern: /data1/statduck/exp1_result_fans_100epochs/*nodes_10_SF_adj_18/*/fans_analysis/fans_*.json,[],[],[],File not found with pattern: /data1/statduck/exp1_result_fans_500epochs/*nodes_10_SF_adj_18/*/fans_analysis/fans_*.json,[],[],[],File not found with pattern: /data1/statduck/exp1_result_fans_dim8/*nodes_10_SF_adj_18/*/fans_analysis/fans_*.json,[],[],[],File not found with pattern: /data1/statduck/exp1_result_fans_dim16/*nodes_10_SF_adj_18/*/fans_analysis/fans_*.json,[],[],[],File not found with pattern: /data1/statduck/exp1_result_fans_anm/*nodes_10_SF_adj_18/*/fans_analysis/fans_*.json,[],[],[],File not found with pattern: /data1/statduck/exp1_result_fans_small/*nodes_10_SF_adj_18/*/fans_analysis/fans_*.json,"[1, 2, 3, 5, 8]",[8],[1],,[],[],[],File not found,[],[],[],File not found,"[1, 8]",[],[],,[],[],[],File not found,"[1, 2, 3, 4, 5, 6, 7, 8, 9]",[],[],,1.0,1.0,1.0,1.0,0.0,0.0,0.0,0.0,0.0,0.0,0.0,0.0,0.0,0.0,0.0,0.0,0.0,0.0,0.0,0.0,0.0,0.0,0.0,0.0,0.0,0.0,0.0,0.0,0.0,0.0,0.0,0.0,0.0,0.0,0.0,0.0,0.0,0.0,0.0,0.0,0.0,0.0,0.0,0.0,0,0.0,0.0,0.0,0.5714285714285715,1.0,1.0,1.0,0,0.0,0.0,0.0,0,,,1.0,,,0.3636363636363636,,
10,SF,19,"[1, 7]",[7],[1],"[1, 2, 3, 4, 5, 6, 7, 8, 9]","[1, 7]",[7],[1],,[],[],[],File not found with pattern: /data1/statduck/exp1_result_fans_swap/*nodes_10_SF_adj_19/*/fans_analysis/fans_*.json,[],[],[],File not found with pattern: /data1/statduck/exp1_result_fans_5000/*nodes_10_SF_adj_19/*/fans_analysis/fans_*.json,[],[],[],File not found with pattern: /data1/statduck/exp1_result_fans_10000/*nodes_10_SF_adj_19/*/fans_analysis/fans_*.json,[],[],[],File not found with pattern: /data1/statduck/exp1_result_fans_30000/*nodes_10_SF_adj_19/*/fans_analysis/fans_*.json,[],[],[],File not found with pattern: /data1/statduck/exp1_result_fans_100epochs/*nodes_10_SF_adj_19/*/fans_analysis/fans_*.json,[],[],[],File not found with pattern: /data1/statduck/exp1_result_fans_500epochs/*nodes_10_SF_adj_19/*/fans_analysis/fans_*.json,[],[],[],File not found with pattern: /data1/statduck/exp1_result_fans_dim8/*nodes_10_SF_adj_19/*/fans_analysis/fans_*.json,[],[],[],File not found with pattern: /data1/statduck/exp1_result_fans_dim16/*nodes_10_SF_adj_19/*/fans_analysis/fans_*.json,[],[],[],File not found with pattern: /data1/statduck/exp1_result_fans_anm/*nodes_10_SF_adj_19/*/fans_analysis/fans_*.json,[],[],[],File not found with pattern: /data1/statduck/exp1_result_fans_small/*nodes_10_SF_adj_19/*/fans_analysis/fans_*.json,[7],"[1, 7]",[],,[],[],[],File not found,[],[],[],File not found,"[1, 7]",[],[],,[],[],[],File not found,"[1, 2, 3, 4, 5, 6, 7, 8, 9]",[],[],,1.0,1.0,1.0,1.0,0.0,0.0,0.0,0.0,0.0,0.0,0.0,0.0,0.0,0.0,0.0,0.0,0.0,0.0,0.0,0.0,0.0,0.0,0.0,0.0,0.0,0.0,0.0,0.0,0.0,0.0,0.0,0.0,0.0,0.0,0.0,0.0,0.0,0.0,0.0,0.0,0.0,0.0,0.0,0.0,0,0.0,0.0,0.0,0.6666666666666666,0.6666666666666666,0.0,0.3333333333333333,0,0.0,0.0,0.0,0,,,1.0,,,0.3636363636363636,,
10,SF,20,"[1, 4]",[4],[1],"[1, 2, 3, 4, 5, 6, 7, 8, 9]","[1, 4]",[4],[1],,[],[],[],File not found with pattern: /data1/statduck/exp1_result_fans_swap/*nodes_10_SF_adj_20/*/fans_analysis/fans_*.json,[],[],[],File not found with pattern: /data1/statduck/exp1_result_fans_5000/*nodes_10_SF_adj_20/*/fans_analysis/fans_*.json,[],[],[],File not found with pattern: /data1/statduck/exp1_result_fans_10000/*nodes_10_SF_adj_20/*/fans_analysis/fans_*.json,[],[],[],File not found with pattern: /data1/statduck/exp1_result_fans_30000/*nodes_10_SF_adj_20/*/fans_analysis/fans_*.json,[],[],[],File not found with pattern: /data1/statduck/exp1_result_fans_100epochs/*nodes_10_SF_adj_20/*/fans_analysis/fans_*.json,[],[],[],File not found with pattern: /data1/statduck/exp1_result_fans_500epochs/*nodes_10_SF_adj_20/*/fans_analysis/fans_*.json,[],[],[],File not found with pattern: /data1/statduck/exp1_result_fans_dim8/*nodes_10_SF_adj_20/*/fans_analysis/fans_*.json,[],[],[],File not found with pattern: /data1/statduck/exp1_result_fans_dim16/*nodes_10_SF_adj_20/*/fans_analysis/fans_*.json,[],[],[],File not found with pattern: /data1/statduck/exp1_result_fans_anm/*nodes_10_SF_adj_20/*/fans_analysis/fans_*.json,[],[],[],File not found with pattern: /data1/statduck/exp1_result_fans_small/*nodes_10_SF_adj_20/*/fans_analysis/fans_*.json,[8],[4],[1],,[],[],[],File not found,[],[],[],File not found,"[1, 4]",[],[],,[],[],[],File not found,"[1, 2, 3, 4, 5, 6, 7, 8, 9]",[],[],,1.0,1.0,1.0,1.0,0.0,0.0,0.0,0.0,0.0,0.0,0.0,0.0,0.0,0.0,0.0,0.0,0.0,0.0,0.0,0.0,0.0,0.0,0.0,0.0,0.0,0.0,0.0,0.0,0.0,0.0,0.0,0.0,0.0,0.0,0.0,0.0,0.0,0.0,0.0,0.0,0.0,0.0,0.0,0.0,0,0.0,0.0,0.0,0.0,1.0,1.0,1.0,0,0.0,0.0,0.0,0,,,1.0,,,0.3636363636363636,,
10,SF,21,"[1, 7]","[1, 7]",[],"[1, 2, 3, 4, 5, 6, 7, 8, 9]","[1, 7]","[1, 7]",[],,[],[],[],File not found with pattern: /data1/statduck/exp1_result_fans_swap/*nodes_10_SF_adj_21/*/fans_analysis/fans_*.json,[],[],[],File not found with pattern: /data1/statduck/exp1_result_fans_5000/*nodes_10_SF_adj_21/*/fans_analysis/fans_*.json,[],[],[],File not found with pattern: /data1/statduck/exp1_result_fans_10000/*nodes_10_SF_adj_21/*/fans_analysis/fans_*.json,[],[],[],File not found with pattern: /data1/statduck/exp1_result_fans_30000/*nodes_10_SF_adj_21/*/fans_analysis/fans_*.json,[],[],[],File not found with pattern: /data1/statduck/exp1_result_fans_100epochs/*nodes_10_SF_adj_21/*/fans_analysis/fans_*.json,[],[],[],File not found with pattern: /data1/statduck/exp1_result_fans_500epochs/*nodes_10_SF_adj_21/*/fans_analysis/fans_*.json,[],[],[],File not found with pattern: /data1/statduck/exp1_result_fans_dim8/*nodes_10_SF_adj_21/*/fans_analysis/fans_*.json,[],[],[],File not found with pattern: /data1/statduck/exp1_result_fans_dim16/*nodes_10_SF_adj_21/*/fans_analysis/fans_*.json,[],[],[],File not found with pattern: /data1/statduck/exp1_result_fans_anm/*nodes_10_SF_adj_21/*/fans_analysis/fans_*.json,[],[],[],File not found with pattern: /data1/statduck/exp1_result_fans_small/*nodes_10_SF_adj_21/*/fans_analysis/fans_*.json,"[3, 4]","[1, 7]",[],,[],[],[],File not found,[],[],[],File not found,"[1, 7]",[],[],,[],[],[],File not found,"[1, 2, 3, 4, 5, 6, 7, 8, 9]",[],[],,1.0,1.0,0.0,1.0,0.0,0.0,0.0,0.0,0.0,0.0,0.0,0.0,0.0,0.0,0.0,0.0,0.0,0.0,0.0,0.0,0.0,0.0,0.0,0.0,0.0,0.0,0.0,0.0,0.0,0.0,0.0,0.0,0.0,0.0,0.0,0.0,0.0,0.0,0.0,0.0,0.0,0.0,0.0,0.0,0,0.0,0.0,0.0,0.0,1.0,0.0,1.0,0,0.0,0.0,0.0,0,,,1.0,,,0.3636363636363636,,
10,SF,22,"[3, 8]","[3, 8]",[],"[1, 2, 3, 4, 5, 6, 7, 8, 9]","[3, 8]","[3, 8]",[],,[],[],[],File not found with pattern: /data1/statduck/exp1_result_fans_swap/*nodes_10_SF_adj_22/*/fans_analysis/fans_*.json,[],[],[],File not found with pattern: /data1/statduck/exp1_result_fans_5000/*nodes_10_SF_adj_22/*/fans_analysis/fans_*.json,[],[],[],File not found with pattern: /data1/statduck/exp1_result_fans_10000/*nodes_10_SF_adj_22/*/fans_analysis/fans_*.json,[],[],[],File not found with pattern: /data1/statduck/exp1_result_fans_30000/*nodes_10_SF_adj_22/*/fans_analysis/fans_*.json,[],[],[],File not found with pattern: /data1/statduck/exp1_result_fans_100epochs/*nodes_10_SF_adj_22/*/fans_analysis/fans_*.json,[],[],[],File not found with pattern: /data1/statduck/exp1_result_fans_500epochs/*nodes_10_SF_adj_22/*/fans_analysis/fans_*.json,[],[],[],File not found with pattern: /data1/statduck/exp1_result_fans_dim8/*nodes_10_SF_adj_22/*/fans_analysis/fans_*.json,[],[],[],File not found with pattern: /data1/statduck/exp1_result_fans_dim16/*nodes_10_SF_adj_22/*/fans_analysis/fans_*.json,[],[],[],File not found with pattern: /data1/statduck/exp1_result_fans_anm/*nodes_10_SF_adj_22/*/fans_analysis/fans_*.json,[],[],[],File not found with pattern: /data1/statduck/exp1_result_fans_small/*nodes_10_SF_adj_22/*/fans_analysis/fans_*.json,[],"[3, 8]",[],,[],[],[],File not found,[],[],[],File not found,[8],[],[],,[],[],[],File not found,"[1, 2, 4, 5, 6, 7, 8, 9]",[],[],,1.0,1.0,0.0,1.0,0.0,0.0,0.0,0.0,0.0,0.0,0.0,0.0,0.0,0.0,0.0,0.0,0.0,0.0,0.0,0.0,0.0,0.0,0.0,0.0,0.0,0.0,0.0,0.0,0.0,0.0,0.0,0.0,0.0,0.0,0.0,0.0,0.0,0.0,0.0,0.0,0.0,0.0,0.0,0.0,0,0.0,0.0,0.0,0.0,1.0,0.0,1.0,0,0.0,0.0,0.0,0,,,0.6666666666666666,,,0.2,,
10,SF,23,"[7, 8]","[7, 8]",[],"[1, 2, 3, 4, 5, 6, 7, 8, 9]","[7, 8]","[7, 8]",[],,[],[],[],File not found with pattern: /data1/statduck/exp1_result_fans_swap/*nodes_10_SF_adj_23/*/fans_analysis/fans_*.json,[],[],[],File not found with pattern: /data1/statduck/exp1_result_fans_5000/*nodes_10_SF_adj_23/*/fans_analysis/fans_*.json,[],[],[],File not found with pattern: /data1/statduck/exp1_result_fans_10000/*nodes_10_SF_adj_23/*/fans_analysis/fans_*.json,[],[],[],File not found with pattern: /data1/statduck/exp1_result_fans_30000/*nodes_10_SF_adj_23/*/fans_analysis/fans_*.json,[],[],[],File not found with pattern: /data1/statduck/exp1_result_fans_100epochs/*nodes_10_SF_adj_23/*/fans_analysis/fans_*.json,[],[],[],File not found with pattern: /data1/statduck/exp1_result_fans_500epochs/*nodes_10_SF_adj_23/*/fans_analysis/fans_*.json,[],[],[],File not found with pattern: /data1/statduck/exp1_result_fans_dim8/*nodes_10_SF_adj_23/*/fans_analysis/fans_*.json,[],[],[],File not found with pattern: /data1/statduck/exp1_result_fans_dim16/*nodes_10_SF_adj_23/*/fans_analysis/fans_*.json,[],[],[],File not found with pattern: /data1/statduck/exp1_result_fans_anm/*nodes_10_SF_adj_23/*/fans_analysis/fans_*.json,[],[],[],File not found with pattern: /data1/statduck/exp1_result_fans_small/*nodes_10_SF_adj_23/*/fans_analysis/fans_*.json,"[2, 5, 7]","[7, 8]",[],,[],[],[],File not found,[],[],[],File not found,"[7, 8]",[],[],,[],[],[],File not found,"[1, 2, 3, 4, 5, 6, 7, 8, 9]",[],[],,1.0,1.0,0.0,1.0,0.0,0.0,0.0,0.0,0.0,0.0,0.0,0.0,0.0,0.0,0.0,0.0,0.0,0.0,0.0,0.0,0.0,0.0,0.0,0.0,0.0,0.0,0.0,0.0,0.0,0.0,0.0,0.0,0.0,0.0,0.0,0.0,0.0,0.0,0.0,0.0,0.0,0.0,0.0,0.0,0,0.0,0.0,0.0,0.4,1.0,0.0,1.0,0,0.0,0.0,0.0,0,,,1.0,,,0.3636363636363636,,
10,SF,24,"[8, 9]","[8, 9]",[],"[1, 2, 3, 4, 5, 6, 7, 8, 9]","[8, 9]","[8, 9]",[],,[],[],[],File not found with pattern: /data1/statduck/exp1_result_fans_swap/*nodes_10_SF_adj_24/*/fans_analysis/fans_*.json,[],[],[],File not found with pattern: /data1/statduck/exp1_result_fans_5000/*nodes_10_SF_adj_24/*/fans_analysis/fans_*.json,[],[],[],File not found with pattern: /data1/statduck/exp1_result_fans_10000/*nodes_10_SF_adj_24/*/fans_analysis/fans_*.json,[],[],[],File not found with pattern: /data1/statduck/exp1_result_fans_30000/*nodes_10_SF_adj_24/*/fans_analysis/fans_*.json,[],[],[],File not found with pattern: /data1/statduck/exp1_result_fans_100epochs/*nodes_10_SF_adj_24/*/fans_analysis/fans_*.json,[],[],[],File not found with pattern: /data1/statduck/exp1_result_fans_500epochs/*nodes_10_SF_adj_24/*/fans_analysis/fans_*.json,[],[],[],File not found with pattern: /data1/statduck/exp1_result_fans_dim8/*nodes_10_SF_adj_24/*/fans_analysis/fans_*.json,[],[],[],File not found with pattern: /data1/statduck/exp1_result_fans_dim16/*nodes_10_SF_adj_24/*/fans_analysis/fans_*.json,[],[],[],File not found with pattern: /data1/statduck/exp1_result_fans_anm/*nodes_10_SF_adj_24/*/fans_analysis/fans_*.json,[],[],[],File not found with pattern: /data1/statduck/exp1_result_fans_small/*nodes_10_SF_adj_24/*/fans_analysis/fans_*.json,[2],"[8, 9]",[],,[],[],[],File not found,[],[],[],File not found,[8],[],[],,[],[],[],File not found,"[1, 2, 3, 4, 5, 6, 7, 8, 9]",[],[],,1.0,1.0,0.0,1.0,0.0,0.0,0.0,0.0,0.0,0.0,0.0,0.0,0.0,0.0,0.0,0.0,0.0,0.0,0.0,0.0,0.0,0.0,0.0,0.0,0.0,0.0,0.0,0.0,0.0,0.0,0.0,0.0,0.0,0.0,0.0,0.0,0.0,0.0,0.0,0.0,0.0,0.0,0.0,0.0,0,0.0,0.0,0.0,0.0,1.0,0.0,1.0,0,0.0,0.0,0.0,0,,,0.6666666666666666,,,0.3636363636363636,,
10,SF,25,"[1, 8]","[1, 8]",[],"[1, 2, 3, 4, 5, 6, 7, 8, 9]","[1, 8]","[1, 8]",[],,[],[],[],File not found with pattern: /data1/statduck/exp1_result_fans_swap/*nodes_10_SF_adj_25/*/fans_analysis/fans_*.json,[],[],[],File not found with pattern: /data1/statduck/exp1_result_fans_5000/*nodes_10_SF_adj_25/*/fans_analysis/fans_*.json,[],[],[],File not found with pattern: /data1/statduck/exp1_result_fans_10000/*nodes_10_SF_adj_25/*/fans_analysis/fans_*.json,[],[],[],File not found with pattern: /data1/statduck/exp1_result_fans_30000/*nodes_10_SF_adj_25/*/fans_analysis/fans_*.json,[],[],[],File not found with pattern: /data1/statduck/exp1_result_fans_100epochs/*nodes_10_SF_adj_25/*/fans_analysis/fans_*.json,[],[],[],File not found with pattern: /data1/statduck/exp1_result_fans_500epochs/*nodes_10_SF_adj_25/*/fans_analysis/fans_*.json,[],[],[],File not found with pattern: /data1/statduck/exp1_result_fans_dim8/*nodes_10_SF_adj_25/*/fans_analysis/fans_*.json,[],[],[],File not found with pattern: /data1/statduck/exp1_result_fans_dim16/*nodes_10_SF_adj_25/*/fans_analysis/fans_*.json,[],[],[],File not found with pattern: /data1/statduck/exp1_result_fans_anm/*nodes_10_SF_adj_25/*/fans_analysis/fans_*.json,[],[],[],File not found with pattern: /data1/statduck/exp1_result_fans_small/*nodes_10_SF_adj_25/*/fans_analysis/fans_*.json,[4],"[1, 8]",[],,[],[],[],File not found,[],[],[],File not found,[1],[],[],,[],[],[],File not found,"[1, 2, 3, 4, 5, 6, 7, 8, 9]",[],[],,1.0,1.0,0.0,1.0,0.0,0.0,0.0,0.0,0.0,0.0,0.0,0.0,0.0,0.0,0.0,0.0,0.0,0.0,0.0,0.0,0.0,0.0,0.0,0.0,0.0,0.0,0.0,0.0,0.0,0.0,0.0,0.0,0.0,0.0,0.0,0.0,0.0,0.0,0.0,0.0,0.0,0.0,0.0,0.0,0,0.0,0.0,0.0,0.0,1.0,0.0,1.0,0,0.0,0.0,0.0,0,,,0.6666666666666666,,,0.3636363636363636,,
10,SF,26,"[1, 3]",[],"[1, 3]","[1, 2, 3, 4, 5, 6, 7, 8, 9]","[1, 3]",[],"[1, 3]",,[],[],[],File not found with pattern: /data1/statduck/exp1_result_fans_swap/*nodes_10_SF_adj_26/*/fans_analysis/fans_*.json,[],[],[],File not found with pattern: /data1/statduck/exp1_result_fans_5000/*nodes_10_SF_adj_26/*/fans_analysis/fans_*.json,[],[],[],File not found with pattern: /data1/statduck/exp1_result_fans_10000/*nodes_10_SF_adj_26/*/fans_analysis/fans_*.json,[],[],[],File not found with pattern: /data1/statduck/exp1_result_fans_30000/*nodes_10_SF_adj_26/*/fans_analysis/fans_*.json,[],[],[],File not found with pattern: /data1/statduck/exp1_result_fans_100epochs/*nodes_10_SF_adj_26/*/fans_analysis/fans_*.json,[],[],[],File not found with pattern: /data1/statduck/exp1_result_fans_500epochs/*nodes_10_SF_adj_26/*/fans_analysis/fans_*.json,[],[],[],File not found with pattern: /data1/statduck/exp1_result_fans_dim8/*nodes_10_SF_adj_26/*/fans_analysis/fans_*.json,[],[],[],File not found with pattern: /data1/statduck/exp1_result_fans_dim16/*nodes_10_SF_adj_26/*/fans_analysis/fans_*.json,[],[],[],File not found with pattern: /data1/statduck/exp1_result_fans_anm/*nodes_10_SF_adj_26/*/fans_analysis/fans_*.json,[],[],[],File not found with pattern: /data1/statduck/exp1_result_fans_small/*nodes_10_SF_adj_26/*/fans_analysis/fans_*.json,"[3, 7, 8]",[1],[3],,[],[],[],File not found,[],[],[],File not found,"[1, 3]",[],[],,[],[],[],File not found,"[1, 2, 3, 4, 5, 6, 7, 8, 9]",[],[],,1.0,0.0,1.0,1.0,0.0,0.0,0.0,0.0,0.0,0.0,0.0,0.0,0.0,0.0,0.0,0.0,0.0,0.0,0.0,0.0,0.0,0.0,0.0,0.0,0.0,0.0,0.0,0.0,0.0,0.0,0.0,0.0,0.0,0.0,0.0,0.0,0.0,0.0,0.0,0.0,0.0,0.0,0.0,0.0,0,0.0,0.0,0.0,0.4,0.0,0.6666666666666666,0.6666666666666666,0,0.0,0.0,0.0,0,,,1.0,,,0.3636363636363636,,
10,SF,27,"[7, 9]",[],"[7, 9]","[1, 2, 3, 4, 5, 6, 7, 8, 9]","[7, 9]",[],"[7, 9]",,[],[],[],File not found with pattern: /data1/statduck/exp1_result_fans_swap/*nodes_10_SF_adj_27/*/fans_analysis/fans_*.json,[],[],[],File not found with pattern: /data1/statduck/exp1_result_fans_5000/*nodes_10_SF_adj_27/*/fans_analysis/fans_*.json,[],[],[],File not found with pattern: /data1/statduck/exp1_result_fans_10000/*nodes_10_SF_adj_27/*/fans_analysis/fans_*.json,[],[],[],File not found with pattern: /data1/statduck/exp1_result_fans_30000/*nodes_10_SF_adj_27/*/fans_analysis/fans_*.json,[],[],[],File not found with pattern: /data1/statduck/exp1_result_fans_100epochs/*nodes_10_SF_adj_27/*/fans_analysis/fans_*.json,[],[],[],File not found with pattern: /data1/statduck/exp1_result_fans_500epochs/*nodes_10_SF_adj_27/*/fans_analysis/fans_*.json,[],[],[],File not found with pattern: /data1/statduck/exp1_result_fans_dim8/*nodes_10_SF_adj_27/*/fans_analysis/fans_*.json,[],[],[],File not found with pattern: /data1/statduck/exp1_result_fans_dim16/*nodes_10_SF_adj_27/*/fans_analysis/fans_*.json,[],[],[],File not found with pattern: /data1/statduck/exp1_result_fans_anm/*nodes_10_SF_adj_27/*/fans_analysis/fans_*.json,[],[],[],File not found with pattern: /data1/statduck/exp1_result_fans_small/*nodes_10_SF_adj_27/*/fans_analysis/fans_*.json,"[7, 9]",[7],[9],,[],[],[],File not found,[],[],[],File not found,"[7, 9]",[],[],,[],[],[],File not found,"[1, 2, 3, 4, 5, 6, 7, 8, 9]",[],[],,1.0,0.0,1.0,1.0,0.0,0.0,0.0,0.0,0.0,0.0,0.0,0.0,0.0,0.0,0.0,0.0,0.0,0.0,0.0,0.0,0.0,0.0,0.0,0.0,0.0,0.0,0.0,0.0,0.0,0.0,0.0,0.0,0.0,0.0,0.0,0.0,0.0,0.0,0.0,0.0,0.0,0.0,0.0,0.0,0,0.0,0.0,0.0,1.0,0.0,0.6666666666666666,0.6666666666666666,0,0.0,0.0,0.0,0,,,1.0,,,0.3636363636363636,,
10,SF,28,"[5, 8]",[],"[5, 8]","[1, 2, 3, 4, 5, 6, 7, 8, 9]","[5, 8]",[],"[5, 8]",,[],[],[],File not found with pattern: /data1/statduck/exp1_result_fans_swap/*nodes_10_SF_adj_28/*/fans_analysis/fans_*.json,[],[],[],File not found with pattern: /data1/statduck/exp1_result_fans_5000/*nodes_10_SF_adj_28/*/fans_analysis/fans_*.json,[],[],[],File not found with pattern: /data1/statduck/exp1_result_fans_10000/*nodes_10_SF_adj_28/*/fans_analysis/fans_*.json,[],[],[],File not found with pattern: /data1/statduck/exp1_result_fans_30000/*nodes_10_SF_adj_28/*/fans_analysis/fans_*.json,[],[],[],File not found with pattern: /data1/statduck/exp1_result_fans_100epochs/*nodes_10_SF_adj_28/*/fans_analysis/fans_*.json,[],[],[],File not found with pattern: /data1/statduck/exp1_result_fans_500epochs/*nodes_10_SF_adj_28/*/fans_analysis/fans_*.json,[],[],[],File not found with pattern: /data1/statduck/exp1_result_fans_dim8/*nodes_10_SF_adj_28/*/fans_analysis/fans_*.json,[],[],[],File not found with pattern: /data1/statduck/exp1_result_fans_dim16/*nodes_10_SF_adj_28/*/fans_analysis/fans_*.json,[],[],[],File not found with pattern: /data1/statduck/exp1_result_fans_anm/*nodes_10_SF_adj_28/*/fans_analysis/fans_*.json,[],[],[],File not found with pattern: /data1/statduck/exp1_result_fans_small/*nodes_10_SF_adj_28/*/fans_analysis/fans_*.json,"[5, 8]",[5],[8],,[],[],[],File not found,[],[],[],File not found,"[5, 8]",[],[],,[],[],[],File not found,"[1, 2, 3, 4, 5, 6, 7, 8, 9]",[],[],,1.0,0.0,1.0,1.0,0.0,0.0,0.0,0.0,0.0,0.0,0.0,0.0,0.0,0.0,0.0,0.0,0.0,0.0,0.0,0.0,0.0,0.0,0.0,0.0,0.0,0.0,0.0,0.0,0.0,0.0,0.0,0.0,0.0,0.0,0.0,0.0,0.0,0.0,0.0,0.0,0.0,0.0,0.0,0.0,0,0.0,0.0,0.0,1.0,0.0,0.6666666666666666,0.6666666666666666,0,0.0,0.0,0.0,0,,,1.0,,,0.3636363636363636,,
10,SF,29,"[2, 7]",[],"[2, 7]","[1, 2, 3, 4, 5, 6, 7, 8, 9]","[2, 7]",[],"[2, 7]",,[],[],[],File not found with pattern: /data1/statduck/exp1_result_fans_swap/*nodes_10_SF_adj_29/*/fans_analysis/fans_*.json,[],[],[],File not found with pattern: /data1/statduck/exp1_result_fans_5000/*nodes_10_SF_adj_29/*/fans_analysis/fans_*.json,[],[],[],File not found with pattern: /data1/statduck/exp1_result_fans_10000/*nodes_10_SF_adj_29/*/fans_analysis/fans_*.json,[],[],[],File not found with pattern: /data1/statduck/exp1_result_fans_30000/*nodes_10_SF_adj_29/*/fans_analysis/fans_*.json,[],[],[],File not found with pattern: /data1/statduck/exp1_result_fans_100epochs/*nodes_10_SF_adj_29/*/fans_analysis/fans_*.json,[],[],[],File not found with pattern: /data1/statduck/exp1_result_fans_500epochs/*nodes_10_SF_adj_29/*/fans_analysis/fans_*.json,[],[],[],File not found with pattern: /data1/statduck/exp1_result_fans_dim8/*nodes_10_SF_adj_29/*/fans_analysis/fans_*.json,[],[],[],File not found with pattern: /data1/statduck/exp1_result_fans_dim16/*nodes_10_SF_adj_29/*/fans_analysis/fans_*.json,[],[],[],File not found with pattern: /data1/statduck/exp1_result_fans_anm/*nodes_10_SF_adj_29/*/fans_analysis/fans_*.json,[],[],[],File not found with pattern: /data1/statduck/exp1_result_fans_small/*nodes_10_SF_adj_29/*/fans_analysis/fans_*.json,"[5, 6]",[7],[2],,[],[],[],File not found,[],[],[],File not found,"[2, 7]",[],[],,[],[],[],File not found,"[1, 2, 3, 4, 5, 6, 7, 8, 9]",[],[],,1.0,0.0,1.0,1.0,0.0,0.0,0.0,0.0,0.0,0.0,0.0,0.0,0.0,0.0,0.0,0.0,0.0,0.0,0.0,0.0,0.0,0.0,0.0,0.0,0.0,0.0,0.0,0.0,0.0,0.0,0.0,0.0,0.0,0.0,0.0,0.0,0.0,0.0,0.0,0.0,0.0,0.0,0.0,0.0,0,0.0,0.0,0.0,0.0,0.0,0.6666666666666666,0.6666666666666666,0,0.0,0.0,0.0,0,,,1.0,,,0.3636363636363636,,
10,SF,30,"[3, 8]",[],"[3, 8]","[1, 2, 3, 4, 5, 6, 7, 8, 9]","[3, 8]",[],"[3, 8]",,[],[],[],File not found with pattern: /data1/statduck/exp1_result_fans_swap/*nodes_10_SF_adj_30/*/fans_analysis/fans_*.json,[],[],[],File not found with pattern: /data1/statduck/exp1_result_fans_5000/*nodes_10_SF_adj_30/*/fans_analysis/fans_*.json,[],[],[],File not found with pattern: /data1/statduck/exp1_result_fans_10000/*nodes_10_SF_adj_30/*/fans_analysis/fans_*.json,[],[],[],File not found with pattern: /data1/statduck/exp1_result_fans_30000/*nodes_10_SF_adj_30/*/fans_analysis/fans_*.json,[],[],[],File not found with pattern: /data1/statduck/exp1_result_fans_100epochs/*nodes_10_SF_adj_30/*/fans_analysis/fans_*.json,[],[],[],File not found with pattern: /data1/statduck/exp1_result_fans_500epochs/*nodes_10_SF_adj_30/*/fans_analysis/fans_*.json,[],[],[],File not found with pattern: /data1/statduck/exp1_result_fans_dim8/*nodes_10_SF_adj_30/*/fans_analysis/fans_*.json,[],[],[],File not found with pattern: /data1/statduck/exp1_result_fans_dim16/*nodes_10_SF_adj_30/*/fans_analysis/fans_*.json,[],[],[],File not found with pattern: /data1/statduck/exp1_result_fans_anm/*nodes_10_SF_adj_30/*/fans_analysis/fans_*.json,[],[],[],File not found with pattern: /data1/statduck/exp1_result_fans_small/*nodes_10_SF_adj_30/*/fans_analysis/fans_*.json,"[2, 8]",[3],[8],,[],[],[],File not found,[],[],[],File not found,"[3, 8]",[],[],,[],[],[],File not found,"[1, 2, 3, 4, 5, 6, 7, 8, 9]",[],[],,1.0,0.0,1.0,1.0,0.0,0.0,0.0,0.0,0.0,0.0,0.0,0.0,0.0,0.0,0.0,0.0,0.0,0.0,0.0,0.0,0.0,0.0,0.0,0.0,0.0,0.0,0.0,0.0,0.0,0.0,0.0,0.0,0.0,0.0,0.0,0.0,0.0,0.0,0.0,0.0,0.0,0.0,0.0,0.0,0,0.0,0.0,0.0,0.5,0.0,0.6666666666666666,0.6666666666666666,0,0.0,0.0,0.0,0,,,1.0,,,0.3636363636363636,,
20,ER,1,"[12, 13, 15, 18]","[13, 15]","[12, 18]","[3, 6, 7, 8, 9, 10, 12, 13, 14, 15, 16, 17, 18, 19]","[12, 13, 15, 18]","[13, 15]","[12, 18]",,[],[],[],File not found with pattern: /data1/statduck/exp1_result_fans_swap/*nodes_20_ER_adj_1/*/fans_analysis/fans_*.json,[],[],[],File not found with pattern: /data1/statduck/exp1_result_fans_5000/*nodes_20_ER_adj_1/*/fans_analysis/fans_*.json,[],[],[],File not found with pattern: /data1/statduck/exp1_result_fans_10000/*nodes_20_ER_adj_1/*/fans_analysis/fans_*.json,[],[],[],File not found with pattern: /data1/statduck/exp1_result_fans_30000/*nodes_20_ER_adj_1/*/fans_analysis/fans_*.json,[],[],[],File not found with pattern: /data1/statduck/exp1_result_fans_100epochs/*nodes_20_ER_adj_1/*/fans_analysis/fans_*.json,[],[],[],File not found with pattern: /data1/statduck/exp1_result_fans_500epochs/*nodes_20_ER_adj_1/*/fans_analysis/fans_*.json,[],[],[],File not found with pattern: /data1/statduck/exp1_result_fans_dim8/*nodes_20_ER_adj_1/*/fans_analysis/fans_*.json,[],[],[],File not found with pattern: /data1/statduck/exp1_result_fans_dim16/*nodes_20_ER_adj_1/*/fans_analysis/fans_*.json,[],[],[],File not found with pattern: /data1/statduck/exp1_result_fans_anm/*nodes_20_ER_adj_1/*/fans_analysis/fans_*.json,[],[],[],File not found with pattern: /data1/statduck/exp1_result_fans_small/*nodes_20_ER_adj_1/*/fans_analysis/fans_*.json,"[10, 12, 16, 17, 18]","[12, 13, 15, 18]",[],,[],[],[],File not found,[],[],[],File not found,"[12, 13, 18]",[],[],,[],[],[],File not found,"[3, 6, 7, 8, 10, 12, 13, 14, 15, 16, 17, 19]",[],[],,1.0,1.0,1.0,1.0,0.0,0.0,0.0,0.0,0.0,0.0,0.0,0.0,0.0,0.0,0.0,0.0,0.0,0.0,0.0,0.0,0.0,0.0,0.0,0.0,0.0,0.0,0.0,0.0,0.0,0.0,0.0,0.0,0.0,0.0,0.0,0.0,0.0,0.0,0.0,0.0,0.0,0.0,0.0,0.0,0,0.0,0.0,0.0,0.4444444444444445,0.6666666666666666,0.0,0.3333333333333333,0,0.0,0.0,0.0,0,,,0.8571428571428571,,,0.375,,
20,ER,2,"[4, 7, 18, 19]","[7, 19]","[4, 18]","[4, 5, 7, 10, 11, 12, 13, 14, 16, 17, 18, 19]","[4, 7, 18, 19]","[7, 19]","[4, 18]",,[],[],[],File not found with pattern: /data1/statduck/exp1_result_fans_swap/*nodes_20_ER_adj_2/*/fans_analysis/fans_*.json,[],[],[],File not found with pattern: /data1/statduck/exp1_result_fans_5000/*nodes_20_ER_adj_2/*/fans_analysis/fans_*.json,[],[],[],File not found with pattern: /data1/statduck/exp1_result_fans_10000/*nodes_20_ER_adj_2/*/fans_analysis/fans_*.json,[],[],[],File not found with pattern: /data1/statduck/exp1_result_fans_30000/*nodes_20_ER_adj_2/*/fans_analysis/fans_*.json,[],[],[],File not found with pattern: /data1/statduck/exp1_result_fans_100epochs/*nodes_20_ER_adj_2/*/fans_analysis/fans_*.json,[],[],[],File not found with pattern: /data1/statduck/exp1_result_fans_500epochs/*nodes_20_ER_adj_2/*/fans_analysis/fans_*.json,[],[],[],File not found with pattern: /data1/statduck/exp1_result_fans_dim8/*nodes_20_ER_adj_2/*/fans_analysis/fans_*.json,[],[],[],File not found with pattern: /data1/statduck/exp1_result_fans_dim16/*nodes_20_ER_adj_2/*/fans_analysis/fans_*.json,[],[],[],File not found with pattern: /data1/statduck/exp1_result_fans_anm/*nodes_20_ER_adj_2/*/fans_analysis/fans_*.json,[],[],[],File not found with pattern: /data1/statduck/exp1_result_fans_small/*nodes_20_ER_adj_2/*/fans_analysis/fans_*.json,"[4, 10, 13, 18, 19]","[7, 18, 19]",[4],,[],[],[],File not found,[],[],[],File not found,"[4, 7, 18, 19]",[],[],,[],[],[],File not found,"[5, 7, 10, 11, 12, 13, 16, 17, 18]",[],[],,1.0,1.0,1.0,1.0,0.0,0.0,0.0,0.0,0.0,0.0,0.0,0.0,0.0,0.0,0.0,0.0,0.0,0.0,0.0,0.0,0.0,0.0,0.0,0.0,0.0,0.0,0.0,0.0,0.0,0.0,0.0,0.0,0.0,0.0,0.0,0.0,0.0,0.0,0.0,0.0,0.0,0.0,0.0,0.0,0,0.0,0.0,0.0,0.6666666666666665,0.8,0.6666666666666666,0.7333333333333334,0,0.0,0.0,0.0,0,,,1.0,,,0.30769230769230765,,
20,ER,3,"[6, 8, 18, 19]","[6, 8]","[18, 19]","[2, 3, 6, 8, 9, 12, 13, 15, 16, 17, 18, 19]","[6, 8, 18, 19]","[6, 8]","[18, 19]",,[],[],[],File not found with pattern: /data1/statduck/exp1_result_fans_swap/*nodes_20_ER_adj_3/*/fans_analysis/fans_*.json,[],[],[],File not found with pattern: /data1/statduck/exp1_result_fans_5000/*nodes_20_ER_adj_3/*/fans_analysis/fans_*.json,[],[],[],File not found with pattern: /data1/statduck/exp1_result_fans_10000/*nodes_20_ER_adj_3/*/fans_analysis/fans_*.json,[],[],[],File not found with pattern: /data1/statduck/exp1_result_fans_30000/*nodes_20_ER_adj_3/*/fans_analysis/fans_*.json,[],[],[],File not found with pattern: /data1/statduck/exp1_result_fans_100epochs/*nodes_20_ER_adj_3/*/fans_analysis/fans_*.json,[],[],[],File not found with pattern: /data1/statduck/exp1_result_fans_500epochs/*nodes_20_ER_adj_3/*/fans_analysis/fans_*.json,[],[],[],File not found with pattern: /data1/statduck/exp1_result_fans_dim8/*nodes_20_ER_adj_3/*/fans_analysis/fans_*.json,[],[],[],File not found with pattern: /data1/statduck/exp1_result_fans_dim16/*nodes_20_ER_adj_3/*/fans_analysis/fans_*.json,[],[],[],File not found with pattern: /data1/statduck/exp1_result_fans_anm/*nodes_20_ER_adj_3/*/fans_analysis/fans_*.json,[],[],[],File not found with pattern: /data1/statduck/exp1_result_fans_small/*nodes_20_ER_adj_3/*/fans_analysis/fans_*.json,"[6, 12, 15, 16, 17, 18, 19]","[6, 8, 18]",[19],,[],[],[],File not found,[],[],[],File not found,"[6, 8, 18, 19]",[],[],,[],[],[],File not found,"[2, 3, 6, 8, 9, 12, 16, 17, 18, 19]",[],[],,1.0,1.0,1.0,1.0,0.0,0.0,0.0,0.0,0.0,0.0,0.0,0.0,0.0,0.0,0.0,0.0,0.0,0.0,0.0,0.0,0.0,0.0,0.0,0.0,0.0,0.0,0.0,0.0,0.0,0.0,0.0,0.0,0.0,0.0,0.0,0.0,0.0,0.0,0.0,0.0,0.0,0.0,0.0,0.0,0,0.0,0.0,0.0,0.5454545454545454,0.8,0.6666666666666666,0.7333333333333334,0,0.0,0.0,0.0,0,,,1.0,,,0.5714285714285715,,
20,ER,4,"[5, 7, 8, 17]","[7, 8]","[5, 17]","[4, 5, 7, 8, 9, 11, 12, 13, 14, 16, 17, 19]","[5, 7, 8, 17]","[7, 8]","[5, 17]",,[],[],[],File not found with pattern: /data1/statduck/exp1_result_fans_swap/*nodes_20_ER_adj_4/*/fans_analysis/fans_*.json,[],[],[],File not found with pattern: /data1/statduck/exp1_result_fans_5000/*nodes_20_ER_adj_4/*/fans_analysis/fans_*.json,[],[],[],File not found with pattern: /data1/statduck/exp1_result_fans_10000/*nodes_20_ER_adj_4/*/fans_analysis/fans_*.json,[],[],[],File not found with pattern: /data1/statduck/exp1_result_fans_30000/*nodes_20_ER_adj_4/*/fans_analysis/fans_*.json,[],[],[],File not found with pattern: /data1/statduck/exp1_result_fans_100epochs/*nodes_20_ER_adj_4/*/fans_analysis/fans_*.json,[],[],[],File not found with pattern: /data1/statduck/exp1_result_fans_500epochs/*nodes_20_ER_adj_4/*/fans_analysis/fans_*.json,[],[],[],File not found with pattern: /data1/statduck/exp1_result_fans_dim8/*nodes_20_ER_adj_4/*/fans_analysis/fans_*.json,[],[],[],File not found with pattern: /data1/statduck/exp1_result_fans_dim16/*nodes_20_ER_adj_4/*/fans_analysis/fans_*.json,[],[],[],File not found with pattern: /data1/statduck/exp1_result_fans_anm/*nodes_20_ER_adj_4/*/fans_analysis/fans_*.json,[],[],[],File not found with pattern: /data1/statduck/exp1_result_fans_small/*nodes_20_ER_adj_4/*/fans_analysis/fans_*.json,"[4, 5, 8, 12, 13, 17]","[7, 8, 17]",[5],,[],[],[],File not found,[],[],[],File not found,"[5, 8, 17]",[],[],,[],[],[],File not found,"[4, 7, 8, 9, 11, 13, 16, 17, 19]",[],[],,1.0,1.0,1.0,1.0,0.0,0.0,0.0,0.0,0.0,0.0,0.0,0.0,0.0,0.0,0.0,0.0,0.0,0.0,0.0,0.0,0.0,0.0,0.0,0.0,0.0,0.0,0.0,0.0,0.0,0.0,0.0,0.0,0.0,0.0,0.0,0.0,0.0,0.0,0.0,0.0,0.0,0.0,0.0,0.0,0,0.0,0.0,0.0,0.6,0.8,0.6666666666666666,0.7333333333333334,0,0.0,0.0,0.0,0,,,0.8571428571428571,,,0.46153846153846156,,
20,ER,5,"[1, 8, 14, 18]","[1, 18]","[8, 14]","[1, 8, 9, 11, 12, 13, 14, 15, 16, 18, 19]","[1, 8, 14, 18]","[1, 18]","[8, 14]",,[],[],[],File not found with pattern: /data1/statduck/exp1_result_fans_swap/*nodes_20_ER_adj_5/*/fans_analysis/fans_*.json,[],[],[],File not found with pattern: /data1/statduck/exp1_result_fans_5000/*nodes_20_ER_adj_5/*/fans_analysis/fans_*.json,[],[],[],File not found with pattern: /data1/statduck/exp1_result_fans_10000/*nodes_20_ER_adj_5/*/fans_analysis/fans_*.json,[],[],[],File not found with pattern: /data1/statduck/exp1_result_fans_30000/*nodes_20_ER_adj_5/*/fans_analysis/fans_*.json,[],[],[],File not found with pattern: /data1/statduck/exp1_result_fans_100epochs/*nodes_20_ER_adj_5/*/fans_analysis/fans_*.json,[],[],[],File not found with pattern: /data1/statduck/exp1_result_fans_500epochs/*nodes_20_ER_adj_5/*/fans_analysis/fans_*.json,[],[],[],File not found with pattern: /data1/statduck/exp1_result_fans_dim8/*nodes_20_ER_adj_5/*/fans_analysis/fans_*.json,[],[],[],File not found with pattern: /data1/statduck/exp1_result_fans_dim16/*nodes_20_ER_adj_5/*/fans_analysis/fans_*.json,[],[],[],File not found with pattern: /data1/statduck/exp1_result_fans_anm/*nodes_20_ER_adj_5/*/fans_analysis/fans_*.json,[],[],[],File not found with pattern: /data1/statduck/exp1_result_fans_small/*nodes_20_ER_adj_5/*/fans_analysis/fans_*.json,[8],"[1, 14, 18]",[8],,[],[],[],File not found,[],[],[],File not found,"[1, 8, 14, 18]",[],[],,[],[],[],File not found,"[1, 8, 12, 14, 18]",[],[],,1.0,1.0,1.0,1.0,0.0,0.0,0.0,0.0,0.0,0.0,0.0,0.0,0.0,0.0,0.0,0.0,0.0,0.0,0.0,0.0,0.0,0.0,0.0,0.0,0.0,0.0,0.0,0.0,0.0,0.0,0.0,0.0,0.0,0.0,0.0,0.0,0.0,0.0,0.0,0.0,0.0,0.0,0.0,0.0,0,0.0,0.0,0.0,0.4,0.8,0.6666666666666666,0.7333333333333334,0,0.0,0.0,0.0,0,,,1.0,,,0.888888888888889,,
20,ER,6,"[8, 10, 12, 14]","[8, 12]","[10, 14]","[3, 5, 6, 8, 10, 12, 13, 14, 15, 16, 17, 19]","[8, 10, 12, 14]","[8, 12]","[10, 14]",,[],[],[],File not found with pattern: /data1/statduck/exp1_result_fans_swap/*nodes_20_ER_adj_6/*/fans_analysis/fans_*.json,[],[],[],File not found with pattern: /data1/statduck/exp1_result_fans_5000/*nodes_20_ER_adj_6/*/fans_analysis/fans_*.json,[],[],[],File not found with pattern: /data1/statduck/exp1_result_fans_10000/*nodes_20_ER_adj_6/*/fans_analysis/fans_*.json,[],[],[],File not found with pattern: /data1/statduck/exp1_result_fans_30000/*nodes_20_ER_adj_6/*/fans_analysis/fans_*.json,[],[],[],File not found with pattern: /data1/statduck/exp1_result_fans_100epochs/*nodes_20_ER_adj_6/*/fans_analysis/fans_*.json,[],[],[],File not found with pattern: /data1/statduck/exp1_result_fans_500epochs/*nodes_20_ER_adj_6/*/fans_analysis/fans_*.json,[],[],[],File not found with pattern: /data1/statduck/exp1_result_fans_dim8/*nodes_20_ER_adj_6/*/fans_analysis/fans_*.json,[],[],[],File not found with pattern: /data1/statduck/exp1_result_fans_dim16/*nodes_20_ER_adj_6/*/fans_analysis/fans_*.json,[],[],[],File not found with pattern: /data1/statduck/exp1_result_fans_anm/*nodes_20_ER_adj_6/*/fans_analysis/fans_*.json,[],[],[],File not found with pattern: /data1/statduck/exp1_result_fans_small/*nodes_20_ER_adj_6/*/fans_analysis/fans_*.json,"[10, 14, 16]","[8, 12]","[10, 14]",,[],[],[],File not found,[],[],[],File not found,"[8, 10, 12, 14]",[],[],,[],[],[],File not found,"[3, 5, 6, 8, 10, 12, 13, 14, 15, 16]",[],[],,1.0,1.0,1.0,1.0,0.0,0.0,0.0,0.0,0.0,0.0,0.0,0.0,0.0,0.0,0.0,0.0,0.0,0.0,0.0,0.0,0.0,0.0,0.0,0.0,0.0,0.0,0.0,0.0,0.0,0.0,0.0,0.0,0.0,0.0,0.0,0.0,0.0,0.0,0.0,0.0,0.0,0.0,0.0,0.0,0,0.0,0.0,0.0,0.5714285714285715,1.0,1.0,1.0,0,0.0,0.0,0.0,0,,,1.0,,,0.5714285714285715,,
20,ER,7,"[2, 14, 18, 19]","[18, 19]","[2, 14]","[2, 3, 5, 7, 9, 11, 12, 13, 14, 15, 16, 17, 18, 19]","[2, 14, 18, 19]","[18, 19]","[2, 14]",,[],[],[],File not found with pattern: /data1/statduck/exp1_result_fans_swap/*nodes_20_ER_adj_7/*/fans_analysis/fans_*.json,[],[],[],File not found with pattern: /data1/statduck/exp1_result_fans_5000/*nodes_20_ER_adj_7/*/fans_analysis/fans_*.json,[],[],[],File not found with pattern: /data1/statduck/exp1_result_fans_10000/*nodes_20_ER_adj_7/*/fans_analysis/fans_*.json,[],[],[],File not found with pattern: /data1/statduck/exp1_result_fans_30000/*nodes_20_ER_adj_7/*/fans_analysis/fans_*.json,[],[],[],File not found with pattern: /data1/statduck/exp1_result_fans_100epochs/*nodes_20_ER_adj_7/*/fans_analysis/fans_*.json,[],[],[],File not found with pattern: /data1/statduck/exp1_result_fans_500epochs/*nodes_20_ER_adj_7/*/fans_analysis/fans_*.json,[],[],[],File not found with pattern: /data1/statduck/exp1_result_fans_dim8/*nodes_20_ER_adj_7/*/fans_analysis/fans_*.json,[],[],[],File not found with pattern: /data1/statduck/exp1_result_fans_dim16/*nodes_20_ER_adj_7/*/fans_analysis/fans_*.json,[],[],[],File not found with pattern: /data1/statduck/exp1_result_fans_anm/*nodes_20_ER_adj_7/*/fans_analysis/fans_*.json,[],[],[],File not found with pattern: /data1/statduck/exp1_result_fans_small/*nodes_20_ER_adj_7/*/fans_analysis/fans_*.json,"[2, 7, 9, 12, 13, 14, 15, 17, 18, 19]","[2, 18, 19]",[14],,[],[],[],File not found,[],[],[],File not found,"[2, 14, 18, 19]",[],[],,[],[],[],File not found,"[2, 3, 5, 7, 9, 11, 12, 13, 14, 15, 16, 17, 18, 19]",[],[],,1.0,1.0,1.0,1.0,0.0,0.0,0.0,0.0,0.0,0.0,0.0,0.0,0.0,0.0,0.0,0.0,0.0,0.0,0.0,0.0,0.0,0.0,0.0,0.0,0.0,0.0,0.0,0.0,0.0,0.0,0.0,0.0,0.0,0.0,0.0,0.0,0.0,0.0,0.0,0.0,0.0,0.0,0.0,0.0,0,0.0,0.0,0.0,0.5714285714285715,0.8,0.6666666666666666,0.7333333333333334,0,0.0,0.0,0.0,0,,,1.0,,,0.4444444444444445,,
20,ER,8,"[8, 15, 16, 19]","[15, 16]","[8, 19]","[4, 5, 8, 9, 10, 11, 13, 14, 15, 16, 18, 19]","[8, 15, 16, 19]","[15, 16]","[8, 19]",,[],[],[],File not found with pattern: /data1/statduck/exp1_result_fans_swap/*nodes_20_ER_adj_8/*/fans_analysis/fans_*.json,[],[],[],File not found with pattern: /data1/statduck/exp1_result_fans_5000/*nodes_20_ER_adj_8/*/fans_analysis/fans_*.json,[],[],[],File not found with pattern: /data1/statduck/exp1_result_fans_10000/*nodes_20_ER_adj_8/*/fans_analysis/fans_*.json,[],[],[],File not found with pattern: /data1/statduck/exp1_result_fans_30000/*nodes_20_ER_adj_8/*/fans_analysis/fans_*.json,[],[],[],File not found with pattern: /data1/statduck/exp1_result_fans_100epochs/*nodes_20_ER_adj_8/*/fans_analysis/fans_*.json,[],[],[],File not found with pattern: /data1/statduck/exp1_result_fans_500epochs/*nodes_20_ER_adj_8/*/fans_analysis/fans_*.json,[],[],[],File not found with pattern: /data1/statduck/exp1_result_fans_dim8/*nodes_20_ER_adj_8/*/fans_analysis/fans_*.json,[],[],[],File not found with pattern: /data1/statduck/exp1_result_fans_dim16/*nodes_20_ER_adj_8/*/fans_analysis/fans_*.json,[],[],[],File not found with pattern: /data1/statduck/exp1_result_fans_anm/*nodes_20_ER_adj_8/*/fans_analysis/fans_*.json,[],[],[],File not found with pattern: /data1/statduck/exp1_result_fans_small/*nodes_20_ER_adj_8/*/fans_analysis/fans_*.json,"[8, 9, 10, 13, 14, 18, 19]","[8, 15, 16]",[19],,[],[],[],File not found,[],[],[],File not found,"[8, 15, 16, 19]",[],[],,[],[],[],File not found,"[4, 5, 8, 10, 13, 14, 15, 16]",[],[],,1.0,1.0,1.0,1.0,0.0,0.0,0.0,0.0,0.0,0.0,0.0,0.0,0.0,0.0,0.0,0.0,0.0,0.0,0.0,0.0,0.0,0.0,0.0,0.0,0.0,0.0,0.0,0.0,0.0,0.0,0.0,0.0,0.0,0.0,0.0,0.0,0.0,0.0,0.0,0.0,0.0,0.0,0.0,0.0,0,0.0,0.0,0.0,0.36363636363636365,0.8,0.6666666666666666,0.7333333333333334,0,0.0,0.0,0.0,0,,,1.0,,,0.5,,
20,ER,9,"[5, 9, 10, 13]","[9, 10]","[5, 13]","[4, 5, 7, 8, 9, 10, 12, 13, 15, 16, 17, 18, 19]","[5, 9, 10, 13]","[9, 10]","[5, 13]",,[],[],[],File not found with pattern: /data1/statduck/exp1_result_fans_swap/*nodes_20_ER_adj_9/*/fans_analysis/fans_*.json,[],[],[],File not found with pattern: /data1/statduck/exp1_result_fans_5000/*nodes_20_ER_adj_9/*/fans_analysis/fans_*.json,[],[],[],File not found with pattern: /data1/statduck/exp1_result_fans_10000/*nodes_20_ER_adj_9/*/fans_analysis/fans_*.json,[],[],[],File not found with pattern: /data1/statduck/exp1_result_fans_30000/*nodes_20_ER_adj_9/*/fans_analysis/fans_*.json,[],[],[],File not found with pattern: /data1/statduck/exp1_result_fans_100epochs/*nodes_20_ER_adj_9/*/fans_analysis/fans_*.json,[],[],[],File not found with pattern: /data1/statduck/exp1_result_fans_500epochs/*nodes_20_ER_adj_9/*/fans_analysis/fans_*.json,[],[],[],File not found with pattern: /data1/statduck/exp1_result_fans_dim8/*nodes_20_ER_adj_9/*/fans_analysis/fans_*.json,[],[],[],File not found with pattern: /data1/statduck/exp1_result_fans_dim16/*nodes_20_ER_adj_9/*/fans_analysis/fans_*.json,[],[],[],File not found with pattern: /data1/statduck/exp1_result_fans_anm/*nodes_20_ER_adj_9/*/fans_analysis/fans_*.json,[],[],[],File not found with pattern: /data1/statduck/exp1_result_fans_small/*nodes_20_ER_adj_9/*/fans_analysis/fans_*.json,"[4, 7, 8, 18]","[5, 9, 10]",[13],,[],[],[],File not found,[],[],[],File not found,"[5, 9, 10, 13]",[],[],,[],[],[],File not found,"[4, 5, 7, 8, 10, 12, 13, 16, 17]",[],[],,1.0,1.0,1.0,1.0,0.0,0.0,0.0,0.0,0.0,0.0,0.0,0.0,0.0,0.0,0.0,0.0,0.0,0.0,0.0,0.0,0.0,0.0,0.0,0.0,0.0,0.0,0.0,0.0,0.0,0.0,0.0,0.0,0.0,0.0,0.0,0.0,0.0,0.0,0.0,0.0,0.0,0.0,0.0,0.0,0,0.0,0.0,0.0,0.0,0.8,0.6666666666666666,0.7333333333333334,0,0.0,0.0,0.0,0,,,1.0,,,0.46153846153846156,,
20,ER,10,"[5, 15, 16, 17]","[15, 17]","[5, 16]","[5, 7, 8, 10, 12, 13, 14, 15, 16, 17, 18, 19]","[5, 15, 16, 17]","[15, 17]","[5, 16]",,[],[],[],File not found with pattern: /data1/statduck/exp1_result_fans_swap/*nodes_20_ER_adj_10/*/fans_analysis/fans_*.json,[],[],[],File not found with pattern: /data1/statduck/exp1_result_fans_5000/*nodes_20_ER_adj_10/*/fans_analysis/fans_*.json,[],[],[],File not found with pattern: /data1/statduck/exp1_result_fans_10000/*nodes_20_ER_adj_10/*/fans_analysis/fans_*.json,[],[],[],File not found with pattern: /data1/statduck/exp1_result_fans_30000/*nodes_20_ER_adj_10/*/fans_analysis/fans_*.json,[],[],[],File not found with pattern: /data1/statduck/exp1_result_fans_100epochs/*nodes_20_ER_adj_10/*/fans_analysis/fans_*.json,[],[],[],File not found with pattern: /data1/statduck/exp1_result_fans_500epochs/*nodes_20_ER_adj_10/*/fans_analysis/fans_*.json,[],[],[],File not found with pattern: /data1/statduck/exp1_result_fans_dim8/*nodes_20_ER_adj_10/*/fans_analysis/fans_*.json,[],[],[],File not found with pattern: /data1/statduck/exp1_result_fans_dim16/*nodes_20_ER_adj_10/*/fans_analysis/fans_*.json,[],[],[],File not found with pattern: /data1/statduck/exp1_result_fans_anm/*nodes_20_ER_adj_10/*/fans_analysis/fans_*.json,[],[],[],File not found with pattern: /data1/statduck/exp1_result_fans_small/*nodes_20_ER_adj_10/*/fans_analysis/fans_*.json,"[12, 13, 14, 16, 17]","[15, 17]","[5, 16]",,[],[],[],File not found,[],[],[],File not found,"[5, 15, 16, 17, 18]",[],[],,[],[],[],File not found,"[7, 10, 13, 19]",[],[],,1.0,1.0,1.0,1.0,0.0,0.0,0.0,0.0,0.0,0.0,0.0,0.0,0.0,0.0,0.0,0.0,0.0,0.0,0.0,0.0,0.0,0.0,0.0,0.0,0.0,0.0,0.0,0.0,0.0,0.0,0.0,0.0,0.0,0.0,0.0,0.0,0.0,0.0,0.0,0.0,0.0,0.0,0.0,0.0,0,0.0,0.0,0.0,0.4444444444444445,1.0,1.0,1.0,0,0.0,0.0,0.0,0,,,0.888888888888889,,,0.0,,
20,ER,11,"[5, 6, 11, 17]","[6, 17]","[5, 11]","[3, 4, 5, 6, 9, 10, 11, 12, 13, 14, 15, 16, 17, 18, 19]","[5, 6, 11, 17]","[6, 17]","[5, 11]",,[],[],[],File not found with pattern: /data1/statduck/exp1_result_fans_swap/*nodes_20_ER_adj_11/*/fans_analysis/fans_*.json,[],[],[],File not found with pattern: /data1/statduck/exp1_result_fans_5000/*nodes_20_ER_adj_11/*/fans_analysis/fans_*.json,[],[],[],File not found with pattern: /data1/statduck/exp1_result_fans_10000/*nodes_20_ER_adj_11/*/fans_analysis/fans_*.json,[],[],[],File not found with pattern: /data1/statduck/exp1_result_fans_30000/*nodes_20_ER_adj_11/*/fans_analysis/fans_*.json,[],[],[],File not found with pattern: /data1/statduck/exp1_result_fans_100epochs/*nodes_20_ER_adj_11/*/fans_analysis/fans_*.json,[],[],[],File not found with pattern: /data1/statduck/exp1_result_fans_500epochs/*nodes_20_ER_adj_11/*/fans_analysis/fans_*.json,[],[],[],File not found with pattern: /data1/statduck/exp1_result_fans_dim8/*nodes_20_ER_adj_11/*/fans_analysis/fans_*.json,[],[],[],File not found with pattern: /data1/statduck/exp1_result_fans_dim16/*nodes_20_ER_adj_11/*/fans_analysis/fans_*.json,[],[],[],File not found with pattern: /data1/statduck/exp1_result_fans_anm/*nodes_20_ER_adj_11/*/fans_analysis/fans_*.json,[],[],[],File not found with pattern: /data1/statduck/exp1_result_fans_small/*nodes_20_ER_adj_11/*/fans_analysis/fans_*.json,"[4, 5, 6, 12, 13, 15, 16, 17, 18, 19]","[6, 11, 17]",[5],,[],[],[],File not found,[],[],[],File not found,"[5, 6, 11, 17]",[],[],,[],[],[],File not found,"[3, 4, 6, 9, 10, 11, 12, 13, 14, 15, 17, 19]",[],[],,1.0,1.0,1.0,1.0,0.0,0.0,0.0,0.0,0.0,0.0,0.0,0.0,0.0,0.0,0.0,0.0,0.0,0.0,0.0,0.0,0.0,0.0,0.0,0.0,0.0,0.0,0.0,0.0,0.0,0.0,0.0,0.0,0.0,0.0,0.0,0.0,0.0,0.0,0.0,0.0,0.0,0.0,0.0,0.0,0,0.0,0.0,0.0,0.4285714285714285,0.8,0.6666666666666666,0.7333333333333334,0,0.0,0.0,0.0,0,,,1.0,,,0.375,,
20,ER,12,"[10, 11, 15, 16]","[10, 11]","[15, 16]","[2, 3, 9, 10, 11, 12, 13, 14, 15, 16, 18, 19]","[10, 11, 15, 16]","[10, 11]","[15, 16]",,[],[],[],File not found with pattern: /data1/statduck/exp1_result_fans_swap/*nodes_20_ER_adj_12/*/fans_analysis/fans_*.json,[],[],[],File not found with pattern: /data1/statduck/exp1_result_fans_5000/*nodes_20_ER_adj_12/*/fans_analysis/fans_*.json,[],[],[],File not found with pattern: /data1/statduck/exp1_result_fans_10000/*nodes_20_ER_adj_12/*/fans_analysis/fans_*.json,[],[],[],File not found with pattern: /data1/statduck/exp1_result_fans_30000/*nodes_20_ER_adj_12/*/fans_analysis/fans_*.json,[],[],[],File not found with pattern: /data1/statduck/exp1_result_fans_100epochs/*nodes_20_ER_adj_12/*/fans_analysis/fans_*.json,[],[],[],File not found with pattern: /data1/statduck/exp1_result_fans_500epochs/*nodes_20_ER_adj_12/*/fans_analysis/fans_*.json,[],[],[],File not found with pattern: /data1/statduck/exp1_result_fans_dim8/*nodes_20_ER_adj_12/*/fans_analysis/fans_*.json,[],[],[],File not found with pattern: /data1/statduck/exp1_result_fans_dim16/*nodes_20_ER_adj_12/*/fans_analysis/fans_*.json,[],[],[],File not found with pattern: /data1/statduck/exp1_result_fans_anm/*nodes_20_ER_adj_12/*/fans_analysis/fans_*.json,[],[],[],File not found with pattern: /data1/statduck/exp1_result_fans_small/*nodes_20_ER_adj_12/*/fans_analysis/fans_*.json,"[2, 10, 13, 15, 16, 18, 19]","[10, 11, 15, 16]",[],,[],[],[],File not found,[],[],[],File not found,"[10, 11, 15, 16]",[],[],,[],[],[],File not found,"[2, 3, 9, 10, 11, 12, 14, 16, 18, 19]",[],[],,1.0,1.0,1.0,1.0,0.0,0.0,0.0,0.0,0.0,0.0,0.0,0.0,0.0,0.0,0.0,0.0,0.0,0.0,0.0,0.0,0.0,0.0,0.0,0.0,0.0,0.0,0.0,0.0,0.0,0.0,0.0,0.0,0.0,0.0,0.0,0.0,0.0,0.0,0.0,0.0,0.0,0.0,0.0,0.0,0,0.0,0.0,0.0,0.5454545454545454,0.6666666666666666,0.0,0.3333333333333333,0,0.0,0.0,0.0,0,,,1.0,,,0.4285714285714285,,
20,ER,13,"[7, 12, 15, 17]","[15, 17]","[7, 12]","[6, 7, 8, 9, 11, 12, 14, 15, 16, 17, 18, 19]","[7, 12, 15, 17]","[15, 17]","[7, 12]",,[],[],[],File not found with pattern: /data1/statduck/exp1_result_fans_swap/*nodes_20_ER_adj_13/*/fans_analysis/fans_*.json,[],[],[],File not found with pattern: /data1/statduck/exp1_result_fans_5000/*nodes_20_ER_adj_13/*/fans_analysis/fans_*.json,[],[],[],File not found with pattern: /data1/statduck/exp1_result_fans_10000/*nodes_20_ER_adj_13/*/fans_analysis/fans_*.json,[],[],[],File not found with pattern: /data1/statduck/exp1_result_fans_30000/*nodes_20_ER_adj_13/*/fans_analysis/fans_*.json,[],[],[],File not found with pattern: /data1/statduck/exp1_result_fans_100epochs/*nodes_20_ER_adj_13/*/fans_analysis/fans_*.json,[],[],[],File not found with pattern: /data1/statduck/exp1_result_fans_500epochs/*nodes_20_ER_adj_13/*/fans_analysis/fans_*.json,[],[],[],File not found with pattern: /data1/statduck/exp1_result_fans_dim8/*nodes_20_ER_adj_13/*/fans_analysis/fans_*.json,[],[],[],File not found with pattern: /data1/statduck/exp1_result_fans_dim16/*nodes_20_ER_adj_13/*/fans_analysis/fans_*.json,[],[],[],File not found with pattern: /data1/statduck/exp1_result_fans_anm/*nodes_20_ER_adj_13/*/fans_analysis/fans_*.json,[],[],[],File not found with pattern: /data1/statduck/exp1_result_fans_small/*nodes_20_ER_adj_13/*/fans_analysis/fans_*.json,"[8, 12, 14, 15, 17, 19]","[7, 15, 17]",[12],,[],[],[],File not found,[],[],[],File not found,"[7, 12, 15, 17]",[],[],,[],[],[],File not found,"[6, 7, 8, 9, 11, 12, 14, 15, 16, 17, 18, 19]",[],[],,1.0,1.0,1.0,1.0,0.0,0.0,0.0,0.0,0.0,0.0,0.0,0.0,0.0,0.0,0.0,0.0,0.0,0.0,0.0,0.0,0.0,0.0,0.0,0.0,0.0,0.0,0.0,0.0,0.0,0.0,0.0,0.0,0.0,0.0,0.0,0.0,0.0,0.0,0.0,0.0,0.0,0.0,0.0,0.0,0,0.0,0.0,0.0,0.6,0.8,0.6666666666666666,0.7333333333333334,0,0.0,0.0,0.0,0,,,1.0,,,0.5,,
20,ER,14,"[8, 12, 13, 14]","[12, 13]","[8, 14]","[5, 8, 10, 11, 12, 13, 14, 16, 17, 19]","[8, 12, 13, 14]","[12, 13]","[8, 14]",,[],[],[],File not found with pattern: /data1/statduck/exp1_result_fans_swap/*nodes_20_ER_adj_14/*/fans_analysis/fans_*.json,[],[],[],File not found with pattern: /data1/statduck/exp1_result_fans_5000/*nodes_20_ER_adj_14/*/fans_analysis/fans_*.json,[],[],[],File not found with pattern: /data1/statduck/exp1_result_fans_10000/*nodes_20_ER_adj_14/*/fans_analysis/fans_*.json,[],[],[],File not found with pattern: /data1/statduck/exp1_result_fans_30000/*nodes_20_ER_adj_14/*/fans_analysis/fans_*.json,[],[],[],File not found with pattern: /data1/statduck/exp1_result_fans_100epochs/*nodes_20_ER_adj_14/*/fans_analysis/fans_*.json,[],[],[],File not found with pattern: /data1/statduck/exp1_result_fans_500epochs/*nodes_20_ER_adj_14/*/fans_analysis/fans_*.json,[],[],[],File not found with pattern: /data1/statduck/exp1_result_fans_dim8/*nodes_20_ER_adj_14/*/fans_analysis/fans_*.json,[],[],[],File not found with pattern: /data1/statduck/exp1_result_fans_dim16/*nodes_20_ER_adj_14/*/fans_analysis/fans_*.json,[],[],[],File not found with pattern: /data1/statduck/exp1_result_fans_anm/*nodes_20_ER_adj_14/*/fans_analysis/fans_*.json,[],[],[],File not found with pattern: /data1/statduck/exp1_result_fans_small/*nodes_20_ER_adj_14/*/fans_analysis/fans_*.json,"[5, 8, 10, 13, 14]","[8, 12, 13, 14]",[],,[],[],[],File not found,[],[],[],File not found,"[8, 12, 13, 14, 17]",[],[],,[],[],[],File not found,"[5, 8, 10, 11, 12, 13, 14, 16, 19]",[],[],,1.0,1.0,1.0,1.0,0.0,0.0,0.0,0.0,0.0,0.0,0.0,0.0,0.0,0.0,0.0,0.0,0.0,0.0,0.0,0.0,0.0,0.0,0.0,0.0,0.0,0.0,0.0,0.0,0.0,0.0,0.0,0.0,0.0,0.0,0.0,0.0,0.0,0.0,0.0,0.0,0.0,0.0,0.0,0.0,0,0.0,0.0,0.0,0.6666666666666665,0.6666666666666666,0.0,0.3333333333333333,0,0.0,0.0,0.0,0,,,0.888888888888889,,,0.6153846153846153,,
20,ER,15,"[3, 12, 15, 19]","[15, 19]","[3, 12]","[3, 4, 10, 11, 12, 13, 14, 15, 16, 17, 18, 19]","[3, 12, 15, 19]","[15, 19]","[3, 12]",,[],[],[],File not found with pattern: /data1/statduck/exp1_result_fans_swap/*nodes_20_ER_adj_15/*/fans_analysis/fans_*.json,[],[],[],File not found with pattern: /data1/statduck/exp1_result_fans_5000/*nodes_20_ER_adj_15/*/fans_analysis/fans_*.json,[],[],[],File not found with pattern: /data1/statduck/exp1_result_fans_10000/*nodes_20_ER_adj_15/*/fans_analysis/fans_*.json,[],[],[],File not found with pattern: /data1/statduck/exp1_result_fans_30000/*nodes_20_ER_adj_15/*/fans_analysis/fans_*.json,[],[],[],File not found with pattern: /data1/statduck/exp1_result_fans_100epochs/*nodes_20_ER_adj_15/*/fans_analysis/fans_*.json,[],[],[],File not found with pattern: /data1/statduck/exp1_result_fans_500epochs/*nodes_20_ER_adj_15/*/fans_analysis/fans_*.json,[],[],[],File not found with pattern: /data1/statduck/exp1_result_fans_dim8/*nodes_20_ER_adj_15/*/fans_analysis/fans_*.json,[],[],[],File not found with pattern: /data1/statduck/exp1_result_fans_dim16/*nodes_20_ER_adj_15/*/fans_analysis/fans_*.json,[],[],[],File not found with pattern: /data1/statduck/exp1_result_fans_anm/*nodes_20_ER_adj_15/*/fans_analysis/fans_*.json,[],[],[],File not found with pattern: /data1/statduck/exp1_result_fans_small/*nodes_20_ER_adj_15/*/fans_analysis/fans_*.json,[15],"[12, 15, 19]",[3],,[],[],[],File not found,[],[],[],File not found,"[3, 12, 15, 19]",[],[],,[],[],[],File not found,"[3, 4, 10, 12, 14, 15, 17, 19]",[],[],,1.0,1.0,1.0,1.0,0.0,0.0,0.0,0.0,0.0,0.0,0.0,0.0,0.0,0.0,0.0,0.0,0.0,0.0,0.0,0.0,0.0,0.0,0.0,0.0,0.0,0.0,0.0,0.0,0.0,0.0,0.0,0.0,0.0,0.0,0.0,0.0,0.0,0.0,0.0,0.0,0.0,0.0,0.0,0.0,0,0.0,0.0,0.0,0.4,0.8,0.6666666666666666,0.7333333333333334,0,0.0,0.0,0.0,0,,,1.0,,,0.6666666666666666,,
20,ER,16,"[9, 11, 13, 17]","[9, 11]","[13, 17]","[6, 7, 9, 10, 11, 12, 13, 15, 16, 17, 19]","[9, 11, 13, 17]","[9, 11]","[13, 17]",,[],[],[],File not found with pattern: /data1/statduck/exp1_result_fans_swap/*nodes_20_ER_adj_16/*/fans_analysis/fans_*.json,[],[],[],File not found with pattern: /data1/statduck/exp1_result_fans_5000/*nodes_20_ER_adj_16/*/fans_analysis/fans_*.json,[],[],[],File not found with pattern: /data1/statduck/exp1_result_fans_10000/*nodes_20_ER_adj_16/*/fans_analysis/fans_*.json,[],[],[],File not found with pattern: /data1/statduck/exp1_result_fans_30000/*nodes_20_ER_adj_16/*/fans_analysis/fans_*.json,[],[],[],File not found with pattern: /data1/statduck/exp1_result_fans_100epochs/*nodes_20_ER_adj_16/*/fans_analysis/fans_*.json,[],[],[],File not found with pattern: /data1/statduck/exp1_result_fans_500epochs/*nodes_20_ER_adj_16/*/fans_analysis/fans_*.json,[],[],[],File not found with pattern: /data1/statduck/exp1_result_fans_dim8/*nodes_20_ER_adj_16/*/fans_analysis/fans_*.json,[],[],[],File not found with pattern: /data1/statduck/exp1_result_fans_dim16/*nodes_20_ER_adj_16/*/fans_analysis/fans_*.json,[],[],[],File not found with pattern: /data1/statduck/exp1_result_fans_anm/*nodes_20_ER_adj_16/*/fans_analysis/fans_*.json,[],[],[],File not found with pattern: /data1/statduck/exp1_result_fans_small/*nodes_20_ER_adj_16/*/fans_analysis/fans_*.json,"[9, 11, 12, 13, 17]","[9, 11, 13]",[17],,[],[],[],File not found,[],[],[],File not found,"[9, 11, 13, 17]",[],[],,[],[],[],File not found,"[6, 7, 9, 10, 11, 19]",[],[],,1.0,1.0,1.0,1.0,0.0,0.0,0.0,0.0,0.0,0.0,0.0,0.0,0.0,0.0,0.0,0.0,0.0,0.0,0.0,0.0,0.0,0.0,0.0,0.0,0.0,0.0,0.0,0.0,0.0,0.0,0.0,0.0,0.0,0.0,0.0,0.0,0.0,0.0,0.0,0.0,0.0,0.0,0.0,0.0,0,0.0,0.0,0.0,0.888888888888889,0.8,0.6666666666666666,0.7333333333333334,0,0.0,0.0,0.0,0,,,1.0,,,0.4,,
20,ER,17,"[12, 13, 14, 15]","[14, 15]","[12, 13]","[5, 8, 9, 10, 11, 12, 13, 14, 15, 18, 19]","[12, 13, 14, 15]","[14, 15]","[12, 13]",,[],[],[],File not found with pattern: /data1/statduck/exp1_result_fans_swap/*nodes_20_ER_adj_17/*/fans_analysis/fans_*.json,[],[],[],File not found with pattern: /data1/statduck/exp1_result_fans_5000/*nodes_20_ER_adj_17/*/fans_analysis/fans_*.json,[],[],[],File not found with pattern: /data1/statduck/exp1_result_fans_10000/*nodes_20_ER_adj_17/*/fans_analysis/fans_*.json,[],[],[],File not found with pattern: /data1/statduck/exp1_result_fans_30000/*nodes_20_ER_adj_17/*/fans_analysis/fans_*.json,[],[],[],File not found with pattern: /data1/statduck/exp1_result_fans_100epochs/*nodes_20_ER_adj_17/*/fans_analysis/fans_*.json,[],[],[],File not found with pattern: /data1/statduck/exp1_result_fans_500epochs/*nodes_20_ER_adj_17/*/fans_analysis/fans_*.json,[],[],[],File not found with pattern: /data1/statduck/exp1_result_fans_dim8/*nodes_20_ER_adj_17/*/fans_analysis/fans_*.json,[],[],[],File not found with pattern: /data1/statduck/exp1_result_fans_dim16/*nodes_20_ER_adj_17/*/fans_analysis/fans_*.json,[],[],[],File not found with pattern: /data1/statduck/exp1_result_fans_anm/*nodes_20_ER_adj_17/*/fans_analysis/fans_*.json,[],[],[],File not found with pattern: /data1/statduck/exp1_result_fans_small/*nodes_20_ER_adj_17/*/fans_analysis/fans_*.json,"[9, 13, 15, 19]","[12, 13, 14, 15]",[],,[],[],[],File not found,[],[],[],File not found,"[12, 13, 14, 15]",[],[],,[],[],[],File not found,"[5, 8, 9, 10, 11, 14, 15, 19]",[],[],,1.0,1.0,1.0,1.0,0.0,0.0,0.0,0.0,0.0,0.0,0.0,0.0,0.0,0.0,0.0,0.0,0.0,0.0,0.0,0.0,0.0,0.0,0.0,0.0,0.0,0.0,0.0,0.0,0.0,0.0,0.0,0.0,0.0,0.0,0.0,0.0,0.0,0.0,0.0,0.0,0.0,0.0,0.0,0.0,0,0.0,0.0,0.0,0.5,0.6666666666666666,0.0,0.3333333333333333,0,0.0,0.0,0.0,0,,,1.0,,,0.3333333333333333,,
20,ER,18,"[6, 8, 15, 17]","[6, 8]","[15, 17]","[5, 6, 7, 8, 9, 11, 12, 13, 14, 15, 16, 17, 18, 19]","[6, 8, 15, 17]","[6, 8]","[15, 17]",,[],[],[],File not found with pattern: /data1/statduck/exp1_result_fans_swap/*nodes_20_ER_adj_18/*/fans_analysis/fans_*.json,[],[],[],File not found with pattern: /data1/statduck/exp1_result_fans_5000/*nodes_20_ER_adj_18/*/fans_analysis/fans_*.json,[],[],[],File not found with pattern: /data1/statduck/exp1_result_fans_10000/*nodes_20_ER_adj_18/*/fans_analysis/fans_*.json,[],[],[],File not found with pattern: /data1/statduck/exp1_result_fans_30000/*nodes_20_ER_adj_18/*/fans_analysis/fans_*.json,[],[],[],File not found with pattern: /data1/statduck/exp1_result_fans_100epochs/*nodes_20_ER_adj_18/*/fans_analysis/fans_*.json,[],[],[],File not found with pattern: /data1/statduck/exp1_result_fans_500epochs/*nodes_20_ER_adj_18/*/fans_analysis/fans_*.json,[],[],[],File not found with pattern: /data1/statduck/exp1_result_fans_dim8/*nodes_20_ER_adj_18/*/fans_analysis/fans_*.json,[],[],[],File not found with pattern: /data1/statduck/exp1_result_fans_dim16/*nodes_20_ER_adj_18/*/fans_analysis/fans_*.json,[],[],[],File not found with pattern: /data1/statduck/exp1_result_fans_anm/*nodes_20_ER_adj_18/*/fans_analysis/fans_*.json,[],[],[],File not found with pattern: /data1/statduck/exp1_result_fans_small/*nodes_20_ER_adj_18/*/fans_analysis/fans_*.json,"[5, 6, 7, 8, 12, 13, 14, 15, 17]","[6, 8]","[15, 17]",,[],[],[],File not found,[],[],[],File not found,"[6, 8, 15, 17]",[],[],,[],[],[],File not found,"[5, 6, 8, 9, 11, 12, 13, 14, 16, 17, 19]",[],[],,1.0,1.0,1.0,1.0,0.0,0.0,0.0,0.0,0.0,0.0,0.0,0.0,0.0,0.0,0.0,0.0,0.0,0.0,0.0,0.0,0.0,0.0,0.0,0.0,0.0,0.0,0.0,0.0,0.0,0.0,0.0,0.0,0.0,0.0,0.0,0.0,0.0,0.0,0.0,0.0,0.0,0.0,0.0,0.0,0,0.0,0.0,0.0,0.6153846153846153,1.0,1.0,1.0,0,0.0,0.0,0.0,0,,,1.0,,,0.39999999999999997,,
20,ER,19,"[7, 13, 14, 18]","[7, 14]","[13, 18]","[5, 6, 7, 10, 12, 13, 14, 15, 16, 17, 18, 19]","[7, 13, 14, 18]","[7, 14]","[13, 18]",,[],[],[],File not found with pattern: /data1/statduck/exp1_result_fans_swap/*nodes_20_ER_adj_19/*/fans_analysis/fans_*.json,[],[],[],File not found with pattern: /data1/statduck/exp1_result_fans_5000/*nodes_20_ER_adj_19/*/fans_analysis/fans_*.json,[],[],[],File not found with pattern: /data1/statduck/exp1_result_fans_10000/*nodes_20_ER_adj_19/*/fans_analysis/fans_*.json,[],[],[],File not found with pattern: /data1/statduck/exp1_result_fans_30000/*nodes_20_ER_adj_19/*/fans_analysis/fans_*.json,[],[],[],File not found with pattern: /data1/statduck/exp1_result_fans_100epochs/*nodes_20_ER_adj_19/*/fans_analysis/fans_*.json,[],[],[],File not found with pattern: /data1/statduck/exp1_result_fans_500epochs/*nodes_20_ER_adj_19/*/fans_analysis/fans_*.json,[],[],[],File not found with pattern: /data1/statduck/exp1_result_fans_dim8/*nodes_20_ER_adj_19/*/fans_analysis/fans_*.json,[],[],[],File not found with pattern: /data1/statduck/exp1_result_fans_dim16/*nodes_20_ER_adj_19/*/fans_analysis/fans_*.json,[],[],[],File not found with pattern: /data1/statduck/exp1_result_fans_anm/*nodes_20_ER_adj_19/*/fans_analysis/fans_*.json,[],[],[],File not found with pattern: /data1/statduck/exp1_result_fans_small/*nodes_20_ER_adj_19/*/fans_analysis/fans_*.json,[],"[7, 13, 14, 18]",[],,[],[],[],File not found,[],[],[],File not found,"[7, 13, 14, 18]",[],[],,[],[],[],File not found,"[5, 7, 10, 12, 13, 14, 15, 16, 17]",[],[],,1.0,1.0,1.0,1.0,0.0,0.0,0.0,0.0,0.0,0.0,0.0,0.0,0.0,0.0,0.0,0.0,0.0,0.0,0.0,0.0,0.0,0.0,0.0,0.0,0.0,0.0,0.0,0.0,0.0,0.0,0.0,0.0,0.0,0.0,0.0,0.0,0.0,0.0,0.0,0.0,0.0,0.0,0.0,0.0,0,0.0,0.0,0.0,0.0,0.6666666666666666,0.0,0.3333333333333333,0,0.0,0.0,0.0,0,,,1.0,,,0.46153846153846156,,
20,ER,20,"[3, 7, 17, 18]","[17, 18]","[3, 7]","[3, 5, 6, 7, 9, 10, 11, 12, 16, 17, 18]","[3, 7, 17, 18]",[18],"[3, 7, 17]",,[],[],[],File not found with pattern: /data1/statduck/exp1_result_fans_swap/*nodes_20_ER_adj_20/*/fans_analysis/fans_*.json,[],[],[],File not found with pattern: /data1/statduck/exp1_result_fans_5000/*nodes_20_ER_adj_20/*/fans_analysis/fans_*.json,[],[],[],File not found with pattern: /data1/statduck/exp1_result_fans_10000/*nodes_20_ER_adj_20/*/fans_analysis/fans_*.json,[],[],[],File not found with pattern: /data1/statduck/exp1_result_fans_30000/*nodes_20_ER_adj_20/*/fans_analysis/fans_*.json,[],[],[],File not found with pattern: /data1/statduck/exp1_result_fans_100epochs/*nodes_20_ER_adj_20/*/fans_analysis/fans_*.json,[],[],[],File not found with pattern: /data1/statduck/exp1_result_fans_500epochs/*nodes_20_ER_adj_20/*/fans_analysis/fans_*.json,[],[],[],File not found with pattern: /data1/statduck/exp1_result_fans_dim8/*nodes_20_ER_adj_20/*/fans_analysis/fans_*.json,[],[],[],File not found with pattern: /data1/statduck/exp1_result_fans_dim16/*nodes_20_ER_adj_20/*/fans_analysis/fans_*.json,[],[],[],File not found with pattern: /data1/statduck/exp1_result_fans_anm/*nodes_20_ER_adj_20/*/fans_analysis/fans_*.json,[],[],[],File not found with pattern: /data1/statduck/exp1_result_fans_small/*nodes_20_ER_adj_20/*/fans_analysis/fans_*.json,[16],"[3, 7, 17, 18]",[],,[],[],[],File not found,[],[],[],File not found,"[3, 7, 17, 18]",[],[],,[],[],[],File not found,"[3, 6, 7, 9, 10, 11, 12, 16, 17, 18]",[],[],,1.0,0.6666666666666666,0.8,0.7333333333333334,0.0,0.0,0.0,0.0,0.0,0.0,0.0,0.0,0.0,0.0,0.0,0.0,0.0,0.0,0.0,0.0,0.0,0.0,0.0,0.0,0.0,0.0,0.0,0.0,0.0,0.0,0.0,0.0,0.0,0.0,0.0,0.0,0.0,0.0,0.0,0.0,0.0,0.0,0.0,0.0,0,0.0,0.0,0.0,0.0,0.6666666666666666,0.0,0.3333333333333333,0,0.0,0.0,0.0,0,,,1.0,,,0.5714285714285715,,
20,ER,21,"[9, 13, 14, 18]","[9, 13, 14, 18]",[],"[3, 6, 7, 8, 9, 10, 12, 13, 14, 15, 16, 17, 18, 19]","[9, 13, 14, 18]","[9, 13, 14, 18]",[],,[],[],[],File not found with pattern: /data1/statduck/exp1_result_fans_swap/*nodes_20_ER_adj_21/*/fans_analysis/fans_*.json,[],[],[],File not found with pattern: /data1/statduck/exp1_result_fans_5000/*nodes_20_ER_adj_21/*/fans_analysis/fans_*.json,[],[],[],File not found with pattern: /data1/statduck/exp1_result_fans_10000/*nodes_20_ER_adj_21/*/fans_analysis/fans_*.json,[],[],[],File not found with pattern: /data1/statduck/exp1_result_fans_30000/*nodes_20_ER_adj_21/*/fans_analysis/fans_*.json,[],[],[],File not found with pattern: /data1/statduck/exp1_result_fans_100epochs/*nodes_20_ER_adj_21/*/fans_analysis/fans_*.json,[],[],[],File not found with pattern: /data1/statduck/exp1_result_fans_500epochs/*nodes_20_ER_adj_21/*/fans_analysis/fans_*.json,[],[],[],File not found with pattern: /data1/statduck/exp1_result_fans_dim8/*nodes_20_ER_adj_21/*/fans_analysis/fans_*.json,[],[],[],File not found with pattern: /data1/statduck/exp1_result_fans_dim16/*nodes_20_ER_adj_21/*/fans_analysis/fans_*.json,[],[],[],File not found with pattern: /data1/statduck/exp1_result_fans_anm/*nodes_20_ER_adj_21/*/fans_analysis/fans_*.json,[],[],[],File not found with pattern: /data1/statduck/exp1_result_fans_small/*nodes_20_ER_adj_21/*/fans_analysis/fans_*.json,"[8, 9, 12, 13, 14, 16, 17, 18, 19]","[9, 13, 14, 18]",[],,[],[],[],File not found,[],[],[],File not found,"[9, 13, 14, 18]",[],[],,[],[],[],File not found,"[3, 7, 10, 12, 13, 14, 15, 16, 18, 19]",[],[],,1.0,1.0,0.0,1.0,0.0,0.0,0.0,0.0,0.0,0.0,0.0,0.0,0.0,0.0,0.0,0.0,0.0,0.0,0.0,0.0,0.0,0.0,0.0,0.0,0.0,0.0,0.0,0.0,0.0,0.0,0.0,0.0,0.0,0.0,0.0,0.0,0.0,0.0,0.0,0.0,0.0,0.0,0.0,0.0,0,0.0,0.0,0.0,0.6153846153846153,1.0,0.0,1.0,0,0.0,0.0,0.0,0,,,1.0,,,0.4285714285714285,,
20,ER,22,"[6, 13, 14, 16]","[6, 13, 14, 16]",[],"[6, 8, 10, 12, 13, 14, 15, 16, 18, 19]","[6, 13, 14, 16]","[6, 13, 14, 16]",[],,[],[],[],File not found with pattern: /data1/statduck/exp1_result_fans_swap/*nodes_20_ER_adj_22/*/fans_analysis/fans_*.json,[],[],[],File not found with pattern: /data1/statduck/exp1_result_fans_5000/*nodes_20_ER_adj_22/*/fans_analysis/fans_*.json,[],[],[],File not found with pattern: /data1/statduck/exp1_result_fans_10000/*nodes_20_ER_adj_22/*/fans_analysis/fans_*.json,[],[],[],File not found with pattern: /data1/statduck/exp1_result_fans_30000/*nodes_20_ER_adj_22/*/fans_analysis/fans_*.json,[],[],[],File not found with pattern: /data1/statduck/exp1_result_fans_100epochs/*nodes_20_ER_adj_22/*/fans_analysis/fans_*.json,[],[],[],File not found with pattern: /data1/statduck/exp1_result_fans_500epochs/*nodes_20_ER_adj_22/*/fans_analysis/fans_*.json,[],[],[],File not found with pattern: /data1/statduck/exp1_result_fans_dim8/*nodes_20_ER_adj_22/*/fans_analysis/fans_*.json,[],[],[],File not found with pattern: /data1/statduck/exp1_result_fans_dim16/*nodes_20_ER_adj_22/*/fans_analysis/fans_*.json,[],[],[],File not found with pattern: /data1/statduck/exp1_result_fans_anm/*nodes_20_ER_adj_22/*/fans_analysis/fans_*.json,[],[],[],File not found with pattern: /data1/statduck/exp1_result_fans_small/*nodes_20_ER_adj_22/*/fans_analysis/fans_*.json,"[13, 16, 18, 19]","[6, 13, 14, 16]",[],,[],[],[],File not found,[],[],[],File not found,"[6, 13, 14, 16]",[],[],,[],[],[],File not found,"[8, 14, 16, 19]",[],[],,1.0,1.0,0.0,1.0,0.0,0.0,0.0,0.0,0.0,0.0,0.0,0.0,0.0,0.0,0.0,0.0,0.0,0.0,0.0,0.0,0.0,0.0,0.0,0.0,0.0,0.0,0.0,0.0,0.0,0.0,0.0,0.0,0.0,0.0,0.0,0.0,0.0,0.0,0.0,0.0,0.0,0.0,0.0,0.0,0,0.0,0.0,0.0,0.5,1.0,0.0,1.0,0,0.0,0.0,0.0,0,,,1.0,,,0.5,,
20,ER,23,"[11, 15, 16, 18]","[11, 15, 16, 18]",[],"[3, 7, 8, 11, 13, 15, 16, 17, 18, 19]","[11, 15, 16, 18]","[11, 15, 16, 18]",[],,[],[],[],File not found with pattern: /data1/statduck/exp1_result_fans_swap/*nodes_20_ER_adj_23/*/fans_analysis/fans_*.json,[],[],[],File not found with pattern: /data1/statduck/exp1_result_fans_5000/*nodes_20_ER_adj_23/*/fans_analysis/fans_*.json,[],[],[],File not found with pattern: /data1/statduck/exp1_result_fans_10000/*nodes_20_ER_adj_23/*/fans_analysis/fans_*.json,[],[],[],File not found with pattern: /data1/statduck/exp1_result_fans_30000/*nodes_20_ER_adj_23/*/fans_analysis/fans_*.json,[],[],[],File not found with pattern: /data1/statduck/exp1_result_fans_100epochs/*nodes_20_ER_adj_23/*/fans_analysis/fans_*.json,[],[],[],File not found with pattern: /data1/statduck/exp1_result_fans_500epochs/*nodes_20_ER_adj_23/*/fans_analysis/fans_*.json,[],[],[],File not found with pattern: /data1/statduck/exp1_result_fans_dim8/*nodes_20_ER_adj_23/*/fans_analysis/fans_*.json,[],[],[],File not found with pattern: /data1/statduck/exp1_result_fans_dim16/*nodes_20_ER_adj_23/*/fans_analysis/fans_*.json,[],[],[],File not found with pattern: /data1/statduck/exp1_result_fans_anm/*nodes_20_ER_adj_23/*/fans_analysis/fans_*.json,[],[],[],File not found with pattern: /data1/statduck/exp1_result_fans_small/*nodes_20_ER_adj_23/*/fans_analysis/fans_*.json,"[3, 11, 17, 18, 19]","[11, 15, 16, 18]",[],,[],[],[],File not found,[],[],[],File not found,"[11, 15, 16, 18]",[],[],,[],[],[],File not found,"[3, 11, 15, 19]",[],[],,1.0,1.0,0.0,1.0,0.0,0.0,0.0,0.0,0.0,0.0,0.0,0.0,0.0,0.0,0.0,0.0,0.0,0.0,0.0,0.0,0.0,0.0,0.0,0.0,0.0,0.0,0.0,0.0,0.0,0.0,0.0,0.0,0.0,0.0,0.0,0.0,0.0,0.0,0.0,0.0,0.0,0.0,0.0,0.0,0,0.0,0.0,0.0,0.4444444444444445,1.0,0.0,1.0,0,0.0,0.0,0.0,0,,,1.0,,,0.5,,
20,ER,24,"[6, 10, 18, 19]","[6, 10, 18, 19]",[],"[5, 6, 7, 8, 9, 10, 14, 15, 16, 17, 18, 19]","[6, 10, 18, 19]","[6, 10, 18, 19]",[],,[],[],[],File not found with pattern: /data1/statduck/exp1_result_fans_swap/*nodes_20_ER_adj_24/*/fans_analysis/fans_*.json,[],[],[],File not found with pattern: /data1/statduck/exp1_result_fans_5000/*nodes_20_ER_adj_24/*/fans_analysis/fans_*.json,[],[],[],File not found with pattern: /data1/statduck/exp1_result_fans_10000/*nodes_20_ER_adj_24/*/fans_analysis/fans_*.json,[],[],[],File not found with pattern: /data1/statduck/exp1_result_fans_30000/*nodes_20_ER_adj_24/*/fans_analysis/fans_*.json,[],[],[],File not found with pattern: /data1/statduck/exp1_result_fans_100epochs/*nodes_20_ER_adj_24/*/fans_analysis/fans_*.json,[],[],[],File not found with pattern: /data1/statduck/exp1_result_fans_500epochs/*nodes_20_ER_adj_24/*/fans_analysis/fans_*.json,[],[],[],File not found with pattern: /data1/statduck/exp1_result_fans_dim8/*nodes_20_ER_adj_24/*/fans_analysis/fans_*.json,[],[],[],File not found with pattern: /data1/statduck/exp1_result_fans_dim16/*nodes_20_ER_adj_24/*/fans_analysis/fans_*.json,[],[],[],File not found with pattern: /data1/statduck/exp1_result_fans_anm/*nodes_20_ER_adj_24/*/fans_analysis/fans_*.json,[],[],[],File not found with pattern: /data1/statduck/exp1_result_fans_small/*nodes_20_ER_adj_24/*/fans_analysis/fans_*.json,"[6, 10, 18, 19]","[6, 10, 18, 19]",[],,[],[],[],File not found,[],[],[],File not found,"[6, 10, 18, 19]",[],[],,[],[],[],File not found,"[5, 6, 7, 8, 10, 14, 15, 16, 18, 19]",[],[],,1.0,1.0,0.0,1.0,0.0,0.0,0.0,0.0,0.0,0.0,0.0,0.0,0.0,0.0,0.0,0.0,0.0,0.0,0.0,0.0,0.0,0.0,0.0,0.0,0.0,0.0,0.0,0.0,0.0,0.0,0.0,0.0,0.0,0.0,0.0,0.0,0.0,0.0,0.0,0.0,0.0,0.0,0.0,0.0,0,0.0,0.0,0.0,1.0,1.0,0.0,1.0,0,0.0,0.0,0.0,0,,,1.0,,,0.5714285714285715,,
20,ER,25,"[6, 14, 15, 16]","[6, 14, 15, 16]",[],"[3, 5, 6, 7, 8, 10, 12, 14, 15, 16, 17, 18, 19]","[6, 14, 15, 16]","[6, 14, 16]",[15],,[],[],[],File not found with pattern: /data1/statduck/exp1_result_fans_swap/*nodes_20_ER_adj_25/*/fans_analysis/fans_*.json,[],[],[],File not found with pattern: /data1/statduck/exp1_result_fans_5000/*nodes_20_ER_adj_25/*/fans_analysis/fans_*.json,[],[],[],File not found with pattern: /data1/statduck/exp1_result_fans_10000/*nodes_20_ER_adj_25/*/fans_analysis/fans_*.json,[],[],[],File not found with pattern: /data1/statduck/exp1_result_fans_30000/*nodes_20_ER_adj_25/*/fans_analysis/fans_*.json,[],[],[],File not found with pattern: /data1/statduck/exp1_result_fans_100epochs/*nodes_20_ER_adj_25/*/fans_analysis/fans_*.json,[],[],[],File not found with pattern: /data1/statduck/exp1_result_fans_500epochs/*nodes_20_ER_adj_25/*/fans_analysis/fans_*.json,[],[],[],File not found with pattern: /data1/statduck/exp1_result_fans_dim8/*nodes_20_ER_adj_25/*/fans_analysis/fans_*.json,[],[],[],File not found with pattern: /data1/statduck/exp1_result_fans_dim16/*nodes_20_ER_adj_25/*/fans_analysis/fans_*.json,[],[],[],File not found with pattern: /data1/statduck/exp1_result_fans_anm/*nodes_20_ER_adj_25/*/fans_analysis/fans_*.json,[],[],[],File not found with pattern: /data1/statduck/exp1_result_fans_small/*nodes_20_ER_adj_25/*/fans_analysis/fans_*.json,[10],"[6, 14, 15, 16]",[],,[],[],[],File not found,[],[],[],File not found,"[6, 14, 15]",[],[],,[],[],[],File not found,"[3, 5, 6, 7, 8, 10, 12, 14, 15, 16, 17, 18, 19]",[],[],,1.0,0.8571428571428571,0.0,0.8571428571428571,0.0,0.0,0.0,0.0,0.0,0.0,0.0,0.0,0.0,0.0,0.0,0.0,0.0,0.0,0.0,0.0,0.0,0.0,0.0,0.0,0.0,0.0,0.0,0.0,0.0,0.0,0.0,0.0,0.0,0.0,0.0,0.0,0.0,0.0,0.0,0.0,0.0,0.0,0.0,0.0,0,0.0,0.0,0.0,0.0,1.0,0.0,1.0,0,0.0,0.0,0.0,0,,,0.8571428571428571,,,0.47058823529411764,,
20,ER,26,"[3, 14, 16, 19]",[],"[3, 14, 16, 19]","[3, 5, 8, 11, 12, 13, 14, 15, 16, 18, 19]","[3, 14, 16, 19]",[],"[3, 14, 16, 19]",,[],[],[],File not found with pattern: /data1/statduck/exp1_result_fans_swap/*nodes_20_ER_adj_26/*/fans_analysis/fans_*.json,[],[],[],File not found with pattern: /data1/statduck/exp1_result_fans_5000/*nodes_20_ER_adj_26/*/fans_analysis/fans_*.json,[],[],[],File not found with pattern: /data1/statduck/exp1_result_fans_10000/*nodes_20_ER_adj_26/*/fans_analysis/fans_*.json,[],[],[],File not found with pattern: /data1/statduck/exp1_result_fans_30000/*nodes_20_ER_adj_26/*/fans_analysis/fans_*.json,[],[],[],File not found with pattern: /data1/statduck/exp1_result_fans_100epochs/*nodes_20_ER_adj_26/*/fans_analysis/fans_*.json,[],[],[],File not found with pattern: /data1/statduck/exp1_result_fans_500epochs/*nodes_20_ER_adj_26/*/fans_analysis/fans_*.json,[],[],[],File not found with pattern: /data1/statduck/exp1_result_fans_dim8/*nodes_20_ER_adj_26/*/fans_analysis/fans_*.json,[],[],[],File not found with pattern: /data1/statduck/exp1_result_fans_dim16/*nodes_20_ER_adj_26/*/fans_analysis/fans_*.json,[],[],[],File not found with pattern: /data1/statduck/exp1_result_fans_anm/*nodes_20_ER_adj_26/*/fans_analysis/fans_*.json,[],[],[],File not found with pattern: /data1/statduck/exp1_result_fans_small/*nodes_20_ER_adj_26/*/fans_analysis/fans_*.json,"[16, 18, 19]","[14, 16, 19]",[3],,[],[],[],File not found,[],[],[],File not found,"[3, 14, 16, 19]",[],[],,[],[],[],File not found,"[3, 5, 8, 12, 13, 15, 16, 18, 19]",[],[],,1.0,0.0,1.0,1.0,0.0,0.0,0.0,0.0,0.0,0.0,0.0,0.0,0.0,0.0,0.0,0.0,0.0,0.0,0.0,0.0,0.0,0.0,0.0,0.0,0.0,0.0,0.0,0.0,0.0,0.0,0.0,0.0,0.0,0.0,0.0,0.0,0.0,0.0,0.0,0.0,0.0,0.0,0.0,0.0,0,0.0,0.0,0.0,0.5714285714285715,0.0,0.4,0.4,0,0.0,0.0,0.0,0,,,1.0,,,0.46153846153846156,,
20,ER,27,"[5, 6, 17, 18]",[],"[5, 6, 17, 18]","[5, 6, 9, 11, 12, 13, 14, 16, 17, 18, 19]","[5, 6, 17, 18]",[],"[5, 6, 17, 18]",,[],[],[],File not found with pattern: /data1/statduck/exp1_result_fans_swap/*nodes_20_ER_adj_27/*/fans_analysis/fans_*.json,[],[],[],File not found with pattern: /data1/statduck/exp1_result_fans_5000/*nodes_20_ER_adj_27/*/fans_analysis/fans_*.json,[],[],[],File not found with pattern: /data1/statduck/exp1_result_fans_10000/*nodes_20_ER_adj_27/*/fans_analysis/fans_*.json,[],[],[],File not found with pattern: /data1/statduck/exp1_result_fans_30000/*nodes_20_ER_adj_27/*/fans_analysis/fans_*.json,[],[],[],File not found with pattern: /data1/statduck/exp1_result_fans_100epochs/*nodes_20_ER_adj_27/*/fans_analysis/fans_*.json,[],[],[],File not found with pattern: /data1/statduck/exp1_result_fans_500epochs/*nodes_20_ER_adj_27/*/fans_analysis/fans_*.json,[],[],[],File not found with pattern: /data1/statduck/exp1_result_fans_dim8/*nodes_20_ER_adj_27/*/fans_analysis/fans_*.json,[],[],[],File not found with pattern: /data1/statduck/exp1_result_fans_dim16/*nodes_20_ER_adj_27/*/fans_analysis/fans_*.json,[],[],[],File not found with pattern: /data1/statduck/exp1_result_fans_anm/*nodes_20_ER_adj_27/*/fans_analysis/fans_*.json,[],[],[],File not found with pattern: /data1/statduck/exp1_result_fans_small/*nodes_20_ER_adj_27/*/fans_analysis/fans_*.json,"[6, 11, 12, 17, 19]","[5, 6, 18]",[17],,[],[],[],File not found,[],[],[],File not found,"[5, 6, 17, 18]",[],[],,[],[],[],File not found,"[5, 6, 9, 11, 12, 13, 14, 19]",[],[],,1.0,0.0,1.0,1.0,0.0,0.0,0.0,0.0,0.0,0.0,0.0,0.0,0.0,0.0,0.0,0.0,0.0,0.0,0.0,0.0,0.0,0.0,0.0,0.0,0.0,0.0,0.0,0.0,0.0,0.0,0.0,0.0,0.0,0.0,0.0,0.0,0.0,0.0,0.0,0.0,0.0,0.0,0.0,0.0,0,0.0,0.0,0.0,0.4444444444444445,0.0,0.4,0.4,0,0.0,0.0,0.0,0,,,1.0,,,0.3333333333333333,,
20,ER,28,"[7, 9, 17, 19]",[],"[7, 9, 17, 19]","[2, 5, 6, 7, 9, 11, 12, 14, 15, 16, 17, 18, 19]","[7, 9, 17, 19]",[],"[7, 9, 17, 19]",,[],[],[],File not found with pattern: /data1/statduck/exp1_result_fans_swap/*nodes_20_ER_adj_28/*/fans_analysis/fans_*.json,[],[],[],File not found with pattern: /data1/statduck/exp1_result_fans_5000/*nodes_20_ER_adj_28/*/fans_analysis/fans_*.json,[],[],[],File not found with pattern: /data1/statduck/exp1_result_fans_10000/*nodes_20_ER_adj_28/*/fans_analysis/fans_*.json,[],[],[],File not found with pattern: /data1/statduck/exp1_result_fans_30000/*nodes_20_ER_adj_28/*/fans_analysis/fans_*.json,[],[],[],File not found with pattern: /data1/statduck/exp1_result_fans_100epochs/*nodes_20_ER_adj_28/*/fans_analysis/fans_*.json,[],[],[],File not found with pattern: /data1/statduck/exp1_result_fans_500epochs/*nodes_20_ER_adj_28/*/fans_analysis/fans_*.json,[],[],[],File not found with pattern: /data1/statduck/exp1_result_fans_dim8/*nodes_20_ER_adj_28/*/fans_analysis/fans_*.json,[],[],[],File not found with pattern: /data1/statduck/exp1_result_fans_dim16/*nodes_20_ER_adj_28/*/fans_analysis/fans_*.json,[],[],[],File not found with pattern: /data1/statduck/exp1_result_fans_anm/*nodes_20_ER_adj_28/*/fans_analysis/fans_*.json,[],[],[],File not found with pattern: /data1/statduck/exp1_result_fans_small/*nodes_20_ER_adj_28/*/fans_analysis/fans_*.json,"[11, 18, 19]","[9, 17]","[7, 19]",,[],[],[],File not found,[],[],[],File not found,"[7, 9, 17, 19]",[],[],,[],[],[],File not found,"[2, 5, 7, 9, 11, 12, 14, 15, 17, 19]",[],[],,1.0,0.0,1.0,1.0,0.0,0.0,0.0,0.0,0.0,0.0,0.0,0.0,0.0,0.0,0.0,0.0,0.0,0.0,0.0,0.0,0.0,0.0,0.0,0.0,0.0,0.0,0.0,0.0,0.0,0.0,0.0,0.0,0.0,0.0,0.0,0.0,0.0,0.0,0.0,0.0,0.0,0.0,0.0,0.0,0,0.0,0.0,0.0,0.28571428571428575,0.0,0.6666666666666666,0.6666666666666666,0,0.0,0.0,0.0,0,,,1.0,,,0.5714285714285715,,
20,ER,29,"[12, 14, 15, 16]",[],"[12, 14, 15, 16]","[5, 6, 7, 11, 12, 13, 14, 15, 16, 17, 18, 19]","[12, 14, 15, 16]",[],"[12, 14, 15, 16]",,[],[],[],File not found with pattern: /data1/statduck/exp1_result_fans_swap/*nodes_20_ER_adj_29/*/fans_analysis/fans_*.json,[],[],[],File not found with pattern: /data1/statduck/exp1_result_fans_5000/*nodes_20_ER_adj_29/*/fans_analysis/fans_*.json,[],[],[],File not found with pattern: /data1/statduck/exp1_result_fans_10000/*nodes_20_ER_adj_29/*/fans_analysis/fans_*.json,[],[],[],File not found with pattern: /data1/statduck/exp1_result_fans_30000/*nodes_20_ER_adj_29/*/fans_analysis/fans_*.json,[],[],[],File not found with pattern: /data1/statduck/exp1_result_fans_100epochs/*nodes_20_ER_adj_29/*/fans_analysis/fans_*.json,[],[],[],File not found with pattern: /data1/statduck/exp1_result_fans_500epochs/*nodes_20_ER_adj_29/*/fans_analysis/fans_*.json,[],[],[],File not found with pattern: /data1/statduck/exp1_result_fans_dim8/*nodes_20_ER_adj_29/*/fans_analysis/fans_*.json,[],[],[],File not found with pattern: /data1/statduck/exp1_result_fans_dim16/*nodes_20_ER_adj_29/*/fans_analysis/fans_*.json,[],[],[],File not found with pattern: /data1/statduck/exp1_result_fans_anm/*nodes_20_ER_adj_29/*/fans_analysis/fans_*.json,[],[],[],File not found with pattern: /data1/statduck/exp1_result_fans_small/*nodes_20_ER_adj_29/*/fans_analysis/fans_*.json,"[12, 14, 15]","[12, 14, 15]",[16],,[],[],[],File not found,[],[],[],File not found,"[12, 14, 15, 16]",[],[],,[],[],[],File not found,"[6, 7, 11, 13, 14, 16, 17, 18, 19]",[],[],,1.0,0.0,1.0,1.0,0.0,0.0,0.0,0.0,0.0,0.0,0.0,0.0,0.0,0.0,0.0,0.0,0.0,0.0,0.0,0.0,0.0,0.0,0.0,0.0,0.0,0.0,0.0,0.0,0.0,0.0,0.0,0.0,0.0,0.0,0.0,0.0,0.0,0.0,0.0,0.0,0.0,0.0,0.0,0.0,0,0.0,0.0,0.0,0.8571428571428571,0.0,0.4,0.4,0,0.0,0.0,0.0,0,,,1.0,,,0.30769230769230765,,
20,ER,30,"[7, 10, 18, 19]",[],"[7, 10, 18, 19]","[2, 7, 8, 9, 10, 11, 13, 14, 15, 16, 17, 18, 19]","[7, 10, 18, 19]",[],"[7, 10, 18, 19]",,[],[],[],File not found with pattern: /data1/statduck/exp1_result_fans_swap/*nodes_20_ER_adj_30/*/fans_analysis/fans_*.json,[],[],[],File not found with pattern: /data1/statduck/exp1_result_fans_5000/*nodes_20_ER_adj_30/*/fans_analysis/fans_*.json,[],[],[],File not found with pattern: /data1/statduck/exp1_result_fans_10000/*nodes_20_ER_adj_30/*/fans_analysis/fans_*.json,[],[],[],File not found with pattern: /data1/statduck/exp1_result_fans_30000/*nodes_20_ER_adj_30/*/fans_analysis/fans_*.json,[],[],[],File not found with pattern: /data1/statduck/exp1_result_fans_100epochs/*nodes_20_ER_adj_30/*/fans_analysis/fans_*.json,[],[],[],File not found with pattern: /data1/statduck/exp1_result_fans_500epochs/*nodes_20_ER_adj_30/*/fans_analysis/fans_*.json,[],[],[],File not found with pattern: /data1/statduck/exp1_result_fans_dim8/*nodes_20_ER_adj_30/*/fans_analysis/fans_*.json,[],[],[],File not found with pattern: /data1/statduck/exp1_result_fans_dim16/*nodes_20_ER_adj_30/*/fans_analysis/fans_*.json,[],[],[],File not found with pattern: /data1/statduck/exp1_result_fans_anm/*nodes_20_ER_adj_30/*/fans_analysis/fans_*.json,[],[],[],File not found with pattern: /data1/statduck/exp1_result_fans_small/*nodes_20_ER_adj_30/*/fans_analysis/fans_*.json,"[8, 9, 10, 14, 17, 18, 19]","[7, 19]","[10, 18]",,[],[],[],File not found,[],[],[],File not found,"[7, 10, 18, 19]",[],[],,[],[],[],File not found,"[2, 7, 8, 10, 11, 13, 14, 16, 18, 19]",[],[],,1.0,0.0,1.0,1.0,0.0,0.0,0.0,0.0,0.0,0.0,0.0,0.0,0.0,0.0,0.0,0.0,0.0,0.0,0.0,0.0,0.0,0.0,0.0,0.0,0.0,0.0,0.0,0.0,0.0,0.0,0.0,0.0,0.0,0.0,0.0,0.0,0.0,0.0,0.0,0.0,0.0,0.0,0.0,0.0,0,0.0,0.0,0.0,0.5454545454545454,0.0,0.6666666666666666,0.6666666666666666,0,0.0,0.0,0.0,0,,,1.0,,,0.5714285714285715,,
20,SF,1,"[1, 10, 14, 19]","[10, 14]","[1, 19]","[1, 2, 3, 4, 5, 6, 7, 8, 9, 10, 11, 12, 13, 14, 15, 16, 17, 18, 19]","[1, 10, 14, 19]","[10, 14]","[1, 19]",,[],[],[],File not found with pattern: /data1/statduck/exp1_result_fans_swap/*nodes_20_SF_adj_1/*/fans_analysis/fans_*.json,[],[],[],File not found with pattern: /data1/statduck/exp1_result_fans_5000/*nodes_20_SF_adj_1/*/fans_analysis/fans_*.json,[],[],[],File not found with pattern: /data1/statduck/exp1_result_fans_10000/*nodes_20_SF_adj_1/*/fans_analysis/fans_*.json,[],[],[],File not found with pattern: /data1/statduck/exp1_result_fans_30000/*nodes_20_SF_adj_1/*/fans_analysis/fans_*.json,[],[],[],File not found with pattern: /data1/statduck/exp1_result_fans_100epochs/*nodes_20_SF_adj_1/*/fans_analysis/fans_*.json,[],[],[],File not found with pattern: /data1/statduck/exp1_result_fans_500epochs/*nodes_20_SF_adj_1/*/fans_analysis/fans_*.json,[],[],[],File not found with pattern: /data1/statduck/exp1_result_fans_dim8/*nodes_20_SF_adj_1/*/fans_analysis/fans_*.json,[],[],[],File not found with pattern: /data1/statduck/exp1_result_fans_dim16/*nodes_20_SF_adj_1/*/fans_analysis/fans_*.json,[],[],[],File not found with pattern: /data1/statduck/exp1_result_fans_anm/*nodes_20_SF_adj_1/*/fans_analysis/fans_*.json,[],[],[],File not found with pattern: /data1/statduck/exp1_result_fans_small/*nodes_20_SF_adj_1/*/fans_analysis/fans_*.json,"[1, 11, 19]","[10, 14, 19]",[1],,[],[],[],File not found,[],[],[],File not found,"[1, 10, 14, 19]",[],[],,[],[],[],File not found,"[1, 2, 3, 4, 5, 6, 7, 8, 9, 11, 12, 13, 14, 15, 16, 17, 18, 19]",[],[],,1.0,1.0,1.0,1.0,0.0,0.0,0.0,0.0,0.0,0.0,0.0,0.0,0.0,0.0,0.0,0.0,0.0,0.0,0.0,0.0,0.0,0.0,0.0,0.0,0.0,0.0,0.0,0.0,0.0,0.0,0.0,0.0,0.0,0.0,0.0,0.0,0.0,0.0,0.0,0.0,0.0,0.0,0.0,0.0,0,0.0,0.0,0.0,0.5714285714285715,0.8,0.6666666666666666,0.7333333333333334,0,0.0,0.0,0.0,0,,,1.0,,,0.27272727272727276,,
20,SF,2,"[4, 8, 12, 17]","[4, 12]","[8, 17]","[1, 2, 3, 4, 5, 6, 7, 8, 9, 10, 11, 12, 13, 14, 15, 16, 17, 18, 19]","[4, 8, 12, 17]","[4, 12]","[8, 17]",,[],[],[],File not found with pattern: /data1/statduck/exp1_result_fans_swap/*nodes_20_SF_adj_2/*/fans_analysis/fans_*.json,[],[],[],File not found with pattern: /data1/statduck/exp1_result_fans_5000/*nodes_20_SF_adj_2/*/fans_analysis/fans_*.json,[],[],[],File not found with pattern: /data1/statduck/exp1_result_fans_10000/*nodes_20_SF_adj_2/*/fans_analysis/fans_*.json,[],[],[],File not found with pattern: /data1/statduck/exp1_result_fans_30000/*nodes_20_SF_adj_2/*/fans_analysis/fans_*.json,[],[],[],File not found with pattern: /data1/statduck/exp1_result_fans_100epochs/*nodes_20_SF_adj_2/*/fans_analysis/fans_*.json,[],[],[],File not found with pattern: /data1/statduck/exp1_result_fans_500epochs/*nodes_20_SF_adj_2/*/fans_analysis/fans_*.json,[],[],[],File not found with pattern: /data1/statduck/exp1_result_fans_dim8/*nodes_20_SF_adj_2/*/fans_analysis/fans_*.json,[],[],[],File not found with pattern: /data1/statduck/exp1_result_fans_dim16/*nodes_20_SF_adj_2/*/fans_analysis/fans_*.json,[],[],[],File not found with pattern: /data1/statduck/exp1_result_fans_anm/*nodes_20_SF_adj_2/*/fans_analysis/fans_*.json,[],[],[],File not found with pattern: /data1/statduck/exp1_result_fans_small/*nodes_20_SF_adj_2/*/fans_analysis/fans_*.json,"[2, 3, 4, 5, 6, 8, 13, 15, 17]","[4, 12]","[8, 17]",,[],[],[],File not found,[],[],[],File not found,"[8, 12, 17]",[],[],,[],[],[],File not found,"[1, 2, 3, 4, 5, 6, 7, 8, 9, 10, 11, 12, 13, 14, 15, 16, 17, 18, 19]",[],[],,1.0,1.0,1.0,1.0,0.0,0.0,0.0,0.0,0.0,0.0,0.0,0.0,0.0,0.0,0.0,0.0,0.0,0.0,0.0,0.0,0.0,0.0,0.0,0.0,0.0,0.0,0.0,0.0,0.0,0.0,0.0,0.0,0.0,0.0,0.0,0.0,0.0,0.0,0.0,0.0,0.0,0.0,0.0,0.0,0,0.0,0.0,0.0,0.46153846153846156,1.0,1.0,1.0,0,0.0,0.0,0.0,0,,,0.8571428571428571,,,0.34782608695652173,,
20,SF,3,"[2, 3, 15, 17]","[15, 17]","[2, 3]","[1, 2, 3, 4, 5, 6, 7, 8, 9, 10, 11, 12, 13, 14, 15, 16, 17, 18, 19]","[2, 3, 15, 17]","[15, 17]","[2, 3]",,[],[],[],File not found with pattern: /data1/statduck/exp1_result_fans_swap/*nodes_20_SF_adj_3/*/fans_analysis/fans_*.json,[],[],[],File not found with pattern: /data1/statduck/exp1_result_fans_5000/*nodes_20_SF_adj_3/*/fans_analysis/fans_*.json,[],[],[],File not found with pattern: /data1/statduck/exp1_result_fans_10000/*nodes_20_SF_adj_3/*/fans_analysis/fans_*.json,[],[],[],File not found with pattern: /data1/statduck/exp1_result_fans_30000/*nodes_20_SF_adj_3/*/fans_analysis/fans_*.json,[],[],[],File not found with pattern: /data1/statduck/exp1_result_fans_100epochs/*nodes_20_SF_adj_3/*/fans_analysis/fans_*.json,[],[],[],File not found with pattern: /data1/statduck/exp1_result_fans_500epochs/*nodes_20_SF_adj_3/*/fans_analysis/fans_*.json,[],[],[],File not found with pattern: /data1/statduck/exp1_result_fans_dim8/*nodes_20_SF_adj_3/*/fans_analysis/fans_*.json,[],[],[],File not found with pattern: /data1/statduck/exp1_result_fans_dim16/*nodes_20_SF_adj_3/*/fans_analysis/fans_*.json,[],[],[],File not found with pattern: /data1/statduck/exp1_result_fans_anm/*nodes_20_SF_adj_3/*/fans_analysis/fans_*.json,[],[],[],File not found with pattern: /data1/statduck/exp1_result_fans_small/*nodes_20_SF_adj_3/*/fans_analysis/fans_*.json,"[2, 4, 16, 17]","[2, 3, 15, 17]",[],,[],[],[],File not found,[],[],[],File not found,"[2, 3, 15, 17]",[],[],,[],[],[],File not found,"[1, 2, 3, 4, 5, 6, 7, 8, 9, 10, 11, 12, 13, 14, 15, 16, 17, 18, 19]",[],[],,1.0,1.0,1.0,1.0,0.0,0.0,0.0,0.0,0.0,0.0,0.0,0.0,0.0,0.0,0.0,0.0,0.0,0.0,0.0,0.0,0.0,0.0,0.0,0.0,0.0,0.0,0.0,0.0,0.0,0.0,0.0,0.0,0.0,0.0,0.0,0.0,0.0,0.0,0.0,0.0,0.0,0.0,0.0,0.0,0,0.0,0.0,0.0,0.5,0.6666666666666666,0.0,0.3333333333333333,0,0.0,0.0,0.0,0,,,1.0,,,0.34782608695652173,,
20,SF,4,"[2, 3, 16, 18]","[3, 18]","[2, 16]","[1, 2, 3, 4, 5, 6, 7, 8, 9, 10, 11, 12, 13, 14, 15, 16, 17, 18, 19]","[2, 3, 16, 18]","[3, 18]","[2, 16]",,[],[],[],File not found with pattern: /data1/statduck/exp1_result_fans_swap/*nodes_20_SF_adj_4/*/fans_analysis/fans_*.json,[],[],[],File not found with pattern: /data1/statduck/exp1_result_fans_5000/*nodes_20_SF_adj_4/*/fans_analysis/fans_*.json,[],[],[],File not found with pattern: /data1/statduck/exp1_result_fans_10000/*nodes_20_SF_adj_4/*/fans_analysis/fans_*.json,[],[],[],File not found with pattern: /data1/statduck/exp1_result_fans_30000/*nodes_20_SF_adj_4/*/fans_analysis/fans_*.json,[],[],[],File not found with pattern: /data1/statduck/exp1_result_fans_100epochs/*nodes_20_SF_adj_4/*/fans_analysis/fans_*.json,[],[],[],File not found with pattern: /data1/statduck/exp1_result_fans_500epochs/*nodes_20_SF_adj_4/*/fans_analysis/fans_*.json,[],[],[],File not found with pattern: /data1/statduck/exp1_result_fans_dim8/*nodes_20_SF_adj_4/*/fans_analysis/fans_*.json,[],[],[],File not found with pattern: /data1/statduck/exp1_result_fans_dim16/*nodes_20_SF_adj_4/*/fans_analysis/fans_*.json,[],[],[],File not found with pattern: /data1/statduck/exp1_result_fans_anm/*nodes_20_SF_adj_4/*/fans_analysis/fans_*.json,[],[],[],File not found with pattern: /data1/statduck/exp1_result_fans_small/*nodes_20_SF_adj_4/*/fans_analysis/fans_*.json,"[1, 2, 4, 5, 7, 8, 9, 10, 13, 15, 16, 17, 18, 19]","[2, 3, 16, 18]",[],,[],[],[],File not found,[],[],[],File not found,"[2, 16, 18]",[],[],,[],[],[],File not found,"[1, 3, 4, 5, 6, 7, 8, 9, 10, 11, 12, 13, 14, 15, 16, 17, 18, 19]",[],[],,1.0,1.0,1.0,1.0,0.0,0.0,0.0,0.0,0.0,0.0,0.0,0.0,0.0,0.0,0.0,0.0,0.0,0.0,0.0,0.0,0.0,0.0,0.0,0.0,0.0,0.0,0.0,0.0,0.0,0.0,0.0,0.0,0.0,0.0,0.0,0.0,0.0,0.0,0.0,0.0,0.0,0.0,0.0,0.0,0,0.0,0.0,0.0,0.3333333333333333,0.6666666666666666,0.0,0.3333333333333333,0,0.0,0.0,0.0,0,,,0.8571428571428571,,,0.27272727272727276,,
20,SF,5,"[4, 12, 14, 17]","[14, 17]","[4, 12]","[1, 2, 3, 4, 5, 6, 7, 8, 9, 10, 11, 12, 13, 14, 15, 16, 17, 18, 19]","[4, 12, 14, 17]","[14, 17]","[4, 12]",,[],[],[],File not found with pattern: /data1/statduck/exp1_result_fans_swap/*nodes_20_SF_adj_5/*/fans_analysis/fans_*.json,[],[],[],File not found with pattern: /data1/statduck/exp1_result_fans_5000/*nodes_20_SF_adj_5/*/fans_analysis/fans_*.json,[],[],[],File not found with pattern: /data1/statduck/exp1_result_fans_10000/*nodes_20_SF_adj_5/*/fans_analysis/fans_*.json,[],[],[],File not found with pattern: /data1/statduck/exp1_result_fans_30000/*nodes_20_SF_adj_5/*/fans_analysis/fans_*.json,[],[],[],File not found with pattern: /data1/statduck/exp1_result_fans_100epochs/*nodes_20_SF_adj_5/*/fans_analysis/fans_*.json,[],[],[],File not found with pattern: /data1/statduck/exp1_result_fans_500epochs/*nodes_20_SF_adj_5/*/fans_analysis/fans_*.json,[],[],[],File not found with pattern: /data1/statduck/exp1_result_fans_dim8/*nodes_20_SF_adj_5/*/fans_analysis/fans_*.json,[],[],[],File not found with pattern: /data1/statduck/exp1_result_fans_dim16/*nodes_20_SF_adj_5/*/fans_analysis/fans_*.json,[],[],[],File not found with pattern: /data1/statduck/exp1_result_fans_anm/*nodes_20_SF_adj_5/*/fans_analysis/fans_*.json,[],[],[],File not found with pattern: /data1/statduck/exp1_result_fans_small/*nodes_20_SF_adj_5/*/fans_analysis/fans_*.json,"[3, 7, 12, 17]","[14, 17]","[4, 12]",,[],[],[],File not found,[],[],[],File not found,"[4, 12, 14, 17]",[],[],,[],[],[],File not found,"[1, 2, 3, 4, 5, 6, 7, 8, 9, 10, 11, 12, 13, 14, 15, 16, 17, 18, 19]",[],[],,1.0,1.0,1.0,1.0,0.0,0.0,0.0,0.0,0.0,0.0,0.0,0.0,0.0,0.0,0.0,0.0,0.0,0.0,0.0,0.0,0.0,0.0,0.0,0.0,0.0,0.0,0.0,0.0,0.0,0.0,0.0,0.0,0.0,0.0,0.0,0.0,0.0,0.0,0.0,0.0,0.0,0.0,0.0,0.0,0,0.0,0.0,0.0,0.5,1.0,1.0,1.0,0,0.0,0.0,0.0,0,,,1.0,,,0.34782608695652173,,
20,SF,6,"[1, 3, 6, 9]","[3, 9]","[1, 6]","[1, 2, 3, 4, 5, 6, 7, 8, 9, 10, 11, 12, 13, 14, 15, 16, 17, 18, 19]","[1, 3, 6, 9]","[3, 9]","[1, 6]",,[],[],[],File not found with pattern: /data1/statduck/exp1_result_fans_swap/*nodes_20_SF_adj_6/*/fans_analysis/fans_*.json,[],[],[],File not found with pattern: /data1/statduck/exp1_result_fans_5000/*nodes_20_SF_adj_6/*/fans_analysis/fans_*.json,[],[],[],File not found with pattern: /data1/statduck/exp1_result_fans_10000/*nodes_20_SF_adj_6/*/fans_analysis/fans_*.json,[],[],[],File not found with pattern: /data1/statduck/exp1_result_fans_30000/*nodes_20_SF_adj_6/*/fans_analysis/fans_*.json,[],[],[],File not found with pattern: /data1/statduck/exp1_result_fans_100epochs/*nodes_20_SF_adj_6/*/fans_analysis/fans_*.json,[],[],[],File not found with pattern: /data1/statduck/exp1_result_fans_500epochs/*nodes_20_SF_adj_6/*/fans_analysis/fans_*.json,[],[],[],File not found with pattern: /data1/statduck/exp1_result_fans_dim8/*nodes_20_SF_adj_6/*/fans_analysis/fans_*.json,[],[],[],File not found with pattern: /data1/statduck/exp1_result_fans_dim16/*nodes_20_SF_adj_6/*/fans_analysis/fans_*.json,[],[],[],File not found with pattern: /data1/statduck/exp1_result_fans_anm/*nodes_20_SF_adj_6/*/fans_analysis/fans_*.json,[],[],[],File not found with pattern: /data1/statduck/exp1_result_fans_small/*nodes_20_SF_adj_6/*/fans_analysis/fans_*.json,"[1, 4, 6, 8, 9, 10, 11, 12, 14, 15, 17]","[1, 3, 6, 9]",[],,[],[],[],File not found,[],[],[],File not found,"[1, 3, 6, 9]",[],[],,[],[],[],File not found,"[1, 2, 3, 4, 5, 6, 7, 8, 9, 10, 11, 12, 13, 14, 15, 16, 17, 18, 19]",[],[],,1.0,1.0,1.0,1.0,0.0,0.0,0.0,0.0,0.0,0.0,0.0,0.0,0.0,0.0,0.0,0.0,0.0,0.0,0.0,0.0,0.0,0.0,0.0,0.0,0.0,0.0,0.0,0.0,0.0,0.0,0.0,0.0,0.0,0.0,0.0,0.0,0.0,0.0,0.0,0.0,0.0,0.0,0.0,0.0,0,0.0,0.0,0.0,0.39999999999999997,0.6666666666666666,0.0,0.3333333333333333,0,0.0,0.0,0.0,0,,,1.0,,,0.34782608695652173,,
20,SF,7,"[2, 7, 14, 16]","[7, 16]","[2, 14]","[1, 2, 3, 4, 5, 6, 7, 8, 9, 10, 11, 12, 13, 14, 15, 16, 17, 18, 19]","[2, 7, 14, 16]","[7, 16]","[2, 14]",,[],[],[],File not found with pattern: /data1/statduck/exp1_result_fans_swap/*nodes_20_SF_adj_7/*/fans_analysis/fans_*.json,[],[],[],File not found with pattern: /data1/statduck/exp1_result_fans_5000/*nodes_20_SF_adj_7/*/fans_analysis/fans_*.json,[],[],[],File not found with pattern: /data1/statduck/exp1_result_fans_10000/*nodes_20_SF_adj_7/*/fans_analysis/fans_*.json,[],[],[],File not found with pattern: /data1/statduck/exp1_result_fans_30000/*nodes_20_SF_adj_7/*/fans_analysis/fans_*.json,[],[],[],File not found with pattern: /data1/statduck/exp1_result_fans_100epochs/*nodes_20_SF_adj_7/*/fans_analysis/fans_*.json,[],[],[],File not found with pattern: /data1/statduck/exp1_result_fans_500epochs/*nodes_20_SF_adj_7/*/fans_analysis/fans_*.json,[],[],[],File not found with pattern: /data1/statduck/exp1_result_fans_dim8/*nodes_20_SF_adj_7/*/fans_analysis/fans_*.json,[],[],[],File not found with pattern: /data1/statduck/exp1_result_fans_dim16/*nodes_20_SF_adj_7/*/fans_analysis/fans_*.json,[],[],[],File not found with pattern: /data1/statduck/exp1_result_fans_anm/*nodes_20_SF_adj_7/*/fans_analysis/fans_*.json,[],[],[],File not found with pattern: /data1/statduck/exp1_result_fans_small/*nodes_20_SF_adj_7/*/fans_analysis/fans_*.json,"[4, 9, 19]","[2, 7, 14, 16]",[],,[],[],[],File not found,[],[],[],File not found,"[2, 14, 16]",[],[],,[],[],[],File not found,"[1, 2, 3, 4, 5, 6, 7, 8, 9, 10, 11, 12, 13, 14, 15, 16, 17, 18, 19]",[],[],,1.0,1.0,1.0,1.0,0.0,0.0,0.0,0.0,0.0,0.0,0.0,0.0,0.0,0.0,0.0,0.0,0.0,0.0,0.0,0.0,0.0,0.0,0.0,0.0,0.0,0.0,0.0,0.0,0.0,0.0,0.0,0.0,0.0,0.0,0.0,0.0,0.0,0.0,0.0,0.0,0.0,0.0,0.0,0.0,0,0.0,0.0,0.0,0.0,0.6666666666666666,0.0,0.3333333333333333,0,0.0,0.0,0.0,0,,,0.8571428571428571,,,0.34782608695652173,,
20,SF,8,"[7, 11, 15, 18]","[7, 18]","[11, 15]","[1, 2, 3, 4, 5, 6, 7, 8, 9, 10, 11, 12, 13, 14, 15, 16, 17, 18, 19]","[7, 11, 15, 18]","[7, 18]","[11, 15]",,[],[],[],File not found with pattern: /data1/statduck/exp1_result_fans_swap/*nodes_20_SF_adj_8/*/fans_analysis/fans_*.json,[],[],[],File not found with pattern: /data1/statduck/exp1_result_fans_5000/*nodes_20_SF_adj_8/*/fans_analysis/fans_*.json,[],[],[],File not found with pattern: /data1/statduck/exp1_result_fans_10000/*nodes_20_SF_adj_8/*/fans_analysis/fans_*.json,[],[],[],File not found with pattern: /data1/statduck/exp1_result_fans_30000/*nodes_20_SF_adj_8/*/fans_analysis/fans_*.json,[],[],[],File not found with pattern: /data1/statduck/exp1_result_fans_100epochs/*nodes_20_SF_adj_8/*/fans_analysis/fans_*.json,[],[],[],File not found with pattern: /data1/statduck/exp1_result_fans_500epochs/*nodes_20_SF_adj_8/*/fans_analysis/fans_*.json,[],[],[],File not found with pattern: /data1/statduck/exp1_result_fans_dim8/*nodes_20_SF_adj_8/*/fans_analysis/fans_*.json,[],[],[],File not found with pattern: /data1/statduck/exp1_result_fans_dim16/*nodes_20_SF_adj_8/*/fans_analysis/fans_*.json,[],[],[],File not found with pattern: /data1/statduck/exp1_result_fans_anm/*nodes_20_SF_adj_8/*/fans_analysis/fans_*.json,[],[],[],File not found with pattern: /data1/statduck/exp1_result_fans_small/*nodes_20_SF_adj_8/*/fans_analysis/fans_*.json,"[8, 11, 14, 15, 16, 17]","[7, 11, 18]",[15],,[],[],[],File not found,[],[],[],File not found,"[7, 11, 15, 18]",[],[],,[],[],[],File not found,"[1, 2, 3, 4, 5, 6, 7, 8, 9, 10, 11, 12, 13, 14, 15, 16, 17, 19]",[],[],,1.0,1.0,1.0,1.0,0.0,0.0,0.0,0.0,0.0,0.0,0.0,0.0,0.0,0.0,0.0,0.0,0.0,0.0,0.0,0.0,0.0,0.0,0.0,0.0,0.0,0.0,0.0,0.0,0.0,0.0,0.0,0.0,0.0,0.0,0.0,0.0,0.0,0.0,0.0,0.0,0.0,0.0,0.0,0.0,0,0.0,0.0,0.0,0.4,0.8,0.6666666666666666,0.7333333333333334,0,0.0,0.0,0.0,0,,,1.0,,,0.27272727272727276,,
20,SF,9,"[2, 11, 15, 18]","[11, 18]","[2, 15]","[1, 2, 3, 4, 5, 6, 7, 8, 9, 10, 11, 12, 13, 14, 15, 16, 17, 18, 19]","[2, 11, 15, 18]","[11, 18]","[2, 15]",,[],[],[],File not found with pattern: /data1/statduck/exp1_result_fans_swap/*nodes_20_SF_adj_9/*/fans_analysis/fans_*.json,[],[],[],File not found with pattern: /data1/statduck/exp1_result_fans_5000/*nodes_20_SF_adj_9/*/fans_analysis/fans_*.json,[],[],[],File not found with pattern: /data1/statduck/exp1_result_fans_10000/*nodes_20_SF_adj_9/*/fans_analysis/fans_*.json,[],[],[],File not found with pattern: /data1/statduck/exp1_result_fans_30000/*nodes_20_SF_adj_9/*/fans_analysis/fans_*.json,[],[],[],File not found with pattern: /data1/statduck/exp1_result_fans_100epochs/*nodes_20_SF_adj_9/*/fans_analysis/fans_*.json,[],[],[],File not found with pattern: /data1/statduck/exp1_result_fans_500epochs/*nodes_20_SF_adj_9/*/fans_analysis/fans_*.json,[],[],[],File not found with pattern: /data1/statduck/exp1_result_fans_dim8/*nodes_20_SF_adj_9/*/fans_analysis/fans_*.json,[],[],[],File not found with pattern: /data1/statduck/exp1_result_fans_dim16/*nodes_20_SF_adj_9/*/fans_analysis/fans_*.json,[],[],[],File not found with pattern: /data1/statduck/exp1_result_fans_anm/*nodes_20_SF_adj_9/*/fans_analysis/fans_*.json,[],[],[],File not found with pattern: /data1/statduck/exp1_result_fans_small/*nodes_20_SF_adj_9/*/fans_analysis/fans_*.json,"[1, 2, 3, 4, 5, 6, 8, 12, 13, 14, 15, 16, 17, 18]","[2, 11, 15, 18]",[],,[],[],[],File not found,[],[],[],File not found,"[2, 15, 18]",[],[],,[],[],[],File not found,"[1, 2, 3, 4, 5, 6, 7, 8, 9, 10, 11, 12, 13, 14, 15, 16, 17, 18, 19]",[],[],,1.0,1.0,1.0,1.0,0.0,0.0,0.0,0.0,0.0,0.0,0.0,0.0,0.0,0.0,0.0,0.0,0.0,0.0,0.0,0.0,0.0,0.0,0.0,0.0,0.0,0.0,0.0,0.0,0.0,0.0,0.0,0.0,0.0,0.0,0.0,0.0,0.0,0.0,0.0,0.0,0.0,0.0,0.0,0.0,0,0.0,0.0,0.0,0.3333333333333333,0.6666666666666666,0.0,0.3333333333333333,0,0.0,0.0,0.0,0,,,0.8571428571428571,,,0.34782608695652173,,
20,SF,10,"[5, 6, 10, 16]","[5, 16]","[6, 10]","[1, 2, 3, 4, 5, 6, 7, 8, 9, 10, 11, 12, 13, 14, 15, 16, 17, 18, 19]","[5, 6, 10, 16]","[5, 16]","[6, 10]",,[],[],[],File not found with pattern: /data1/statduck/exp1_result_fans_swap/*nodes_20_SF_adj_10/*/fans_analysis/fans_*.json,[],[],[],File not found with pattern: /data1/statduck/exp1_result_fans_5000/*nodes_20_SF_adj_10/*/fans_analysis/fans_*.json,[],[],[],File not found with pattern: /data1/statduck/exp1_result_fans_10000/*nodes_20_SF_adj_10/*/fans_analysis/fans_*.json,[],[],[],File not found with pattern: /data1/statduck/exp1_result_fans_30000/*nodes_20_SF_adj_10/*/fans_analysis/fans_*.json,[],[],[],File not found with pattern: /data1/statduck/exp1_result_fans_100epochs/*nodes_20_SF_adj_10/*/fans_analysis/fans_*.json,[],[],[],File not found with pattern: /data1/statduck/exp1_result_fans_500epochs/*nodes_20_SF_adj_10/*/fans_analysis/fans_*.json,[],[],[],File not found with pattern: /data1/statduck/exp1_result_fans_dim8/*nodes_20_SF_adj_10/*/fans_analysis/fans_*.json,[],[],[],File not found with pattern: /data1/statduck/exp1_result_fans_dim16/*nodes_20_SF_adj_10/*/fans_analysis/fans_*.json,[],[],[],File not found with pattern: /data1/statduck/exp1_result_fans_anm/*nodes_20_SF_adj_10/*/fans_analysis/fans_*.json,[],[],[],File not found with pattern: /data1/statduck/exp1_result_fans_small/*nodes_20_SF_adj_10/*/fans_analysis/fans_*.json,"[2, 5, 6, 10, 13, 15, 18]","[5, 6, 10, 16]",[],,[],[],[],File not found,[],[],[],File not found,"[5, 6, 10, 16]",[],[],,[],[],[],File not found,"[1, 2, 3, 4, 5, 6, 7, 8, 9, 10, 11, 12, 13, 14, 15, 16, 17, 18, 19]",[],[],,1.0,1.0,1.0,1.0,0.0,0.0,0.0,0.0,0.0,0.0,0.0,0.0,0.0,0.0,0.0,0.0,0.0,0.0,0.0,0.0,0.0,0.0,0.0,0.0,0.0,0.0,0.0,0.0,0.0,0.0,0.0,0.0,0.0,0.0,0.0,0.0,0.0,0.0,0.0,0.0,0.0,0.0,0.0,0.0,0,0.0,0.0,0.0,0.5454545454545454,0.6666666666666666,0.0,0.3333333333333333,0,0.0,0.0,0.0,0,,,1.0,,,0.34782608695652173,,
20,SF,11,"[10, 15, 16, 19]","[16, 19]","[10, 15]","[1, 2, 3, 4, 5, 6, 7, 8, 9, 10, 11, 12, 13, 14, 15, 16, 17, 18, 19]","[10, 15, 16, 19]","[16, 19]","[10, 15]",,[],[],[],File not found with pattern: /data1/statduck/exp1_result_fans_swap/*nodes_20_SF_adj_11/*/fans_analysis/fans_*.json,[],[],[],File not found with pattern: /data1/statduck/exp1_result_fans_5000/*nodes_20_SF_adj_11/*/fans_analysis/fans_*.json,[],[],[],File not found with pattern: /data1/statduck/exp1_result_fans_10000/*nodes_20_SF_adj_11/*/fans_analysis/fans_*.json,[],[],[],File not found with pattern: /data1/statduck/exp1_result_fans_30000/*nodes_20_SF_adj_11/*/fans_analysis/fans_*.json,[],[],[],File not found with pattern: /data1/statduck/exp1_result_fans_100epochs/*nodes_20_SF_adj_11/*/fans_analysis/fans_*.json,[],[],[],File not found with pattern: /data1/statduck/exp1_result_fans_500epochs/*nodes_20_SF_adj_11/*/fans_analysis/fans_*.json,[],[],[],File not found with pattern: /data1/statduck/exp1_result_fans_dim8/*nodes_20_SF_adj_11/*/fans_analysis/fans_*.json,[],[],[],File not found with pattern: /data1/statduck/exp1_result_fans_dim16/*nodes_20_SF_adj_11/*/fans_analysis/fans_*.json,[],[],[],File not found with pattern: /data1/statduck/exp1_result_fans_anm/*nodes_20_SF_adj_11/*/fans_analysis/fans_*.json,[],[],[],File not found with pattern: /data1/statduck/exp1_result_fans_small/*nodes_20_SF_adj_11/*/fans_analysis/fans_*.json,"[3, 4, 10, 15, 19]","[15, 16, 19]",[10],,[],[],[],File not found,[],[],[],File not found,"[10, 15, 16, 19]",[],[],,[],[],[],File not found,"[1, 2, 3, 4, 5, 6, 7, 8, 9, 10, 11, 12, 13, 14, 15, 16, 17, 18, 19]",[],[],,1.0,1.0,1.0,1.0,0.0,0.0,0.0,0.0,0.0,0.0,0.0,0.0,0.0,0.0,0.0,0.0,0.0,0.0,0.0,0.0,0.0,0.0,0.0,0.0,0.0,0.0,0.0,0.0,0.0,0.0,0.0,0.0,0.0,0.0,0.0,0.0,0.0,0.0,0.0,0.0,0.0,0.0,0.0,0.0,0,0.0,0.0,0.0,0.6666666666666665,0.8,0.6666666666666666,0.7333333333333334,0,0.0,0.0,0.0,0,,,1.0,,,0.34782608695652173,,
20,SF,12,"[5, 7, 9, 12]","[5, 12]","[7, 9]","[1, 2, 3, 4, 5, 6, 7, 8, 9, 10, 11, 12, 13, 14, 15, 16, 17, 18, 19]","[5, 7, 9, 12]","[5, 12]","[7, 9]",,[],[],[],File not found with pattern: /data1/statduck/exp1_result_fans_swap/*nodes_20_SF_adj_12/*/fans_analysis/fans_*.json,[],[],[],File not found with pattern: /data1/statduck/exp1_result_fans_5000/*nodes_20_SF_adj_12/*/fans_analysis/fans_*.json,[],[],[],File not found with pattern: /data1/statduck/exp1_result_fans_10000/*nodes_20_SF_adj_12/*/fans_analysis/fans_*.json,[],[],[],File not found with pattern: /data1/statduck/exp1_result_fans_30000/*nodes_20_SF_adj_12/*/fans_analysis/fans_*.json,[],[],[],File not found with pattern: /data1/statduck/exp1_result_fans_100epochs/*nodes_20_SF_adj_12/*/fans_analysis/fans_*.json,[],[],[],File not found with pattern: /data1/statduck/exp1_result_fans_500epochs/*nodes_20_SF_adj_12/*/fans_analysis/fans_*.json,[],[],[],File not found with pattern: /data1/statduck/exp1_result_fans_dim8/*nodes_20_SF_adj_12/*/fans_analysis/fans_*.json,[],[],[],File not found with pattern: /data1/statduck/exp1_result_fans_dim16/*nodes_20_SF_adj_12/*/fans_analysis/fans_*.json,[],[],[],File not found with pattern: /data1/statduck/exp1_result_fans_anm/*nodes_20_SF_adj_12/*/fans_analysis/fans_*.json,[],[],[],File not found with pattern: /data1/statduck/exp1_result_fans_small/*nodes_20_SF_adj_12/*/fans_analysis/fans_*.json,"[5, 7, 9, 10, 12, 14]","[5, 7, 9, 12]",[],,[],[],[],File not found,[],[],[],File not found,"[5, 7, 9, 12]",[],[],,[],[],[],File not found,"[1, 2, 3, 4, 5, 6, 7, 8, 9, 10, 11, 12, 13, 14, 15, 16, 17, 18, 19]",[],[],,1.0,1.0,1.0,1.0,0.0,0.0,0.0,0.0,0.0,0.0,0.0,0.0,0.0,0.0,0.0,0.0,0.0,0.0,0.0,0.0,0.0,0.0,0.0,0.0,0.0,0.0,0.0,0.0,0.0,0.0,0.0,0.0,0.0,0.0,0.0,0.0,0.0,0.0,0.0,0.0,0.0,0.0,0.0,0.0,0,0.0,0.0,0.0,0.8,0.6666666666666666,0.0,0.3333333333333333,0,0.0,0.0,0.0,0,,,1.0,,,0.34782608695652173,,
20,SF,13,"[5, 10, 16, 19]","[10, 19]","[5, 16]","[1, 2, 3, 4, 5, 6, 7, 8, 9, 10, 11, 12, 13, 14, 15, 16, 17, 18, 19]","[5, 10, 16, 19]","[10, 19]","[5, 16]",,[],[],[],File not found with pattern: /data1/statduck/exp1_result_fans_swap/*nodes_20_SF_adj_13/*/fans_analysis/fans_*.json,[],[],[],File not found with pattern: /data1/statduck/exp1_result_fans_5000/*nodes_20_SF_adj_13/*/fans_analysis/fans_*.json,[],[],[],File not found with pattern: /data1/statduck/exp1_result_fans_10000/*nodes_20_SF_adj_13/*/fans_analysis/fans_*.json,[],[],[],File not found with pattern: /data1/statduck/exp1_result_fans_30000/*nodes_20_SF_adj_13/*/fans_analysis/fans_*.json,[],[],[],File not found with pattern: /data1/statduck/exp1_result_fans_100epochs/*nodes_20_SF_adj_13/*/fans_analysis/fans_*.json,[],[],[],File not found with pattern: /data1/statduck/exp1_result_fans_500epochs/*nodes_20_SF_adj_13/*/fans_analysis/fans_*.json,[],[],[],File not found with pattern: /data1/statduck/exp1_result_fans_dim8/*nodes_20_SF_adj_13/*/fans_analysis/fans_*.json,[],[],[],File not found with pattern: /data1/statduck/exp1_result_fans_dim16/*nodes_20_SF_adj_13/*/fans_analysis/fans_*.json,[],[],[],File not found with pattern: /data1/statduck/exp1_result_fans_anm/*nodes_20_SF_adj_13/*/fans_analysis/fans_*.json,[],[],[],File not found with pattern: /data1/statduck/exp1_result_fans_small/*nodes_20_SF_adj_13/*/fans_analysis/fans_*.json,"[1, 3, 5, 9, 10, 12, 16, 17, 19]","[10, 19]","[5, 16]",,[],[],[],File not found,[],[],[],File not found,"[5, 10, 16, 19]",[],[],,[],[],[],File not found,"[1, 2, 3, 4, 5, 6, 7, 8, 9, 10, 11, 12, 13, 14, 15, 16, 17, 18, 19]",[],[],,1.0,1.0,1.0,1.0,0.0,0.0,0.0,0.0,0.0,0.0,0.0,0.0,0.0,0.0,0.0,0.0,0.0,0.0,0.0,0.0,0.0,0.0,0.0,0.0,0.0,0.0,0.0,0.0,0.0,0.0,0.0,0.0,0.0,0.0,0.0,0.0,0.0,0.0,0.0,0.0,0.0,0.0,0.0,0.0,0,0.0,0.0,0.0,0.6153846153846153,1.0,1.0,1.0,0,0.0,0.0,0.0,0,,,1.0,,,0.34782608695652173,,
20,SF,14,"[4, 7, 10, 14]","[7, 10]","[4, 14]","[1, 2, 3, 4, 5, 6, 7, 8, 9, 10, 11, 12, 13, 14, 15, 16, 17, 18, 19]","[4, 7, 10, 14]","[7, 10]","[4, 14]",,[],[],[],File not found with pattern: /data1/statduck/exp1_result_fans_swap/*nodes_20_SF_adj_14/*/fans_analysis/fans_*.json,[],[],[],File not found with pattern: /data1/statduck/exp1_result_fans_5000/*nodes_20_SF_adj_14/*/fans_analysis/fans_*.json,[],[],[],File not found with pattern: /data1/statduck/exp1_result_fans_10000/*nodes_20_SF_adj_14/*/fans_analysis/fans_*.json,[],[],[],File not found with pattern: /data1/statduck/exp1_result_fans_30000/*nodes_20_SF_adj_14/*/fans_analysis/fans_*.json,[],[],[],File not found with pattern: /data1/statduck/exp1_result_fans_100epochs/*nodes_20_SF_adj_14/*/fans_analysis/fans_*.json,[],[],[],File not found with pattern: /data1/statduck/exp1_result_fans_500epochs/*nodes_20_SF_adj_14/*/fans_analysis/fans_*.json,[],[],[],File not found with pattern: /data1/statduck/exp1_result_fans_dim8/*nodes_20_SF_adj_14/*/fans_analysis/fans_*.json,[],[],[],File not found with pattern: /data1/statduck/exp1_result_fans_dim16/*nodes_20_SF_adj_14/*/fans_analysis/fans_*.json,[],[],[],File not found with pattern: /data1/statduck/exp1_result_fans_anm/*nodes_20_SF_adj_14/*/fans_analysis/fans_*.json,[],[],[],File not found with pattern: /data1/statduck/exp1_result_fans_small/*nodes_20_SF_adj_14/*/fans_analysis/fans_*.json,"[4, 7, 10, 14]","[4, 7, 10, 14]",[],,[],[],[],File not found,[],[],[],File not found,"[4, 7, 10, 14]",[],[],,[],[],[],File not found,"[1, 2, 3, 4, 5, 6, 7, 8, 9, 10, 11, 12, 13, 14, 15, 16, 17, 18, 19]",[],[],,1.0,1.0,1.0,1.0,0.0,0.0,0.0,0.0,0.0,0.0,0.0,0.0,0.0,0.0,0.0,0.0,0.0,0.0,0.0,0.0,0.0,0.0,0.0,0.0,0.0,0.0,0.0,0.0,0.0,0.0,0.0,0.0,0.0,0.0,0.0,0.0,0.0,0.0,0.0,0.0,0.0,0.0,0.0,0.0,0,0.0,0.0,0.0,1.0,0.6666666666666666,0.0,0.3333333333333333,0,0.0,0.0,0.0,0,,,1.0,,,0.34782608695652173,,
20,SF,15,"[9, 13, 17, 19]","[13, 19]","[9, 17]","[1, 2, 3, 4, 5, 6, 7, 8, 9, 10, 11, 12, 13, 14, 15, 16, 17, 18, 19]","[9, 13, 17, 19]","[13, 19]","[9, 17]",,[],[],[],File not found with pattern: /data1/statduck/exp1_result_fans_swap/*nodes_20_SF_adj_15/*/fans_analysis/fans_*.json,[],[],[],File not found with pattern: /data1/statduck/exp1_result_fans_5000/*nodes_20_SF_adj_15/*/fans_analysis/fans_*.json,[],[],[],File not found with pattern: /data1/statduck/exp1_result_fans_10000/*nodes_20_SF_adj_15/*/fans_analysis/fans_*.json,[],[],[],File not found with pattern: /data1/statduck/exp1_result_fans_30000/*nodes_20_SF_adj_15/*/fans_analysis/fans_*.json,[],[],[],File not found with pattern: /data1/statduck/exp1_result_fans_100epochs/*nodes_20_SF_adj_15/*/fans_analysis/fans_*.json,[],[],[],File not found with pattern: /data1/statduck/exp1_result_fans_500epochs/*nodes_20_SF_adj_15/*/fans_analysis/fans_*.json,[],[],[],File not found with pattern: /data1/statduck/exp1_result_fans_dim8/*nodes_20_SF_adj_15/*/fans_analysis/fans_*.json,[],[],[],File not found with pattern: /data1/statduck/exp1_result_fans_dim16/*nodes_20_SF_adj_15/*/fans_analysis/fans_*.json,[],[],[],File not found with pattern: /data1/statduck/exp1_result_fans_anm/*nodes_20_SF_adj_15/*/fans_analysis/fans_*.json,[],[],[],File not found with pattern: /data1/statduck/exp1_result_fans_small/*nodes_20_SF_adj_15/*/fans_analysis/fans_*.json,"[9, 11, 13, 14, 17, 19]","[9, 13, 19]",[17],,[],[],[],File not found,[],[],[],File not found,"[9, 13, 17, 19]",[],[],,[],[],[],File not found,"[1, 2, 3, 4, 5, 6, 7, 8, 9, 10, 11, 12, 13, 14, 15, 16, 17, 18, 19]",[],[],,1.0,1.0,1.0,1.0,0.0,0.0,0.0,0.0,0.0,0.0,0.0,0.0,0.0,0.0,0.0,0.0,0.0,0.0,0.0,0.0,0.0,0.0,0.0,0.0,0.0,0.0,0.0,0.0,0.0,0.0,0.0,0.0,0.0,0.0,0.0,0.0,0.0,0.0,0.0,0.0,0.0,0.0,0.0,0.0,0,0.0,0.0,0.0,0.8,0.8,0.6666666666666666,0.7333333333333334,0,0.0,0.0,0.0,0,,,1.0,,,0.34782608695652173,,
20,SF,16,"[4, 6, 16, 19]","[16, 19]","[4, 6]","[1, 2, 3, 4, 5, 6, 7, 8, 9, 10, 11, 12, 13, 14, 15, 16, 17, 18, 19]","[4, 6, 16, 19]","[16, 19]","[4, 6]",,[],[],[],File not found with pattern: /data1/statduck/exp1_result_fans_swap/*nodes_20_SF_adj_16/*/fans_analysis/fans_*.json,[],[],[],File not found with pattern: /data1/statduck/exp1_result_fans_5000/*nodes_20_SF_adj_16/*/fans_analysis/fans_*.json,[],[],[],File not found with pattern: /data1/statduck/exp1_result_fans_10000/*nodes_20_SF_adj_16/*/fans_analysis/fans_*.json,[],[],[],File not found with pattern: /data1/statduck/exp1_result_fans_30000/*nodes_20_SF_adj_16/*/fans_analysis/fans_*.json,[],[],[],File not found with pattern: /data1/statduck/exp1_result_fans_100epochs/*nodes_20_SF_adj_16/*/fans_analysis/fans_*.json,[],[],[],File not found with pattern: /data1/statduck/exp1_result_fans_500epochs/*nodes_20_SF_adj_16/*/fans_analysis/fans_*.json,[],[],[],File not found with pattern: /data1/statduck/exp1_result_fans_dim8/*nodes_20_SF_adj_16/*/fans_analysis/fans_*.json,[],[],[],File not found with pattern: /data1/statduck/exp1_result_fans_dim16/*nodes_20_SF_adj_16/*/fans_analysis/fans_*.json,[],[],[],File not found with pattern: /data1/statduck/exp1_result_fans_anm/*nodes_20_SF_adj_16/*/fans_analysis/fans_*.json,[],[],[],File not found with pattern: /data1/statduck/exp1_result_fans_small/*nodes_20_SF_adj_16/*/fans_analysis/fans_*.json,"[16, 17]","[6, 16, 19]",[4],,[],[],[],File not found,[],[],[],File not found,"[4, 6, 16, 19]",[],[],,[],[],[],File not found,"[1, 2, 3, 4, 5, 6, 7, 8, 9, 10, 11, 12, 13, 14, 15, 16, 17, 18, 19]",[],[],,1.0,1.0,1.0,1.0,0.0,0.0,0.0,0.0,0.0,0.0,0.0,0.0,0.0,0.0,0.0,0.0,0.0,0.0,0.0,0.0,0.0,0.0,0.0,0.0,0.0,0.0,0.0,0.0,0.0,0.0,0.0,0.0,0.0,0.0,0.0,0.0,0.0,0.0,0.0,0.0,0.0,0.0,0.0,0.0,0,0.0,0.0,0.0,0.3333333333333333,0.8,0.6666666666666666,0.7333333333333334,0,0.0,0.0,0.0,0,,,1.0,,,0.34782608695652173,,
20,SF,17,"[9, 13, 17, 18]","[17, 18]","[9, 13]","[1, 2, 3, 4, 5, 6, 7, 8, 9, 10, 11, 12, 13, 14, 15, 16, 17, 18, 19]","[9, 13, 17, 18]","[17, 18]","[9, 13]",,[],[],[],File not found with pattern: /data1/statduck/exp1_result_fans_swap/*nodes_20_SF_adj_17/*/fans_analysis/fans_*.json,[],[],[],File not found with pattern: /data1/statduck/exp1_result_fans_5000/*nodes_20_SF_adj_17/*/fans_analysis/fans_*.json,[],[],[],File not found with pattern: /data1/statduck/exp1_result_fans_10000/*nodes_20_SF_adj_17/*/fans_analysis/fans_*.json,[],[],[],File not found with pattern: /data1/statduck/exp1_result_fans_30000/*nodes_20_SF_adj_17/*/fans_analysis/fans_*.json,[],[],[],File not found with pattern: /data1/statduck/exp1_result_fans_100epochs/*nodes_20_SF_adj_17/*/fans_analysis/fans_*.json,[],[],[],File not found with pattern: /data1/statduck/exp1_result_fans_500epochs/*nodes_20_SF_adj_17/*/fans_analysis/fans_*.json,[],[],[],File not found with pattern: /data1/statduck/exp1_result_fans_dim8/*nodes_20_SF_adj_17/*/fans_analysis/fans_*.json,[],[],[],File not found with pattern: /data1/statduck/exp1_result_fans_dim16/*nodes_20_SF_adj_17/*/fans_analysis/fans_*.json,[],[],[],File not found with pattern: /data1/statduck/exp1_result_fans_anm/*nodes_20_SF_adj_17/*/fans_analysis/fans_*.json,[],[],[],File not found with pattern: /data1/statduck/exp1_result_fans_small/*nodes_20_SF_adj_17/*/fans_analysis/fans_*.json,"[3, 10, 13, 17, 18]","[9, 13, 17, 18]",[],,[],[],[],File not found,[],[],[],File not found,"[9, 13, 17, 18]",[],[],,[],[],[],File not found,"[1, 2, 3, 4, 5, 6, 7, 8, 9, 10, 11, 12, 13, 14, 15, 17, 18, 19]",[],[],,1.0,1.0,1.0,1.0,0.0,0.0,0.0,0.0,0.0,0.0,0.0,0.0,0.0,0.0,0.0,0.0,0.0,0.0,0.0,0.0,0.0,0.0,0.0,0.0,0.0,0.0,0.0,0.0,0.0,0.0,0.0,0.0,0.0,0.0,0.0,0.0,0.0,0.0,0.0,0.0,0.0,0.0,0.0,0.0,0,0.0,0.0,0.0,0.6666666666666665,0.6666666666666666,0.0,0.3333333333333333,0,0.0,0.0,0.0,0,,,1.0,,,0.3636363636363636,,
20,SF,18,"[1, 10, 13, 19]","[1, 10]","[13, 19]","[1, 2, 3, 4, 5, 6, 7, 8, 9, 10, 11, 12, 13, 14, 15, 16, 17, 18, 19]","[1, 10, 13, 19]","[1, 10]","[13, 19]",,[],[],[],File not found with pattern: /data1/statduck/exp1_result_fans_swap/*nodes_20_SF_adj_18/*/fans_analysis/fans_*.json,[],[],[],File not found with pattern: /data1/statduck/exp1_result_fans_5000/*nodes_20_SF_adj_18/*/fans_analysis/fans_*.json,[],[],[],File not found with pattern: /data1/statduck/exp1_result_fans_10000/*nodes_20_SF_adj_18/*/fans_analysis/fans_*.json,[],[],[],File not found with pattern: /data1/statduck/exp1_result_fans_30000/*nodes_20_SF_adj_18/*/fans_analysis/fans_*.json,[],[],[],File not found with pattern: /data1/statduck/exp1_result_fans_100epochs/*nodes_20_SF_adj_18/*/fans_analysis/fans_*.json,[],[],[],File not found with pattern: /data1/statduck/exp1_result_fans_500epochs/*nodes_20_SF_adj_18/*/fans_analysis/fans_*.json,[],[],[],File not found with pattern: /data1/statduck/exp1_result_fans_dim8/*nodes_20_SF_adj_18/*/fans_analysis/fans_*.json,[],[],[],File not found with pattern: /data1/statduck/exp1_result_fans_dim16/*nodes_20_SF_adj_18/*/fans_analysis/fans_*.json,[],[],[],File not found with pattern: /data1/statduck/exp1_result_fans_anm/*nodes_20_SF_adj_18/*/fans_analysis/fans_*.json,[],[],[],File not found with pattern: /data1/statduck/exp1_result_fans_small/*nodes_20_SF_adj_18/*/fans_analysis/fans_*.json,"[1, 10, 11, 13, 18]","[1, 10, 19]",[13],,[],[],[],File not found,[],[],[],File not found,"[1, 10, 13, 19]",[],[],,[],[],[],File not found,"[1, 2, 3, 4, 5, 6, 7, 8, 9, 10, 11, 12, 13, 14, 15, 16, 17, 18, 19]",[],[],,1.0,1.0,1.0,1.0,0.0,0.0,0.0,0.0,0.0,0.0,0.0,0.0,0.0,0.0,0.0,0.0,0.0,0.0,0.0,0.0,0.0,0.0,0.0,0.0,0.0,0.0,0.0,0.0,0.0,0.0,0.0,0.0,0.0,0.0,0.0,0.0,0.0,0.0,0.0,0.0,0.0,0.0,0.0,0.0,0,0.0,0.0,0.0,0.6666666666666665,0.8,0.6666666666666666,0.7333333333333334,0,0.0,0.0,0.0,0,,,1.0,,,0.34782608695652173,,
20,SF,19,"[3, 7, 12, 16]","[3, 7]","[12, 16]","[1, 2, 3, 4, 5, 6, 7, 8, 9, 10, 11, 12, 13, 14, 15, 16, 17, 18, 19]","[3, 7, 12, 16]","[3, 7]","[12, 16]",,[],[],[],File not found with pattern: /data1/statduck/exp1_result_fans_swap/*nodes_20_SF_adj_19/*/fans_analysis/fans_*.json,[],[],[],File not found with pattern: /data1/statduck/exp1_result_fans_5000/*nodes_20_SF_adj_19/*/fans_analysis/fans_*.json,[],[],[],File not found with pattern: /data1/statduck/exp1_result_fans_10000/*nodes_20_SF_adj_19/*/fans_analysis/fans_*.json,[],[],[],File not found with pattern: /data1/statduck/exp1_result_fans_30000/*nodes_20_SF_adj_19/*/fans_analysis/fans_*.json,[],[],[],File not found with pattern: /data1/statduck/exp1_result_fans_100epochs/*nodes_20_SF_adj_19/*/fans_analysis/fans_*.json,[],[],[],File not found with pattern: /data1/statduck/exp1_result_fans_500epochs/*nodes_20_SF_adj_19/*/fans_analysis/fans_*.json,[],[],[],File not found with pattern: /data1/statduck/exp1_result_fans_dim8/*nodes_20_SF_adj_19/*/fans_analysis/fans_*.json,[],[],[],File not found with pattern: /data1/statduck/exp1_result_fans_dim16/*nodes_20_SF_adj_19/*/fans_analysis/fans_*.json,[],[],[],File not found with pattern: /data1/statduck/exp1_result_fans_anm/*nodes_20_SF_adj_19/*/fans_analysis/fans_*.json,[],[],[],File not found with pattern: /data1/statduck/exp1_result_fans_small/*nodes_20_SF_adj_19/*/fans_analysis/fans_*.json,"[2, 3, 5, 7, 12, 16]","[3, 7, 12]",[16],,[],[],[],File not found,[],[],[],File not found,"[3, 7, 12, 16]",[],[],,[],[],[],File not found,"[1, 2, 3, 4, 5, 6, 7, 8, 9, 10, 11, 12, 13, 14, 15, 16, 17, 18, 19]",[],[],,1.0,1.0,1.0,1.0,0.0,0.0,0.0,0.0,0.0,0.0,0.0,0.0,0.0,0.0,0.0,0.0,0.0,0.0,0.0,0.0,0.0,0.0,0.0,0.0,0.0,0.0,0.0,0.0,0.0,0.0,0.0,0.0,0.0,0.0,0.0,0.0,0.0,0.0,0.0,0.0,0.0,0.0,0.0,0.0,0,0.0,0.0,0.0,0.8,0.8,0.6666666666666666,0.7333333333333334,0,0.0,0.0,0.0,0,,,1.0,,,0.34782608695652173,,
20,SF,20,"[2, 4, 9, 14]","[4, 9]","[2, 14]","[1, 2, 3, 4, 5, 6, 7, 8, 9, 10, 11, 12, 13, 14, 15, 16, 17, 18, 19]","[2, 4, 9, 14]","[4, 9]","[2, 14]",,[],[],[],File not found with pattern: /data1/statduck/exp1_result_fans_swap/*nodes_20_SF_adj_20/*/fans_analysis/fans_*.json,[],[],[],File not found with pattern: /data1/statduck/exp1_result_fans_5000/*nodes_20_SF_adj_20/*/fans_analysis/fans_*.json,[],[],[],File not found with pattern: /data1/statduck/exp1_result_fans_10000/*nodes_20_SF_adj_20/*/fans_analysis/fans_*.json,[],[],[],File not found with pattern: /data1/statduck/exp1_result_fans_30000/*nodes_20_SF_adj_20/*/fans_analysis/fans_*.json,[],[],[],File not found with pattern: /data1/statduck/exp1_result_fans_100epochs/*nodes_20_SF_adj_20/*/fans_analysis/fans_*.json,[],[],[],File not found with pattern: /data1/statduck/exp1_result_fans_500epochs/*nodes_20_SF_adj_20/*/fans_analysis/fans_*.json,[],[],[],File not found with pattern: /data1/statduck/exp1_result_fans_dim8/*nodes_20_SF_adj_20/*/fans_analysis/fans_*.json,[],[],[],File not found with pattern: /data1/statduck/exp1_result_fans_dim16/*nodes_20_SF_adj_20/*/fans_analysis/fans_*.json,[],[],[],File not found with pattern: /data1/statduck/exp1_result_fans_anm/*nodes_20_SF_adj_20/*/fans_analysis/fans_*.json,[],[],[],File not found with pattern: /data1/statduck/exp1_result_fans_small/*nodes_20_SF_adj_20/*/fans_analysis/fans_*.json,"[2, 9, 12, 19]","[2, 4, 9, 14]",[],,[],[],[],File not found,[],[],[],File not found,"[2, 4, 9, 14]",[],[],,[],[],[],File not found,"[1, 2, 3, 4, 5, 6, 7, 8, 9, 10, 11, 12, 13, 14, 15, 16, 17, 18, 19]",[],[],,1.0,1.0,1.0,1.0,0.0,0.0,0.0,0.0,0.0,0.0,0.0,0.0,0.0,0.0,0.0,0.0,0.0,0.0,0.0,0.0,0.0,0.0,0.0,0.0,0.0,0.0,0.0,0.0,0.0,0.0,0.0,0.0,0.0,0.0,0.0,0.0,0.0,0.0,0.0,0.0,0.0,0.0,0.0,0.0,0,0.0,0.0,0.0,0.5,0.6666666666666666,0.0,0.3333333333333333,0,0.0,0.0,0.0,0,,,1.0,,,0.34782608695652173,,
20,SF,21,"[3, 4, 11, 15]","[3, 4, 11, 15]",[],"[1, 2, 3, 4, 5, 6, 7, 8, 9, 10, 11, 12, 13, 14, 15, 16, 17, 18, 19]","[3, 4, 11, 15]","[3, 4, 11, 15]",[],,[],[],[],File not found with pattern: /data1/statduck/exp1_result_fans_swap/*nodes_20_SF_adj_21/*/fans_analysis/fans_*.json,[],[],[],File not found with pattern: /data1/statduck/exp1_result_fans_5000/*nodes_20_SF_adj_21/*/fans_analysis/fans_*.json,[],[],[],File not found with pattern: /data1/statduck/exp1_result_fans_10000/*nodes_20_SF_adj_21/*/fans_analysis/fans_*.json,[],[],[],File not found with pattern: /data1/statduck/exp1_result_fans_30000/*nodes_20_SF_adj_21/*/fans_analysis/fans_*.json,[],[],[],File not found with pattern: /data1/statduck/exp1_result_fans_100epochs/*nodes_20_SF_adj_21/*/fans_analysis/fans_*.json,[],[],[],File not found with pattern: /data1/statduck/exp1_result_fans_500epochs/*nodes_20_SF_adj_21/*/fans_analysis/fans_*.json,[],[],[],File not found with pattern: /data1/statduck/exp1_result_fans_dim8/*nodes_20_SF_adj_21/*/fans_analysis/fans_*.json,[],[],[],File not found with pattern: /data1/statduck/exp1_result_fans_dim16/*nodes_20_SF_adj_21/*/fans_analysis/fans_*.json,[],[],[],File not found with pattern: /data1/statduck/exp1_result_fans_anm/*nodes_20_SF_adj_21/*/fans_analysis/fans_*.json,[],[],[],File not found with pattern: /data1/statduck/exp1_result_fans_small/*nodes_20_SF_adj_21/*/fans_analysis/fans_*.json,"[3, 5, 6, 7, 13, 15, 17]","[3, 4, 11, 15]",[],,[],[],[],File not found,[],[],[],File not found,"[3, 4, 11, 15]",[],[],,[],[],[],File not found,"[1, 2, 3, 5, 6, 7, 8, 9, 10, 11, 12, 13, 14, 15, 16, 17, 18, 19]",[],[],,1.0,1.0,0.0,1.0,0.0,0.0,0.0,0.0,0.0,0.0,0.0,0.0,0.0,0.0,0.0,0.0,0.0,0.0,0.0,0.0,0.0,0.0,0.0,0.0,0.0,0.0,0.0,0.0,0.0,0.0,0.0,0.0,0.0,0.0,0.0,0.0,0.0,0.0,0.0,0.0,0.0,0.0,0.0,0.0,0,0.0,0.0,0.0,0.36363636363636365,1.0,0.0,1.0,0,0.0,0.0,0.0,0,,,1.0,,,0.27272727272727276,,
20,SF,22,"[5, 12, 15, 16]","[5, 12, 15, 16]",[],"[1, 2, 3, 4, 5, 6, 7, 8, 9, 10, 11, 12, 13, 14, 15, 16, 17, 18, 19]","[5, 12, 15, 16]","[5, 12, 15, 16]",[],,[],[],[],File not found with pattern: /data1/statduck/exp1_result_fans_swap/*nodes_20_SF_adj_22/*/fans_analysis/fans_*.json,[],[],[],File not found with pattern: /data1/statduck/exp1_result_fans_5000/*nodes_20_SF_adj_22/*/fans_analysis/fans_*.json,[],[],[],File not found with pattern: /data1/statduck/exp1_result_fans_10000/*nodes_20_SF_adj_22/*/fans_analysis/fans_*.json,[],[],[],File not found with pattern: /data1/statduck/exp1_result_fans_30000/*nodes_20_SF_adj_22/*/fans_analysis/fans_*.json,[],[],[],File not found with pattern: /data1/statduck/exp1_result_fans_100epochs/*nodes_20_SF_adj_22/*/fans_analysis/fans_*.json,[],[],[],File not found with pattern: /data1/statduck/exp1_result_fans_500epochs/*nodes_20_SF_adj_22/*/fans_analysis/fans_*.json,[],[],[],File not found with pattern: /data1/statduck/exp1_result_fans_dim8/*nodes_20_SF_adj_22/*/fans_analysis/fans_*.json,[],[],[],File not found with pattern: /data1/statduck/exp1_result_fans_dim16/*nodes_20_SF_adj_22/*/fans_analysis/fans_*.json,[],[],[],File not found with pattern: /data1/statduck/exp1_result_fans_anm/*nodes_20_SF_adj_22/*/fans_analysis/fans_*.json,[],[],[],File not found with pattern: /data1/statduck/exp1_result_fans_small/*nodes_20_SF_adj_22/*/fans_analysis/fans_*.json,[13],"[5, 12, 15, 16]",[],,[],[],[],File not found,[],[],[],File not found,"[5, 12, 15, 16]",[],[],,[],[],[],File not found,"[1, 2, 3, 4, 5, 6, 7, 8, 9, 10, 11, 12, 13, 14, 15, 16, 17, 18, 19]",[],[],,1.0,1.0,0.0,1.0,0.0,0.0,0.0,0.0,0.0,0.0,0.0,0.0,0.0,0.0,0.0,0.0,0.0,0.0,0.0,0.0,0.0,0.0,0.0,0.0,0.0,0.0,0.0,0.0,0.0,0.0,0.0,0.0,0.0,0.0,0.0,0.0,0.0,0.0,0.0,0.0,0.0,0.0,0.0,0.0,0,0.0,0.0,0.0,0.0,1.0,0.0,1.0,0,0.0,0.0,0.0,0,,,1.0,,,0.34782608695652173,,
20,SF,23,"[11, 13, 14, 15]","[11, 13, 14, 15]",[],"[1, 2, 3, 4, 5, 6, 7, 8, 9, 10, 11, 12, 13, 14, 15, 16, 17, 18, 19]","[11, 13, 14, 15]","[11, 13, 14, 15]",[],,[],[],[],File not found with pattern: /data1/statduck/exp1_result_fans_swap/*nodes_20_SF_adj_23/*/fans_analysis/fans_*.json,[],[],[],File not found with pattern: /data1/statduck/exp1_result_fans_5000/*nodes_20_SF_adj_23/*/fans_analysis/fans_*.json,[],[],[],File not found with pattern: /data1/statduck/exp1_result_fans_10000/*nodes_20_SF_adj_23/*/fans_analysis/fans_*.json,[],[],[],File not found with pattern: /data1/statduck/exp1_result_fans_30000/*nodes_20_SF_adj_23/*/fans_analysis/fans_*.json,[],[],[],File not found with pattern: /data1/statduck/exp1_result_fans_100epochs/*nodes_20_SF_adj_23/*/fans_analysis/fans_*.json,[],[],[],File not found with pattern: /data1/statduck/exp1_result_fans_500epochs/*nodes_20_SF_adj_23/*/fans_analysis/fans_*.json,[],[],[],File not found with pattern: /data1/statduck/exp1_result_fans_dim8/*nodes_20_SF_adj_23/*/fans_analysis/fans_*.json,[],[],[],File not found with pattern: /data1/statduck/exp1_result_fans_dim16/*nodes_20_SF_adj_23/*/fans_analysis/fans_*.json,[],[],[],File not found with pattern: /data1/statduck/exp1_result_fans_anm/*nodes_20_SF_adj_23/*/fans_analysis/fans_*.json,[],[],[],File not found with pattern: /data1/statduck/exp1_result_fans_small/*nodes_20_SF_adj_23/*/fans_analysis/fans_*.json,"[3, 6, 8, 10, 11, 13]","[11, 13, 14, 15]",[],,[],[],[],File not found,[],[],[],File not found,"[11, 13, 14, 15]",[],[],,[],[],[],File not found,"[1, 2, 3, 4, 5, 6, 7, 8, 9, 10, 11, 12, 13, 14, 15, 16, 17, 18, 19]",[],[],,1.0,1.0,0.0,1.0,0.0,0.0,0.0,0.0,0.0,0.0,0.0,0.0,0.0,0.0,0.0,0.0,0.0,0.0,0.0,0.0,0.0,0.0,0.0,0.0,0.0,0.0,0.0,0.0,0.0,0.0,0.0,0.0,0.0,0.0,0.0,0.0,0.0,0.0,0.0,0.0,0.0,0.0,0.0,0.0,0,0.0,0.0,0.0,0.4,1.0,0.0,1.0,0,0.0,0.0,0.0,0,,,1.0,,,0.34782608695652173,,
20,SF,24,"[3, 16, 17, 18]","[3, 16, 17, 18]",[],"[1, 2, 3, 4, 5, 6, 7, 8, 9, 10, 11, 12, 13, 14, 15, 16, 17, 18, 19]","[3, 16, 17, 18]","[3, 16, 17, 18]",[],,[],[],[],File not found with pattern: /data1/statduck/exp1_result_fans_swap/*nodes_20_SF_adj_24/*/fans_analysis/fans_*.json,[],[],[],File not found with pattern: /data1/statduck/exp1_result_fans_5000/*nodes_20_SF_adj_24/*/fans_analysis/fans_*.json,[],[],[],File not found with pattern: /data1/statduck/exp1_result_fans_10000/*nodes_20_SF_adj_24/*/fans_analysis/fans_*.json,[],[],[],File not found with pattern: /data1/statduck/exp1_result_fans_30000/*nodes_20_SF_adj_24/*/fans_analysis/fans_*.json,[],[],[],File not found with pattern: /data1/statduck/exp1_result_fans_100epochs/*nodes_20_SF_adj_24/*/fans_analysis/fans_*.json,[],[],[],File not found with pattern: /data1/statduck/exp1_result_fans_500epochs/*nodes_20_SF_adj_24/*/fans_analysis/fans_*.json,[],[],[],File not found with pattern: /data1/statduck/exp1_result_fans_dim8/*nodes_20_SF_adj_24/*/fans_analysis/fans_*.json,[],[],[],File not found with pattern: /data1/statduck/exp1_result_fans_dim16/*nodes_20_SF_adj_24/*/fans_analysis/fans_*.json,[],[],[],File not found with pattern: /data1/statduck/exp1_result_fans_anm/*nodes_20_SF_adj_24/*/fans_analysis/fans_*.json,[],[],[],File not found with pattern: /data1/statduck/exp1_result_fans_small/*nodes_20_SF_adj_24/*/fans_analysis/fans_*.json,[17],"[3, 16, 17, 18]",[],,[],[],[],File not found,[],[],[],File not found,"[3, 16, 17, 18]",[],[],,[],[],[],File not found,"[1, 2, 3, 4, 5, 6, 7, 8, 9, 10, 11, 12, 13, 14, 15, 16, 17, 18, 19]",[],[],,1.0,1.0,0.0,1.0,0.0,0.0,0.0,0.0,0.0,0.0,0.0,0.0,0.0,0.0,0.0,0.0,0.0,0.0,0.0,0.0,0.0,0.0,0.0,0.0,0.0,0.0,0.0,0.0,0.0,0.0,0.0,0.0,0.0,0.0,0.0,0.0,0.0,0.0,0.0,0.0,0.0,0.0,0.0,0.0,0,0.0,0.0,0.0,0.4,1.0,0.0,1.0,0,0.0,0.0,0.0,0,,,1.0,,,0.34782608695652173,,
20,SF,25,"[7, 9, 15, 18]","[7, 9, 15, 18]",[],"[1, 2, 3, 4, 5, 6, 7, 8, 9, 10, 11, 12, 13, 14, 15, 16, 17, 18, 19]","[7, 9, 15, 18]","[7, 9, 15, 18]",[],,[],[],[],File not found with pattern: /data1/statduck/exp1_result_fans_swap/*nodes_20_SF_adj_25/*/fans_analysis/fans_*.json,[],[],[],File not found with pattern: /data1/statduck/exp1_result_fans_5000/*nodes_20_SF_adj_25/*/fans_analysis/fans_*.json,[],[],[],File not found with pattern: /data1/statduck/exp1_result_fans_10000/*nodes_20_SF_adj_25/*/fans_analysis/fans_*.json,[],[],[],File not found with pattern: /data1/statduck/exp1_result_fans_30000/*nodes_20_SF_adj_25/*/fans_analysis/fans_*.json,[],[],[],File not found with pattern: /data1/statduck/exp1_result_fans_100epochs/*nodes_20_SF_adj_25/*/fans_analysis/fans_*.json,[],[],[],File not found with pattern: /data1/statduck/exp1_result_fans_500epochs/*nodes_20_SF_adj_25/*/fans_analysis/fans_*.json,[],[],[],File not found with pattern: /data1/statduck/exp1_result_fans_dim8/*nodes_20_SF_adj_25/*/fans_analysis/fans_*.json,[],[],[],File not found with pattern: /data1/statduck/exp1_result_fans_dim16/*nodes_20_SF_adj_25/*/fans_analysis/fans_*.json,[],[],[],File not found with pattern: /data1/statduck/exp1_result_fans_anm/*nodes_20_SF_adj_25/*/fans_analysis/fans_*.json,[],[],[],File not found with pattern: /data1/statduck/exp1_result_fans_small/*nodes_20_SF_adj_25/*/fans_analysis/fans_*.json,"[7, 18]","[7, 9, 15, 18]",[],,[],[],[],File not found,[],[],[],File not found,"[7, 9, 18]",[],[],,[],[],[],File not found,"[1, 2, 3, 4, 5, 6, 7, 8, 9, 10, 11, 12, 13, 14, 15, 16, 17, 18, 19]",[],[],,1.0,1.0,0.0,1.0,0.0,0.0,0.0,0.0,0.0,0.0,0.0,0.0,0.0,0.0,0.0,0.0,0.0,0.0,0.0,0.0,0.0,0.0,0.0,0.0,0.0,0.0,0.0,0.0,0.0,0.0,0.0,0.0,0.0,0.0,0.0,0.0,0.0,0.0,0.0,0.0,0.0,0.0,0.0,0.0,0,0.0,0.0,0.0,0.6666666666666666,1.0,0.0,1.0,0,0.0,0.0,0.0,0,,,0.8571428571428571,,,0.34782608695652173,,
20,SF,26,"[4, 8, 11, 12]",[],"[4, 8, 11, 12]","[1, 2, 3, 4, 5, 6, 7, 8, 9, 10, 11, 12, 13, 14, 15, 16, 17, 18, 19]","[4, 8, 11, 12]",[],"[4, 8, 11, 12]",,[],[],[],File not found with pattern: /data1/statduck/exp1_result_fans_swap/*nodes_20_SF_adj_26/*/fans_analysis/fans_*.json,[],[],[],File not found with pattern: /data1/statduck/exp1_result_fans_5000/*nodes_20_SF_adj_26/*/fans_analysis/fans_*.json,[],[],[],File not found with pattern: /data1/statduck/exp1_result_fans_10000/*nodes_20_SF_adj_26/*/fans_analysis/fans_*.json,[],[],[],File not found with pattern: /data1/statduck/exp1_result_fans_30000/*nodes_20_SF_adj_26/*/fans_analysis/fans_*.json,[],[],[],File not found with pattern: /data1/statduck/exp1_result_fans_100epochs/*nodes_20_SF_adj_26/*/fans_analysis/fans_*.json,[],[],[],File not found with pattern: /data1/statduck/exp1_result_fans_500epochs/*nodes_20_SF_adj_26/*/fans_analysis/fans_*.json,[],[],[],File not found with pattern: /data1/statduck/exp1_result_fans_dim8/*nodes_20_SF_adj_26/*/fans_analysis/fans_*.json,[],[],[],File not found with pattern: /data1/statduck/exp1_result_fans_dim16/*nodes_20_SF_adj_26/*/fans_analysis/fans_*.json,[],[],[],File not found with pattern: /data1/statduck/exp1_result_fans_anm/*nodes_20_SF_adj_26/*/fans_analysis/fans_*.json,[],[],[],File not found with pattern: /data1/statduck/exp1_result_fans_small/*nodes_20_SF_adj_26/*/fans_analysis/fans_*.json,"[1, 4, 7, 8, 12, 15]","[8, 11]","[4, 12]",,[],[],[],File not found,[],[],[],File not found,"[4, 8, 11, 12]",[],[],,[],[],[],File not found,"[1, 2, 3, 4, 5, 6, 7, 8, 9, 10, 11, 12, 13, 14, 15, 16, 17, 18, 19]",[],[],,1.0,0.0,1.0,1.0,0.0,0.0,0.0,0.0,0.0,0.0,0.0,0.0,0.0,0.0,0.0,0.0,0.0,0.0,0.0,0.0,0.0,0.0,0.0,0.0,0.0,0.0,0.0,0.0,0.0,0.0,0.0,0.0,0.0,0.0,0.0,0.0,0.0,0.0,0.0,0.0,0.0,0.0,0.0,0.0,0,0.0,0.0,0.0,0.6,0.0,0.6666666666666666,0.6666666666666666,0,0.0,0.0,0.0,0,,,1.0,,,0.34782608695652173,,
20,SF,27,"[1, 2, 4, 11]",[],"[1, 2, 4, 11]","[1, 2, 3, 4, 5, 6, 7, 8, 9, 10, 11, 12, 13, 14, 15, 16, 17, 18, 19]","[1, 2, 4, 11]",[],"[1, 2, 4, 11]",,[],[],[],File not found with pattern: /data1/statduck/exp1_result_fans_swap/*nodes_20_SF_adj_27/*/fans_analysis/fans_*.json,[],[],[],File not found with pattern: /data1/statduck/exp1_result_fans_5000/*nodes_20_SF_adj_27/*/fans_analysis/fans_*.json,[],[],[],File not found with pattern: /data1/statduck/exp1_result_fans_10000/*nodes_20_SF_adj_27/*/fans_analysis/fans_*.json,[],[],[],File not found with pattern: /data1/statduck/exp1_result_fans_30000/*nodes_20_SF_adj_27/*/fans_analysis/fans_*.json,[],[],[],File not found with pattern: /data1/statduck/exp1_result_fans_100epochs/*nodes_20_SF_adj_27/*/fans_analysis/fans_*.json,[],[],[],File not found with pattern: /data1/statduck/exp1_result_fans_500epochs/*nodes_20_SF_adj_27/*/fans_analysis/fans_*.json,[],[],[],File not found with pattern: /data1/statduck/exp1_result_fans_dim8/*nodes_20_SF_adj_27/*/fans_analysis/fans_*.json,[],[],[],File not found with pattern: /data1/statduck/exp1_result_fans_dim16/*nodes_20_SF_adj_27/*/fans_analysis/fans_*.json,[],[],[],File not found with pattern: /data1/statduck/exp1_result_fans_anm/*nodes_20_SF_adj_27/*/fans_analysis/fans_*.json,[],[],[],File not found with pattern: /data1/statduck/exp1_result_fans_small/*nodes_20_SF_adj_27/*/fans_analysis/fans_*.json,"[1, 2, 4]","[2, 4]","[1, 11]",,[],[],[],File not found,[],[],[],File not found,"[1, 2, 4, 11]",[],[],,[],[],[],File not found,"[1, 2, 3, 4, 5, 6, 7, 8, 9, 10, 11, 12, 13, 14, 15, 16, 17, 18, 19]",[],[],,1.0,0.0,1.0,1.0,0.0,0.0,0.0,0.0,0.0,0.0,0.0,0.0,0.0,0.0,0.0,0.0,0.0,0.0,0.0,0.0,0.0,0.0,0.0,0.0,0.0,0.0,0.0,0.0,0.0,0.0,0.0,0.0,0.0,0.0,0.0,0.0,0.0,0.0,0.0,0.0,0.0,0.0,0.0,0.0,0,0.0,0.0,0.0,0.8571428571428571,0.0,0.6666666666666666,0.6666666666666666,0,0.0,0.0,0.0,0,,,1.0,,,0.34782608695652173,,
20,SF,28,"[10, 15, 17, 18]",[],"[10, 15, 17, 18]","[1, 2, 3, 4, 5, 6, 7, 8, 9, 10, 11, 12, 13, 14, 15, 16, 17, 18, 19]","[10, 15, 17, 18]",[],"[10, 15, 17, 18]",,[],[],[],File not found with pattern: /data1/statduck/exp1_result_fans_swap/*nodes_20_SF_adj_28/*/fans_analysis/fans_*.json,[],[],[],File not found with pattern: /data1/statduck/exp1_result_fans_5000/*nodes_20_SF_adj_28/*/fans_analysis/fans_*.json,[],[],[],File not found with pattern: /data1/statduck/exp1_result_fans_10000/*nodes_20_SF_adj_28/*/fans_analysis/fans_*.json,[],[],[],File not found with pattern: /data1/statduck/exp1_result_fans_30000/*nodes_20_SF_adj_28/*/fans_analysis/fans_*.json,[],[],[],File not found with pattern: /data1/statduck/exp1_result_fans_100epochs/*nodes_20_SF_adj_28/*/fans_analysis/fans_*.json,[],[],[],File not found with pattern: /data1/statduck/exp1_result_fans_500epochs/*nodes_20_SF_adj_28/*/fans_analysis/fans_*.json,[],[],[],File not found with pattern: /data1/statduck/exp1_result_fans_dim8/*nodes_20_SF_adj_28/*/fans_analysis/fans_*.json,[],[],[],File not found with pattern: /data1/statduck/exp1_result_fans_dim16/*nodes_20_SF_adj_28/*/fans_analysis/fans_*.json,[],[],[],File not found with pattern: /data1/statduck/exp1_result_fans_anm/*nodes_20_SF_adj_28/*/fans_analysis/fans_*.json,[],[],[],File not found with pattern: /data1/statduck/exp1_result_fans_small/*nodes_20_SF_adj_28/*/fans_analysis/fans_*.json,"[2, 10, 15, 17, 18]","[10, 15, 17, 18]",[],,[],[],[],File not found,[],[],[],File not found,"[10, 15, 17, 18]",[],[],,[],[],[],File not found,"[1, 2, 3, 4, 5, 6, 7, 8, 9, 10, 11, 12, 13, 14, 15, 16, 17, 18, 19]",[],[],,1.0,0.0,1.0,1.0,0.0,0.0,0.0,0.0,0.0,0.0,0.0,0.0,0.0,0.0,0.0,0.0,0.0,0.0,0.0,0.0,0.0,0.0,0.0,0.0,0.0,0.0,0.0,0.0,0.0,0.0,0.0,0.0,0.0,0.0,0.0,0.0,0.0,0.0,0.0,0.0,0.0,0.0,0.0,0.0,0,0.0,0.0,0.0,0.888888888888889,0.0,0.0,0.0,0,0.0,0.0,0.0,0,,,1.0,,,0.34782608695652173,,
20,SF,29,"[5, 6, 10, 11]",[],"[5, 6, 10, 11]","[1, 2, 3, 4, 5, 6, 7, 8, 9, 10, 11, 12, 13, 14, 15, 16, 17, 18, 19]","[5, 6, 10, 11]",[],"[5, 6, 10, 11]",,[],[],[],File not found with pattern: /data1/statduck/exp1_result_fans_swap/*nodes_20_SF_adj_29/*/fans_analysis/fans_*.json,[],[],[],File not found with pattern: /data1/statduck/exp1_result_fans_5000/*nodes_20_SF_adj_29/*/fans_analysis/fans_*.json,[],[],[],File not found with pattern: /data1/statduck/exp1_result_fans_10000/*nodes_20_SF_adj_29/*/fans_analysis/fans_*.json,[],[],[],File not found with pattern: /data1/statduck/exp1_result_fans_30000/*nodes_20_SF_adj_29/*/fans_analysis/fans_*.json,[],[],[],File not found with pattern: /data1/statduck/exp1_result_fans_100epochs/*nodes_20_SF_adj_29/*/fans_analysis/fans_*.json,[],[],[],File not found with pattern: /data1/statduck/exp1_result_fans_500epochs/*nodes_20_SF_adj_29/*/fans_analysis/fans_*.json,[],[],[],File not found with pattern: /data1/statduck/exp1_result_fans_dim8/*nodes_20_SF_adj_29/*/fans_analysis/fans_*.json,[],[],[],File not found with pattern: /data1/statduck/exp1_result_fans_dim16/*nodes_20_SF_adj_29/*/fans_analysis/fans_*.json,[],[],[],File not found with pattern: /data1/statduck/exp1_result_fans_anm/*nodes_20_SF_adj_29/*/fans_analysis/fans_*.json,[],[],[],File not found with pattern: /data1/statduck/exp1_result_fans_small/*nodes_20_SF_adj_29/*/fans_analysis/fans_*.json,"[5, 6, 7, 8, 9, 10, 11, 16, 18, 19]","[6, 10, 11]",[5],,[],[],[],File not found,[],[],[],File not found,"[5, 6, 10, 11]",[],[],,[],[],[],File not found,"[1, 2, 3, 4, 5, 6, 7, 8, 9, 10, 11, 12, 13, 14, 15, 16, 17, 18, 19]",[],[],,1.0,0.0,1.0,1.0,0.0,0.0,0.0,0.0,0.0,0.0,0.0,0.0,0.0,0.0,0.0,0.0,0.0,0.0,0.0,0.0,0.0,0.0,0.0,0.0,0.0,0.0,0.0,0.0,0.0,0.0,0.0,0.0,0.0,0.0,0.0,0.0,0.0,0.0,0.0,0.0,0.0,0.0,0.0,0.0,0,0.0,0.0,0.0,0.5714285714285715,0.0,0.4,0.4,0,0.0,0.0,0.0,0,,,1.0,,,0.34782608695652173,,
20,SF,30,"[3, 6, 9, 10]",[],"[3, 6, 9, 10]","[1, 2, 3, 4, 5, 6, 7, 8, 9, 10, 11, 12, 13, 14, 15, 16, 17, 18, 19]","[3, 6, 9, 10]",[],"[3, 6, 9, 10]",,[],[],[],File not found with pattern: /data1/statduck/exp1_result_fans_swap/*nodes_20_SF_adj_30/*/fans_analysis/fans_*.json,[],[],[],File not found with pattern: /data1/statduck/exp1_result_fans_5000/*nodes_20_SF_adj_30/*/fans_analysis/fans_*.json,[],[],[],File not found with pattern: /data1/statduck/exp1_result_fans_10000/*nodes_20_SF_adj_30/*/fans_analysis/fans_*.json,[],[],[],File not found with pattern: /data1/statduck/exp1_result_fans_30000/*nodes_20_SF_adj_30/*/fans_analysis/fans_*.json,[],[],[],File not found with pattern: /data1/statduck/exp1_result_fans_100epochs/*nodes_20_SF_adj_30/*/fans_analysis/fans_*.json,[],[],[],File not found with pattern: /data1/statduck/exp1_result_fans_500epochs/*nodes_20_SF_adj_30/*/fans_analysis/fans_*.json,[],[],[],File not found with pattern: /data1/statduck/exp1_result_fans_dim8/*nodes_20_SF_adj_30/*/fans_analysis/fans_*.json,[],[],[],File not found with pattern: /data1/statduck/exp1_result_fans_dim16/*nodes_20_SF_adj_30/*/fans_analysis/fans_*.json,[],[],[],File not found with pattern: /data1/statduck/exp1_result_fans_anm/*nodes_20_SF_adj_30/*/fans_analysis/fans_*.json,[],[],[],File not found with pattern: /data1/statduck/exp1_result_fans_small/*nodes_20_SF_adj_30/*/fans_analysis/fans_*.json,"[2, 3, 4, 5, 6, 9, 10]","[3, 6, 9]",[10],,[],[],[],File not found,[],[],[],File not found,"[3, 6, 9, 10]",[],[],,[],[],[],File not found,"[1, 2, 3, 4, 5, 6, 7, 8, 9, 10, 11, 12, 13, 14, 15, 16, 17, 18, 19]",[],[],,1.0,0.0,1.0,1.0,0.0,0.0,0.0,0.0,0.0,0.0,0.0,0.0,0.0,0.0,0.0,0.0,0.0,0.0,0.0,0.0,0.0,0.0,0.0,0.0,0.0,0.0,0.0,0.0,0.0,0.0,0.0,0.0,0.0,0.0,0.0,0.0,0.0,0.0,0.0,0.0,0.0,0.0,0.0,0.0,0,0.0,0.0,0.0,0.7272727272727273,0.0,0.4,0.4,0,0.0,0.0,0.0,0,,,1.0,,,0.34782608695652173,,
30,ER,1,"[7, 10, 13, 19, 20, 25]","[10, 19, 25]","[7, 13, 20]","[7, 9, 10, 12, 13, 14, 15, 16, 18, 19, 20, 21, 22, 23, 24, 25, 27, 28, 29]","[7, 10, 13, 19, 20, 25]","[10, 19, 25]","[7, 13, 20]",,[],[],[],File not found with pattern: /data1/statduck/exp1_result_fans_swap/*nodes_30_ER_adj_1/*/fans_analysis/fans_*.json,[],[],[],File not found with pattern: /data1/statduck/exp1_result_fans_5000/*nodes_30_ER_adj_1/*/fans_analysis/fans_*.json,[],[],[],File not found with pattern: /data1/statduck/exp1_result_fans_10000/*nodes_30_ER_adj_1/*/fans_analysis/fans_*.json,[],[],[],File not found with pattern: /data1/statduck/exp1_result_fans_30000/*nodes_30_ER_adj_1/*/fans_analysis/fans_*.json,[],[],[],File not found with pattern: /data1/statduck/exp1_result_fans_100epochs/*nodes_30_ER_adj_1/*/fans_analysis/fans_*.json,[],[],[],File not found with pattern: /data1/statduck/exp1_result_fans_500epochs/*nodes_30_ER_adj_1/*/fans_analysis/fans_*.json,[],[],[],File not found with pattern: /data1/statduck/exp1_result_fans_dim8/*nodes_30_ER_adj_1/*/fans_analysis/fans_*.json,[],[],[],File not found with pattern: /data1/statduck/exp1_result_fans_dim16/*nodes_30_ER_adj_1/*/fans_analysis/fans_*.json,[],[],[],File not found with pattern: /data1/statduck/exp1_result_fans_anm/*nodes_30_ER_adj_1/*/fans_analysis/fans_*.json,[],[],[],File not found with pattern: /data1/statduck/exp1_result_fans_small/*nodes_30_ER_adj_1/*/fans_analysis/fans_*.json,"[7, 9, 12, 13, 14, 15, 16, 18, 19, 20, 21, 22, 23, 24, 25, 27, 28, 29]","[10, 13, 19, 20, 25]",[7],,[],[],[],File not found,[],[],[],File not found,"[7, 10, 13, 19, 20, 25, 29]",[],[],,[],[],[],File not found,"[7, 9, 10, 12, 13, 14, 15, 16, 19, 20, 22, 23, 24, 25, 27, 28]",[],[],,1.0,1.0,1.0,1.0,0.0,0.0,0.0,0.0,0.0,0.0,0.0,0.0,0.0,0.0,0.0,0.0,0.0,0.0,0.0,0.0,0.0,0.0,0.0,0.0,0.0,0.0,0.0,0.0,0.0,0.0,0.0,0.0,0.0,0.0,0.0,0.0,0.0,0.0,0.0,0.0,0.0,0.0,0.0,0.0,0,0.0,0.0,0.0,0.4166666666666667,0.7499999999999999,0.5,0.625,0,0.0,0.0,0.0,0,,,0.923076923076923,,,0.5454545454545454,,
30,ER,2,"[17, 20, 22, 23, 26, 29]","[17, 22, 26]","[20, 23, 29]","[4, 6, 7, 9, 11, 12, 13, 15, 17, 19, 20, 21, 22, 23, 24, 25, 26, 27, 28, 29]","[17, 20, 23, 26, 29]","[17, 22, 26]","[20, 23, 29]",,[],[],[],File not found with pattern: /data1/statduck/exp1_result_fans_swap/*nodes_30_ER_adj_2/*/fans_analysis/fans_*.json,[],[],[],File not found with pattern: /data1/statduck/exp1_result_fans_5000/*nodes_30_ER_adj_2/*/fans_analysis/fans_*.json,[],[],[],File not found with pattern: /data1/statduck/exp1_result_fans_10000/*nodes_30_ER_adj_2/*/fans_analysis/fans_*.json,[],[],[],File not found with pattern: /data1/statduck/exp1_result_fans_30000/*nodes_30_ER_adj_2/*/fans_analysis/fans_*.json,[],[],[],File not found with pattern: /data1/statduck/exp1_result_fans_100epochs/*nodes_30_ER_adj_2/*/fans_analysis/fans_*.json,[],[],[],File not found with pattern: /data1/statduck/exp1_result_fans_500epochs/*nodes_30_ER_adj_2/*/fans_analysis/fans_*.json,[],[],[],File not found with pattern: /data1/statduck/exp1_result_fans_dim8/*nodes_30_ER_adj_2/*/fans_analysis/fans_*.json,[],[],[],File not found with pattern: /data1/statduck/exp1_result_fans_dim16/*nodes_30_ER_adj_2/*/fans_analysis/fans_*.json,[],[],[],File not found with pattern: /data1/statduck/exp1_result_fans_anm/*nodes_30_ER_adj_2/*/fans_analysis/fans_*.json,[],[],[],File not found with pattern: /data1/statduck/exp1_result_fans_small/*nodes_30_ER_adj_2/*/fans_analysis/fans_*.json,"[19, 20]","[17, 20, 22, 26, 29]",[23],,[],[],[],File not found,[],[],[],File not found,"[17, 20, 23, 26, 29]",[],[],,[],[],[],File not found,"[4, 6, 7, 9, 11, 12, 13, 15, 17, 19, 20, 21, 22, 24, 25, 26, 27, 28]",[],[],,0.9090909090909091,1.0,1.0,1.0,0.0,0.0,0.0,0.0,0.0,0.0,0.0,0.0,0.0,0.0,0.0,0.0,0.0,0.0,0.0,0.0,0.0,0.0,0.0,0.0,0.0,0.0,0.0,0.0,0.0,0.0,0.0,0.0,0.0,0.0,0.0,0.0,0.0,0.0,0.0,0.0,0.0,0.0,0.0,0.0,0,0.0,0.0,0.0,0.25,0.7499999999999999,0.5,0.625,0,0.0,0.0,0.0,0,,,0.9090909090909091,,,0.3333333333333333,,
30,ER,3,"[14, 17, 18, 23, 25, 27]","[17, 18, 25]","[14, 23, 27]","[8, 10, 11, 14, 16, 17, 18, 19, 20, 22, 23, 25, 26, 27, 28, 29]","[14, 17, 18, 22, 23, 25, 27]","[17, 18, 25]","[14, 23, 27]",,[],[],[],File not found with pattern: /data1/statduck/exp1_result_fans_swap/*nodes_30_ER_adj_3/*/fans_analysis/fans_*.json,[],[],[],File not found with pattern: /data1/statduck/exp1_result_fans_5000/*nodes_30_ER_adj_3/*/fans_analysis/fans_*.json,[],[],[],File not found with pattern: /data1/statduck/exp1_result_fans_10000/*nodes_30_ER_adj_3/*/fans_analysis/fans_*.json,[],[],[],File not found with pattern: /data1/statduck/exp1_result_fans_30000/*nodes_30_ER_adj_3/*/fans_analysis/fans_*.json,[],[],[],File not found with pattern: /data1/statduck/exp1_result_fans_100epochs/*nodes_30_ER_adj_3/*/fans_analysis/fans_*.json,[],[],[],File not found with pattern: /data1/statduck/exp1_result_fans_500epochs/*nodes_30_ER_adj_3/*/fans_analysis/fans_*.json,[],[],[],File not found with pattern: /data1/statduck/exp1_result_fans_dim8/*nodes_30_ER_adj_3/*/fans_analysis/fans_*.json,[],[],[],File not found with pattern: /data1/statduck/exp1_result_fans_dim16/*nodes_30_ER_adj_3/*/fans_analysis/fans_*.json,[],[],[],File not found with pattern: /data1/statduck/exp1_result_fans_anm/*nodes_30_ER_adj_3/*/fans_analysis/fans_*.json,[],[],[],File not found with pattern: /data1/statduck/exp1_result_fans_small/*nodes_30_ER_adj_3/*/fans_analysis/fans_*.json,"[11, 14, 18, 19, 20, 23, 25, 26, 27, 28, 29]","[17, 18, 23, 25, 27]",[14],,[],[],[],File not found,[],[],[],File not found,"[14, 17, 18, 23, 25, 27]",[],[],,[],[],[],File not found,"[8, 10, 16, 17, 18, 19, 20, 22, 23, 25, 26, 28, 29]",[],[],,0.923076923076923,1.0,1.0,1.0,0.0,0.0,0.0,0.0,0.0,0.0,0.0,0.0,0.0,0.0,0.0,0.0,0.0,0.0,0.0,0.0,0.0,0.0,0.0,0.0,0.0,0.0,0.0,0.0,0.0,0.0,0.0,0.0,0.0,0.0,0.0,0.0,0.0,0.0,0.0,0.0,0.0,0.0,0.0,0.0,0,0.0,0.0,0.0,0.5882352941176471,0.7499999999999999,0.5,0.625,0,0.0,0.0,0.0,0,,,1.0,,,0.42105263157894735,,
30,ER,4,"[13, 16, 17, 23, 25, 26]","[16, 23, 26]","[13, 17, 25]","[2, 9, 11, 13, 14, 15, 16, 17, 19, 21, 22, 23, 24, 25, 26, 27, 28, 29]","[13, 16, 17, 23, 25, 26]","[16, 23, 26]","[13, 17, 25]",,[],[],[],File not found with pattern: /data1/statduck/exp1_result_fans_swap/*nodes_30_ER_adj_4/*/fans_analysis/fans_*.json,[],[],[],File not found with pattern: /data1/statduck/exp1_result_fans_5000/*nodes_30_ER_adj_4/*/fans_analysis/fans_*.json,[],[],[],File not found with pattern: /data1/statduck/exp1_result_fans_10000/*nodes_30_ER_adj_4/*/fans_analysis/fans_*.json,[],[],[],File not found with pattern: /data1/statduck/exp1_result_fans_30000/*nodes_30_ER_adj_4/*/fans_analysis/fans_*.json,[],[],[],File not found with pattern: /data1/statduck/exp1_result_fans_100epochs/*nodes_30_ER_adj_4/*/fans_analysis/fans_*.json,[],[],[],File not found with pattern: /data1/statduck/exp1_result_fans_500epochs/*nodes_30_ER_adj_4/*/fans_analysis/fans_*.json,[],[],[],File not found with pattern: /data1/statduck/exp1_result_fans_dim8/*nodes_30_ER_adj_4/*/fans_analysis/fans_*.json,[],[],[],File not found with pattern: /data1/statduck/exp1_result_fans_dim16/*nodes_30_ER_adj_4/*/fans_analysis/fans_*.json,[],[],[],File not found with pattern: /data1/statduck/exp1_result_fans_anm/*nodes_30_ER_adj_4/*/fans_analysis/fans_*.json,[],[],[],File not found with pattern: /data1/statduck/exp1_result_fans_small/*nodes_30_ER_adj_4/*/fans_analysis/fans_*.json,"[13, 17, 21, 25, 26]","[13, 16, 17, 23, 25, 26]",[],,[],[],[],File not found,[],[],[],File not found,"[13, 17, 25]",[],[],,[],[],[],File not found,"[2, 9, 11, 13, 14, 16, 19, 23, 24, 25, 26, 27, 29]",[],[],,1.0,1.0,1.0,1.0,0.0,0.0,0.0,0.0,0.0,0.0,0.0,0.0,0.0,0.0,0.0,0.0,0.0,0.0,0.0,0.0,0.0,0.0,0.0,0.0,0.0,0.0,0.0,0.0,0.0,0.0,0.0,0.0,0.0,0.0,0.0,0.0,0.0,0.0,0.0,0.0,0.0,0.0,0.0,0.0,0,0.0,0.0,0.0,0.7272727272727272,0.6666666666666666,0.0,0.3333333333333333,0,0.0,0.0,0.0,0,,,0.6666666666666666,,,0.5263157894736842,,
30,ER,5,"[7, 19, 20, 26, 27, 29]","[20, 27, 29]","[7, 19, 26]","[7, 8, 9, 11, 14, 16, 17, 19, 20, 23, 24, 25, 26, 27, 29]","[7, 19, 20, 26, 27, 29]","[20, 27, 29]","[7, 19, 26]",,[],[],[],File not found with pattern: /data1/statduck/exp1_result_fans_swap/*nodes_30_ER_adj_5/*/fans_analysis/fans_*.json,[],[],[],File not found with pattern: /data1/statduck/exp1_result_fans_5000/*nodes_30_ER_adj_5/*/fans_analysis/fans_*.json,[],[],[],File not found with pattern: /data1/statduck/exp1_result_fans_10000/*nodes_30_ER_adj_5/*/fans_analysis/fans_*.json,[],[],[],File not found with pattern: /data1/statduck/exp1_result_fans_30000/*nodes_30_ER_adj_5/*/fans_analysis/fans_*.json,[],[],[],File not found with pattern: /data1/statduck/exp1_result_fans_100epochs/*nodes_30_ER_adj_5/*/fans_analysis/fans_*.json,[],[],[],File not found with pattern: /data1/statduck/exp1_result_fans_500epochs/*nodes_30_ER_adj_5/*/fans_analysis/fans_*.json,[],[],[],File not found with pattern: /data1/statduck/exp1_result_fans_dim8/*nodes_30_ER_adj_5/*/fans_analysis/fans_*.json,[],[],[],File not found with pattern: /data1/statduck/exp1_result_fans_dim16/*nodes_30_ER_adj_5/*/fans_analysis/fans_*.json,[],[],[],File not found with pattern: /data1/statduck/exp1_result_fans_anm/*nodes_30_ER_adj_5/*/fans_analysis/fans_*.json,[],[],[],File not found with pattern: /data1/statduck/exp1_result_fans_small/*nodes_30_ER_adj_5/*/fans_analysis/fans_*.json,"[7, 11, 14, 16, 19, 23, 24, 26, 27, 29]","[19, 20, 26, 27, 29]",[7],,[],[],[],File not found,[],[],[],File not found,"[7, 19, 20, 26, 27, 29]",[],[],,[],[],[],File not found,"[7, 8, 9, 11, 14, 17, 20, 23, 26, 29]",[],[],,1.0,1.0,1.0,1.0,0.0,0.0,0.0,0.0,0.0,0.0,0.0,0.0,0.0,0.0,0.0,0.0,0.0,0.0,0.0,0.0,0.0,0.0,0.0,0.0,0.0,0.0,0.0,0.0,0.0,0.0,0.0,0.0,0.0,0.0,0.0,0.0,0.0,0.0,0.0,0.0,0.0,0.0,0.0,0.0,0,0.0,0.0,0.0,0.625,0.7499999999999999,0.5,0.625,0,0.0,0.0,0.0,0,,,1.0,,,0.5,,
30,ER,6,"[11, 13, 18, 21, 22, 29]","[11, 13, 29]","[18, 21, 22]","[6, 10, 11, 12, 13, 16, 18, 19, 21, 22, 25, 26, 27, 28, 29]","[11, 13, 18, 21, 22, 29]","[11, 13, 29]","[18, 21, 22]",,[],[],[],File not found with pattern: /data1/statduck/exp1_result_fans_swap/*nodes_30_ER_adj_6/*/fans_analysis/fans_*.json,[],[],[],File not found with pattern: /data1/statduck/exp1_result_fans_5000/*nodes_30_ER_adj_6/*/fans_analysis/fans_*.json,[],[],[],File not found with pattern: /data1/statduck/exp1_result_fans_10000/*nodes_30_ER_adj_6/*/fans_analysis/fans_*.json,[],[],[],File not found with pattern: /data1/statduck/exp1_result_fans_30000/*nodes_30_ER_adj_6/*/fans_analysis/fans_*.json,[],[],[],File not found with pattern: /data1/statduck/exp1_result_fans_100epochs/*nodes_30_ER_adj_6/*/fans_analysis/fans_*.json,[],[],[],File not found with pattern: /data1/statduck/exp1_result_fans_500epochs/*nodes_30_ER_adj_6/*/fans_analysis/fans_*.json,[],[],[],File not found with pattern: /data1/statduck/exp1_result_fans_dim8/*nodes_30_ER_adj_6/*/fans_analysis/fans_*.json,[],[],[],File not found with pattern: /data1/statduck/exp1_result_fans_dim16/*nodes_30_ER_adj_6/*/fans_analysis/fans_*.json,[],[],[],File not found with pattern: /data1/statduck/exp1_result_fans_anm/*nodes_30_ER_adj_6/*/fans_analysis/fans_*.json,[],[],[],File not found with pattern: /data1/statduck/exp1_result_fans_small/*nodes_30_ER_adj_6/*/fans_analysis/fans_*.json,"[6, 11, 13, 21, 22, 26]","[11, 13, 18, 21, 22, 29]",[],,[],[],[],File not found,[],[],[],File not found,"[11, 13, 18, 21, 22]",[],[],,[],[],[],File not found,"[6, 10, 11, 12, 16, 18, 19, 21, 22, 26, 28, 29]",[],[],,1.0,1.0,1.0,1.0,0.0,0.0,0.0,0.0,0.0,0.0,0.0,0.0,0.0,0.0,0.0,0.0,0.0,0.0,0.0,0.0,0.0,0.0,0.0,0.0,0.0,0.0,0.0,0.0,0.0,0.0,0.0,0.0,0.0,0.0,0.0,0.0,0.0,0.0,0.0,0.0,0.0,0.0,0.0,0.0,0,0.0,0.0,0.0,0.6666666666666666,0.6666666666666666,0.0,0.3333333333333333,0,0.0,0.0,0.0,0,,,0.9090909090909091,,,0.5555555555555556,,
30,ER,7,"[7, 10, 14, 18, 20, 23]","[10, 20, 23]","[7, 14, 18]","[3, 5, 7, 10, 12, 13, 14, 16, 17, 18, 19, 20, 23, 24, 25, 27, 28, 29]","[7, 10, 18, 20, 23]","[10, 20, 23]","[7, 14, 18]",,[],[],[],File not found with pattern: /data1/statduck/exp1_result_fans_swap/*nodes_30_ER_adj_7/*/fans_analysis/fans_*.json,[],[],[],File not found with pattern: /data1/statduck/exp1_result_fans_5000/*nodes_30_ER_adj_7/*/fans_analysis/fans_*.json,[],[],[],File not found with pattern: /data1/statduck/exp1_result_fans_10000/*nodes_30_ER_adj_7/*/fans_analysis/fans_*.json,[],[],[],File not found with pattern: /data1/statduck/exp1_result_fans_30000/*nodes_30_ER_adj_7/*/fans_analysis/fans_*.json,[],[],[],File not found with pattern: /data1/statduck/exp1_result_fans_100epochs/*nodes_30_ER_adj_7/*/fans_analysis/fans_*.json,[],[],[],File not found with pattern: /data1/statduck/exp1_result_fans_500epochs/*nodes_30_ER_adj_7/*/fans_analysis/fans_*.json,[],[],[],File not found with pattern: /data1/statduck/exp1_result_fans_dim8/*nodes_30_ER_adj_7/*/fans_analysis/fans_*.json,[],[],[],File not found with pattern: /data1/statduck/exp1_result_fans_dim16/*nodes_30_ER_adj_7/*/fans_analysis/fans_*.json,[],[],[],File not found with pattern: /data1/statduck/exp1_result_fans_anm/*nodes_30_ER_adj_7/*/fans_analysis/fans_*.json,[],[],[],File not found with pattern: /data1/statduck/exp1_result_fans_small/*nodes_30_ER_adj_7/*/fans_analysis/fans_*.json,"[5, 7, 10, 12, 13, 14, 16, 17, 23, 25, 28, 29]","[10, 18, 20, 23]","[7, 14]",,[],[],[],File not found,[],[],[],File not found,"[7, 10, 14, 18, 23]",[],[],,[],[],[],File not found,"[3, 5, 7, 10, 12, 13, 14, 16, 17, 18, 19, 20, 23, 24, 25, 27, 28, 29]",[],[],,0.9090909090909091,1.0,1.0,1.0,0.0,0.0,0.0,0.0,0.0,0.0,0.0,0.0,0.0,0.0,0.0,0.0,0.0,0.0,0.0,0.0,0.0,0.0,0.0,0.0,0.0,0.0,0.0,0.0,0.0,0.0,0.0,0.0,0.0,0.0,0.0,0.0,0.0,0.0,0.0,0.0,0.0,0.0,0.0,0.0,0,0.0,0.0,0.0,0.4444444444444444,0.8571428571428571,0.8,0.8285714285714285,0,0.0,0.0,0.0,0,,,0.9090909090909091,,,0.5,,
30,ER,8,"[8, 18, 22, 24, 25, 26]","[8, 18, 24]","[22, 25, 26]","[6, 7, 8, 11, 13, 14, 15, 17, 18, 19, 20, 22, 24, 25, 26, 27, 28, 29]","[8, 18, 22, 24, 25, 26]","[8, 18, 24]","[22, 25, 26]",,[],[],[],File not found with pattern: /data1/statduck/exp1_result_fans_swap/*nodes_30_ER_adj_8/*/fans_analysis/fans_*.json,[],[],[],File not found with pattern: /data1/statduck/exp1_result_fans_5000/*nodes_30_ER_adj_8/*/fans_analysis/fans_*.json,[],[],[],File not found with pattern: /data1/statduck/exp1_result_fans_10000/*nodes_30_ER_adj_8/*/fans_analysis/fans_*.json,[],[],[],File not found with pattern: /data1/statduck/exp1_result_fans_30000/*nodes_30_ER_adj_8/*/fans_analysis/fans_*.json,[],[],[],File not found with pattern: /data1/statduck/exp1_result_fans_100epochs/*nodes_30_ER_adj_8/*/fans_analysis/fans_*.json,[],[],[],File not found with pattern: /data1/statduck/exp1_result_fans_500epochs/*nodes_30_ER_adj_8/*/fans_analysis/fans_*.json,[],[],[],File not found with pattern: /data1/statduck/exp1_result_fans_dim8/*nodes_30_ER_adj_8/*/fans_analysis/fans_*.json,[],[],[],File not found with pattern: /data1/statduck/exp1_result_fans_dim16/*nodes_30_ER_adj_8/*/fans_analysis/fans_*.json,[],[],[],File not found with pattern: /data1/statduck/exp1_result_fans_anm/*nodes_30_ER_adj_8/*/fans_analysis/fans_*.json,[],[],[],File not found with pattern: /data1/statduck/exp1_result_fans_small/*nodes_30_ER_adj_8/*/fans_analysis/fans_*.json,"[7, 19, 22, 25, 26, 27]","[8, 18, 22, 24]","[25, 26]",,[],[],[],File not found,[],[],[],File not found,"[8, 18, 22, 24, 25, 26]",[],[],,[],[],[],File not found,"[6, 7, 14, 15, 17, 18, 19, 22, 24, 26, 27, 29]",[],[],,1.0,1.0,1.0,1.0,0.0,0.0,0.0,0.0,0.0,0.0,0.0,0.0,0.0,0.0,0.0,0.0,0.0,0.0,0.0,0.0,0.0,0.0,0.0,0.0,0.0,0.0,0.0,0.0,0.0,0.0,0.0,0.0,0.0,0.0,0.0,0.0,0.0,0.0,0.0,0.0,0.0,0.0,0.0,0.0,0,0.0,0.0,0.0,0.5,0.8571428571428571,0.8,0.8285714285714285,0,0.0,0.0,0.0,0,,,1.0,,,0.4444444444444444,,
30,ER,9,"[3, 5, 10, 14, 20, 22]","[3, 5, 22]","[10, 14, 20]","[3, 5, 8, 10, 12, 14, 15, 16, 17, 18, 19, 20, 21, 22, 25, 26, 27, 28, 29]","[3, 5, 10, 14, 20, 22]","[3, 5, 22]","[10, 14, 20]",,[],[],[],File not found with pattern: /data1/statduck/exp1_result_fans_swap/*nodes_30_ER_adj_9/*/fans_analysis/fans_*.json,[],[],[],File not found with pattern: /data1/statduck/exp1_result_fans_5000/*nodes_30_ER_adj_9/*/fans_analysis/fans_*.json,[],[],[],File not found with pattern: /data1/statduck/exp1_result_fans_10000/*nodes_30_ER_adj_9/*/fans_analysis/fans_*.json,[],[],[],File not found with pattern: /data1/statduck/exp1_result_fans_30000/*nodes_30_ER_adj_9/*/fans_analysis/fans_*.json,[],[],[],File not found with pattern: /data1/statduck/exp1_result_fans_100epochs/*nodes_30_ER_adj_9/*/fans_analysis/fans_*.json,[],[],[],File not found with pattern: /data1/statduck/exp1_result_fans_500epochs/*nodes_30_ER_adj_9/*/fans_analysis/fans_*.json,[],[],[],File not found with pattern: /data1/statduck/exp1_result_fans_dim8/*nodes_30_ER_adj_9/*/fans_analysis/fans_*.json,[],[],[],File not found with pattern: /data1/statduck/exp1_result_fans_dim16/*nodes_30_ER_adj_9/*/fans_analysis/fans_*.json,[],[],[],File not found with pattern: /data1/statduck/exp1_result_fans_anm/*nodes_30_ER_adj_9/*/fans_analysis/fans_*.json,[],[],[],File not found with pattern: /data1/statduck/exp1_result_fans_small/*nodes_30_ER_adj_9/*/fans_analysis/fans_*.json,"[3, 8, 10, 12, 14, 16, 17, 18, 20, 21, 25, 26, 27, 28]","[3, 5, 10, 14, 20, 22]",[],,[],[],[],File not found,[],[],[],File not found,"[3, 5, 10, 14, 20, 22]",[],[],,[],[],[],File not found,"[3, 8, 12, 15, 16, 17, 18, 19, 20, 21, 22, 25, 26, 27, 28, 29]",[],[],,1.0,1.0,1.0,1.0,0.0,0.0,0.0,0.0,0.0,0.0,0.0,0.0,0.0,0.0,0.0,0.0,0.0,0.0,0.0,0.0,0.0,0.0,0.0,0.0,0.0,0.0,0.0,0.0,0.0,0.0,0.0,0.0,0.0,0.0,0.0,0.0,0.0,0.0,0.0,0.0,0.0,0.0,0.0,0.0,0,0.0,0.0,0.0,0.4,0.6666666666666666,0.0,0.3333333333333333,0,0.0,0.0,0.0,0,,,1.0,,,0.2727272727272727,,
30,ER,10,"[11, 13, 14, 18, 23, 27]","[11, 18, 23]","[13, 14, 27]","[3, 8, 9, 11, 13, 14, 16, 18, 20, 21, 22, 23, 24, 25, 27, 28, 29]","[11, 13, 14, 18, 23, 27]","[11, 18, 23]","[13, 14, 27]",,[],[],[],File not found with pattern: /data1/statduck/exp1_result_fans_swap/*nodes_30_ER_adj_10/*/fans_analysis/fans_*.json,[],[],[],File not found with pattern: /data1/statduck/exp1_result_fans_5000/*nodes_30_ER_adj_10/*/fans_analysis/fans_*.json,[],[],[],File not found with pattern: /data1/statduck/exp1_result_fans_10000/*nodes_30_ER_adj_10/*/fans_analysis/fans_*.json,[],[],[],File not found with pattern: /data1/statduck/exp1_result_fans_30000/*nodes_30_ER_adj_10/*/fans_analysis/fans_*.json,[],[],[],File not found with pattern: /data1/statduck/exp1_result_fans_100epochs/*nodes_30_ER_adj_10/*/fans_analysis/fans_*.json,[],[],[],File not found with pattern: /data1/statduck/exp1_result_fans_500epochs/*nodes_30_ER_adj_10/*/fans_analysis/fans_*.json,[],[],[],File not found with pattern: /data1/statduck/exp1_result_fans_dim8/*nodes_30_ER_adj_10/*/fans_analysis/fans_*.json,[],[],[],File not found with pattern: /data1/statduck/exp1_result_fans_dim16/*nodes_30_ER_adj_10/*/fans_analysis/fans_*.json,[],[],[],File not found with pattern: /data1/statduck/exp1_result_fans_anm/*nodes_30_ER_adj_10/*/fans_analysis/fans_*.json,[],[],[],File not found with pattern: /data1/statduck/exp1_result_fans_small/*nodes_30_ER_adj_10/*/fans_analysis/fans_*.json,"[3, 13, 14, 20, 21, 22, 23, 24, 25, 27, 28]","[11, 18, 23, 27]","[13, 14]",,[],[],[],File not found,[],[],[],File not found,"[11, 13, 14, 18, 23, 27]",[],[],,[],[],[],File not found,"[3, 8, 11, 13, 16, 18, 20, 21, 23, 25, 27, 28, 29]",[],[],,1.0,1.0,1.0,1.0,0.0,0.0,0.0,0.0,0.0,0.0,0.0,0.0,0.0,0.0,0.0,0.0,0.0,0.0,0.0,0.0,0.0,0.0,0.0,0.0,0.0,0.0,0.0,0.0,0.0,0.0,0.0,0.0,0.0,0.0,0.0,0.0,0.0,0.0,0.0,0.0,0.0,0.0,0.0,0.0,0,0.0,0.0,0.0,0.4705882352941177,0.8571428571428571,0.8,0.8285714285714285,0,0.0,0.0,0.0,0,,,1.0,,,0.5263157894736842,,
30,ER,11,"[5, 10, 12, 16, 20, 29]","[5, 12, 20]","[10, 16, 29]","[5, 8, 9, 10, 11, 12, 13, 16, 18, 19, 20, 22, 23, 24, 25, 28, 29]","[5, 9, 10, 12, 16, 20]","[5, 12]","[10, 16, 20, 29]",,[],[],[],File not found with pattern: /data1/statduck/exp1_result_fans_swap/*nodes_30_ER_adj_11/*/fans_analysis/fans_*.json,[],[],[],File not found with pattern: /data1/statduck/exp1_result_fans_5000/*nodes_30_ER_adj_11/*/fans_analysis/fans_*.json,[],[],[],File not found with pattern: /data1/statduck/exp1_result_fans_10000/*nodes_30_ER_adj_11/*/fans_analysis/fans_*.json,[],[],[],File not found with pattern: /data1/statduck/exp1_result_fans_30000/*nodes_30_ER_adj_11/*/fans_analysis/fans_*.json,[],[],[],File not found with pattern: /data1/statduck/exp1_result_fans_100epochs/*nodes_30_ER_adj_11/*/fans_analysis/fans_*.json,[],[],[],File not found with pattern: /data1/statduck/exp1_result_fans_500epochs/*nodes_30_ER_adj_11/*/fans_analysis/fans_*.json,[],[],[],File not found with pattern: /data1/statduck/exp1_result_fans_dim8/*nodes_30_ER_adj_11/*/fans_analysis/fans_*.json,[],[],[],File not found with pattern: /data1/statduck/exp1_result_fans_dim16/*nodes_30_ER_adj_11/*/fans_analysis/fans_*.json,[],[],[],File not found with pattern: /data1/statduck/exp1_result_fans_anm/*nodes_30_ER_adj_11/*/fans_analysis/fans_*.json,[],[],[],File not found with pattern: /data1/statduck/exp1_result_fans_small/*nodes_30_ER_adj_11/*/fans_analysis/fans_*.json,"[5, 11, 12, 16, 29]","[5, 10, 12, 16, 20, 29]",[],,[],[],[],File not found,[],[],[],File not found,"[5, 10, 12, 16, 20, 29]",[],[],,[],[],[],File not found,"[5, 8, 9, 10, 11, 12, 16, 18, 19, 20, 22, 23, 24, 25, 28, 29]",[],[],,0.8333333333333334,0.8,0.8571428571428571,0.8285714285714285,0.0,0.0,0.0,0.0,0.0,0.0,0.0,0.0,0.0,0.0,0.0,0.0,0.0,0.0,0.0,0.0,0.0,0.0,0.0,0.0,0.0,0.0,0.0,0.0,0.0,0.0,0.0,0.0,0.0,0.0,0.0,0.0,0.0,0.0,0.0,0.0,0.0,0.0,0.0,0.0,0,0.0,0.0,0.0,0.7272727272727272,0.6666666666666666,0.0,0.3333333333333333,0,0.0,0.0,0.0,0,,,1.0,,,0.5454545454545454,,
30,ER,12,"[10, 12, 14, 18, 23, 25]","[12, 14, 23]","[10, 18, 25]","[6, 7, 8, 9, 10, 11, 12, 14, 18, 19, 20, 22, 23, 24, 25, 26, 28, 29]","[10, 12, 14, 18, 23, 25]","[12, 14, 23]","[10, 18, 25]",,[],[],[],File not found with pattern: /data1/statduck/exp1_result_fans_swap/*nodes_30_ER_adj_12/*/fans_analysis/fans_*.json,[],[],[],File not found with pattern: /data1/statduck/exp1_result_fans_5000/*nodes_30_ER_adj_12/*/fans_analysis/fans_*.json,[],[],[],File not found with pattern: /data1/statduck/exp1_result_fans_10000/*nodes_30_ER_adj_12/*/fans_analysis/fans_*.json,[],[],[],File not found with pattern: /data1/statduck/exp1_result_fans_30000/*nodes_30_ER_adj_12/*/fans_analysis/fans_*.json,[],[],[],File not found with pattern: /data1/statduck/exp1_result_fans_100epochs/*nodes_30_ER_adj_12/*/fans_analysis/fans_*.json,[],[],[],File not found with pattern: /data1/statduck/exp1_result_fans_500epochs/*nodes_30_ER_adj_12/*/fans_analysis/fans_*.json,[],[],[],File not found with pattern: /data1/statduck/exp1_result_fans_dim8/*nodes_30_ER_adj_12/*/fans_analysis/fans_*.json,[],[],[],File not found with pattern: /data1/statduck/exp1_result_fans_dim16/*nodes_30_ER_adj_12/*/fans_analysis/fans_*.json,[],[],[],File not found with pattern: /data1/statduck/exp1_result_fans_anm/*nodes_30_ER_adj_12/*/fans_analysis/fans_*.json,[],[],[],File not found with pattern: /data1/statduck/exp1_result_fans_small/*nodes_30_ER_adj_12/*/fans_analysis/fans_*.json,"[7, 10, 14, 22, 25, 28]","[12, 14, 18, 23]","[10, 25]",,[],[],[],File not found,[],[],[],File not found,"[10, 12, 14, 18, 23, 25]",[],[],,[],[],[],File not found,"[7, 8, 9, 10, 11, 12, 14, 19, 23, 24, 25, 26, 28, 29]",[],[],,1.0,1.0,1.0,1.0,0.0,0.0,0.0,0.0,0.0,0.0,0.0,0.0,0.0,0.0,0.0,0.0,0.0,0.0,0.0,0.0,0.0,0.0,0.0,0.0,0.0,0.0,0.0,0.0,0.0,0.0,0.0,0.0,0.0,0.0,0.0,0.0,0.0,0.0,0.0,0.0,0.0,0.0,0.0,0.0,0,0.0,0.0,0.0,0.5,0.8571428571428571,0.8,0.8285714285714285,0,0.0,0.0,0.0,0,,,1.0,,,0.5,,
30,ER,13,"[12, 14, 22, 23, 26, 29]","[14, 23, 29]","[12, 22, 26]","[3, 5, 12, 14, 15, 16, 17, 18, 19, 22, 23, 25, 26, 27, 28, 29]","[12, 14, 22, 23, 26, 29]",[14],"[12, 22, 23, 26, 29]",,[],[],[],File not found with pattern: /data1/statduck/exp1_result_fans_swap/*nodes_30_ER_adj_13/*/fans_analysis/fans_*.json,[],[],[],File not found with pattern: /data1/statduck/exp1_result_fans_5000/*nodes_30_ER_adj_13/*/fans_analysis/fans_*.json,[],[],[],File not found with pattern: /data1/statduck/exp1_result_fans_10000/*nodes_30_ER_adj_13/*/fans_analysis/fans_*.json,[],[],[],File not found with pattern: /data1/statduck/exp1_result_fans_30000/*nodes_30_ER_adj_13/*/fans_analysis/fans_*.json,[],[],[],File not found with pattern: /data1/statduck/exp1_result_fans_100epochs/*nodes_30_ER_adj_13/*/fans_analysis/fans_*.json,[],[],[],File not found with pattern: /data1/statduck/exp1_result_fans_500epochs/*nodes_30_ER_adj_13/*/fans_analysis/fans_*.json,[],[],[],File not found with pattern: /data1/statduck/exp1_result_fans_dim8/*nodes_30_ER_adj_13/*/fans_analysis/fans_*.json,[],[],[],File not found with pattern: /data1/statduck/exp1_result_fans_dim16/*nodes_30_ER_adj_13/*/fans_analysis/fans_*.json,[],[],[],File not found with pattern: /data1/statduck/exp1_result_fans_anm/*nodes_30_ER_adj_13/*/fans_analysis/fans_*.json,[],[],[],File not found with pattern: /data1/statduck/exp1_result_fans_small/*nodes_30_ER_adj_13/*/fans_analysis/fans_*.json,"[12, 14, 23, 26, 28, 29]","[14, 23, 26, 29]","[12, 22]",,[],[],[],File not found,[],[],[],File not found,"[12, 14, 22, 23, 26, 29]",[],[],,[],[],[],File not found,"[3, 5, 12, 14, 15, 16, 18, 22, 23, 25, 26, 27, 29]",[],[],,1.0,0.5,0.7499999999999999,0.625,0.0,0.0,0.0,0.0,0.0,0.0,0.0,0.0,0.0,0.0,0.0,0.0,0.0,0.0,0.0,0.0,0.0,0.0,0.0,0.0,0.0,0.0,0.0,0.0,0.0,0.0,0.0,0.0,0.0,0.0,0.0,0.0,0.0,0.0,0.0,0.0,0.0,0.0,0.0,0.0,0,0.0,0.0,0.0,0.8333333333333334,0.8571428571428571,0.8,0.8285714285714285,0,0.0,0.0,0.0,0,,,1.0,,,0.631578947368421,,
30,ER,14,"[11, 16, 17, 20, 23, 25]","[17, 23, 25]","[11, 16, 20]","[5, 10, 11, 12, 14, 15, 16, 17, 18, 19, 20, 21, 22, 23, 25, 26, 28, 29]","[11, 16, 17, 20, 23, 25]","[17, 25]","[11, 16, 20, 23]",,[],[],[],File not found with pattern: /data1/statduck/exp1_result_fans_swap/*nodes_30_ER_adj_14/*/fans_analysis/fans_*.json,[],[],[],File not found with pattern: /data1/statduck/exp1_result_fans_5000/*nodes_30_ER_adj_14/*/fans_analysis/fans_*.json,[],[],[],File not found with pattern: /data1/statduck/exp1_result_fans_10000/*nodes_30_ER_adj_14/*/fans_analysis/fans_*.json,[],[],[],File not found with pattern: /data1/statduck/exp1_result_fans_30000/*nodes_30_ER_adj_14/*/fans_analysis/fans_*.json,[],[],[],File not found with pattern: /data1/statduck/exp1_result_fans_100epochs/*nodes_30_ER_adj_14/*/fans_analysis/fans_*.json,[],[],[],File not found with pattern: /data1/statduck/exp1_result_fans_500epochs/*nodes_30_ER_adj_14/*/fans_analysis/fans_*.json,[],[],[],File not found with pattern: /data1/statduck/exp1_result_fans_dim8/*nodes_30_ER_adj_14/*/fans_analysis/fans_*.json,[],[],[],File not found with pattern: /data1/statduck/exp1_result_fans_dim16/*nodes_30_ER_adj_14/*/fans_analysis/fans_*.json,[],[],[],File not found with pattern: /data1/statduck/exp1_result_fans_anm/*nodes_30_ER_adj_14/*/fans_analysis/fans_*.json,[],[],[],File not found with pattern: /data1/statduck/exp1_result_fans_small/*nodes_30_ER_adj_14/*/fans_analysis/fans_*.json,"[5, 10, 11, 14, 15, 17, 18, 20, 21, 25, 26, 29]","[11, 16, 17, 23, 25]",[20],,[],[],[],File not found,[],[],[],File not found,"[11, 16, 17, 20, 23, 25]",[],[],,[],[],[],File not found,"[5, 10, 12, 14, 16, 17, 18, 19, 20, 21, 23, 25, 26]",[],[],,1.0,0.8,0.8571428571428571,0.8285714285714285,0.0,0.0,0.0,0.0,0.0,0.0,0.0,0.0,0.0,0.0,0.0,0.0,0.0,0.0,0.0,0.0,0.0,0.0,0.0,0.0,0.0,0.0,0.0,0.0,0.0,0.0,0.0,0.0,0.0,0.0,0.0,0.0,0.0,0.0,0.0,0.0,0.0,0.0,0.0,0.0,0,0.0,0.0,0.0,0.4444444444444444,0.7499999999999999,0.5,0.625,0,0.0,0.0,0.0,0,,,1.0,,,0.5263157894736842,,
30,ER,15,"[12, 14, 18, 19, 21, 27]","[12, 14, 21]","[18, 19, 27]","[10, 12, 14, 15, 16, 17, 18, 19, 20, 21, 23, 24, 25, 26, 27, 28, 29]","[12, 14, 18, 19, 21, 27]","[12, 14, 21]","[18, 19, 27]",,[],[],[],File not found with pattern: /data1/statduck/exp1_result_fans_swap/*nodes_30_ER_adj_15/*/fans_analysis/fans_*.json,[],[],[],File not found with pattern: /data1/statduck/exp1_result_fans_5000/*nodes_30_ER_adj_15/*/fans_analysis/fans_*.json,[],[],[],File not found with pattern: /data1/statduck/exp1_result_fans_10000/*nodes_30_ER_adj_15/*/fans_analysis/fans_*.json,[],[],[],File not found with pattern: /data1/statduck/exp1_result_fans_30000/*nodes_30_ER_adj_15/*/fans_analysis/fans_*.json,[],[],[],File not found with pattern: /data1/statduck/exp1_result_fans_100epochs/*nodes_30_ER_adj_15/*/fans_analysis/fans_*.json,[],[],[],File not found with pattern: /data1/statduck/exp1_result_fans_500epochs/*nodes_30_ER_adj_15/*/fans_analysis/fans_*.json,[],[],[],File not found with pattern: /data1/statduck/exp1_result_fans_dim8/*nodes_30_ER_adj_15/*/fans_analysis/fans_*.json,[],[],[],File not found with pattern: /data1/statduck/exp1_result_fans_dim16/*nodes_30_ER_adj_15/*/fans_analysis/fans_*.json,[],[],[],File not found with pattern: /data1/statduck/exp1_result_fans_anm/*nodes_30_ER_adj_15/*/fans_analysis/fans_*.json,[],[],[],File not found with pattern: /data1/statduck/exp1_result_fans_small/*nodes_30_ER_adj_15/*/fans_analysis/fans_*.json,"[10, 12, 16, 17, 18, 19, 20, 21, 23, 25, 26, 27, 28, 29]","[12, 14, 18, 21, 27]",[19],,[],[],[],File not found,[],[],[],File not found,"[12, 14, 18, 19, 21, 27]",[],[],,[],[],[],File not found,"[10, 12, 14, 15, 16, 20, 21, 23, 25, 27, 28, 29]",[],[],,1.0,1.0,1.0,1.0,0.0,0.0,0.0,0.0,0.0,0.0,0.0,0.0,0.0,0.0,0.0,0.0,0.0,0.0,0.0,0.0,0.0,0.0,0.0,0.0,0.0,0.0,0.0,0.0,0.0,0.0,0.0,0.0,0.0,0.0,0.0,0.0,0.0,0.0,0.0,0.0,0.0,0.0,0.0,0.0,0,0.0,0.0,0.0,0.5,0.7499999999999999,0.5,0.625,0,0.0,0.0,0.0,0,,,1.0,,,0.4444444444444444,,
30,ER,16,"[1, 7, 15, 18, 27, 28]","[1, 18, 28]","[7, 15, 27]","[1, 5, 6, 7, 12, 13, 14, 15, 18, 19, 20, 21, 22, 23, 25, 27, 28, 29]","[1, 7, 15, 18, 27, 28]","[1, 18, 28]","[7, 15, 27]",,[],[],[],File not found with pattern: /data1/statduck/exp1_result_fans_swap/*nodes_30_ER_adj_16/*/fans_analysis/fans_*.json,[],[],[],File not found with pattern: /data1/statduck/exp1_result_fans_5000/*nodes_30_ER_adj_16/*/fans_analysis/fans_*.json,[],[],[],File not found with pattern: /data1/statduck/exp1_result_fans_10000/*nodes_30_ER_adj_16/*/fans_analysis/fans_*.json,[],[],[],File not found with pattern: /data1/statduck/exp1_result_fans_30000/*nodes_30_ER_adj_16/*/fans_analysis/fans_*.json,[],[],[],File not found with pattern: /data1/statduck/exp1_result_fans_100epochs/*nodes_30_ER_adj_16/*/fans_analysis/fans_*.json,[],[],[],File not found with pattern: /data1/statduck/exp1_result_fans_500epochs/*nodes_30_ER_adj_16/*/fans_analysis/fans_*.json,[],[],[],File not found with pattern: /data1/statduck/exp1_result_fans_dim8/*nodes_30_ER_adj_16/*/fans_analysis/fans_*.json,[],[],[],File not found with pattern: /data1/statduck/exp1_result_fans_dim16/*nodes_30_ER_adj_16/*/fans_analysis/fans_*.json,[],[],[],File not found with pattern: /data1/statduck/exp1_result_fans_anm/*nodes_30_ER_adj_16/*/fans_analysis/fans_*.json,[],[],[],File not found with pattern: /data1/statduck/exp1_result_fans_small/*nodes_30_ER_adj_16/*/fans_analysis/fans_*.json,"[1, 5, 7, 12, 13, 15, 18, 19, 21, 25, 27, 28]","[1, 18, 28]","[7, 15, 27]",,[],[],[],File not found,[],[],[],File not found,"[1, 7, 15, 18, 27, 28]",[],[],,[],[],[],File not found,"[1, 5, 6, 7, 15, 18, 20, 25, 28, 29]",[],[],,1.0,1.0,1.0,1.0,0.0,0.0,0.0,0.0,0.0,0.0,0.0,0.0,0.0,0.0,0.0,0.0,0.0,0.0,0.0,0.0,0.0,0.0,0.0,0.0,0.0,0.0,0.0,0.0,0.0,0.0,0.0,0.0,0.0,0.0,0.0,0.0,0.0,0.0,0.0,0.0,0.0,0.0,0.0,0.0,0,0.0,0.0,0.0,0.6666666666666666,1.0,1.0,1.0,0,0.0,0.0,0.0,0,,,1.0,,,0.625,,
30,ER,17,"[1, 8, 11, 14, 25, 26]","[11, 25, 26]","[1, 8, 14]","[1, 2, 3, 4, 5, 8, 11, 12, 14, 15, 16, 18, 19, 21, 22, 24, 25, 26, 27, 28, 29]","[1, 8, 11, 14, 25, 26]","[11, 26]","[1, 8, 14, 25]",,[],[],[],File not found with pattern: /data1/statduck/exp1_result_fans_swap/*nodes_30_ER_adj_17/*/fans_analysis/fans_*.json,[],[],[],File not found with pattern: /data1/statduck/exp1_result_fans_5000/*nodes_30_ER_adj_17/*/fans_analysis/fans_*.json,[],[],[],File not found with pattern: /data1/statduck/exp1_result_fans_10000/*nodes_30_ER_adj_17/*/fans_analysis/fans_*.json,[],[],[],File not found with pattern: /data1/statduck/exp1_result_fans_30000/*nodes_30_ER_adj_17/*/fans_analysis/fans_*.json,[],[],[],File not found with pattern: /data1/statduck/exp1_result_fans_100epochs/*nodes_30_ER_adj_17/*/fans_analysis/fans_*.json,[],[],[],File not found with pattern: /data1/statduck/exp1_result_fans_500epochs/*nodes_30_ER_adj_17/*/fans_analysis/fans_*.json,[],[],[],File not found with pattern: /data1/statduck/exp1_result_fans_dim8/*nodes_30_ER_adj_17/*/fans_analysis/fans_*.json,[],[],[],File not found with pattern: /data1/statduck/exp1_result_fans_dim16/*nodes_30_ER_adj_17/*/fans_analysis/fans_*.json,[],[],[],File not found with pattern: /data1/statduck/exp1_result_fans_anm/*nodes_30_ER_adj_17/*/fans_analysis/fans_*.json,[],[],[],File not found with pattern: /data1/statduck/exp1_result_fans_small/*nodes_30_ER_adj_17/*/fans_analysis/fans_*.json,"[1, 4, 5, 8, 11, 12, 14, 15, 16, 18, 19, 21, 22, 24, 25, 26, 27, 28, 29]","[8, 11, 14, 25, 26]",[1],,[],[],[],File not found,[],[],[],File not found,"[1, 8, 11, 14, 25, 26]",[],[],,[],[],[],File not found,"[1, 2, 3, 4, 5, 11, 14, 16, 18, 19, 21, 24, 25, 26, 27, 29]",[],[],,1.0,0.8,0.8571428571428571,0.8285714285714285,0.0,0.0,0.0,0.0,0.0,0.0,0.0,0.0,0.0,0.0,0.0,0.0,0.0,0.0,0.0,0.0,0.0,0.0,0.0,0.0,0.0,0.0,0.0,0.0,0.0,0.0,0.0,0.0,0.0,0.0,0.0,0.0,0.0,0.0,0.0,0.0,0.0,0.0,0.0,0.0,0,0.0,0.0,0.0,0.4799999999999999,0.7499999999999999,0.5,0.625,0,0.0,0.0,0.0,0,,,1.0,,,0.45454545454545453,,
30,ER,18,"[2, 7, 17, 20, 27, 28]","[7, 27, 28]","[2, 17, 20]","[2, 7, 12, 13, 16, 17, 18, 19, 20, 21, 22, 23, 24, 25, 26, 27, 28, 29]","[2, 7, 17, 20, 27, 28]","[7, 27, 28]","[2, 17, 20]",,[],[],[],File not found with pattern: /data1/statduck/exp1_result_fans_swap/*nodes_30_ER_adj_18/*/fans_analysis/fans_*.json,[],[],[],File not found with pattern: /data1/statduck/exp1_result_fans_5000/*nodes_30_ER_adj_18/*/fans_analysis/fans_*.json,[],[],[],File not found with pattern: /data1/statduck/exp1_result_fans_10000/*nodes_30_ER_adj_18/*/fans_analysis/fans_*.json,[],[],[],File not found with pattern: /data1/statduck/exp1_result_fans_30000/*nodes_30_ER_adj_18/*/fans_analysis/fans_*.json,[],[],[],File not found with pattern: /data1/statduck/exp1_result_fans_100epochs/*nodes_30_ER_adj_18/*/fans_analysis/fans_*.json,[],[],[],File not found with pattern: /data1/statduck/exp1_result_fans_500epochs/*nodes_30_ER_adj_18/*/fans_analysis/fans_*.json,[],[],[],File not found with pattern: /data1/statduck/exp1_result_fans_dim8/*nodes_30_ER_adj_18/*/fans_analysis/fans_*.json,[],[],[],File not found with pattern: /data1/statduck/exp1_result_fans_dim16/*nodes_30_ER_adj_18/*/fans_analysis/fans_*.json,[],[],[],File not found with pattern: /data1/statduck/exp1_result_fans_anm/*nodes_30_ER_adj_18/*/fans_analysis/fans_*.json,[],[],[],File not found with pattern: /data1/statduck/exp1_result_fans_small/*nodes_30_ER_adj_18/*/fans_analysis/fans_*.json,"[2, 7, 12, 13, 16, 17, 19, 20, 21, 22, 23, 24, 25, 27, 28, 29]","[2, 7, 20, 27, 28]",[17],,[],[],[],File not found,[],[],[],File not found,"[2, 7, 12, 17, 20, 21, 27, 28]",[],[],,[],[],[],File not found,"[2, 7, 13, 17, 20, 22, 23, 25, 26, 27, 28, 29]",[],[],,1.0,1.0,1.0,1.0,0.0,0.0,0.0,0.0,0.0,0.0,0.0,0.0,0.0,0.0,0.0,0.0,0.0,0.0,0.0,0.0,0.0,0.0,0.0,0.0,0.0,0.0,0.0,0.0,0.0,0.0,0.0,0.0,0.0,0.0,0.0,0.0,0.0,0.0,0.0,0.0,0.0,0.0,0.0,0.0,0,0.0,0.0,0.0,0.5454545454545454,0.7499999999999999,0.5,0.625,0,0.0,0.0,0.0,0,,,0.8571428571428571,,,0.6666666666666666,,
30,ER,19,"[7, 9, 14, 21, 23, 29]","[7, 23, 29]","[9, 14, 21]","[7, 8, 9, 12, 14, 17, 18, 20, 21, 22, 23, 24, 25, 26, 27, 28, 29]","[7, 9, 14, 21, 23, 29]","[7, 23]","[9, 14, 21, 29]",,[],[],[],File not found with pattern: /data1/statduck/exp1_result_fans_swap/*nodes_30_ER_adj_19/*/fans_analysis/fans_*.json,[],[],[],File not found with pattern: /data1/statduck/exp1_result_fans_5000/*nodes_30_ER_adj_19/*/fans_analysis/fans_*.json,[],[],[],File not found with pattern: /data1/statduck/exp1_result_fans_10000/*nodes_30_ER_adj_19/*/fans_analysis/fans_*.json,[],[],[],File not found with pattern: /data1/statduck/exp1_result_fans_30000/*nodes_30_ER_adj_19/*/fans_analysis/fans_*.json,[],[],[],File not found with pattern: /data1/statduck/exp1_result_fans_100epochs/*nodes_30_ER_adj_19/*/fans_analysis/fans_*.json,[],[],[],File not found with pattern: /data1/statduck/exp1_result_fans_500epochs/*nodes_30_ER_adj_19/*/fans_analysis/fans_*.json,[],[],[],File not found with pattern: /data1/statduck/exp1_result_fans_dim8/*nodes_30_ER_adj_19/*/fans_analysis/fans_*.json,[],[],[],File not found with pattern: /data1/statduck/exp1_result_fans_dim16/*nodes_30_ER_adj_19/*/fans_analysis/fans_*.json,[],[],[],File not found with pattern: /data1/statduck/exp1_result_fans_anm/*nodes_30_ER_adj_19/*/fans_analysis/fans_*.json,[],[],[],File not found with pattern: /data1/statduck/exp1_result_fans_small/*nodes_30_ER_adj_19/*/fans_analysis/fans_*.json,"[7, 8, 9, 12, 14, 17, 21, 22, 23, 24, 25, 26, 27, 28, 29]","[7, 9, 21, 23, 29]",[14],,[],[],[],File not found,[],[],[],File not found,"[7, 9, 14, 21, 23, 29]",[],[],,[],[],[],File not found,"[7, 8, 9, 14, 18, 20, 22, 23, 25, 27, 29]",[],[],,1.0,0.8,0.8571428571428571,0.8285714285714285,0.0,0.0,0.0,0.0,0.0,0.0,0.0,0.0,0.0,0.0,0.0,0.0,0.0,0.0,0.0,0.0,0.0,0.0,0.0,0.0,0.0,0.0,0.0,0.0,0.0,0.0,0.0,0.0,0.0,0.0,0.0,0.0,0.0,0.0,0.0,0.0,0.0,0.0,0.0,0.0,0,0.0,0.0,0.0,0.5714285714285715,0.7499999999999999,0.5,0.625,0,0.0,0.0,0.0,0,,,1.0,,,0.5882352941176471,,
30,ER,20,"[12, 13, 17, 18, 22, 29]","[17, 18, 22]","[12, 13, 29]","[4, 9, 10, 12, 13, 14, 15, 16, 17, 18, 19, 20, 21, 22, 23, 25, 26, 27, 28, 29]","[12, 13, 17, 18, 22]","[17, 18, 22]","[12, 13, 29]",,[],[],[],File not found with pattern: /data1/statduck/exp1_result_fans_swap/*nodes_30_ER_adj_20/*/fans_analysis/fans_*.json,[],[],[],File not found with pattern: /data1/statduck/exp1_result_fans_5000/*nodes_30_ER_adj_20/*/fans_analysis/fans_*.json,[],[],[],File not found with pattern: /data1/statduck/exp1_result_fans_10000/*nodes_30_ER_adj_20/*/fans_analysis/fans_*.json,[],[],[],File not found with pattern: /data1/statduck/exp1_result_fans_30000/*nodes_30_ER_adj_20/*/fans_analysis/fans_*.json,[],[],[],File not found with pattern: /data1/statduck/exp1_result_fans_100epochs/*nodes_30_ER_adj_20/*/fans_analysis/fans_*.json,[],[],[],File not found with pattern: /data1/statduck/exp1_result_fans_500epochs/*nodes_30_ER_adj_20/*/fans_analysis/fans_*.json,[],[],[],File not found with pattern: /data1/statduck/exp1_result_fans_dim8/*nodes_30_ER_adj_20/*/fans_analysis/fans_*.json,[],[],[],File not found with pattern: /data1/statduck/exp1_result_fans_dim16/*nodes_30_ER_adj_20/*/fans_analysis/fans_*.json,[],[],[],File not found with pattern: /data1/statduck/exp1_result_fans_anm/*nodes_30_ER_adj_20/*/fans_analysis/fans_*.json,[],[],[],File not found with pattern: /data1/statduck/exp1_result_fans_small/*nodes_30_ER_adj_20/*/fans_analysis/fans_*.json,"[12, 17, 18, 22, 29]","[13, 17, 18, 22, 29]",[12],,[],[],[],File not found,[],[],[],File not found,"[12, 13, 17, 18, 22, 29]",[],[],,[],[],[],File not found,"[4, 9, 10, 12, 13, 14, 15, 17, 18, 19, 20, 22, 23, 25, 26, 27, 29]",[],[],,0.9090909090909091,1.0,1.0,1.0,0.0,0.0,0.0,0.0,0.0,0.0,0.0,0.0,0.0,0.0,0.0,0.0,0.0,0.0,0.0,0.0,0.0,0.0,0.0,0.0,0.0,0.0,0.0,0.0,0.0,0.0,0.0,0.0,0.0,0.0,0.0,0.0,0.0,0.0,0.0,0.0,0.0,0.0,0.0,0.0,0,0.0,0.0,0.0,0.9090909090909091,0.7499999999999999,0.5,0.625,0,0.0,0.0,0.0,0,,,1.0,,,0.5217391304347826,,
30,ER,21,"[5, 10, 11, 15, 24, 26]","[5, 10, 11, 15, 24, 26]",[],"[5, 7, 9, 10, 11, 12, 15, 16, 19, 20, 21, 22, 23, 24, 25, 26, 27, 28, 29]","[5, 10, 11, 15, 24, 26]","[5, 10, 11, 15, 24, 26]",[],,[],[],[],File not found with pattern: /data1/statduck/exp1_result_fans_swap/*nodes_30_ER_adj_21/*/fans_analysis/fans_*.json,[],[],[],File not found with pattern: /data1/statduck/exp1_result_fans_5000/*nodes_30_ER_adj_21/*/fans_analysis/fans_*.json,[],[],[],File not found with pattern: /data1/statduck/exp1_result_fans_10000/*nodes_30_ER_adj_21/*/fans_analysis/fans_*.json,[],[],[],File not found with pattern: /data1/statduck/exp1_result_fans_30000/*nodes_30_ER_adj_21/*/fans_analysis/fans_*.json,[],[],[],File not found with pattern: /data1/statduck/exp1_result_fans_100epochs/*nodes_30_ER_adj_21/*/fans_analysis/fans_*.json,[],[],[],File not found with pattern: /data1/statduck/exp1_result_fans_500epochs/*nodes_30_ER_adj_21/*/fans_analysis/fans_*.json,[],[],[],File not found with pattern: /data1/statduck/exp1_result_fans_dim8/*nodes_30_ER_adj_21/*/fans_analysis/fans_*.json,[],[],[],File not found with pattern: /data1/statduck/exp1_result_fans_dim16/*nodes_30_ER_adj_21/*/fans_analysis/fans_*.json,[],[],[],File not found with pattern: /data1/statduck/exp1_result_fans_anm/*nodes_30_ER_adj_21/*/fans_analysis/fans_*.json,[],[],[],File not found with pattern: /data1/statduck/exp1_result_fans_small/*nodes_30_ER_adj_21/*/fans_analysis/fans_*.json,"[15, 22]","[5, 10, 11, 15, 24, 26]",[],,[],[],[],File not found,[],[],[],File not found,"[5, 10, 11, 15, 24, 26, 29]",[],[],,[],[],[],File not found,"[5, 7, 9, 10, 11, 12, 15, 19, 20, 22, 23, 24, 25, 26, 29]",[],[],,1.0,1.0,0.0,1.0,0.0,0.0,0.0,0.0,0.0,0.0,0.0,0.0,0.0,0.0,0.0,0.0,0.0,0.0,0.0,0.0,0.0,0.0,0.0,0.0,0.0,0.0,0.0,0.0,0.0,0.0,0.0,0.0,0.0,0.0,0.0,0.0,0.0,0.0,0.0,0.0,0.0,0.0,0.0,0.0,0,0.0,0.0,0.0,0.25,1.0,0.0,1.0,0,0.0,0.0,0.0,0,,,0.923076923076923,,,0.5714285714285715,,
30,ER,22,"[8, 17, 21, 25, 27, 28]","[8, 17, 21, 25, 27, 28]",[],"[8, 15, 16, 17, 19, 20, 21, 23, 25, 26, 27, 28, 29]","[8, 17, 21, 25, 27, 28]","[8, 17, 21, 25, 27, 28]",[],,[],[],[],File not found with pattern: /data1/statduck/exp1_result_fans_swap/*nodes_30_ER_adj_22/*/fans_analysis/fans_*.json,[],[],[],File not found with pattern: /data1/statduck/exp1_result_fans_5000/*nodes_30_ER_adj_22/*/fans_analysis/fans_*.json,[],[],[],File not found with pattern: /data1/statduck/exp1_result_fans_10000/*nodes_30_ER_adj_22/*/fans_analysis/fans_*.json,[],[],[],File not found with pattern: /data1/statduck/exp1_result_fans_30000/*nodes_30_ER_adj_22/*/fans_analysis/fans_*.json,[],[],[],File not found with pattern: /data1/statduck/exp1_result_fans_100epochs/*nodes_30_ER_adj_22/*/fans_analysis/fans_*.json,[],[],[],File not found with pattern: /data1/statduck/exp1_result_fans_500epochs/*nodes_30_ER_adj_22/*/fans_analysis/fans_*.json,[],[],[],File not found with pattern: /data1/statduck/exp1_result_fans_dim8/*nodes_30_ER_adj_22/*/fans_analysis/fans_*.json,[],[],[],File not found with pattern: /data1/statduck/exp1_result_fans_dim16/*nodes_30_ER_adj_22/*/fans_analysis/fans_*.json,[],[],[],File not found with pattern: /data1/statduck/exp1_result_fans_anm/*nodes_30_ER_adj_22/*/fans_analysis/fans_*.json,[],[],[],File not found with pattern: /data1/statduck/exp1_result_fans_small/*nodes_30_ER_adj_22/*/fans_analysis/fans_*.json,"[8, 16, 17, 19, 21, 23, 25, 26, 28, 29]","[8, 17, 21, 25, 27, 28]",[],,[],[],[],File not found,[],[],[],File not found,"[8, 17, 19, 21, 25, 27, 28]",[],[],,[],[],[],File not found,"[8, 15, 16, 19, 20, 21, 23, 25, 27, 28, 29]",[],[],,1.0,1.0,0.0,1.0,0.0,0.0,0.0,0.0,0.0,0.0,0.0,0.0,0.0,0.0,0.0,0.0,0.0,0.0,0.0,0.0,0.0,0.0,0.0,0.0,0.0,0.0,0.0,0.0,0.0,0.0,0.0,0.0,0.0,0.0,0.0,0.0,0.0,0.0,0.0,0.0,0.0,0.0,0.0,0.0,0,0.0,0.0,0.0,0.625,1.0,0.0,1.0,0,0.0,0.0,0.0,0,,,0.923076923076923,,,0.5882352941176471,,
30,ER,23,"[7, 9, 16, 23, 24, 29]","[7, 9, 16, 23, 24, 29]",[],"[6, 7, 9, 10, 11, 16, 17, 18, 20, 21, 23, 24, 25, 26, 27, 28, 29]","[7, 9, 16, 23, 24, 29]","[7, 9, 16, 23, 24, 29]",[],,[],[],[],File not found with pattern: /data1/statduck/exp1_result_fans_swap/*nodes_30_ER_adj_23/*/fans_analysis/fans_*.json,[],[],[],File not found with pattern: /data1/statduck/exp1_result_fans_5000/*nodes_30_ER_adj_23/*/fans_analysis/fans_*.json,[],[],[],File not found with pattern: /data1/statduck/exp1_result_fans_10000/*nodes_30_ER_adj_23/*/fans_analysis/fans_*.json,[],[],[],File not found with pattern: /data1/statduck/exp1_result_fans_30000/*nodes_30_ER_adj_23/*/fans_analysis/fans_*.json,[],[],[],File not found with pattern: /data1/statduck/exp1_result_fans_100epochs/*nodes_30_ER_adj_23/*/fans_analysis/fans_*.json,[],[],[],File not found with pattern: /data1/statduck/exp1_result_fans_500epochs/*nodes_30_ER_adj_23/*/fans_analysis/fans_*.json,[],[],[],File not found with pattern: /data1/statduck/exp1_result_fans_dim8/*nodes_30_ER_adj_23/*/fans_analysis/fans_*.json,[],[],[],File not found with pattern: /data1/statduck/exp1_result_fans_dim16/*nodes_30_ER_adj_23/*/fans_analysis/fans_*.json,[],[],[],File not found with pattern: /data1/statduck/exp1_result_fans_anm/*nodes_30_ER_adj_23/*/fans_analysis/fans_*.json,[],[],[],File not found with pattern: /data1/statduck/exp1_result_fans_small/*nodes_30_ER_adj_23/*/fans_analysis/fans_*.json,"[24, 27, 29]","[7, 9, 16, 23, 24, 29]",[],,[],[],[],File not found,[],[],[],File not found,"[7, 9, 23, 24, 28, 29]",[],[],,[],[],[],File not found,"[6, 11, 16, 18, 21, 23, 24, 26, 27, 28, 29]",[],[],,1.0,1.0,0.0,1.0,0.0,0.0,0.0,0.0,0.0,0.0,0.0,0.0,0.0,0.0,0.0,0.0,0.0,0.0,0.0,0.0,0.0,0.0,0.0,0.0,0.0,0.0,0.0,0.0,0.0,0.0,0.0,0.0,0.0,0.0,0.0,0.0,0.0,0.0,0.0,0.0,0.0,0.0,0.0,0.0,0,0.0,0.0,0.0,0.4444444444444444,1.0,0.0,1.0,0,0.0,0.0,0.0,0,,,0.8333333333333334,,,0.4705882352941177,,
30,ER,24,"[11, 19, 20, 23, 24, 26]","[11, 19, 20, 23, 24, 26]",[],"[2, 3, 8, 10, 11, 13, 18, 19, 20, 22, 23, 24, 25, 26, 27, 28, 29]","[11, 19, 20, 23, 24, 26]","[11, 19, 20, 24, 26]",[23],,[],[],[],File not found with pattern: /data1/statduck/exp1_result_fans_swap/*nodes_30_ER_adj_24/*/fans_analysis/fans_*.json,[],[],[],File not found with pattern: /data1/statduck/exp1_result_fans_5000/*nodes_30_ER_adj_24/*/fans_analysis/fans_*.json,[],[],[],File not found with pattern: /data1/statduck/exp1_result_fans_10000/*nodes_30_ER_adj_24/*/fans_analysis/fans_*.json,[],[],[],File not found with pattern: /data1/statduck/exp1_result_fans_30000/*nodes_30_ER_adj_24/*/fans_analysis/fans_*.json,[],[],[],File not found with pattern: /data1/statduck/exp1_result_fans_100epochs/*nodes_30_ER_adj_24/*/fans_analysis/fans_*.json,[],[],[],File not found with pattern: /data1/statduck/exp1_result_fans_500epochs/*nodes_30_ER_adj_24/*/fans_analysis/fans_*.json,[],[],[],File not found with pattern: /data1/statduck/exp1_result_fans_dim8/*nodes_30_ER_adj_24/*/fans_analysis/fans_*.json,[],[],[],File not found with pattern: /data1/statduck/exp1_result_fans_dim16/*nodes_30_ER_adj_24/*/fans_analysis/fans_*.json,[],[],[],File not found with pattern: /data1/statduck/exp1_result_fans_anm/*nodes_30_ER_adj_24/*/fans_analysis/fans_*.json,[],[],[],File not found with pattern: /data1/statduck/exp1_result_fans_small/*nodes_30_ER_adj_24/*/fans_analysis/fans_*.json,"[10, 18, 19, 22, 23, 24, 25, 26, 28, 29]","[11, 19, 20, 23, 24, 26]",[],,[],[],[],File not found,[],[],[],File not found,"[11, 19, 20, 23, 24, 26, 27]",[],[],,[],[],[],File not found,"[2, 3, 8, 10, 11, 13, 19, 20, 23, 25, 27]",[],[],,1.0,0.9090909090909091,0.0,0.9090909090909091,0.0,0.0,0.0,0.0,0.0,0.0,0.0,0.0,0.0,0.0,0.0,0.0,0.0,0.0,0.0,0.0,0.0,0.0,0.0,0.0,0.0,0.0,0.0,0.0,0.0,0.0,0.0,0.0,0.0,0.0,0.0,0.0,0.0,0.0,0.0,0.0,0.0,0.0,0.0,0.0,0,0.0,0.0,0.0,0.5,1.0,0.0,1.0,0,0.0,0.0,0.0,0,,,0.923076923076923,,,0.4705882352941177,,
30,ER,25,"[8, 12, 18, 22, 26, 28]","[8, 12, 18, 22, 26, 28]",[],"[6, 7, 8, 10, 12, 14, 15, 17, 18, 19, 20, 21, 22, 23, 25, 26, 27, 28]","[8, 12, 18, 22, 26, 28]","[8, 12, 18, 22, 26, 28]",[],,[],[],[],File not found with pattern: /data1/statduck/exp1_result_fans_swap/*nodes_30_ER_adj_25/*/fans_analysis/fans_*.json,[],[],[],File not found with pattern: /data1/statduck/exp1_result_fans_5000/*nodes_30_ER_adj_25/*/fans_analysis/fans_*.json,[],[],[],File not found with pattern: /data1/statduck/exp1_result_fans_10000/*nodes_30_ER_adj_25/*/fans_analysis/fans_*.json,[],[],[],File not found with pattern: /data1/statduck/exp1_result_fans_30000/*nodes_30_ER_adj_25/*/fans_analysis/fans_*.json,[],[],[],File not found with pattern: /data1/statduck/exp1_result_fans_100epochs/*nodes_30_ER_adj_25/*/fans_analysis/fans_*.json,[],[],[],File not found with pattern: /data1/statduck/exp1_result_fans_500epochs/*nodes_30_ER_adj_25/*/fans_analysis/fans_*.json,[],[],[],File not found with pattern: /data1/statduck/exp1_result_fans_dim8/*nodes_30_ER_adj_25/*/fans_analysis/fans_*.json,[],[],[],File not found with pattern: /data1/statduck/exp1_result_fans_dim16/*nodes_30_ER_adj_25/*/fans_analysis/fans_*.json,[],[],[],File not found with pattern: /data1/statduck/exp1_result_fans_anm/*nodes_30_ER_adj_25/*/fans_analysis/fans_*.json,[],[],[],File not found with pattern: /data1/statduck/exp1_result_fans_small/*nodes_30_ER_adj_25/*/fans_analysis/fans_*.json,"[26, 28]","[8, 12, 18, 22, 26, 28]",[],,[],[],[],File not found,[],[],[],File not found,"[12, 18, 22, 25, 26, 28]",[],[],,[],[],[],File not found,"[6, 7, 8, 10, 14, 15, 18, 19, 21, 22, 23, 25, 26, 27, 28]",[],[],,1.0,1.0,0.0,1.0,0.0,0.0,0.0,0.0,0.0,0.0,0.0,0.0,0.0,0.0,0.0,0.0,0.0,0.0,0.0,0.0,0.0,0.0,0.0,0.0,0.0,0.0,0.0,0.0,0.0,0.0,0.0,0.0,0.0,0.0,0.0,0.0,0.0,0.0,0.0,0.0,0.0,0.0,0.0,0.0,0,0.0,0.0,0.0,0.5,1.0,0.0,1.0,0,0.0,0.0,0.0,0,,,0.8333333333333334,,,0.47619047619047616,,
30,ER,26,"[7, 14, 15, 17, 20, 25]",[],"[7, 14, 15, 17, 20, 25]","[5, 7, 8, 9, 14, 15, 17, 19, 20, 21, 22, 23, 25, 26, 28, 29]","[7, 14, 15, 17, 20, 25]",[],"[7, 14, 15, 17, 20, 25]",,[],[],[],File not found with pattern: /data1/statduck/exp1_result_fans_swap/*nodes_30_ER_adj_26/*/fans_analysis/fans_*.json,[],[],[],File not found with pattern: /data1/statduck/exp1_result_fans_5000/*nodes_30_ER_adj_26/*/fans_analysis/fans_*.json,[],[],[],File not found with pattern: /data1/statduck/exp1_result_fans_10000/*nodes_30_ER_adj_26/*/fans_analysis/fans_*.json,[],[],[],File not found with pattern: /data1/statduck/exp1_result_fans_30000/*nodes_30_ER_adj_26/*/fans_analysis/fans_*.json,[],[],[],File not found with pattern: /data1/statduck/exp1_result_fans_100epochs/*nodes_30_ER_adj_26/*/fans_analysis/fans_*.json,[],[],[],File not found with pattern: /data1/statduck/exp1_result_fans_500epochs/*nodes_30_ER_adj_26/*/fans_analysis/fans_*.json,[],[],[],File not found with pattern: /data1/statduck/exp1_result_fans_dim8/*nodes_30_ER_adj_26/*/fans_analysis/fans_*.json,[],[],[],File not found with pattern: /data1/statduck/exp1_result_fans_dim16/*nodes_30_ER_adj_26/*/fans_analysis/fans_*.json,[],[],[],File not found with pattern: /data1/statduck/exp1_result_fans_anm/*nodes_30_ER_adj_26/*/fans_analysis/fans_*.json,[],[],[],File not found with pattern: /data1/statduck/exp1_result_fans_small/*nodes_30_ER_adj_26/*/fans_analysis/fans_*.json,"[7, 8, 9, 14, 15, 17, 19, 20, 21, 22, 23, 25, 29]","[7, 15, 25]","[14, 17, 20]",,[],[],[],File not found,[],[],[],File not found,"[7, 14, 15, 17, 20, 25]",[],[],,[],[],[],File not found,"[5, 7, 8, 9, 15, 20, 21, 22, 25, 26, 28, 29]",[],[],,1.0,0.0,1.0,1.0,0.0,0.0,0.0,0.0,0.0,0.0,0.0,0.0,0.0,0.0,0.0,0.0,0.0,0.0,0.0,0.0,0.0,0.0,0.0,0.0,0.0,0.0,0.0,0.0,0.0,0.0,0.0,0.0,0.0,0.0,0.0,0.0,0.0,0.0,0.0,0.0,0.0,0.0,0.0,0.0,0,0.0,0.0,0.0,0.631578947368421,0.0,0.6666666666666666,0.6666666666666666,0,0.0,0.0,0.0,0,,,1.0,,,0.4444444444444444,,
30,ER,27,"[14, 21, 25, 27, 28, 29]",[],"[14, 21, 25, 27, 28, 29]","[3, 7, 8, 10, 13, 14, 16, 18, 19, 20, 21, 22, 24, 25, 26, 27, 28, 29]","[14, 21, 25, 27, 28, 29]",[],"[14, 21, 25, 27, 28, 29]",,[],[],[],File not found with pattern: /data1/statduck/exp1_result_fans_swap/*nodes_30_ER_adj_27/*/fans_analysis/fans_*.json,[],[],[],File not found with pattern: /data1/statduck/exp1_result_fans_5000/*nodes_30_ER_adj_27/*/fans_analysis/fans_*.json,[],[],[],File not found with pattern: /data1/statduck/exp1_result_fans_10000/*nodes_30_ER_adj_27/*/fans_analysis/fans_*.json,[],[],[],File not found with pattern: /data1/statduck/exp1_result_fans_30000/*nodes_30_ER_adj_27/*/fans_analysis/fans_*.json,[],[],[],File not found with pattern: /data1/statduck/exp1_result_fans_100epochs/*nodes_30_ER_adj_27/*/fans_analysis/fans_*.json,[],[],[],File not found with pattern: /data1/statduck/exp1_result_fans_500epochs/*nodes_30_ER_adj_27/*/fans_analysis/fans_*.json,[],[],[],File not found with pattern: /data1/statduck/exp1_result_fans_dim8/*nodes_30_ER_adj_27/*/fans_analysis/fans_*.json,[],[],[],File not found with pattern: /data1/statduck/exp1_result_fans_dim16/*nodes_30_ER_adj_27/*/fans_analysis/fans_*.json,[],[],[],File not found with pattern: /data1/statduck/exp1_result_fans_anm/*nodes_30_ER_adj_27/*/fans_analysis/fans_*.json,[],[],[],File not found with pattern: /data1/statduck/exp1_result_fans_small/*nodes_30_ER_adj_27/*/fans_analysis/fans_*.json,"[8, 13, 14, 19, 20, 21, 25, 27, 28, 29]","[14, 27, 28, 29]","[21, 25]",,[],[],[],File not found,[],[],[],File not found,"[14, 21, 25, 27, 28, 29]",[],[],,[],[],[],File not found,"[3, 7, 8, 13, 14, 16, 19, 20, 21, 24, 26, 27, 28, 29]",[],[],,1.0,0.0,1.0,1.0,0.0,0.0,0.0,0.0,0.0,0.0,0.0,0.0,0.0,0.0,0.0,0.0,0.0,0.0,0.0,0.0,0.0,0.0,0.0,0.0,0.0,0.0,0.0,0.0,0.0,0.0,0.0,0.0,0.0,0.0,0.0,0.0,0.0,0.0,0.0,0.0,0.0,0.0,0.0,0.0,0,0.0,0.0,0.0,0.7499999999999999,0.0,0.5,0.5,0,0.0,0.0,0.0,0,,,1.0,,,0.5,,
30,ER,28,"[12, 16, 19, 23, 28, 29]",[],"[12, 16, 19, 23, 28, 29]","[5, 9, 10, 11, 12, 14, 16, 17, 19, 21, 23, 24, 27, 28, 29]","[12, 16, 19, 23, 28, 29]",[],"[12, 16, 19, 23, 28, 29]",,[],[],[],File not found with pattern: /data1/statduck/exp1_result_fans_swap/*nodes_30_ER_adj_28/*/fans_analysis/fans_*.json,[],[],[],File not found with pattern: /data1/statduck/exp1_result_fans_5000/*nodes_30_ER_adj_28/*/fans_analysis/fans_*.json,[],[],[],File not found with pattern: /data1/statduck/exp1_result_fans_10000/*nodes_30_ER_adj_28/*/fans_analysis/fans_*.json,[],[],[],File not found with pattern: /data1/statduck/exp1_result_fans_30000/*nodes_30_ER_adj_28/*/fans_analysis/fans_*.json,[],[],[],File not found with pattern: /data1/statduck/exp1_result_fans_100epochs/*nodes_30_ER_adj_28/*/fans_analysis/fans_*.json,[],[],[],File not found with pattern: /data1/statduck/exp1_result_fans_500epochs/*nodes_30_ER_adj_28/*/fans_analysis/fans_*.json,[],[],[],File not found with pattern: /data1/statduck/exp1_result_fans_dim8/*nodes_30_ER_adj_28/*/fans_analysis/fans_*.json,[],[],[],File not found with pattern: /data1/statduck/exp1_result_fans_dim16/*nodes_30_ER_adj_28/*/fans_analysis/fans_*.json,[],[],[],File not found with pattern: /data1/statduck/exp1_result_fans_anm/*nodes_30_ER_adj_28/*/fans_analysis/fans_*.json,[],[],[],File not found with pattern: /data1/statduck/exp1_result_fans_small/*nodes_30_ER_adj_28/*/fans_analysis/fans_*.json,"[5, 9, 10, 12, 14, 16, 17, 19, 21, 23, 24, 27, 28, 29]","[12, 16, 19, 23, 28]",[29],,[],[],[],File not found,[],[],[],File not found,"[12, 16, 19, 23, 28, 29]",[],[],,[],[],[],File not found,"[5, 9, 10, 11, 14, 16, 17, 19, 21, 23, 27, 28, 29]",[],[],,1.0,0.0,1.0,1.0,0.0,0.0,0.0,0.0,0.0,0.0,0.0,0.0,0.0,0.0,0.0,0.0,0.0,0.0,0.0,0.0,0.0,0.0,0.0,0.0,0.0,0.0,0.0,0.0,0.0,0.0,0.0,0.0,0.0,0.0,0.0,0.0,0.0,0.0,0.0,0.0,0.0,0.0,0.0,0.0,0,0.0,0.0,0.0,0.6,0.0,0.2857142857142857,0.2857142857142857,0,0.0,0.0,0.0,0,,,1.0,,,0.5263157894736842,,
30,ER,29,"[11, 13, 20, 23, 24, 27]",[],"[11, 13, 20, 23, 24, 27]","[9, 11, 13, 16, 17, 19, 20, 21, 22, 23, 24, 25, 26, 27, 28]","[11, 13, 20, 23, 24, 27]",[],"[11, 13, 20, 23, 24, 27]",,[],[],[],File not found with pattern: /data1/statduck/exp1_result_fans_swap/*nodes_30_ER_adj_29/*/fans_analysis/fans_*.json,[],[],[],File not found with pattern: /data1/statduck/exp1_result_fans_5000/*nodes_30_ER_adj_29/*/fans_analysis/fans_*.json,[],[],[],File not found with pattern: /data1/statduck/exp1_result_fans_10000/*nodes_30_ER_adj_29/*/fans_analysis/fans_*.json,[],[],[],File not found with pattern: /data1/statduck/exp1_result_fans_30000/*nodes_30_ER_adj_29/*/fans_analysis/fans_*.json,[],[],[],File not found with pattern: /data1/statduck/exp1_result_fans_100epochs/*nodes_30_ER_adj_29/*/fans_analysis/fans_*.json,[],[],[],File not found with pattern: /data1/statduck/exp1_result_fans_500epochs/*nodes_30_ER_adj_29/*/fans_analysis/fans_*.json,[],[],[],File not found with pattern: /data1/statduck/exp1_result_fans_dim8/*nodes_30_ER_adj_29/*/fans_analysis/fans_*.json,[],[],[],File not found with pattern: /data1/statduck/exp1_result_fans_dim16/*nodes_30_ER_adj_29/*/fans_analysis/fans_*.json,[],[],[],File not found with pattern: /data1/statduck/exp1_result_fans_anm/*nodes_30_ER_adj_29/*/fans_analysis/fans_*.json,[],[],[],File not found with pattern: /data1/statduck/exp1_result_fans_small/*nodes_30_ER_adj_29/*/fans_analysis/fans_*.json,"[11, 13, 16, 17, 19, 20, 21, 22, 23, 24, 25, 26, 28]","[20, 23, 24]","[11, 13, 27]",,[],[],[],File not found,[],[],[],File not found,"[11, 13, 20, 23, 24, 27]",[],[],,[],[],[],File not found,"[9, 11, 17, 19, 21, 24, 25, 26, 27, 28]",[],[],,1.0,0.0,1.0,1.0,0.0,0.0,0.0,0.0,0.0,0.0,0.0,0.0,0.0,0.0,0.0,0.0,0.0,0.0,0.0,0.0,0.0,0.0,0.0,0.0,0.0,0.0,0.0,0.0,0.0,0.0,0.0,0.0,0.0,0.0,0.0,0.0,0.0,0.0,0.0,0.0,0.0,0.0,0.0,0.0,0,0.0,0.0,0.0,0.5263157894736842,0.0,0.6666666666666666,0.6666666666666666,0,0.0,0.0,0.0,0,,,1.0,,,0.37499999999999994,,
30,ER,30,"[3, 6, 14, 23, 26, 27]",[],"[3, 6, 14, 23, 26, 27]","[3, 4, 6, 10, 11, 12, 13, 14, 15, 16, 17, 21, 22, 23, 26, 27, 28, 29]","[3, 6, 14, 26, 27]",[],"[3, 6, 14, 23, 26, 27]",,[],[],[],File not found with pattern: /data1/statduck/exp1_result_fans_swap/*nodes_30_ER_adj_30/*/fans_analysis/fans_*.json,[],[],[],File not found with pattern: /data1/statduck/exp1_result_fans_5000/*nodes_30_ER_adj_30/*/fans_analysis/fans_*.json,[],[],[],File not found with pattern: /data1/statduck/exp1_result_fans_10000/*nodes_30_ER_adj_30/*/fans_analysis/fans_*.json,[],[],[],File not found with pattern: /data1/statduck/exp1_result_fans_30000/*nodes_30_ER_adj_30/*/fans_analysis/fans_*.json,[],[],[],File not found with pattern: /data1/statduck/exp1_result_fans_100epochs/*nodes_30_ER_adj_30/*/fans_analysis/fans_*.json,[],[],[],File not found with pattern: /data1/statduck/exp1_result_fans_500epochs/*nodes_30_ER_adj_30/*/fans_analysis/fans_*.json,[],[],[],File not found with pattern: /data1/statduck/exp1_result_fans_dim8/*nodes_30_ER_adj_30/*/fans_analysis/fans_*.json,[],[],[],File not found with pattern: /data1/statduck/exp1_result_fans_dim16/*nodes_30_ER_adj_30/*/fans_analysis/fans_*.json,[],[],[],File not found with pattern: /data1/statduck/exp1_result_fans_anm/*nodes_30_ER_adj_30/*/fans_analysis/fans_*.json,[],[],[],File not found with pattern: /data1/statduck/exp1_result_fans_small/*nodes_30_ER_adj_30/*/fans_analysis/fans_*.json,"[4, 6, 10, 12, 13, 14, 15, 16, 17, 21, 23, 26, 27, 28, 29]","[3, 23, 26, 27]","[6, 14]",,[],[],[],File not found,[],[],[],File not found,"[3, 6, 14, 23, 26, 27]",[],[],,[],[],[],File not found,"[3, 6, 10, 11, 12, 13, 14, 15, 16, 17, 21, 22, 23, 26, 28, 29]",[],[],,0.9090909090909091,0.0,1.0,1.0,0.0,0.0,0.0,0.0,0.0,0.0,0.0,0.0,0.0,0.0,0.0,0.0,0.0,0.0,0.0,0.0,0.0,0.0,0.0,0.0,0.0,0.0,0.0,0.0,0.0,0.0,0.0,0.0,0.0,0.0,0.0,0.0,0.0,0.0,0.0,0.0,0.0,0.0,0.0,0.0,0,0.0,0.0,0.0,0.47619047619047616,0.0,0.5,0.5,0,0.0,0.0,0.0,0,,,1.0,,,0.45454545454545453,,
30,SF,1,"[4, 5, 10, 13, 14, 17]","[5, 13, 14]","[4, 10, 17]","[1, 2, 3, 4, 5, 6, 7, 8, 9, 10, 11, 12, 13, 14, 15, 16, 17, 18, 19, 20, 21, 22, 23, 24, 25, 26, 27, 28, 29]","[4, 5, 10, 13, 14, 17]","[5, 13, 14]","[4, 10, 17]",,[],[],[],File not found with pattern: /data1/statduck/exp1_result_fans_swap/*nodes_30_SF_adj_1/*/fans_analysis/fans_*.json,[],[],[],File not found with pattern: /data1/statduck/exp1_result_fans_5000/*nodes_30_SF_adj_1/*/fans_analysis/fans_*.json,[],[],[],File not found with pattern: /data1/statduck/exp1_result_fans_10000/*nodes_30_SF_adj_1/*/fans_analysis/fans_*.json,[],[],[],File not found with pattern: /data1/statduck/exp1_result_fans_30000/*nodes_30_SF_adj_1/*/fans_analysis/fans_*.json,[],[],[],File not found with pattern: /data1/statduck/exp1_result_fans_100epochs/*nodes_30_SF_adj_1/*/fans_analysis/fans_*.json,[],[],[],File not found with pattern: /data1/statduck/exp1_result_fans_500epochs/*nodes_30_SF_adj_1/*/fans_analysis/fans_*.json,[],[],[],File not found with pattern: /data1/statduck/exp1_result_fans_dim8/*nodes_30_SF_adj_1/*/fans_analysis/fans_*.json,[],[],[],File not found with pattern: /data1/statduck/exp1_result_fans_dim16/*nodes_30_SF_adj_1/*/fans_analysis/fans_*.json,[],[],[],File not found with pattern: /data1/statduck/exp1_result_fans_anm/*nodes_30_SF_adj_1/*/fans_analysis/fans_*.json,[],[],[],File not found with pattern: /data1/statduck/exp1_result_fans_small/*nodes_30_SF_adj_1/*/fans_analysis/fans_*.json,"[1, 4, 7, 8, 9, 10, 11, 13, 15, 16, 17, 18, 19, 20, 22, 23, 24, 25, 26, 27, 28, 29]","[4, 5, 13, 14, 17]",[10],,[],[],[],File not found,[],[],[],File not found,"[4, 5, 10, 14, 17]",[],[],,[],[],[],File not found,"[1, 2, 3, 4, 5, 6, 7, 8, 9, 10, 11, 12, 13, 14, 15, 16, 17, 18, 19, 20, 21, 22, 23, 24, 25, 26, 27, 28, 29]",[],[],,1.0,1.0,1.0,1.0,0.0,0.0,0.0,0.0,0.0,0.0,0.0,0.0,0.0,0.0,0.0,0.0,0.0,0.0,0.0,0.0,0.0,0.0,0.0,0.0,0.0,0.0,0.0,0.0,0.0,0.0,0.0,0.0,0.0,0.0,0.0,0.0,0.0,0.0,0.0,0.0,0.0,0.0,0.0,0.0,0,0.0,0.0,0.0,0.28571428571428575,0.7499999999999999,0.5,0.625,0,0.0,0.0,0.0,0,,,0.9090909090909091,,,0.34285714285714286,,
30,SF,2,"[5, 13, 14, 18, 27, 28]","[13, 18, 28]","[5, 14, 27]","[1, 2, 3, 4, 5, 6, 7, 8, 9, 10, 11, 12, 13, 14, 15, 16, 17, 18, 19, 20, 21, 22, 23, 24, 25, 26, 27, 28, 29]","[5, 13, 14, 18, 27, 28]","[13, 18, 28]","[5, 14, 27]",,[],[],[],File not found with pattern: /data1/statduck/exp1_result_fans_swap/*nodes_30_SF_adj_2/*/fans_analysis/fans_*.json,[],[],[],File not found with pattern: /data1/statduck/exp1_result_fans_5000/*nodes_30_SF_adj_2/*/fans_analysis/fans_*.json,[],[],[],File not found with pattern: /data1/statduck/exp1_result_fans_10000/*nodes_30_SF_adj_2/*/fans_analysis/fans_*.json,[],[],[],File not found with pattern: /data1/statduck/exp1_result_fans_30000/*nodes_30_SF_adj_2/*/fans_analysis/fans_*.json,[],[],[],File not found with pattern: /data1/statduck/exp1_result_fans_100epochs/*nodes_30_SF_adj_2/*/fans_analysis/fans_*.json,[],[],[],File not found with pattern: /data1/statduck/exp1_result_fans_500epochs/*nodes_30_SF_adj_2/*/fans_analysis/fans_*.json,[],[],[],File not found with pattern: /data1/statduck/exp1_result_fans_dim8/*nodes_30_SF_adj_2/*/fans_analysis/fans_*.json,[],[],[],File not found with pattern: /data1/statduck/exp1_result_fans_dim16/*nodes_30_SF_adj_2/*/fans_analysis/fans_*.json,[],[],[],File not found with pattern: /data1/statduck/exp1_result_fans_anm/*nodes_30_SF_adj_2/*/fans_analysis/fans_*.json,[],[],[],File not found with pattern: /data1/statduck/exp1_result_fans_small/*nodes_30_SF_adj_2/*/fans_analysis/fans_*.json,"[3, 4, 5, 6, 7, 8, 9, 10, 11, 12, 14, 15, 16, 17, 19, 20, 21, 22, 23, 24, 25, 26, 27, 29]","[13, 18, 27, 28]","[5, 14]",,[],[],[],File not found,[],[],[],File not found,"[5, 13, 14, 18, 27, 28]",[],[],,[],[],[],File not found,"[1, 2, 3, 4, 5, 6, 7, 8, 9, 10, 11, 12, 13, 14, 15, 16, 17, 18, 19, 20, 21, 22, 23, 24, 25, 26, 27, 28, 29]",[],[],,1.0,1.0,1.0,1.0,0.0,0.0,0.0,0.0,0.0,0.0,0.0,0.0,0.0,0.0,0.0,0.0,0.0,0.0,0.0,0.0,0.0,0.0,0.0,0.0,0.0,0.0,0.0,0.0,0.0,0.0,0.0,0.0,0.0,0.0,0.0,0.0,0.0,0.0,0.0,0.0,0.0,0.0,0.0,0.0,0,0.0,0.0,0.0,0.2,0.8571428571428571,0.8,0.8285714285714285,0,0.0,0.0,0.0,0,,,1.0,,,0.34285714285714286,,
30,SF,3,"[8, 10, 15, 20, 24, 29]","[10, 15, 20]","[8, 24, 29]","[1, 2, 3, 4, 5, 6, 7, 8, 9, 10, 11, 12, 13, 14, 15, 16, 17, 18, 19, 20, 21, 22, 23, 24, 25, 26, 27, 28, 29]","[8, 10, 15, 20, 24, 29]","[10, 15, 20]","[8, 24, 29]",,[],[],[],File not found with pattern: /data1/statduck/exp1_result_fans_swap/*nodes_30_SF_adj_3/*/fans_analysis/fans_*.json,[],[],[],File not found with pattern: /data1/statduck/exp1_result_fans_5000/*nodes_30_SF_adj_3/*/fans_analysis/fans_*.json,[],[],[],File not found with pattern: /data1/statduck/exp1_result_fans_10000/*nodes_30_SF_adj_3/*/fans_analysis/fans_*.json,[],[],[],File not found with pattern: /data1/statduck/exp1_result_fans_30000/*nodes_30_SF_adj_3/*/fans_analysis/fans_*.json,[],[],[],File not found with pattern: /data1/statduck/exp1_result_fans_100epochs/*nodes_30_SF_adj_3/*/fans_analysis/fans_*.json,[],[],[],File not found with pattern: /data1/statduck/exp1_result_fans_500epochs/*nodes_30_SF_adj_3/*/fans_analysis/fans_*.json,[],[],[],File not found with pattern: /data1/statduck/exp1_result_fans_dim8/*nodes_30_SF_adj_3/*/fans_analysis/fans_*.json,[],[],[],File not found with pattern: /data1/statduck/exp1_result_fans_dim16/*nodes_30_SF_adj_3/*/fans_analysis/fans_*.json,[],[],[],File not found with pattern: /data1/statduck/exp1_result_fans_anm/*nodes_30_SF_adj_3/*/fans_analysis/fans_*.json,[],[],[],File not found with pattern: /data1/statduck/exp1_result_fans_small/*nodes_30_SF_adj_3/*/fans_analysis/fans_*.json,"[3, 4, 5, 6, 8, 9, 11, 13, 14, 16, 18, 19, 21, 22, 24, 25, 26, 28, 29]","[10, 15, 20, 24, 29]",[8],,[],[],[],File not found,[],[],[],File not found,"[8, 10, 15, 20, 24, 29]",[],[],,[],[],[],File not found,"[1, 2, 3, 4, 5, 6, 7, 8, 9, 10, 11, 12, 13, 14, 15, 16, 17, 18, 19, 20, 21, 22, 23, 24, 25, 26, 27, 28, 29]",[],[],,1.0,1.0,1.0,1.0,0.0,0.0,0.0,0.0,0.0,0.0,0.0,0.0,0.0,0.0,0.0,0.0,0.0,0.0,0.0,0.0,0.0,0.0,0.0,0.0,0.0,0.0,0.0,0.0,0.0,0.0,0.0,0.0,0.0,0.0,0.0,0.0,0.0,0.0,0.0,0.0,0.0,0.0,0.0,0.0,0,0.0,0.0,0.0,0.23999999999999996,0.7499999999999999,0.5,0.625,0,0.0,0.0,0.0,0,,,1.0,,,0.34285714285714286,,
30,SF,4,"[3, 6, 15, 16, 23, 24]","[3, 23, 24]","[6, 15, 16]","[1, 2, 3, 4, 5, 6, 7, 8, 9, 10, 11, 12, 13, 14, 15, 16, 17, 18, 19, 20, 21, 22, 23, 24, 25, 26, 27, 28, 29]","[3, 6, 15, 16, 23, 24]","[3, 23, 24]","[6, 15, 16]",,[],[],[],File not found with pattern: /data1/statduck/exp1_result_fans_swap/*nodes_30_SF_adj_4/*/fans_analysis/fans_*.json,[],[],[],File not found with pattern: /data1/statduck/exp1_result_fans_5000/*nodes_30_SF_adj_4/*/fans_analysis/fans_*.json,[],[],[],File not found with pattern: /data1/statduck/exp1_result_fans_10000/*nodes_30_SF_adj_4/*/fans_analysis/fans_*.json,[],[],[],File not found with pattern: /data1/statduck/exp1_result_fans_30000/*nodes_30_SF_adj_4/*/fans_analysis/fans_*.json,[],[],[],File not found with pattern: /data1/statduck/exp1_result_fans_100epochs/*nodes_30_SF_adj_4/*/fans_analysis/fans_*.json,[],[],[],File not found with pattern: /data1/statduck/exp1_result_fans_500epochs/*nodes_30_SF_adj_4/*/fans_analysis/fans_*.json,[],[],[],File not found with pattern: /data1/statduck/exp1_result_fans_dim8/*nodes_30_SF_adj_4/*/fans_analysis/fans_*.json,[],[],[],File not found with pattern: /data1/statduck/exp1_result_fans_dim16/*nodes_30_SF_adj_4/*/fans_analysis/fans_*.json,[],[],[],File not found with pattern: /data1/statduck/exp1_result_fans_anm/*nodes_30_SF_adj_4/*/fans_analysis/fans_*.json,[],[],[],File not found with pattern: /data1/statduck/exp1_result_fans_small/*nodes_30_SF_adj_4/*/fans_analysis/fans_*.json,"[1, 3, 5, 6, 7, 10, 12, 14, 15, 16, 17, 18, 19, 22, 26, 29]","[3, 23, 24]","[6, 15, 16]",,[],[],[],File not found,[],[],[],File not found,"[3, 6, 15, 16, 23, 24]",[],[],,[],[],[],File not found,"[1, 2, 3, 4, 5, 6, 7, 8, 9, 10, 11, 12, 13, 14, 15, 16, 17, 18, 19, 20, 21, 22, 23, 24, 25, 26, 27, 28, 29]",[],[],,1.0,1.0,1.0,1.0,0.0,0.0,0.0,0.0,0.0,0.0,0.0,0.0,0.0,0.0,0.0,0.0,0.0,0.0,0.0,0.0,0.0,0.0,0.0,0.0,0.0,0.0,0.0,0.0,0.0,0.0,0.0,0.0,0.0,0.0,0.0,0.0,0.0,0.0,0.0,0.0,0.0,0.0,0.0,0.0,0,0.0,0.0,0.0,0.36363636363636365,1.0,1.0,1.0,0,0.0,0.0,0.0,0,,,1.0,,,0.34285714285714286,,
30,SF,5,"[2, 10, 14, 24, 25, 26]","[10, 24, 26]","[2, 14, 25]","[1, 2, 3, 4, 5, 6, 7, 8, 9, 10, 11, 12, 13, 14, 15, 16, 17, 18, 19, 20, 21, 22, 23, 24, 25, 26, 27, 28, 29]","[2, 10, 14, 24, 25, 26]","[10, 24, 26]","[2, 14, 25]",,[],[],[],File not found with pattern: /data1/statduck/exp1_result_fans_swap/*nodes_30_SF_adj_5/*/fans_analysis/fans_*.json,[],[],[],File not found with pattern: /data1/statduck/exp1_result_fans_5000/*nodes_30_SF_adj_5/*/fans_analysis/fans_*.json,[],[],[],File not found with pattern: /data1/statduck/exp1_result_fans_10000/*nodes_30_SF_adj_5/*/fans_analysis/fans_*.json,[],[],[],File not found with pattern: /data1/statduck/exp1_result_fans_30000/*nodes_30_SF_adj_5/*/fans_analysis/fans_*.json,[],[],[],File not found with pattern: /data1/statduck/exp1_result_fans_100epochs/*nodes_30_SF_adj_5/*/fans_analysis/fans_*.json,[],[],[],File not found with pattern: /data1/statduck/exp1_result_fans_500epochs/*nodes_30_SF_adj_5/*/fans_analysis/fans_*.json,[],[],[],File not found with pattern: /data1/statduck/exp1_result_fans_dim8/*nodes_30_SF_adj_5/*/fans_analysis/fans_*.json,[],[],[],File not found with pattern: /data1/statduck/exp1_result_fans_dim16/*nodes_30_SF_adj_5/*/fans_analysis/fans_*.json,[],[],[],File not found with pattern: /data1/statduck/exp1_result_fans_anm/*nodes_30_SF_adj_5/*/fans_analysis/fans_*.json,[],[],[],File not found with pattern: /data1/statduck/exp1_result_fans_small/*nodes_30_SF_adj_5/*/fans_analysis/fans_*.json,"[7, 14, 16, 17]","[2, 10, 14, 24, 25, 26]",[],,[],[],[],File not found,[],[],[],File not found,"[2, 10, 14, 24, 25, 26]",[],[],,[],[],[],File not found,"[1, 2, 3, 4, 5, 6, 7, 8, 9, 10, 11, 12, 13, 14, 15, 16, 17, 18, 19, 20, 21, 22, 23, 24, 25, 26, 27, 28, 29]",[],[],,1.0,1.0,1.0,1.0,0.0,0.0,0.0,0.0,0.0,0.0,0.0,0.0,0.0,0.0,0.0,0.0,0.0,0.0,0.0,0.0,0.0,0.0,0.0,0.0,0.0,0.0,0.0,0.0,0.0,0.0,0.0,0.0,0.0,0.0,0.0,0.0,0.0,0.0,0.0,0.0,0.0,0.0,0.0,0.0,0,0.0,0.0,0.0,0.2,0.6666666666666666,0.0,0.3333333333333333,0,0.0,0.0,0.0,0,,,1.0,,,0.34285714285714286,,
30,SF,6,"[6, 14, 19, 21, 28, 29]","[6, 14, 21]","[19, 28, 29]","[1, 2, 3, 4, 5, 6, 7, 8, 9, 10, 11, 12, 13, 14, 15, 16, 17, 18, 19, 20, 21, 22, 23, 24, 25, 26, 27, 28, 29]","[6, 14, 19, 21, 28, 29]","[6, 14, 21]","[19, 28, 29]",,[],[],[],File not found with pattern: /data1/statduck/exp1_result_fans_swap/*nodes_30_SF_adj_6/*/fans_analysis/fans_*.json,[],[],[],File not found with pattern: /data1/statduck/exp1_result_fans_5000/*nodes_30_SF_adj_6/*/fans_analysis/fans_*.json,[],[],[],File not found with pattern: /data1/statduck/exp1_result_fans_10000/*nodes_30_SF_adj_6/*/fans_analysis/fans_*.json,[],[],[],File not found with pattern: /data1/statduck/exp1_result_fans_30000/*nodes_30_SF_adj_6/*/fans_analysis/fans_*.json,[],[],[],File not found with pattern: /data1/statduck/exp1_result_fans_100epochs/*nodes_30_SF_adj_6/*/fans_analysis/fans_*.json,[],[],[],File not found with pattern: /data1/statduck/exp1_result_fans_500epochs/*nodes_30_SF_adj_6/*/fans_analysis/fans_*.json,[],[],[],File not found with pattern: /data1/statduck/exp1_result_fans_dim8/*nodes_30_SF_adj_6/*/fans_analysis/fans_*.json,[],[],[],File not found with pattern: /data1/statduck/exp1_result_fans_dim16/*nodes_30_SF_adj_6/*/fans_analysis/fans_*.json,[],[],[],File not found with pattern: /data1/statduck/exp1_result_fans_anm/*nodes_30_SF_adj_6/*/fans_analysis/fans_*.json,[],[],[],File not found with pattern: /data1/statduck/exp1_result_fans_small/*nodes_30_SF_adj_6/*/fans_analysis/fans_*.json,"[1, 2, 4, 6, 7, 8, 9, 10, 11, 12, 13, 15, 16, 17, 18, 19, 20, 22, 23, 24, 25, 26, 28, 29]","[6, 14, 19, 21, 28]",[29],,[],[],[],File not found,[],[],[],File not found,"[6, 14, 19, 21, 28, 29]",[],[],,[],[],[],File not found,"[1, 2, 3, 4, 5, 6, 7, 8, 9, 10, 11, 12, 13, 14, 15, 16, 17, 18, 19, 20, 21, 22, 23, 24, 25, 26, 27, 28, 29]",[],[],,1.0,1.0,1.0,1.0,0.0,0.0,0.0,0.0,0.0,0.0,0.0,0.0,0.0,0.0,0.0,0.0,0.0,0.0,0.0,0.0,0.0,0.0,0.0,0.0,0.0,0.0,0.0,0.0,0.0,0.0,0.0,0.0,0.0,0.0,0.0,0.0,0.0,0.0,0.0,0.0,0.0,0.0,0.0,0.0,0,0.0,0.0,0.0,0.26666666666666666,0.7499999999999999,0.5,0.625,0,0.0,0.0,0.0,0,,,1.0,,,0.34285714285714286,,
30,SF,7,"[4, 15, 21, 24, 28, 29]","[15, 28, 29]","[4, 21, 24]","[1, 2, 3, 4, 5, 6, 7, 8, 9, 10, 11, 12, 13, 14, 15, 16, 17, 18, 19, 20, 21, 22, 23, 24, 25, 26, 27, 28, 29]","[4, 15, 21, 24, 28, 29]","[15, 28, 29]","[4, 21, 24]",,[],[],[],File not found with pattern: /data1/statduck/exp1_result_fans_swap/*nodes_30_SF_adj_7/*/fans_analysis/fans_*.json,[],[],[],File not found with pattern: /data1/statduck/exp1_result_fans_5000/*nodes_30_SF_adj_7/*/fans_analysis/fans_*.json,[],[],[],File not found with pattern: /data1/statduck/exp1_result_fans_10000/*nodes_30_SF_adj_7/*/fans_analysis/fans_*.json,[],[],[],File not found with pattern: /data1/statduck/exp1_result_fans_30000/*nodes_30_SF_adj_7/*/fans_analysis/fans_*.json,[],[],[],File not found with pattern: /data1/statduck/exp1_result_fans_100epochs/*nodes_30_SF_adj_7/*/fans_analysis/fans_*.json,[],[],[],File not found with pattern: /data1/statduck/exp1_result_fans_500epochs/*nodes_30_SF_adj_7/*/fans_analysis/fans_*.json,[],[],[],File not found with pattern: /data1/statduck/exp1_result_fans_dim8/*nodes_30_SF_adj_7/*/fans_analysis/fans_*.json,[],[],[],File not found with pattern: /data1/statduck/exp1_result_fans_dim16/*nodes_30_SF_adj_7/*/fans_analysis/fans_*.json,[],[],[],File not found with pattern: /data1/statduck/exp1_result_fans_anm/*nodes_30_SF_adj_7/*/fans_analysis/fans_*.json,[],[],[],File not found with pattern: /data1/statduck/exp1_result_fans_small/*nodes_30_SF_adj_7/*/fans_analysis/fans_*.json,"[5, 6, 7, 8, 9, 10, 11, 17, 18, 20, 21, 24, 25, 27, 29]","[15, 21, 24, 28, 29]",[4],,[],[],[],File not found,[],[],[],File not found,"[4, 15, 21, 24, 28, 29]",[],[],,[],[],[],File not found,"[1, 2, 3, 4, 5, 6, 7, 8, 9, 10, 11, 12, 13, 14, 15, 16, 17, 18, 19, 20, 21, 22, 23, 24, 25, 26, 27, 28, 29]",[],[],,1.0,1.0,1.0,1.0,0.0,0.0,0.0,0.0,0.0,0.0,0.0,0.0,0.0,0.0,0.0,0.0,0.0,0.0,0.0,0.0,0.0,0.0,0.0,0.0,0.0,0.0,0.0,0.0,0.0,0.0,0.0,0.0,0.0,0.0,0.0,0.0,0.0,0.0,0.0,0.0,0.0,0.0,0.0,0.0,0,0.0,0.0,0.0,0.28571428571428575,0.7499999999999999,0.5,0.625,0,0.0,0.0,0.0,0,,,1.0,,,0.34285714285714286,,
30,SF,8,"[10, 13, 15, 16, 26, 27]","[13, 16, 27]","[10, 15, 26]","[1, 2, 3, 4, 5, 6, 7, 8, 9, 10, 11, 12, 13, 14, 15, 16, 17, 18, 19, 20, 21, 22, 23, 24, 25, 26, 27, 28, 29]","[10, 13, 15, 16, 26, 27]","[13, 16, 27]","[10, 15, 26]",,[],[],[],File not found with pattern: /data1/statduck/exp1_result_fans_swap/*nodes_30_SF_adj_8/*/fans_analysis/fans_*.json,[],[],[],File not found with pattern: /data1/statduck/exp1_result_fans_5000/*nodes_30_SF_adj_8/*/fans_analysis/fans_*.json,[],[],[],File not found with pattern: /data1/statduck/exp1_result_fans_10000/*nodes_30_SF_adj_8/*/fans_analysis/fans_*.json,[],[],[],File not found with pattern: /data1/statduck/exp1_result_fans_30000/*nodes_30_SF_adj_8/*/fans_analysis/fans_*.json,[],[],[],File not found with pattern: /data1/statduck/exp1_result_fans_100epochs/*nodes_30_SF_adj_8/*/fans_analysis/fans_*.json,[],[],[],File not found with pattern: /data1/statduck/exp1_result_fans_500epochs/*nodes_30_SF_adj_8/*/fans_analysis/fans_*.json,[],[],[],File not found with pattern: /data1/statduck/exp1_result_fans_dim8/*nodes_30_SF_adj_8/*/fans_analysis/fans_*.json,[],[],[],File not found with pattern: /data1/statduck/exp1_result_fans_dim16/*nodes_30_SF_adj_8/*/fans_analysis/fans_*.json,[],[],[],File not found with pattern: /data1/statduck/exp1_result_fans_anm/*nodes_30_SF_adj_8/*/fans_analysis/fans_*.json,[],[],[],File not found with pattern: /data1/statduck/exp1_result_fans_small/*nodes_30_SF_adj_8/*/fans_analysis/fans_*.json,"[4, 5, 6, 7, 9, 10, 11, 14, 15, 17, 18, 22, 25, 26, 27]","[13, 16, 27]","[10, 15, 26]",,[],[],[],File not found,[],[],[],File not found,"[10, 15, 16, 26]",[],[],,[],[],[],File not found,"[1, 2, 3, 4, 5, 6, 7, 8, 9, 10, 11, 12, 13, 14, 15, 17, 18, 19, 20, 21, 22, 23, 24, 25, 26, 27, 28, 29]",[],[],,1.0,1.0,1.0,1.0,0.0,0.0,0.0,0.0,0.0,0.0,0.0,0.0,0.0,0.0,0.0,0.0,0.0,0.0,0.0,0.0,0.0,0.0,0.0,0.0,0.0,0.0,0.0,0.0,0.0,0.0,0.0,0.0,0.0,0.0,0.0,0.0,0.0,0.0,0.0,0.0,0.0,0.0,0.0,0.0,0,0.0,0.0,0.0,0.3809523809523809,1.0,1.0,1.0,0,0.0,0.0,0.0,0,,,0.8,,,0.29411764705882354,,
30,SF,9,"[1, 3, 14, 21, 23, 26]","[3, 14, 26]","[1, 21, 23]","[1, 2, 3, 4, 5, 6, 7, 8, 9, 10, 11, 12, 13, 14, 15, 16, 17, 18, 19, 20, 21, 22, 23, 24, 25, 26, 27, 28, 29]","[1, 3, 14, 21, 23, 26]","[3, 14, 26]","[1, 21, 23]",,[],[],[],File not found with pattern: /data1/statduck/exp1_result_fans_swap/*nodes_30_SF_adj_9/*/fans_analysis/fans_*.json,[],[],[],File not found with pattern: /data1/statduck/exp1_result_fans_5000/*nodes_30_SF_adj_9/*/fans_analysis/fans_*.json,[],[],[],File not found with pattern: /data1/statduck/exp1_result_fans_10000/*nodes_30_SF_adj_9/*/fans_analysis/fans_*.json,[],[],[],File not found with pattern: /data1/statduck/exp1_result_fans_30000/*nodes_30_SF_adj_9/*/fans_analysis/fans_*.json,[],[],[],File not found with pattern: /data1/statduck/exp1_result_fans_100epochs/*nodes_30_SF_adj_9/*/fans_analysis/fans_*.json,[],[],[],File not found with pattern: /data1/statduck/exp1_result_fans_500epochs/*nodes_30_SF_adj_9/*/fans_analysis/fans_*.json,[],[],[],File not found with pattern: /data1/statduck/exp1_result_fans_dim8/*nodes_30_SF_adj_9/*/fans_analysis/fans_*.json,[],[],[],File not found with pattern: /data1/statduck/exp1_result_fans_dim16/*nodes_30_SF_adj_9/*/fans_analysis/fans_*.json,[],[],[],File not found with pattern: /data1/statduck/exp1_result_fans_anm/*nodes_30_SF_adj_9/*/fans_analysis/fans_*.json,[],[],[],File not found with pattern: /data1/statduck/exp1_result_fans_small/*nodes_30_SF_adj_9/*/fans_analysis/fans_*.json,"[1, 5, 13, 21, 23, 24, 27]","[1, 3, 14, 21, 23, 26]",[],,[],[],[],File not found,[],[],[],File not found,"[1, 3, 14, 21, 23, 26]",[],[],,[],[],[],File not found,"[1, 2, 3, 4, 5, 6, 7, 8, 9, 10, 11, 12, 13, 14, 15, 16, 17, 18, 19, 20, 21, 22, 23, 24, 25, 26, 27, 28, 29]",[],[],,1.0,1.0,1.0,1.0,0.0,0.0,0.0,0.0,0.0,0.0,0.0,0.0,0.0,0.0,0.0,0.0,0.0,0.0,0.0,0.0,0.0,0.0,0.0,0.0,0.0,0.0,0.0,0.0,0.0,0.0,0.0,0.0,0.0,0.0,0.0,0.0,0.0,0.0,0.0,0.0,0.0,0.0,0.0,0.0,0,0.0,0.0,0.0,0.4615384615384615,0.6666666666666666,0.0,0.3333333333333333,0,0.0,0.0,0.0,0,,,1.0,,,0.34285714285714286,,
30,SF,10,"[7, 8, 13, 21, 23, 25]","[7, 13, 23]","[8, 21, 25]","[1, 2, 3, 4, 5, 6, 7, 8, 9, 10, 11, 12, 13, 14, 15, 16, 17, 18, 19, 20, 21, 22, 23, 24, 25, 26, 27, 28, 29]","[7, 8, 13, 21, 23, 25]","[7, 13, 23]","[8, 21, 25]",,[],[],[],File not found with pattern: /data1/statduck/exp1_result_fans_swap/*nodes_30_SF_adj_10/*/fans_analysis/fans_*.json,[],[],[],File not found with pattern: /data1/statduck/exp1_result_fans_5000/*nodes_30_SF_adj_10/*/fans_analysis/fans_*.json,[],[],[],File not found with pattern: /data1/statduck/exp1_result_fans_10000/*nodes_30_SF_adj_10/*/fans_analysis/fans_*.json,[],[],[],File not found with pattern: /data1/statduck/exp1_result_fans_30000/*nodes_30_SF_adj_10/*/fans_analysis/fans_*.json,[],[],[],File not found with pattern: /data1/statduck/exp1_result_fans_100epochs/*nodes_30_SF_adj_10/*/fans_analysis/fans_*.json,[],[],[],File not found with pattern: /data1/statduck/exp1_result_fans_500epochs/*nodes_30_SF_adj_10/*/fans_analysis/fans_*.json,[],[],[],File not found with pattern: /data1/statduck/exp1_result_fans_dim8/*nodes_30_SF_adj_10/*/fans_analysis/fans_*.json,[],[],[],File not found with pattern: /data1/statduck/exp1_result_fans_dim16/*nodes_30_SF_adj_10/*/fans_analysis/fans_*.json,[],[],[],File not found with pattern: /data1/statduck/exp1_result_fans_anm/*nodes_30_SF_adj_10/*/fans_analysis/fans_*.json,[],[],[],File not found with pattern: /data1/statduck/exp1_result_fans_small/*nodes_30_SF_adj_10/*/fans_analysis/fans_*.json,"[1, 4, 6, 7, 8, 9, 10, 11, 12, 14, 15, 16, 17, 18, 20, 21, 22, 23, 24, 25, 27]","[7, 13, 23, 25]","[8, 21]",,[],[],[],File not found,[],[],[],File not found,"[8, 13, 21, 25]",[],[],,[],[],[],File not found,"[1, 2, 3, 4, 5, 6, 7, 8, 9, 10, 11, 12, 13, 14, 15, 16, 17, 18, 19, 20, 21, 22, 23, 24, 25, 26, 27, 28, 29]",[],[],,1.0,1.0,1.0,1.0,0.0,0.0,0.0,0.0,0.0,0.0,0.0,0.0,0.0,0.0,0.0,0.0,0.0,0.0,0.0,0.0,0.0,0.0,0.0,0.0,0.0,0.0,0.0,0.0,0.0,0.0,0.0,0.0,0.0,0.0,0.0,0.0,0.0,0.0,0.0,0.0,0.0,0.0,0.0,0.0,0,0.0,0.0,0.0,0.37037037037037035,0.8571428571428571,0.8,0.8285714285714285,0,0.0,0.0,0.0,0,,,0.8,,,0.34285714285714286,,
30,SF,11,"[1, 3, 11, 22, 23, 27]","[3, 11, 27]","[1, 22, 23]","[1, 2, 3, 4, 5, 6, 7, 8, 9, 10, 11, 12, 13, 14, 15, 16, 17, 18, 19, 20, 21, 22, 23, 24, 25, 26, 27, 28, 29]","[1, 3, 11, 22, 23, 27]","[3, 11, 27]","[1, 22, 23]",,[],[],[],File not found with pattern: /data1/statduck/exp1_result_fans_swap/*nodes_30_SF_adj_11/*/fans_analysis/fans_*.json,[],[],[],File not found with pattern: /data1/statduck/exp1_result_fans_5000/*nodes_30_SF_adj_11/*/fans_analysis/fans_*.json,[],[],[],File not found with pattern: /data1/statduck/exp1_result_fans_10000/*nodes_30_SF_adj_11/*/fans_analysis/fans_*.json,[],[],[],File not found with pattern: /data1/statduck/exp1_result_fans_30000/*nodes_30_SF_adj_11/*/fans_analysis/fans_*.json,[],[],[],File not found with pattern: /data1/statduck/exp1_result_fans_100epochs/*nodes_30_SF_adj_11/*/fans_analysis/fans_*.json,[],[],[],File not found with pattern: /data1/statduck/exp1_result_fans_500epochs/*nodes_30_SF_adj_11/*/fans_analysis/fans_*.json,[],[],[],File not found with pattern: /data1/statduck/exp1_result_fans_dim8/*nodes_30_SF_adj_11/*/fans_analysis/fans_*.json,[],[],[],File not found with pattern: /data1/statduck/exp1_result_fans_dim16/*nodes_30_SF_adj_11/*/fans_analysis/fans_*.json,[],[],[],File not found with pattern: /data1/statduck/exp1_result_fans_anm/*nodes_30_SF_adj_11/*/fans_analysis/fans_*.json,[],[],[],File not found with pattern: /data1/statduck/exp1_result_fans_small/*nodes_30_SF_adj_11/*/fans_analysis/fans_*.json,"[1, 24]","[1, 3, 11, 23, 27]",[22],,[],[],[],File not found,[],[],[],File not found,"[1, 3, 11, 22, 23, 27]",[],[],,[],[],[],File not found,"[1, 2, 3, 4, 5, 6, 7, 8, 9, 10, 11, 12, 13, 14, 15, 16, 17, 18, 19, 20, 21, 22, 23, 24, 25, 26, 27, 28, 29]",[],[],,1.0,1.0,1.0,1.0,0.0,0.0,0.0,0.0,0.0,0.0,0.0,0.0,0.0,0.0,0.0,0.0,0.0,0.0,0.0,0.0,0.0,0.0,0.0,0.0,0.0,0.0,0.0,0.0,0.0,0.0,0.0,0.0,0.0,0.0,0.0,0.0,0.0,0.0,0.0,0.0,0.0,0.0,0.0,0.0,0,0.0,0.0,0.0,0.25,0.7499999999999999,0.5,0.625,0,0.0,0.0,0.0,0,,,1.0,,,0.34285714285714286,,
30,SF,12,"[2, 3, 4, 12, 22, 24]","[4, 22, 24]","[2, 3, 12]","[1, 2, 3, 4, 5, 6, 7, 8, 9, 10, 11, 12, 13, 14, 15, 16, 17, 18, 19, 20, 21, 22, 23, 24, 25, 26, 27, 28, 29]","[2, 3, 4, 12, 22, 24]","[4, 22, 24]","[2, 3, 12]",,[],[],[],File not found with pattern: /data1/statduck/exp1_result_fans_swap/*nodes_30_SF_adj_12/*/fans_analysis/fans_*.json,[],[],[],File not found with pattern: /data1/statduck/exp1_result_fans_5000/*nodes_30_SF_adj_12/*/fans_analysis/fans_*.json,[],[],[],File not found with pattern: /data1/statduck/exp1_result_fans_10000/*nodes_30_SF_adj_12/*/fans_analysis/fans_*.json,[],[],[],File not found with pattern: /data1/statduck/exp1_result_fans_30000/*nodes_30_SF_adj_12/*/fans_analysis/fans_*.json,[],[],[],File not found with pattern: /data1/statduck/exp1_result_fans_100epochs/*nodes_30_SF_adj_12/*/fans_analysis/fans_*.json,[],[],[],File not found with pattern: /data1/statduck/exp1_result_fans_500epochs/*nodes_30_SF_adj_12/*/fans_analysis/fans_*.json,[],[],[],File not found with pattern: /data1/statduck/exp1_result_fans_dim8/*nodes_30_SF_adj_12/*/fans_analysis/fans_*.json,[],[],[],File not found with pattern: /data1/statduck/exp1_result_fans_dim16/*nodes_30_SF_adj_12/*/fans_analysis/fans_*.json,[],[],[],File not found with pattern: /data1/statduck/exp1_result_fans_anm/*nodes_30_SF_adj_12/*/fans_analysis/fans_*.json,[],[],[],File not found with pattern: /data1/statduck/exp1_result_fans_small/*nodes_30_SF_adj_12/*/fans_analysis/fans_*.json,"[6, 9, 18, 23]","[3, 4, 12, 22, 24]",[2],,[],[],[],File not found,[],[],[],File not found,"[2, 3, 4, 12, 22, 24]",[],[],,[],[],[],File not found,"[1, 2, 3, 4, 5, 6, 7, 8, 9, 10, 11, 12, 13, 14, 15, 16, 17, 18, 19, 20, 21, 22, 23, 24, 25, 26, 27, 28, 29]",[],[],,1.0,1.0,1.0,1.0,0.0,0.0,0.0,0.0,0.0,0.0,0.0,0.0,0.0,0.0,0.0,0.0,0.0,0.0,0.0,0.0,0.0,0.0,0.0,0.0,0.0,0.0,0.0,0.0,0.0,0.0,0.0,0.0,0.0,0.0,0.0,0.0,0.0,0.0,0.0,0.0,0.0,0.0,0.0,0.0,0,0.0,0.0,0.0,0.0,0.7499999999999999,0.5,0.625,0,0.0,0.0,0.0,0,,,1.0,,,0.34285714285714286,,
30,SF,13,"[5, 11, 15, 26, 27, 28]","[11, 15, 26]","[5, 27, 28]","[1, 2, 3, 4, 5, 6, 7, 8, 9, 10, 11, 12, 13, 14, 15, 16, 17, 18, 19, 20, 21, 22, 23, 24, 25, 26, 27, 28, 29]","[5, 11, 15, 26, 27, 28]","[11, 15, 26]","[5, 27, 28]",,[],[],[],File not found with pattern: /data1/statduck/exp1_result_fans_swap/*nodes_30_SF_adj_13/*/fans_analysis/fans_*.json,[],[],[],File not found with pattern: /data1/statduck/exp1_result_fans_5000/*nodes_30_SF_adj_13/*/fans_analysis/fans_*.json,[],[],[],File not found with pattern: /data1/statduck/exp1_result_fans_10000/*nodes_30_SF_adj_13/*/fans_analysis/fans_*.json,[],[],[],File not found with pattern: /data1/statduck/exp1_result_fans_30000/*nodes_30_SF_adj_13/*/fans_analysis/fans_*.json,[],[],[],File not found with pattern: /data1/statduck/exp1_result_fans_100epochs/*nodes_30_SF_adj_13/*/fans_analysis/fans_*.json,[],[],[],File not found with pattern: /data1/statduck/exp1_result_fans_500epochs/*nodes_30_SF_adj_13/*/fans_analysis/fans_*.json,[],[],[],File not found with pattern: /data1/statduck/exp1_result_fans_dim8/*nodes_30_SF_adj_13/*/fans_analysis/fans_*.json,[],[],[],File not found with pattern: /data1/statduck/exp1_result_fans_dim16/*nodes_30_SF_adj_13/*/fans_analysis/fans_*.json,[],[],[],File not found with pattern: /data1/statduck/exp1_result_fans_anm/*nodes_30_SF_adj_13/*/fans_analysis/fans_*.json,[],[],[],File not found with pattern: /data1/statduck/exp1_result_fans_small/*nodes_30_SF_adj_13/*/fans_analysis/fans_*.json,"[2, 3, 4, 5, 6, 7, 8, 9, 11, 13, 15, 16, 18, 19, 21, 22, 23, 24, 25, 26, 27, 28, 29]","[11, 15, 26, 27, 28]",[5],,[],[],[],File not found,[],[],[],File not found,"[5, 11, 15, 26, 27, 28]",[],[],,[],[],[],File not found,"[1, 2, 3, 4, 5, 6, 7, 8, 9, 10, 11, 12, 13, 14, 15, 16, 17, 18, 19, 20, 21, 22, 23, 24, 25, 26, 27, 28, 29]",[],[],,1.0,1.0,1.0,1.0,0.0,0.0,0.0,0.0,0.0,0.0,0.0,0.0,0.0,0.0,0.0,0.0,0.0,0.0,0.0,0.0,0.0,0.0,0.0,0.0,0.0,0.0,0.0,0.0,0.0,0.0,0.0,0.0,0.0,0.0,0.0,0.0,0.0,0.0,0.0,0.0,0.0,0.0,0.0,0.0,0,0.0,0.0,0.0,0.41379310344827586,0.7499999999999999,0.5,0.625,0,0.0,0.0,0.0,0,,,1.0,,,0.34285714285714286,,
30,SF,14,"[8, 10, 12, 19, 23, 29]","[10, 12, 19]","[8, 23, 29]","[1, 2, 3, 4, 5, 6, 7, 8, 9, 10, 11, 12, 13, 14, 15, 16, 17, 18, 19, 20, 21, 22, 23, 24, 25, 26, 27, 28, 29]","[8, 10, 12, 19, 23, 29]","[10, 12, 19]","[8, 23, 29]",,[],[],[],File not found with pattern: /data1/statduck/exp1_result_fans_swap/*nodes_30_SF_adj_14/*/fans_analysis/fans_*.json,[],[],[],File not found with pattern: /data1/statduck/exp1_result_fans_5000/*nodes_30_SF_adj_14/*/fans_analysis/fans_*.json,[],[],[],File not found with pattern: /data1/statduck/exp1_result_fans_10000/*nodes_30_SF_adj_14/*/fans_analysis/fans_*.json,[],[],[],File not found with pattern: /data1/statduck/exp1_result_fans_30000/*nodes_30_SF_adj_14/*/fans_analysis/fans_*.json,[],[],[],File not found with pattern: /data1/statduck/exp1_result_fans_100epochs/*nodes_30_SF_adj_14/*/fans_analysis/fans_*.json,[],[],[],File not found with pattern: /data1/statduck/exp1_result_fans_500epochs/*nodes_30_SF_adj_14/*/fans_analysis/fans_*.json,[],[],[],File not found with pattern: /data1/statduck/exp1_result_fans_dim8/*nodes_30_SF_adj_14/*/fans_analysis/fans_*.json,[],[],[],File not found with pattern: /data1/statduck/exp1_result_fans_dim16/*nodes_30_SF_adj_14/*/fans_analysis/fans_*.json,[],[],[],File not found with pattern: /data1/statduck/exp1_result_fans_anm/*nodes_30_SF_adj_14/*/fans_analysis/fans_*.json,[],[],[],File not found with pattern: /data1/statduck/exp1_result_fans_small/*nodes_30_SF_adj_14/*/fans_analysis/fans_*.json,[13],"[8, 10, 12, 19, 23, 29]",[],,[],[],[],File not found,[],[],[],File not found,"[8, 10, 12, 19, 23, 29]",[],[],,[],[],[],File not found,"[1, 2, 3, 4, 5, 6, 7, 8, 9, 10, 11, 12, 13, 14, 15, 16, 17, 18, 19, 20, 21, 22, 23, 24, 25, 26, 27, 28, 29]",[],[],,1.0,1.0,1.0,1.0,0.0,0.0,0.0,0.0,0.0,0.0,0.0,0.0,0.0,0.0,0.0,0.0,0.0,0.0,0.0,0.0,0.0,0.0,0.0,0.0,0.0,0.0,0.0,0.0,0.0,0.0,0.0,0.0,0.0,0.0,0.0,0.0,0.0,0.0,0.0,0.0,0.0,0.0,0.0,0.0,0,0.0,0.0,0.0,0.0,0.6666666666666666,0.0,0.3333333333333333,0,0.0,0.0,0.0,0,,,1.0,,,0.34285714285714286,,
30,SF,15,"[6, 12, 17, 20, 21, 24]","[12, 21, 24]","[6, 17, 20]","[1, 2, 3, 4, 5, 6, 7, 8, 9, 10, 11, 12, 13, 14, 15, 16, 17, 18, 19, 20, 21, 22, 23, 24, 25, 26, 27, 28, 29]","[6, 12, 17, 20, 21, 24]","[12, 21, 24]","[6, 17, 20]",,[],[],[],File not found with pattern: /data1/statduck/exp1_result_fans_swap/*nodes_30_SF_adj_15/*/fans_analysis/fans_*.json,[],[],[],File not found with pattern: /data1/statduck/exp1_result_fans_5000/*nodes_30_SF_adj_15/*/fans_analysis/fans_*.json,[],[],[],File not found with pattern: /data1/statduck/exp1_result_fans_10000/*nodes_30_SF_adj_15/*/fans_analysis/fans_*.json,[],[],[],File not found with pattern: /data1/statduck/exp1_result_fans_30000/*nodes_30_SF_adj_15/*/fans_analysis/fans_*.json,[],[],[],File not found with pattern: /data1/statduck/exp1_result_fans_100epochs/*nodes_30_SF_adj_15/*/fans_analysis/fans_*.json,[],[],[],File not found with pattern: /data1/statduck/exp1_result_fans_500epochs/*nodes_30_SF_adj_15/*/fans_analysis/fans_*.json,[],[],[],File not found with pattern: /data1/statduck/exp1_result_fans_dim8/*nodes_30_SF_adj_15/*/fans_analysis/fans_*.json,[],[],[],File not found with pattern: /data1/statduck/exp1_result_fans_dim16/*nodes_30_SF_adj_15/*/fans_analysis/fans_*.json,[],[],[],File not found with pattern: /data1/statduck/exp1_result_fans_anm/*nodes_30_SF_adj_15/*/fans_analysis/fans_*.json,[],[],[],File not found with pattern: /data1/statduck/exp1_result_fans_small/*nodes_30_SF_adj_15/*/fans_analysis/fans_*.json,"[7, 11, 12, 17, 21, 24]","[12, 20, 21, 24]","[6, 17]",,[],[],[],File not found,[],[],[],File not found,"[6, 12, 17, 20, 21, 24]",[],[],,[],[],[],File not found,"[1, 2, 3, 4, 5, 6, 7, 8, 9, 10, 11, 12, 13, 14, 15, 16, 17, 18, 19, 20, 21, 22, 23, 24, 25, 26, 27, 28, 29]",[],[],,1.0,1.0,1.0,1.0,0.0,0.0,0.0,0.0,0.0,0.0,0.0,0.0,0.0,0.0,0.0,0.0,0.0,0.0,0.0,0.0,0.0,0.0,0.0,0.0,0.0,0.0,0.0,0.0,0.0,0.0,0.0,0.0,0.0,0.0,0.0,0.0,0.0,0.0,0.0,0.0,0.0,0.0,0.0,0.0,0,0.0,0.0,0.0,0.6666666666666666,0.8571428571428571,0.8,0.8285714285714285,0,0.0,0.0,0.0,0,,,1.0,,,0.34285714285714286,,
30,SF,16,"[5, 8, 16, 23, 26, 29]","[8, 23, 26]","[5, 16, 29]","[1, 2, 3, 4, 5, 6, 7, 8, 9, 10, 11, 12, 13, 14, 15, 16, 17, 18, 19, 20, 21, 22, 23, 24, 25, 26, 27, 28, 29]","[5, 8, 16, 23, 26, 29]","[8, 23, 26]","[5, 16, 29]",,[],[],[],File not found with pattern: /data1/statduck/exp1_result_fans_swap/*nodes_30_SF_adj_16/*/fans_analysis/fans_*.json,[],[],[],File not found with pattern: /data1/statduck/exp1_result_fans_5000/*nodes_30_SF_adj_16/*/fans_analysis/fans_*.json,[],[],[],File not found with pattern: /data1/statduck/exp1_result_fans_10000/*nodes_30_SF_adj_16/*/fans_analysis/fans_*.json,[],[],[],File not found with pattern: /data1/statduck/exp1_result_fans_30000/*nodes_30_SF_adj_16/*/fans_analysis/fans_*.json,[],[],[],File not found with pattern: /data1/statduck/exp1_result_fans_100epochs/*nodes_30_SF_adj_16/*/fans_analysis/fans_*.json,[],[],[],File not found with pattern: /data1/statduck/exp1_result_fans_500epochs/*nodes_30_SF_adj_16/*/fans_analysis/fans_*.json,[],[],[],File not found with pattern: /data1/statduck/exp1_result_fans_dim8/*nodes_30_SF_adj_16/*/fans_analysis/fans_*.json,[],[],[],File not found with pattern: /data1/statduck/exp1_result_fans_dim16/*nodes_30_SF_adj_16/*/fans_analysis/fans_*.json,[],[],[],File not found with pattern: /data1/statduck/exp1_result_fans_anm/*nodes_30_SF_adj_16/*/fans_analysis/fans_*.json,[],[],[],File not found with pattern: /data1/statduck/exp1_result_fans_small/*nodes_30_SF_adj_16/*/fans_analysis/fans_*.json,"[1, 2, 5, 7, 8, 13, 14, 15, 16, 22, 23, 26, 27, 29]","[5, 8, 16, 23, 26]",[29],,[],[],[],File not found,[],[],[],File not found,"[5, 8, 16, 23, 26, 29]",[],[],,[],[],[],File not found,"[1, 2, 3, 4, 5, 6, 8, 9, 10, 11, 12, 13, 14, 15, 16, 18, 19, 20, 21, 22, 23, 24, 25, 26, 28, 29]",[],[],,1.0,1.0,1.0,1.0,0.0,0.0,0.0,0.0,0.0,0.0,0.0,0.0,0.0,0.0,0.0,0.0,0.0,0.0,0.0,0.0,0.0,0.0,0.0,0.0,0.0,0.0,0.0,0.0,0.0,0.0,0.0,0.0,0.0,0.0,0.0,0.0,0.0,0.0,0.0,0.0,0.0,0.0,0.0,0.0,0,0.0,0.0,0.0,0.6,0.7499999999999999,0.5,0.625,0,0.0,0.0,0.0,0,,,1.0,,,0.375,,
30,SF,17,"[3, 4, 18, 24, 25, 27]","[4, 24, 27]","[3, 18, 25]","[1, 2, 3, 4, 5, 6, 7, 8, 9, 10, 11, 12, 13, 14, 15, 16, 17, 18, 19, 20, 21, 22, 23, 24, 25, 26, 27, 28, 29]","[3, 4, 18, 24, 25, 27]","[4, 24, 27]","[3, 18, 25]",,[],[],[],File not found with pattern: /data1/statduck/exp1_result_fans_swap/*nodes_30_SF_adj_17/*/fans_analysis/fans_*.json,[],[],[],File not found with pattern: /data1/statduck/exp1_result_fans_5000/*nodes_30_SF_adj_17/*/fans_analysis/fans_*.json,[],[],[],File not found with pattern: /data1/statduck/exp1_result_fans_10000/*nodes_30_SF_adj_17/*/fans_analysis/fans_*.json,[],[],[],File not found with pattern: /data1/statduck/exp1_result_fans_30000/*nodes_30_SF_adj_17/*/fans_analysis/fans_*.json,[],[],[],File not found with pattern: /data1/statduck/exp1_result_fans_100epochs/*nodes_30_SF_adj_17/*/fans_analysis/fans_*.json,[],[],[],File not found with pattern: /data1/statduck/exp1_result_fans_500epochs/*nodes_30_SF_adj_17/*/fans_analysis/fans_*.json,[],[],[],File not found with pattern: /data1/statduck/exp1_result_fans_dim8/*nodes_30_SF_adj_17/*/fans_analysis/fans_*.json,[],[],[],File not found with pattern: /data1/statduck/exp1_result_fans_dim16/*nodes_30_SF_adj_17/*/fans_analysis/fans_*.json,[],[],[],File not found with pattern: /data1/statduck/exp1_result_fans_anm/*nodes_30_SF_adj_17/*/fans_analysis/fans_*.json,[],[],[],File not found with pattern: /data1/statduck/exp1_result_fans_small/*nodes_30_SF_adj_17/*/fans_analysis/fans_*.json,"[4, 5, 7, 13, 23, 25, 27]","[4, 18, 24, 25, 27]",[3],,[],[],[],File not found,[],[],[],File not found,"[3, 4, 18, 24, 25, 27]",[],[],,[],[],[],File not found,"[1, 2, 3, 4, 5, 6, 7, 8, 9, 10, 11, 12, 13, 14, 15, 16, 17, 18, 19, 20, 21, 22, 23, 24, 25, 26, 27, 28, 29]",[],[],,1.0,1.0,1.0,1.0,0.0,0.0,0.0,0.0,0.0,0.0,0.0,0.0,0.0,0.0,0.0,0.0,0.0,0.0,0.0,0.0,0.0,0.0,0.0,0.0,0.0,0.0,0.0,0.0,0.0,0.0,0.0,0.0,0.0,0.0,0.0,0.0,0.0,0.0,0.0,0.0,0.0,0.0,0.0,0.0,0,0.0,0.0,0.0,0.4615384615384615,0.7499999999999999,0.5,0.625,0,0.0,0.0,0.0,0,,,1.0,,,0.34285714285714286,,
30,SF,18,"[13, 15, 16, 19, 20, 25]","[13, 19, 20]","[15, 16, 25]","[1, 2, 3, 4, 5, 6, 7, 8, 9, 10, 11, 12, 13, 14, 15, 16, 17, 18, 19, 20, 21, 22, 23, 24, 25, 26, 27, 28, 29]","[13, 15, 16, 19, 20, 25]","[13, 19, 20]","[15, 16, 25]",,[],[],[],File not found with pattern: /data1/statduck/exp1_result_fans_swap/*nodes_30_SF_adj_18/*/fans_analysis/fans_*.json,[],[],[],File not found with pattern: /data1/statduck/exp1_result_fans_5000/*nodes_30_SF_adj_18/*/fans_analysis/fans_*.json,[],[],[],File not found with pattern: /data1/statduck/exp1_result_fans_10000/*nodes_30_SF_adj_18/*/fans_analysis/fans_*.json,[],[],[],File not found with pattern: /data1/statduck/exp1_result_fans_30000/*nodes_30_SF_adj_18/*/fans_analysis/fans_*.json,[],[],[],File not found with pattern: /data1/statduck/exp1_result_fans_100epochs/*nodes_30_SF_adj_18/*/fans_analysis/fans_*.json,[],[],[],File not found with pattern: /data1/statduck/exp1_result_fans_500epochs/*nodes_30_SF_adj_18/*/fans_analysis/fans_*.json,[],[],[],File not found with pattern: /data1/statduck/exp1_result_fans_dim8/*nodes_30_SF_adj_18/*/fans_analysis/fans_*.json,[],[],[],File not found with pattern: /data1/statduck/exp1_result_fans_dim16/*nodes_30_SF_adj_18/*/fans_analysis/fans_*.json,[],[],[],File not found with pattern: /data1/statduck/exp1_result_fans_anm/*nodes_30_SF_adj_18/*/fans_analysis/fans_*.json,[],[],[],File not found with pattern: /data1/statduck/exp1_result_fans_small/*nodes_30_SF_adj_18/*/fans_analysis/fans_*.json,"[1, 7, 9, 11, 12, 13, 15, 16, 17, 19, 20, 21, 22, 25]","[13, 15, 19, 20]","[16, 25]",,[],[],[],File not found,[],[],[],File not found,"[13, 15, 16, 19, 20, 25]",[],[],,[],[],[],File not found,"[1, 2, 3, 4, 5, 6, 7, 8, 9, 10, 11, 12, 13, 14, 15, 16, 17, 18, 19, 20, 21, 22, 23, 24, 25, 26, 27, 28, 29]",[],[],,1.0,1.0,1.0,1.0,0.0,0.0,0.0,0.0,0.0,0.0,0.0,0.0,0.0,0.0,0.0,0.0,0.0,0.0,0.0,0.0,0.0,0.0,0.0,0.0,0.0,0.0,0.0,0.0,0.0,0.0,0.0,0.0,0.0,0.0,0.0,0.0,0.0,0.0,0.0,0.0,0.0,0.0,0.0,0.0,0,0.0,0.0,0.0,0.6,0.8571428571428571,0.8,0.8285714285714285,0,0.0,0.0,0.0,0,,,1.0,,,0.34285714285714286,,
30,SF,19,"[1, 3, 14, 20, 21, 29]","[1, 14, 29]","[3, 20, 21]","[1, 2, 3, 4, 5, 6, 7, 8, 9, 10, 11, 12, 13, 14, 15, 16, 17, 18, 19, 20, 21, 22, 23, 24, 25, 26, 27, 28, 29]","[1, 3, 14, 20, 21, 29]","[1, 14, 29]","[3, 20, 21]",,[],[],[],File not found with pattern: /data1/statduck/exp1_result_fans_swap/*nodes_30_SF_adj_19/*/fans_analysis/fans_*.json,[],[],[],File not found with pattern: /data1/statduck/exp1_result_fans_5000/*nodes_30_SF_adj_19/*/fans_analysis/fans_*.json,[],[],[],File not found with pattern: /data1/statduck/exp1_result_fans_10000/*nodes_30_SF_adj_19/*/fans_analysis/fans_*.json,[],[],[],File not found with pattern: /data1/statduck/exp1_result_fans_30000/*nodes_30_SF_adj_19/*/fans_analysis/fans_*.json,[],[],[],File not found with pattern: /data1/statduck/exp1_result_fans_100epochs/*nodes_30_SF_adj_19/*/fans_analysis/fans_*.json,[],[],[],File not found with pattern: /data1/statduck/exp1_result_fans_500epochs/*nodes_30_SF_adj_19/*/fans_analysis/fans_*.json,[],[],[],File not found with pattern: /data1/statduck/exp1_result_fans_dim8/*nodes_30_SF_adj_19/*/fans_analysis/fans_*.json,[],[],[],File not found with pattern: /data1/statduck/exp1_result_fans_dim16/*nodes_30_SF_adj_19/*/fans_analysis/fans_*.json,[],[],[],File not found with pattern: /data1/statduck/exp1_result_fans_anm/*nodes_30_SF_adj_19/*/fans_analysis/fans_*.json,[],[],[],File not found with pattern: /data1/statduck/exp1_result_fans_small/*nodes_30_SF_adj_19/*/fans_analysis/fans_*.json,"[5, 8, 11, 14, 20, 21, 24, 29]","[1, 3, 14, 20, 21, 29]",[],,[],[],[],File not found,[],[],[],File not found,"[1, 3, 14, 20, 21, 29]",[],[],,[],[],[],File not found,"[1, 2, 3, 4, 5, 6, 7, 8, 9, 10, 11, 12, 13, 14, 15, 16, 17, 18, 19, 20, 21, 22, 23, 24, 25, 26, 27, 28, 29]",[],[],,1.0,1.0,1.0,1.0,0.0,0.0,0.0,0.0,0.0,0.0,0.0,0.0,0.0,0.0,0.0,0.0,0.0,0.0,0.0,0.0,0.0,0.0,0.0,0.0,0.0,0.0,0.0,0.0,0.0,0.0,0.0,0.0,0.0,0.0,0.0,0.0,0.0,0.0,0.0,0.0,0.0,0.0,0.0,0.0,0,0.0,0.0,0.0,0.5714285714285715,0.6666666666666666,0.0,0.3333333333333333,0,0.0,0.0,0.0,0,,,1.0,,,0.34285714285714286,,
30,SF,20,"[6, 9, 22, 23, 24, 26]","[6, 22, 26]","[9, 23, 24]","[1, 2, 3, 4, 5, 6, 7, 8, 9, 10, 11, 12, 13, 14, 15, 16, 17, 18, 19, 20, 21, 22, 23, 24, 25, 26, 27, 28, 29]","[6, 9, 22, 23, 24, 26]","[6, 22, 26]","[9, 23, 24]",,[],[],[],File not found with pattern: /data1/statduck/exp1_result_fans_swap/*nodes_30_SF_adj_20/*/fans_analysis/fans_*.json,[],[],[],File not found with pattern: /data1/statduck/exp1_result_fans_5000/*nodes_30_SF_adj_20/*/fans_analysis/fans_*.json,[],[],[],File not found with pattern: /data1/statduck/exp1_result_fans_10000/*nodes_30_SF_adj_20/*/fans_analysis/fans_*.json,[],[],[],File not found with pattern: /data1/statduck/exp1_result_fans_30000/*nodes_30_SF_adj_20/*/fans_analysis/fans_*.json,[],[],[],File not found with pattern: /data1/statduck/exp1_result_fans_100epochs/*nodes_30_SF_adj_20/*/fans_analysis/fans_*.json,[],[],[],File not found with pattern: /data1/statduck/exp1_result_fans_500epochs/*nodes_30_SF_adj_20/*/fans_analysis/fans_*.json,[],[],[],File not found with pattern: /data1/statduck/exp1_result_fans_dim8/*nodes_30_SF_adj_20/*/fans_analysis/fans_*.json,[],[],[],File not found with pattern: /data1/statduck/exp1_result_fans_dim16/*nodes_30_SF_adj_20/*/fans_analysis/fans_*.json,[],[],[],File not found with pattern: /data1/statduck/exp1_result_fans_anm/*nodes_30_SF_adj_20/*/fans_analysis/fans_*.json,[],[],[],File not found with pattern: /data1/statduck/exp1_result_fans_small/*nodes_30_SF_adj_20/*/fans_analysis/fans_*.json,"[11, 26]","[6, 9, 22, 23, 24, 26]",[],,[],[],[],File not found,[],[],[],File not found,"[6, 9, 22, 23, 24, 26]",[],[],,[],[],[],File not found,"[1, 2, 3, 4, 5, 6, 7, 8, 9, 10, 11, 12, 13, 14, 15, 16, 17, 18, 19, 20, 21, 22, 23, 24, 25, 26, 27, 28, 29]",[],[],,1.0,1.0,1.0,1.0,0.0,0.0,0.0,0.0,0.0,0.0,0.0,0.0,0.0,0.0,0.0,0.0,0.0,0.0,0.0,0.0,0.0,0.0,0.0,0.0,0.0,0.0,0.0,0.0,0.0,0.0,0.0,0.0,0.0,0.0,0.0,0.0,0.0,0.0,0.0,0.0,0.0,0.0,0.0,0.0,0,0.0,0.0,0.0,0.25,0.6666666666666666,0.0,0.3333333333333333,0,0.0,0.0,0.0,0,,,1.0,,,0.34285714285714286,,
30,SF,21,"[8, 9, 12, 26, 27, 28]","[8, 9, 12, 26, 27, 28]",[],"[1, 2, 3, 4, 5, 6, 7, 8, 9, 10, 11, 12, 13, 14, 15, 16, 17, 18, 19, 20, 21, 22, 23, 24, 25, 26, 27, 28, 29]","[8, 9, 12, 26, 27, 28]","[8, 9, 12, 26, 27, 28]",[],,[],[],[],File not found with pattern: /data1/statduck/exp1_result_fans_swap/*nodes_30_SF_adj_21/*/fans_analysis/fans_*.json,[],[],[],File not found with pattern: /data1/statduck/exp1_result_fans_5000/*nodes_30_SF_adj_21/*/fans_analysis/fans_*.json,[],[],[],File not found with pattern: /data1/statduck/exp1_result_fans_10000/*nodes_30_SF_adj_21/*/fans_analysis/fans_*.json,[],[],[],File not found with pattern: /data1/statduck/exp1_result_fans_30000/*nodes_30_SF_adj_21/*/fans_analysis/fans_*.json,[],[],[],File not found with pattern: /data1/statduck/exp1_result_fans_100epochs/*nodes_30_SF_adj_21/*/fans_analysis/fans_*.json,[],[],[],File not found with pattern: /data1/statduck/exp1_result_fans_500epochs/*nodes_30_SF_adj_21/*/fans_analysis/fans_*.json,[],[],[],File not found with pattern: /data1/statduck/exp1_result_fans_dim8/*nodes_30_SF_adj_21/*/fans_analysis/fans_*.json,[],[],[],File not found with pattern: /data1/statduck/exp1_result_fans_dim16/*nodes_30_SF_adj_21/*/fans_analysis/fans_*.json,[],[],[],File not found with pattern: /data1/statduck/exp1_result_fans_anm/*nodes_30_SF_adj_21/*/fans_analysis/fans_*.json,[],[],[],File not found with pattern: /data1/statduck/exp1_result_fans_small/*nodes_30_SF_adj_21/*/fans_analysis/fans_*.json,"[1, 3, 4, 5, 6, 8, 9, 12, 13, 14, 16, 18]","[9, 12, 26, 27, 28]",[8],,[],[],[],File not found,[],[],[],File not found,"[8, 9, 12, 26, 28]",[],[],,[],[],[],File not found,"[1, 2, 3, 4, 5, 6, 7, 8, 9, 10, 11, 12, 13, 14, 15, 16, 17, 18, 19, 20, 21, 22, 23, 24, 25, 26, 27, 28, 29]",[],[],,1.0,1.0,0.0,1.0,0.0,0.0,0.0,0.0,0.0,0.0,0.0,0.0,0.0,0.0,0.0,0.0,0.0,0.0,0.0,0.0,0.0,0.0,0.0,0.0,0.0,0.0,0.0,0.0,0.0,0.0,0.0,0.0,0.0,0.0,0.0,0.0,0.0,0.0,0.0,0.0,0.0,0.0,0.0,0.0,0,0.0,0.0,0.0,0.3333333333333333,0.9090909090909091,0.0,0.9090909090909091,0,0.0,0.0,0.0,0,,,0.9090909090909091,,,0.34285714285714286,,
30,SF,22,"[6, 11, 13, 14, 20, 27]","[6, 11, 13, 14, 20, 27]",[],"[1, 2, 3, 4, 5, 6, 7, 8, 9, 10, 11, 12, 13, 14, 15, 16, 17, 18, 19, 20, 21, 22, 23, 24, 25, 26, 27, 28, 29]","[6, 11, 13, 14, 20, 27]","[6, 11, 13, 14, 20, 27]",[],,[],[],[],File not found with pattern: /data1/statduck/exp1_result_fans_swap/*nodes_30_SF_adj_22/*/fans_analysis/fans_*.json,[],[],[],File not found with pattern: /data1/statduck/exp1_result_fans_5000/*nodes_30_SF_adj_22/*/fans_analysis/fans_*.json,[],[],[],File not found with pattern: /data1/statduck/exp1_result_fans_10000/*nodes_30_SF_adj_22/*/fans_analysis/fans_*.json,[],[],[],File not found with pattern: /data1/statduck/exp1_result_fans_30000/*nodes_30_SF_adj_22/*/fans_analysis/fans_*.json,[],[],[],File not found with pattern: /data1/statduck/exp1_result_fans_100epochs/*nodes_30_SF_adj_22/*/fans_analysis/fans_*.json,[],[],[],File not found with pattern: /data1/statduck/exp1_result_fans_500epochs/*nodes_30_SF_adj_22/*/fans_analysis/fans_*.json,[],[],[],File not found with pattern: /data1/statduck/exp1_result_fans_dim8/*nodes_30_SF_adj_22/*/fans_analysis/fans_*.json,[],[],[],File not found with pattern: /data1/statduck/exp1_result_fans_dim16/*nodes_30_SF_adj_22/*/fans_analysis/fans_*.json,[],[],[],File not found with pattern: /data1/statduck/exp1_result_fans_anm/*nodes_30_SF_adj_22/*/fans_analysis/fans_*.json,[],[],[],File not found with pattern: /data1/statduck/exp1_result_fans_small/*nodes_30_SF_adj_22/*/fans_analysis/fans_*.json,"[11, 12, 14, 20, 24]","[6, 11, 13, 14, 20, 27]",[],,[],[],[],File not found,[],[],[],File not found,"[11, 14, 20, 27]",[],[],,[],[],[],File not found,"[1, 2, 3, 4, 5, 6, 7, 8, 9, 10, 11, 12, 13, 14, 15, 16, 17, 18, 19, 20, 21, 22, 23, 24, 25, 26, 27, 28, 29]",[],[],,1.0,1.0,0.0,1.0,0.0,0.0,0.0,0.0,0.0,0.0,0.0,0.0,0.0,0.0,0.0,0.0,0.0,0.0,0.0,0.0,0.0,0.0,0.0,0.0,0.0,0.0,0.0,0.0,0.0,0.0,0.0,0.0,0.0,0.0,0.0,0.0,0.0,0.0,0.0,0.0,0.0,0.0,0.0,0.0,0,0.0,0.0,0.0,0.5454545454545454,1.0,0.0,1.0,0,0.0,0.0,0.0,0,,,0.8,,,0.34285714285714286,,
30,SF,23,"[1, 8, 11, 12, 13, 14]","[1, 8, 11, 12, 13, 14]",[],"[1, 2, 3, 4, 5, 6, 7, 8, 9, 10, 11, 12, 13, 14, 15, 16, 17, 18, 19, 20, 21, 22, 23, 24, 25, 26, 27, 28, 29]","[1, 8, 11, 12, 13, 14]","[1, 8, 11, 12, 13, 14]",[],,[],[],[],File not found with pattern: /data1/statduck/exp1_result_fans_swap/*nodes_30_SF_adj_23/*/fans_analysis/fans_*.json,[],[],[],File not found with pattern: /data1/statduck/exp1_result_fans_5000/*nodes_30_SF_adj_23/*/fans_analysis/fans_*.json,[],[],[],File not found with pattern: /data1/statduck/exp1_result_fans_10000/*nodes_30_SF_adj_23/*/fans_analysis/fans_*.json,[],[],[],File not found with pattern: /data1/statduck/exp1_result_fans_30000/*nodes_30_SF_adj_23/*/fans_analysis/fans_*.json,[],[],[],File not found with pattern: /data1/statduck/exp1_result_fans_100epochs/*nodes_30_SF_adj_23/*/fans_analysis/fans_*.json,[],[],[],File not found with pattern: /data1/statduck/exp1_result_fans_500epochs/*nodes_30_SF_adj_23/*/fans_analysis/fans_*.json,[],[],[],File not found with pattern: /data1/statduck/exp1_result_fans_dim8/*nodes_30_SF_adj_23/*/fans_analysis/fans_*.json,[],[],[],File not found with pattern: /data1/statduck/exp1_result_fans_dim16/*nodes_30_SF_adj_23/*/fans_analysis/fans_*.json,[],[],[],File not found with pattern: /data1/statduck/exp1_result_fans_anm/*nodes_30_SF_adj_23/*/fans_analysis/fans_*.json,[],[],[],File not found with pattern: /data1/statduck/exp1_result_fans_small/*nodes_30_SF_adj_23/*/fans_analysis/fans_*.json,"[8, 12, 24, 26]","[1, 8, 11, 12, 13, 14]",[],,[],[],[],File not found,[],[],[],File not found,"[1, 8, 11, 12, 13, 14, 16, 19]",[],[],,[],[],[],File not found,"[1, 2, 3, 4, 5, 7, 8, 9, 10, 11, 12, 13, 14, 15, 16, 17, 18, 19, 20, 21, 22, 23, 24, 25, 26, 27, 28, 29]",[],[],,1.0,1.0,0.0,1.0,0.0,0.0,0.0,0.0,0.0,0.0,0.0,0.0,0.0,0.0,0.0,0.0,0.0,0.0,0.0,0.0,0.0,0.0,0.0,0.0,0.0,0.0,0.0,0.0,0.0,0.0,0.0,0.0,0.0,0.0,0.0,0.0,0.0,0.0,0.0,0.0,0.0,0.0,0.0,0.0,0,0.0,0.0,0.0,0.4,1.0,0.0,1.0,0,0.0,0.0,0.0,0,,,0.8571428571428571,,,0.35294117647058826,,
30,SF,24,"[3, 4, 17, 18, 22, 24]","[3, 4, 17, 18, 22, 24]",[],"[1, 2, 3, 4, 5, 6, 7, 8, 9, 10, 11, 12, 13, 14, 15, 16, 17, 18, 19, 20, 21, 22, 23, 24, 25, 26, 27, 28, 29]","[3, 4, 17, 18, 22, 24]","[3, 4, 17, 18, 22, 24]",[],,[],[],[],File not found with pattern: /data1/statduck/exp1_result_fans_swap/*nodes_30_SF_adj_24/*/fans_analysis/fans_*.json,[],[],[],File not found with pattern: /data1/statduck/exp1_result_fans_5000/*nodes_30_SF_adj_24/*/fans_analysis/fans_*.json,[],[],[],File not found with pattern: /data1/statduck/exp1_result_fans_10000/*nodes_30_SF_adj_24/*/fans_analysis/fans_*.json,[],[],[],File not found with pattern: /data1/statduck/exp1_result_fans_30000/*nodes_30_SF_adj_24/*/fans_analysis/fans_*.json,[],[],[],File not found with pattern: /data1/statduck/exp1_result_fans_100epochs/*nodes_30_SF_adj_24/*/fans_analysis/fans_*.json,[],[],[],File not found with pattern: /data1/statduck/exp1_result_fans_500epochs/*nodes_30_SF_adj_24/*/fans_analysis/fans_*.json,[],[],[],File not found with pattern: /data1/statduck/exp1_result_fans_dim8/*nodes_30_SF_adj_24/*/fans_analysis/fans_*.json,[],[],[],File not found with pattern: /data1/statduck/exp1_result_fans_dim16/*nodes_30_SF_adj_24/*/fans_analysis/fans_*.json,[],[],[],File not found with pattern: /data1/statduck/exp1_result_fans_anm/*nodes_30_SF_adj_24/*/fans_analysis/fans_*.json,[],[],[],File not found with pattern: /data1/statduck/exp1_result_fans_small/*nodes_30_SF_adj_24/*/fans_analysis/fans_*.json,"[2, 6, 8, 9, 11, 12, 13, 14, 17, 18, 19, 21, 22, 24, 26, 27, 29]","[3, 4, 17, 18, 22, 24]",[],,[],[],[],File not found,[],[],[],File not found,"[4, 17, 18, 22, 24]",[],[],,[],[],[],File not found,"[1, 2, 3, 5, 6, 7, 8, 9, 10, 11, 12, 13, 14, 15, 16, 17, 18, 19, 20, 21, 22, 23, 24, 25, 26, 27, 28, 29]",[],[],,1.0,1.0,0.0,1.0,0.0,0.0,0.0,0.0,0.0,0.0,0.0,0.0,0.0,0.0,0.0,0.0,0.0,0.0,0.0,0.0,0.0,0.0,0.0,0.0,0.0,0.0,0.0,0.0,0.0,0.0,0.0,0.0,0.0,0.0,0.0,0.0,0.0,0.0,0.0,0.0,0.0,0.0,0.0,0.0,0,0.0,0.0,0.0,0.3478260869565218,1.0,0.0,1.0,0,0.0,0.0,0.0,0,,,0.9090909090909091,,,0.29411764705882354,,
30,SF,25,"[4, 5, 9, 10, 15, 20]","[4, 5, 9, 10, 15, 20]",[],"[1, 2, 3, 4, 5, 6, 7, 8, 9, 10, 11, 12, 13, 14, 15, 16, 17, 18, 19, 20, 21, 22, 23, 24, 25, 26, 27, 28, 29]","[4, 5, 9, 10, 15, 20]","[4, 5, 9, 10, 15, 20]",[],,[],[],[],File not found with pattern: /data1/statduck/exp1_result_fans_swap/*nodes_30_SF_adj_25/*/fans_analysis/fans_*.json,[],[],[],File not found with pattern: /data1/statduck/exp1_result_fans_5000/*nodes_30_SF_adj_25/*/fans_analysis/fans_*.json,[],[],[],File not found with pattern: /data1/statduck/exp1_result_fans_10000/*nodes_30_SF_adj_25/*/fans_analysis/fans_*.json,[],[],[],File not found with pattern: /data1/statduck/exp1_result_fans_30000/*nodes_30_SF_adj_25/*/fans_analysis/fans_*.json,[],[],[],File not found with pattern: /data1/statduck/exp1_result_fans_100epochs/*nodes_30_SF_adj_25/*/fans_analysis/fans_*.json,[],[],[],File not found with pattern: /data1/statduck/exp1_result_fans_500epochs/*nodes_30_SF_adj_25/*/fans_analysis/fans_*.json,[],[],[],File not found with pattern: /data1/statduck/exp1_result_fans_dim8/*nodes_30_SF_adj_25/*/fans_analysis/fans_*.json,[],[],[],File not found with pattern: /data1/statduck/exp1_result_fans_dim16/*nodes_30_SF_adj_25/*/fans_analysis/fans_*.json,[],[],[],File not found with pattern: /data1/statduck/exp1_result_fans_anm/*nodes_30_SF_adj_25/*/fans_analysis/fans_*.json,[],[],[],File not found with pattern: /data1/statduck/exp1_result_fans_small/*nodes_30_SF_adj_25/*/fans_analysis/fans_*.json,[16],"[4, 5, 9, 10, 15, 20]",[],,[],[],[],File not found,[],[],[],File not found,"[4, 5, 9, 10, 13, 15, 20, 21, 27]",[],[],,[],[],[],File not found,"[1, 2, 3, 4, 5, 6, 7, 8, 9, 10, 11, 12, 13, 14, 15, 16, 18, 19, 20, 21, 22, 23, 24, 25, 26, 27, 28, 29]",[],[],,1.0,1.0,0.0,1.0,0.0,0.0,0.0,0.0,0.0,0.0,0.0,0.0,0.0,0.0,0.0,0.0,0.0,0.0,0.0,0.0,0.0,0.0,0.0,0.0,0.0,0.0,0.0,0.0,0.0,0.0,0.0,0.0,0.0,0.0,0.0,0.0,0.0,0.0,0.0,0.0,0.0,0.0,0.0,0.0,0,0.0,0.0,0.0,0.0,1.0,0.0,1.0,0,0.0,0.0,0.0,0,,,0.8,,,0.35294117647058826,,
30,SF,26,"[3, 5, 6, 16, 24, 27]",[],"[3, 5, 6, 16, 24, 27]","[1, 2, 3, 4, 5, 6, 7, 8, 9, 10, 11, 12, 13, 14, 15, 16, 17, 18, 19, 20, 21, 22, 23, 24, 25, 26, 27, 28, 29]","[3, 5, 6, 16, 24, 27]",[],"[3, 5, 6, 16, 24, 27]",,[],[],[],File not found with pattern: /data1/statduck/exp1_result_fans_swap/*nodes_30_SF_adj_26/*/fans_analysis/fans_*.json,[],[],[],File not found with pattern: /data1/statduck/exp1_result_fans_5000/*nodes_30_SF_adj_26/*/fans_analysis/fans_*.json,[],[],[],File not found with pattern: /data1/statduck/exp1_result_fans_10000/*nodes_30_SF_adj_26/*/fans_analysis/fans_*.json,[],[],[],File not found with pattern: /data1/statduck/exp1_result_fans_30000/*nodes_30_SF_adj_26/*/fans_analysis/fans_*.json,[],[],[],File not found with pattern: /data1/statduck/exp1_result_fans_100epochs/*nodes_30_SF_adj_26/*/fans_analysis/fans_*.json,[],[],[],File not found with pattern: /data1/statduck/exp1_result_fans_500epochs/*nodes_30_SF_adj_26/*/fans_analysis/fans_*.json,[],[],[],File not found with pattern: /data1/statduck/exp1_result_fans_dim8/*nodes_30_SF_adj_26/*/fans_analysis/fans_*.json,[],[],[],File not found with pattern: /data1/statduck/exp1_result_fans_dim16/*nodes_30_SF_adj_26/*/fans_analysis/fans_*.json,[],[],[],File not found with pattern: /data1/statduck/exp1_result_fans_anm/*nodes_30_SF_adj_26/*/fans_analysis/fans_*.json,[],[],[],File not found with pattern: /data1/statduck/exp1_result_fans_small/*nodes_30_SF_adj_26/*/fans_analysis/fans_*.json,"[2, 3, 6, 7, 8, 16, 27]","[5, 6, 16, 24, 27]",[3],,[],[],[],File not found,[],[],[],File not found,"[3, 5, 6, 16, 24, 27]",[],[],,[],[],[],File not found,"[1, 2, 3, 4, 5, 6, 7, 8, 9, 10, 11, 12, 14, 15, 16, 17, 18, 19, 20, 21, 22, 23, 24, 26, 27, 28, 29]",[],[],,1.0,0.0,1.0,1.0,0.0,0.0,0.0,0.0,0.0,0.0,0.0,0.0,0.0,0.0,0.0,0.0,0.0,0.0,0.0,0.0,0.0,0.0,0.0,0.0,0.0,0.0,0.0,0.0,0.0,0.0,0.0,0.0,0.0,0.0,0.0,0.0,0.0,0.0,0.0,0.0,0.0,0.0,0.0,0.0,0,0.0,0.0,0.0,0.6153846153846153,0.0,0.2857142857142857,0.2857142857142857,0,0.0,0.0,0.0,0,,,1.0,,,0.3636363636363636,,
30,SF,27,"[2, 3, 19, 23, 27, 29]",[],"[2, 3, 19, 23, 27, 29]","[1, 2, 3, 4, 5, 6, 7, 8, 9, 10, 11, 12, 13, 14, 15, 16, 17, 18, 19, 20, 21, 22, 23, 24, 25, 26, 27, 28, 29]","[2, 3, 19, 23, 27, 29]",[],"[2, 3, 19, 23, 27, 29]",,[],[],[],File not found with pattern: /data1/statduck/exp1_result_fans_swap/*nodes_30_SF_adj_27/*/fans_analysis/fans_*.json,[],[],[],File not found with pattern: /data1/statduck/exp1_result_fans_5000/*nodes_30_SF_adj_27/*/fans_analysis/fans_*.json,[],[],[],File not found with pattern: /data1/statduck/exp1_result_fans_10000/*nodes_30_SF_adj_27/*/fans_analysis/fans_*.json,[],[],[],File not found with pattern: /data1/statduck/exp1_result_fans_30000/*nodes_30_SF_adj_27/*/fans_analysis/fans_*.json,[],[],[],File not found with pattern: /data1/statduck/exp1_result_fans_100epochs/*nodes_30_SF_adj_27/*/fans_analysis/fans_*.json,[],[],[],File not found with pattern: /data1/statduck/exp1_result_fans_500epochs/*nodes_30_SF_adj_27/*/fans_analysis/fans_*.json,[],[],[],File not found with pattern: /data1/statduck/exp1_result_fans_dim8/*nodes_30_SF_adj_27/*/fans_analysis/fans_*.json,[],[],[],File not found with pattern: /data1/statduck/exp1_result_fans_dim16/*nodes_30_SF_adj_27/*/fans_analysis/fans_*.json,[],[],[],File not found with pattern: /data1/statduck/exp1_result_fans_anm/*nodes_30_SF_adj_27/*/fans_analysis/fans_*.json,[],[],[],File not found with pattern: /data1/statduck/exp1_result_fans_small/*nodes_30_SF_adj_27/*/fans_analysis/fans_*.json,[12],"[2, 3, 27, 29]","[19, 23]",,[],[],[],File not found,[],[],[],File not found,"[2, 3, 19, 23, 27, 29]",[],[],,[],[],[],File not found,"[1, 2, 3, 4, 5, 6, 7, 8, 9, 10, 11, 12, 13, 14, 15, 16, 17, 18, 19, 20, 21, 22, 23, 24, 25, 26, 27, 28, 29]",[],[],,1.0,0.0,1.0,1.0,0.0,0.0,0.0,0.0,0.0,0.0,0.0,0.0,0.0,0.0,0.0,0.0,0.0,0.0,0.0,0.0,0.0,0.0,0.0,0.0,0.0,0.0,0.0,0.0,0.0,0.0,0.0,0.0,0.0,0.0,0.0,0.0,0.0,0.0,0.0,0.0,0.0,0.0,0.0,0.0,0,0.0,0.0,0.0,0.0,0.0,0.5,0.5,0,0.0,0.0,0.0,0,,,1.0,,,0.34285714285714286,,
30,SF,28,"[6, 15, 19, 21, 22, 28]",[],"[6, 15, 19, 21, 22, 28]","[1, 2, 3, 4, 5, 6, 7, 8, 9, 10, 11, 12, 13, 14, 15, 16, 17, 18, 19, 20, 21, 22, 23, 24, 25, 26, 27, 28, 29]","[6, 15, 19, 21, 22, 28]",[],"[6, 15, 19, 21, 22, 28]",,[],[],[],File not found with pattern: /data1/statduck/exp1_result_fans_swap/*nodes_30_SF_adj_28/*/fans_analysis/fans_*.json,[],[],[],File not found with pattern: /data1/statduck/exp1_result_fans_5000/*nodes_30_SF_adj_28/*/fans_analysis/fans_*.json,[],[],[],File not found with pattern: /data1/statduck/exp1_result_fans_10000/*nodes_30_SF_adj_28/*/fans_analysis/fans_*.json,[],[],[],File not found with pattern: /data1/statduck/exp1_result_fans_30000/*nodes_30_SF_adj_28/*/fans_analysis/fans_*.json,[],[],[],File not found with pattern: /data1/statduck/exp1_result_fans_100epochs/*nodes_30_SF_adj_28/*/fans_analysis/fans_*.json,[],[],[],File not found with pattern: /data1/statduck/exp1_result_fans_500epochs/*nodes_30_SF_adj_28/*/fans_analysis/fans_*.json,[],[],[],File not found with pattern: /data1/statduck/exp1_result_fans_dim8/*nodes_30_SF_adj_28/*/fans_analysis/fans_*.json,[],[],[],File not found with pattern: /data1/statduck/exp1_result_fans_dim16/*nodes_30_SF_adj_28/*/fans_analysis/fans_*.json,[],[],[],File not found with pattern: /data1/statduck/exp1_result_fans_anm/*nodes_30_SF_adj_28/*/fans_analysis/fans_*.json,[],[],[],File not found with pattern: /data1/statduck/exp1_result_fans_small/*nodes_30_SF_adj_28/*/fans_analysis/fans_*.json,"[1, 3, 11, 15, 16, 19, 20, 21, 22, 28]","[19, 22, 28]","[6, 15, 21]",,[],[],[],File not found,[],[],[],File not found,"[6, 15, 19, 21, 22, 28]",[],[],,[],[],[],File not found,"[1, 2, 3, 4, 5, 6, 7, 8, 9, 10, 11, 12, 13, 14, 15, 16, 17, 18, 19, 20, 21, 22, 23, 24, 25, 26, 27, 28, 29]",[],[],,1.0,0.0,1.0,1.0,0.0,0.0,0.0,0.0,0.0,0.0,0.0,0.0,0.0,0.0,0.0,0.0,0.0,0.0,0.0,0.0,0.0,0.0,0.0,0.0,0.0,0.0,0.0,0.0,0.0,0.0,0.0,0.0,0.0,0.0,0.0,0.0,0.0,0.0,0.0,0.0,0.0,0.0,0.0,0.0,0,0.0,0.0,0.0,0.625,0.0,0.6666666666666666,0.6666666666666666,0,0.0,0.0,0.0,0,,,1.0,,,0.34285714285714286,,
30,SF,29,"[2, 4, 5, 7, 8, 27]",[],"[2, 4, 5, 7, 8, 27]","[1, 2, 3, 4, 5, 6, 7, 8, 9, 10, 11, 12, 13, 14, 15, 16, 17, 18, 19, 20, 21, 22, 23, 24, 25, 26, 27, 28, 29]","[2, 4, 5, 7, 8, 27]",[],"[2, 4, 5, 7, 8, 27]",,[],[],[],File not found with pattern: /data1/statduck/exp1_result_fans_swap/*nodes_30_SF_adj_29/*/fans_analysis/fans_*.json,[],[],[],File not found with pattern: /data1/statduck/exp1_result_fans_5000/*nodes_30_SF_adj_29/*/fans_analysis/fans_*.json,[],[],[],File not found with pattern: /data1/statduck/exp1_result_fans_10000/*nodes_30_SF_adj_29/*/fans_analysis/fans_*.json,[],[],[],File not found with pattern: /data1/statduck/exp1_result_fans_30000/*nodes_30_SF_adj_29/*/fans_analysis/fans_*.json,[],[],[],File not found with pattern: /data1/statduck/exp1_result_fans_100epochs/*nodes_30_SF_adj_29/*/fans_analysis/fans_*.json,[],[],[],File not found with pattern: /data1/statduck/exp1_result_fans_500epochs/*nodes_30_SF_adj_29/*/fans_analysis/fans_*.json,[],[],[],File not found with pattern: /data1/statduck/exp1_result_fans_dim8/*nodes_30_SF_adj_29/*/fans_analysis/fans_*.json,[],[],[],File not found with pattern: /data1/statduck/exp1_result_fans_dim16/*nodes_30_SF_adj_29/*/fans_analysis/fans_*.json,[],[],[],File not found with pattern: /data1/statduck/exp1_result_fans_anm/*nodes_30_SF_adj_29/*/fans_analysis/fans_*.json,[],[],[],File not found with pattern: /data1/statduck/exp1_result_fans_small/*nodes_30_SF_adj_29/*/fans_analysis/fans_*.json,"[2, 4, 5, 7, 8, 11, 12, 13, 19, 20, 21, 22, 25, 27, 28]","[2, 4, 5, 7, 27]",[8],,[],[],[],File not found,[],[],[],File not found,"[2, 4, 5, 7, 8, 27]",[],[],,[],[],[],File not found,"[1, 2, 3, 4, 5, 6, 7, 8, 9, 10, 11, 12, 13, 14, 15, 16, 17, 18, 19, 20, 21, 22, 23, 24, 25, 26, 27, 28, 29]",[],[],,1.0,0.0,1.0,1.0,0.0,0.0,0.0,0.0,0.0,0.0,0.0,0.0,0.0,0.0,0.0,0.0,0.0,0.0,0.0,0.0,0.0,0.0,0.0,0.0,0.0,0.0,0.0,0.0,0.0,0.0,0.0,0.0,0.0,0.0,0.0,0.0,0.0,0.0,0.0,0.0,0.0,0.0,0.0,0.0,0,0.0,0.0,0.0,0.5714285714285715,0.0,0.2857142857142857,0.2857142857142857,0,0.0,0.0,0.0,0,,,1.0,,,0.34285714285714286,,
30,SF,30,"[5, 11, 14, 15, 18, 26]",[],"[5, 11, 14, 15, 18, 26]","[1, 2, 3, 4, 5, 6, 7, 8, 9, 10, 11, 12, 13, 14, 15, 16, 17, 18, 19, 20, 21, 22, 23, 24, 25, 26, 27, 28, 29]","[5, 11, 14, 15, 18, 26]",[],"[5, 11, 14, 15, 18, 26]",,[],[],[],File not found with pattern: /data1/statduck/exp1_result_fans_swap/*nodes_30_SF_adj_30/*/fans_analysis/fans_*.json,[],[],[],File not found with pattern: /data1/statduck/exp1_result_fans_5000/*nodes_30_SF_adj_30/*/fans_analysis/fans_*.json,[],[],[],File not found with pattern: /data1/statduck/exp1_result_fans_10000/*nodes_30_SF_adj_30/*/fans_analysis/fans_*.json,[],[],[],File not found with pattern: /data1/statduck/exp1_result_fans_30000/*nodes_30_SF_adj_30/*/fans_analysis/fans_*.json,[],[],[],File not found with pattern: /data1/statduck/exp1_result_fans_100epochs/*nodes_30_SF_adj_30/*/fans_analysis/fans_*.json,[],[],[],File not found with pattern: /data1/statduck/exp1_result_fans_500epochs/*nodes_30_SF_adj_30/*/fans_analysis/fans_*.json,[],[],[],File not found with pattern: /data1/statduck/exp1_result_fans_dim8/*nodes_30_SF_adj_30/*/fans_analysis/fans_*.json,[],[],[],File not found with pattern: /data1/statduck/exp1_result_fans_dim16/*nodes_30_SF_adj_30/*/fans_analysis/fans_*.json,[],[],[],File not found with pattern: /data1/statduck/exp1_result_fans_anm/*nodes_30_SF_adj_30/*/fans_analysis/fans_*.json,[],[],[],File not found with pattern: /data1/statduck/exp1_result_fans_small/*nodes_30_SF_adj_30/*/fans_analysis/fans_*.json,"[2, 3, 5, 6, 7, 8, 9, 10, 11, 12, 14, 15, 16, 17, 18, 19, 20, 21, 23, 24, 25, 26, 27, 28]","[14, 18, 26]","[5, 11, 15]",,[],[],[],File not found,[],[],[],File not found,"[5, 11, 14, 15, 18, 26]",[],[],,[],[],[],File not found,"[1, 2, 3, 4, 5, 6, 7, 8, 9, 10, 11, 12, 13, 14, 15, 16, 17, 18, 19, 20, 21, 22, 23, 24, 25, 26, 27, 28, 29]",[],[],,1.0,0.0,1.0,1.0,0.0,0.0,0.0,0.0,0.0,0.0,0.0,0.0,0.0,0.0,0.0,0.0,0.0,0.0,0.0,0.0,0.0,0.0,0.0,0.0,0.0,0.0,0.0,0.0,0.0,0.0,0.0,0.0,0.0,0.0,0.0,0.0,0.0,0.0,0.0,0.0,0.0,0.0,0.0,0.0,0,0.0,0.0,0.0,0.4,0.0,0.6666666666666666,0.6666666666666666,0,0.0,0.0,0.0,0,,,1.0,,,0.34285714285714286,,
40,ER,1,"[3, 8, 15, 25, 26, 33, 35, 36]","[8, 15, 25, 26]","[3, 33, 35, 36]","[3, 8, 10, 15, 17, 18, 20, 23, 24, 25, 26, 27, 29, 31, 32, 33, 34, 35, 36, 37, 38, 39]","[3, 8, 15, 25, 26, 33, 36]","[8, 15, 25, 26, 36]","[3, 33, 35]",,[],[],[],File not found with pattern: /data1/statduck/exp1_result_fans_swap/*nodes_40_ER_adj_1/*/fans_analysis/fans_*.json,[],[],[],File not found with pattern: /data1/statduck/exp1_result_fans_5000/*nodes_40_ER_adj_1/*/fans_analysis/fans_*.json,[],[],[],File not found with pattern: /data1/statduck/exp1_result_fans_10000/*nodes_40_ER_adj_1/*/fans_analysis/fans_*.json,[],[],[],File not found with pattern: /data1/statduck/exp1_result_fans_30000/*nodes_40_ER_adj_1/*/fans_analysis/fans_*.json,[],[],[],File not found with pattern: /data1/statduck/exp1_result_fans_100epochs/*nodes_40_ER_adj_1/*/fans_analysis/fans_*.json,[],[],[],File not found with pattern: /data1/statduck/exp1_result_fans_500epochs/*nodes_40_ER_adj_1/*/fans_analysis/fans_*.json,[],[],[],File not found with pattern: /data1/statduck/exp1_result_fans_dim8/*nodes_40_ER_adj_1/*/fans_analysis/fans_*.json,[],[],[],File not found with pattern: /data1/statduck/exp1_result_fans_dim16/*nodes_40_ER_adj_1/*/fans_analysis/fans_*.json,[],[],[],File not found with pattern: /data1/statduck/exp1_result_fans_anm/*nodes_40_ER_adj_1/*/fans_analysis/fans_*.json,[],[],[],File not found with pattern: /data1/statduck/exp1_result_fans_small/*nodes_40_ER_adj_1/*/fans_analysis/fans_*.json,"[3, 8, 20, 23, 24, 25, 26, 27, 29, 31, 32, 33, 34, 35, 36, 37, 39]","[8, 15, 25, 26, 33, 36]","[3, 35]",,[],[],[],File not found,[],[],[],File not found,"[3, 8, 15, 25, 26, 33, 35, 36]",[],[],,[],[],[],File not found,"[3, 8, 10, 15, 18, 20, 23, 24, 25, 27, 33, 35, 37, 38, 39]",[],[],,0.9333333333333333,0.888888888888889,0.8571428571428571,0.873015873015873,0.0,0.0,0.0,0.0,0.0,0.0,0.0,0.0,0.0,0.0,0.0,0.0,0.0,0.0,0.0,0.0,0.0,0.0,0.0,0.0,0.0,0.0,0.0,0.0,0.0,0.0,0.0,0.0,0.0,0.0,0.0,0.0,0.0,0.0,0.0,0.0,0.0,0.0,0.0,0.0,0,0.0,0.0,0.0,0.56,0.8,0.6666666666666666,0.7333333333333334,0,0.0,0.0,0.0,0,,,1.0,,,0.5217391304347827,,
40,ER,2,"[12, 17, 19, 23, 27, 33, 35, 39]","[17, 27, 33, 39]","[12, 19, 23, 35]","[7, 8, 10, 11, 12, 13, 14, 15, 16, 17, 19, 21, 22, 23, 25, 26, 27, 29, 30, 32, 33, 35, 36, 37, 39]","[12, 17, 19, 23, 27, 33, 35, 39]","[17, 27, 33, 39]","[12, 19, 23, 35]",,[],[],[],File not found with pattern: /data1/statduck/exp1_result_fans_swap/*nodes_40_ER_adj_2/*/fans_analysis/fans_*.json,[],[],[],File not found with pattern: /data1/statduck/exp1_result_fans_5000/*nodes_40_ER_adj_2/*/fans_analysis/fans_*.json,[],[],[],File not found with pattern: /data1/statduck/exp1_result_fans_10000/*nodes_40_ER_adj_2/*/fans_analysis/fans_*.json,[],[],[],File not found with pattern: /data1/statduck/exp1_result_fans_30000/*nodes_40_ER_adj_2/*/fans_analysis/fans_*.json,[],[],[],File not found with pattern: /data1/statduck/exp1_result_fans_100epochs/*nodes_40_ER_adj_2/*/fans_analysis/fans_*.json,[],[],[],File not found with pattern: /data1/statduck/exp1_result_fans_500epochs/*nodes_40_ER_adj_2/*/fans_analysis/fans_*.json,[],[],[],File not found with pattern: /data1/statduck/exp1_result_fans_dim8/*nodes_40_ER_adj_2/*/fans_analysis/fans_*.json,[],[],[],File not found with pattern: /data1/statduck/exp1_result_fans_dim16/*nodes_40_ER_adj_2/*/fans_analysis/fans_*.json,[],[],[],File not found with pattern: /data1/statduck/exp1_result_fans_anm/*nodes_40_ER_adj_2/*/fans_analysis/fans_*.json,[],[],[],File not found with pattern: /data1/statduck/exp1_result_fans_small/*nodes_40_ER_adj_2/*/fans_analysis/fans_*.json,"[7, 8, 10, 12, 13, 14, 15, 16, 19, 21, 23, 25, 26, 27, 29, 30, 32, 35, 36, 37, 39]","[12, 17, 19, 27, 33, 39]","[23, 35]",,[],[],[],File not found,[],[],[],File not found,"[12, 17, 19, 23, 27, 33, 35, 39]",[],[],,[],[],[],File not found,"[7, 8, 10, 11, 12, 13, 14, 16, 17, 19, 21, 22, 23, 25, 26, 27, 29, 33, 35, 36]",[],[],,1.0,1.0,1.0,1.0,0.0,0.0,0.0,0.0,0.0,0.0,0.0,0.0,0.0,0.0,0.0,0.0,0.0,0.0,0.0,0.0,0.0,0.0,0.0,0.0,0.0,0.0,0.0,0.0,0.0,0.0,0.0,0.0,0.0,0.0,0.0,0.0,0.0,0.0,0.0,0.0,0.0,0.0,0.0,0.0,0,0.0,0.0,0.0,0.4137931034482759,0.8,0.6666666666666666,0.7333333333333334,0,0.0,0.0,0.0,0,,,1.0,,,0.4999999999999999,,
40,ER,3,"[10, 13, 19, 23, 27, 28, 36, 38]","[10, 23, 28, 36]","[13, 19, 27, 38]","[10, 13, 16, 18, 19, 22, 23, 25, 26, 27, 28, 29, 30, 32, 34, 35, 36, 37, 38, 39]","[10, 13, 23, 27, 28, 36, 38]","[10, 23, 28, 36]","[13, 19, 27, 38]",,[],[],[],File not found with pattern: /data1/statduck/exp1_result_fans_swap/*nodes_40_ER_adj_3/*/fans_analysis/fans_*.json,[],[],[],File not found with pattern: /data1/statduck/exp1_result_fans_5000/*nodes_40_ER_adj_3/*/fans_analysis/fans_*.json,[],[],[],File not found with pattern: /data1/statduck/exp1_result_fans_10000/*nodes_40_ER_adj_3/*/fans_analysis/fans_*.json,[],[],[],File not found with pattern: /data1/statduck/exp1_result_fans_30000/*nodes_40_ER_adj_3/*/fans_analysis/fans_*.json,[],[],[],File not found with pattern: /data1/statduck/exp1_result_fans_100epochs/*nodes_40_ER_adj_3/*/fans_analysis/fans_*.json,[],[],[],File not found with pattern: /data1/statduck/exp1_result_fans_500epochs/*nodes_40_ER_adj_3/*/fans_analysis/fans_*.json,[],[],[],File not found with pattern: /data1/statduck/exp1_result_fans_dim8/*nodes_40_ER_adj_3/*/fans_analysis/fans_*.json,[],[],[],File not found with pattern: /data1/statduck/exp1_result_fans_dim16/*nodes_40_ER_adj_3/*/fans_analysis/fans_*.json,[],[],[],File not found with pattern: /data1/statduck/exp1_result_fans_anm/*nodes_40_ER_adj_3/*/fans_analysis/fans_*.json,[],[],[],File not found with pattern: /data1/statduck/exp1_result_fans_small/*nodes_40_ER_adj_3/*/fans_analysis/fans_*.json,"[13, 16, 19, 22, 26, 27, 28, 29, 30, 32, 34, 35, 36, 38, 39]","[10, 19, 23, 27, 28, 36, 38]",[13],,[],[],[],File not found,[],[],[],File not found,"[10, 13, 19, 23, 27, 28, 36, 38]",[],[],,[],[],[],File not found,"[10, 13, 18, 19, 22, 27, 28, 30, 35, 36, 37, 38, 39]",[],[],,0.9333333333333333,1.0,1.0,1.0,0.0,0.0,0.0,0.0,0.0,0.0,0.0,0.0,0.0,0.0,0.0,0.0,0.0,0.0,0.0,0.0,0.0,0.0,0.0,0.0,0.0,0.0,0.0,0.0,0.0,0.0,0.0,0.0,0.0,0.0,0.0,0.0,0.0,0.0,0.0,0.0,0.0,0.0,0.0,0.0,0,0.0,0.0,0.0,0.5217391304347827,0.7272727272727273,0.4,0.5636363636363637,0,0.0,0.0,0.0,0,,,1.0,,,0.6666666666666667,,
40,ER,4,"[8, 21, 28, 29, 34, 37, 38, 39]","[8, 37, 38, 39]","[21, 28, 29, 34]","[4, 8, 9, 10, 13, 16, 21, 22, 25, 27, 28, 29, 30, 31, 32, 33, 34, 35, 36, 37, 38, 39]","[8, 21, 28, 29, 34, 37, 38, 39]","[8, 37, 38, 39]","[21, 28, 29, 34]",,[],[],[],File not found with pattern: /data1/statduck/exp1_result_fans_swap/*nodes_40_ER_adj_4/*/fans_analysis/fans_*.json,[],[],[],File not found with pattern: /data1/statduck/exp1_result_fans_5000/*nodes_40_ER_adj_4/*/fans_analysis/fans_*.json,[],[],[],File not found with pattern: /data1/statduck/exp1_result_fans_10000/*nodes_40_ER_adj_4/*/fans_analysis/fans_*.json,[],[],[],File not found with pattern: /data1/statduck/exp1_result_fans_30000/*nodes_40_ER_adj_4/*/fans_analysis/fans_*.json,[],[],[],File not found with pattern: /data1/statduck/exp1_result_fans_100epochs/*nodes_40_ER_adj_4/*/fans_analysis/fans_*.json,[],[],[],File not found with pattern: /data1/statduck/exp1_result_fans_500epochs/*nodes_40_ER_adj_4/*/fans_analysis/fans_*.json,[],[],[],File not found with pattern: /data1/statduck/exp1_result_fans_dim8/*nodes_40_ER_adj_4/*/fans_analysis/fans_*.json,[],[],[],File not found with pattern: /data1/statduck/exp1_result_fans_dim16/*nodes_40_ER_adj_4/*/fans_analysis/fans_*.json,[],[],[],File not found with pattern: /data1/statduck/exp1_result_fans_anm/*nodes_40_ER_adj_4/*/fans_analysis/fans_*.json,[],[],[],File not found with pattern: /data1/statduck/exp1_result_fans_small/*nodes_40_ER_adj_4/*/fans_analysis/fans_*.json,"[9, 13, 16, 21, 22, 27, 28, 29, 32, 34, 38, 39]","[8, 21, 28, 29, 34, 37, 38, 39]",[],,[],[],[],File not found,[],[],[],File not found,"[8, 21, 28, 29, 34, 37, 38, 39]",[],[],,[],[],[],File not found,"[4, 8, 10, 16, 21, 22, 25, 28, 29, 31, 32, 33, 35, 36, 37, 38, 39]",[],[],,1.0,1.0,1.0,1.0,0.0,0.0,0.0,0.0,0.0,0.0,0.0,0.0,0.0,0.0,0.0,0.0,0.0,0.0,0.0,0.0,0.0,0.0,0.0,0.0,0.0,0.0,0.0,0.0,0.0,0.0,0.0,0.0,0.0,0.0,0.0,0.0,0.0,0.0,0.0,0.0,0.0,0.0,0.0,0.0,0,0.0,0.0,0.0,0.6,0.6666666666666666,0.0,0.3333333333333333,0,0.0,0.0,0.0,0,,,1.0,,,0.56,,
40,ER,5,"[14, 16, 17, 21, 31, 34, 38, 39]","[14, 17, 34, 38]","[16, 21, 31, 39]","[5, 6, 8, 9, 14, 15, 16, 17, 20, 21, 23, 24, 25, 27, 28, 30, 31, 33, 34, 35, 36, 37, 38, 39]","[14, 16, 17, 21, 31, 34, 38, 39]","[14, 17, 34, 38]","[16, 21, 31, 39]",,[],[],[],File not found with pattern: /data1/statduck/exp1_result_fans_swap/*nodes_40_ER_adj_5/*/fans_analysis/fans_*.json,[],[],[],File not found with pattern: /data1/statduck/exp1_result_fans_5000/*nodes_40_ER_adj_5/*/fans_analysis/fans_*.json,[],[],[],File not found with pattern: /data1/statduck/exp1_result_fans_10000/*nodes_40_ER_adj_5/*/fans_analysis/fans_*.json,[],[],[],File not found with pattern: /data1/statduck/exp1_result_fans_30000/*nodes_40_ER_adj_5/*/fans_analysis/fans_*.json,[],[],[],File not found with pattern: /data1/statduck/exp1_result_fans_100epochs/*nodes_40_ER_adj_5/*/fans_analysis/fans_*.json,[],[],[],File not found with pattern: /data1/statduck/exp1_result_fans_500epochs/*nodes_40_ER_adj_5/*/fans_analysis/fans_*.json,[],[],[],File not found with pattern: /data1/statduck/exp1_result_fans_dim8/*nodes_40_ER_adj_5/*/fans_analysis/fans_*.json,[],[],[],File not found with pattern: /data1/statduck/exp1_result_fans_dim16/*nodes_40_ER_adj_5/*/fans_analysis/fans_*.json,[],[],[],File not found with pattern: /data1/statduck/exp1_result_fans_anm/*nodes_40_ER_adj_5/*/fans_analysis/fans_*.json,[],[],[],File not found with pattern: /data1/statduck/exp1_result_fans_small/*nodes_40_ER_adj_5/*/fans_analysis/fans_*.json,"[6, 8, 14, 15, 16, 17, 20, 21, 23, 24, 25, 27, 30, 31, 33, 34, 35, 36, 38, 39]","[14, 16, 17, 21, 31, 34, 38, 39]",[],,[],[],[],File not found,[],[],[],File not found,"[16, 17, 21, 31, 34, 38, 39]",[],[],,[],[],[],File not found,"[5, 6, 8, 9, 14, 15, 16, 17, 20, 24, 28, 30, 31, 34, 35, 37, 38, 39]",[],[],,1.0,1.0,1.0,1.0,0.0,0.0,0.0,0.0,0.0,0.0,0.0,0.0,0.0,0.0,0.0,0.0,0.0,0.0,0.0,0.0,0.0,0.0,0.0,0.0,0.0,0.0,0.0,0.0,0.0,0.0,0.0,0.0,0.0,0.0,0.0,0.0,0.0,0.0,0.0,0.0,0.0,0.0,0.0,0.0,0,0.0,0.0,0.0,0.5714285714285715,0.6666666666666666,0.0,0.3333333333333333,0,0.0,0.0,0.0,0,,,0.9333333333333333,,,0.5384615384615385,,
40,ER,6,"[15, 17, 24, 26, 27, 33, 34, 36]","[17, 33, 34, 36]","[15, 24, 26, 27]","[6, 8, 12, 13, 14, 15, 16, 17, 20, 21, 24, 25, 26, 27, 28, 30, 31, 33, 34, 35, 36, 37, 38, 39]","[15, 17, 24, 26, 33, 34, 36]","[17, 33, 34, 36]","[15, 24, 26, 27]",,[],[],[],File not found with pattern: /data1/statduck/exp1_result_fans_swap/*nodes_40_ER_adj_6/*/fans_analysis/fans_*.json,[],[],[],File not found with pattern: /data1/statduck/exp1_result_fans_5000/*nodes_40_ER_adj_6/*/fans_analysis/fans_*.json,[],[],[],File not found with pattern: /data1/statduck/exp1_result_fans_10000/*nodes_40_ER_adj_6/*/fans_analysis/fans_*.json,[],[],[],File not found with pattern: /data1/statduck/exp1_result_fans_30000/*nodes_40_ER_adj_6/*/fans_analysis/fans_*.json,[],[],[],File not found with pattern: /data1/statduck/exp1_result_fans_100epochs/*nodes_40_ER_adj_6/*/fans_analysis/fans_*.json,[],[],[],File not found with pattern: /data1/statduck/exp1_result_fans_500epochs/*nodes_40_ER_adj_6/*/fans_analysis/fans_*.json,[],[],[],File not found with pattern: /data1/statduck/exp1_result_fans_dim8/*nodes_40_ER_adj_6/*/fans_analysis/fans_*.json,[],[],[],File not found with pattern: /data1/statduck/exp1_result_fans_dim16/*nodes_40_ER_adj_6/*/fans_analysis/fans_*.json,[],[],[],File not found with pattern: /data1/statduck/exp1_result_fans_anm/*nodes_40_ER_adj_6/*/fans_analysis/fans_*.json,[],[],[],File not found with pattern: /data1/statduck/exp1_result_fans_small/*nodes_40_ER_adj_6/*/fans_analysis/fans_*.json,"[6, 8, 12, 13, 15, 16, 21, 24, 25, 26, 27, 28, 30, 31, 33, 34, 35, 36, 38, 39]","[15, 17, 24, 33, 34, 36]","[26, 27]",,[],[],[],File not found,[],[],[],File not found,"[15, 17, 24, 26, 27, 33, 34, 36]",[],[],,[],[],[],File not found,"[8, 12, 14, 15, 17, 20, 21, 25, 26, 27, 28, 30, 31, 33, 34, 35, 36, 38]",[],[],,0.9333333333333333,1.0,1.0,1.0,0.0,0.0,0.0,0.0,0.0,0.0,0.0,0.0,0.0,0.0,0.0,0.0,0.0,0.0,0.0,0.0,0.0,0.0,0.0,0.0,0.0,0.0,0.0,0.0,0.0,0.0,0.0,0.0,0.0,0.0,0.0,0.0,0.0,0.0,0.0,0.0,0.0,0.0,0.0,0.0,0,0.0,0.0,0.0,0.4999999999999999,0.8,0.6666666666666666,0.7333333333333334,0,0.0,0.0,0.0,0,,,1.0,,,0.5384615384615385,,
40,ER,7,"[2, 9, 13, 17, 20, 22, 24, 35]","[13, 17, 20, 24]","[2, 9, 22, 35]","[2, 4, 9, 12, 13, 16, 17, 19, 20, 22, 23, 24, 25, 26, 27, 28, 29, 30, 31, 33, 34, 35, 36, 38, 39]","[2, 9, 13, 17, 20, 22, 24, 35]","[13, 17, 20, 24]","[2, 9, 22, 35]",,[],[],[],File not found with pattern: /data1/statduck/exp1_result_fans_swap/*nodes_40_ER_adj_7/*/fans_analysis/fans_*.json,[],[],[],File not found with pattern: /data1/statduck/exp1_result_fans_5000/*nodes_40_ER_adj_7/*/fans_analysis/fans_*.json,[],[],[],File not found with pattern: /data1/statduck/exp1_result_fans_10000/*nodes_40_ER_adj_7/*/fans_analysis/fans_*.json,[],[],[],File not found with pattern: /data1/statduck/exp1_result_fans_30000/*nodes_40_ER_adj_7/*/fans_analysis/fans_*.json,[],[],[],File not found with pattern: /data1/statduck/exp1_result_fans_100epochs/*nodes_40_ER_adj_7/*/fans_analysis/fans_*.json,[],[],[],File not found with pattern: /data1/statduck/exp1_result_fans_500epochs/*nodes_40_ER_adj_7/*/fans_analysis/fans_*.json,[],[],[],File not found with pattern: /data1/statduck/exp1_result_fans_dim8/*nodes_40_ER_adj_7/*/fans_analysis/fans_*.json,[],[],[],File not found with pattern: /data1/statduck/exp1_result_fans_dim16/*nodes_40_ER_adj_7/*/fans_analysis/fans_*.json,[],[],[],File not found with pattern: /data1/statduck/exp1_result_fans_anm/*nodes_40_ER_adj_7/*/fans_analysis/fans_*.json,[],[],[],File not found with pattern: /data1/statduck/exp1_result_fans_small/*nodes_40_ER_adj_7/*/fans_analysis/fans_*.json,"[2, 4, 9, 13, 16, 17, 19, 20, 22, 23, 24, 25, 26, 27, 28, 29, 30, 31, 34, 35, 36, 38]","[2, 9, 13, 17, 20, 22, 24]",[35],,[],[],[],File not found,[],[],[],File not found,"[2, 9, 13, 17, 20, 22, 24, 35]",[],[],,[],[],[],File not found,"[2, 4, 9, 12, 13, 17, 19, 20, 22, 23, 25, 26, 27, 29, 30, 33, 34, 35, 36, 38, 39]",[],[],,1.0,1.0,1.0,1.0,0.0,0.0,0.0,0.0,0.0,0.0,0.0,0.0,0.0,0.0,0.0,0.0,0.0,0.0,0.0,0.0,0.0,0.0,0.0,0.0,0.0,0.0,0.0,0.0,0.0,0.0,0.0,0.0,0.0,0.0,0.0,0.0,0.0,0.0,0.0,0.0,0.0,0.0,0.0,0.0,0,0.0,0.0,0.0,0.5333333333333333,0.7272727272727273,0.4,0.5636363636363637,0,0.0,0.0,0.0,0,,,1.0,,,0.48275862068965514,,
40,ER,8,"[13, 19, 23, 25, 29, 35, 36, 38]","[13, 23, 36, 38]","[19, 25, 29, 35]","[5, 9, 10, 11, 12, 13, 15, 16, 17, 19, 23, 24, 25, 27, 28, 29, 30, 31, 32, 33, 35, 36, 38]","[13, 19, 23, 25, 29, 35, 36, 38]","[13, 23, 36, 38]","[19, 25, 29, 35]",,[],[],[],File not found with pattern: /data1/statduck/exp1_result_fans_swap/*nodes_40_ER_adj_8/*/fans_analysis/fans_*.json,[],[],[],File not found with pattern: /data1/statduck/exp1_result_fans_5000/*nodes_40_ER_adj_8/*/fans_analysis/fans_*.json,[],[],[],File not found with pattern: /data1/statduck/exp1_result_fans_10000/*nodes_40_ER_adj_8/*/fans_analysis/fans_*.json,[],[],[],File not found with pattern: /data1/statduck/exp1_result_fans_30000/*nodes_40_ER_adj_8/*/fans_analysis/fans_*.json,[],[],[],File not found with pattern: /data1/statduck/exp1_result_fans_100epochs/*nodes_40_ER_adj_8/*/fans_analysis/fans_*.json,[],[],[],File not found with pattern: /data1/statduck/exp1_result_fans_500epochs/*nodes_40_ER_adj_8/*/fans_analysis/fans_*.json,[],[],[],File not found with pattern: /data1/statduck/exp1_result_fans_dim8/*nodes_40_ER_adj_8/*/fans_analysis/fans_*.json,[],[],[],File not found with pattern: /data1/statduck/exp1_result_fans_dim16/*nodes_40_ER_adj_8/*/fans_analysis/fans_*.json,[],[],[],File not found with pattern: /data1/statduck/exp1_result_fans_anm/*nodes_40_ER_adj_8/*/fans_analysis/fans_*.json,[],[],[],File not found with pattern: /data1/statduck/exp1_result_fans_small/*nodes_40_ER_adj_8/*/fans_analysis/fans_*.json,"[5, 9, 11, 12, 13, 15, 16, 17, 19, 23, 24, 25, 27, 28, 29, 30, 31, 32, 33, 35, 36]","[13, 19, 23, 35, 36, 38]","[25, 29]",,[],[],[],File not found,[],[],[],File not found,"[19, 23, 25, 29, 35, 36, 38]",[],[],,[],[],[],File not found,"[5, 9, 10, 11, 13, 15, 16, 17, 19, 23, 30, 31, 33, 36, 38]",[],[],,1.0,1.0,1.0,1.0,0.0,0.0,0.0,0.0,0.0,0.0,0.0,0.0,0.0,0.0,0.0,0.0,0.0,0.0,0.0,0.0,0.0,0.0,0.0,0.0,0.0,0.0,0.0,0.0,0.0,0.0,0.0,0.0,0.0,0.0,0.0,0.0,0.0,0.0,0.0,0.0,0.0,0.0,0.0,0.0,0,0.0,0.0,0.0,0.48275862068965514,0.8,0.6666666666666666,0.7333333333333334,0,0.0,0.0,0.0,0,,,0.9333333333333333,,,0.43478260869565216,,
40,ER,9,"[12, 22, 26, 28, 29, 30, 34, 38]","[12, 26, 28, 34]","[22, 29, 30, 38]","[4, 8, 9, 10, 11, 12, 13, 14, 22, 25, 26, 28, 29, 30, 31, 32, 33, 34, 35, 38, 39]","[12, 26, 28, 29, 30, 34, 38]","[12, 26, 28, 34]","[22, 29, 30, 38]",,[],[],[],File not found with pattern: /data1/statduck/exp1_result_fans_swap/*nodes_40_ER_adj_9/*/fans_analysis/fans_*.json,[],[],[],File not found with pattern: /data1/statduck/exp1_result_fans_5000/*nodes_40_ER_adj_9/*/fans_analysis/fans_*.json,[],[],[],File not found with pattern: /data1/statduck/exp1_result_fans_10000/*nodes_40_ER_adj_9/*/fans_analysis/fans_*.json,[],[],[],File not found with pattern: /data1/statduck/exp1_result_fans_30000/*nodes_40_ER_adj_9/*/fans_analysis/fans_*.json,[],[],[],File not found with pattern: /data1/statduck/exp1_result_fans_100epochs/*nodes_40_ER_adj_9/*/fans_analysis/fans_*.json,[],[],[],File not found with pattern: /data1/statduck/exp1_result_fans_500epochs/*nodes_40_ER_adj_9/*/fans_analysis/fans_*.json,[],[],[],File not found with pattern: /data1/statduck/exp1_result_fans_dim8/*nodes_40_ER_adj_9/*/fans_analysis/fans_*.json,[],[],[],File not found with pattern: /data1/statduck/exp1_result_fans_dim16/*nodes_40_ER_adj_9/*/fans_analysis/fans_*.json,[],[],[],File not found with pattern: /data1/statduck/exp1_result_fans_anm/*nodes_40_ER_adj_9/*/fans_analysis/fans_*.json,[],[],[],File not found with pattern: /data1/statduck/exp1_result_fans_small/*nodes_40_ER_adj_9/*/fans_analysis/fans_*.json,"[8, 9, 12, 13, 22, 26, 28, 29, 30, 31, 32, 33, 34, 38, 39]","[12, 22, 26, 28, 34]","[29, 30, 38]",,[],[],[],File not found,[],[],[],File not found,"[12, 13, 22, 26, 28, 29, 30, 32, 34, 38]",[],[],,[],[],[],File not found,"[4, 9, 10, 11, 12, 14, 22, 25, 26, 28, 30, 31, 32, 34, 38, 39]",[],[],,0.9333333333333333,1.0,1.0,1.0,0.0,0.0,0.0,0.0,0.0,0.0,0.0,0.0,0.0,0.0,0.0,0.0,0.0,0.0,0.0,0.0,0.0,0.0,0.0,0.0,0.0,0.0,0.0,0.0,0.0,0.0,0.0,0.0,0.0,0.0,0.0,0.0,0.0,0.0,0.0,0.0,0.0,0.0,0.0,0.0,0,0.0,0.0,0.0,0.6956521739130436,0.888888888888889,0.8571428571428571,0.873015873015873,0,0.0,0.0,0.0,0,,,0.888888888888889,,,0.5833333333333334,,
40,ER,10,"[3, 11, 15, 16, 24, 25, 35, 39]","[3, 16, 35, 39]","[11, 15, 24, 25]","[3, 4, 5, 9, 11, 13, 14, 15, 16, 17, 18, 20, 22, 23, 24, 25, 28, 29, 30, 32, 33, 34, 35, 36, 37, 39]","[3, 11, 15, 16, 24, 25, 35, 39]","[3, 16, 35, 39]","[11, 15, 24, 25]",,[],[],[],File not found with pattern: /data1/statduck/exp1_result_fans_swap/*nodes_40_ER_adj_10/*/fans_analysis/fans_*.json,[],[],[],File not found with pattern: /data1/statduck/exp1_result_fans_5000/*nodes_40_ER_adj_10/*/fans_analysis/fans_*.json,[],[],[],File not found with pattern: /data1/statduck/exp1_result_fans_10000/*nodes_40_ER_adj_10/*/fans_analysis/fans_*.json,[],[],[],File not found with pattern: /data1/statduck/exp1_result_fans_30000/*nodes_40_ER_adj_10/*/fans_analysis/fans_*.json,[],[],[],File not found with pattern: /data1/statduck/exp1_result_fans_100epochs/*nodes_40_ER_adj_10/*/fans_analysis/fans_*.json,[],[],[],File not found with pattern: /data1/statduck/exp1_result_fans_500epochs/*nodes_40_ER_adj_10/*/fans_analysis/fans_*.json,[],[],[],File not found with pattern: /data1/statduck/exp1_result_fans_dim8/*nodes_40_ER_adj_10/*/fans_analysis/fans_*.json,[],[],[],File not found with pattern: /data1/statduck/exp1_result_fans_dim16/*nodes_40_ER_adj_10/*/fans_analysis/fans_*.json,[],[],[],File not found with pattern: /data1/statduck/exp1_result_fans_anm/*nodes_40_ER_adj_10/*/fans_analysis/fans_*.json,[],[],[],File not found with pattern: /data1/statduck/exp1_result_fans_small/*nodes_40_ER_adj_10/*/fans_analysis/fans_*.json,"[4, 11, 15, 16, 18, 22, 24, 25, 33, 34, 36, 37, 39]","[3, 11, 15, 16, 35, 39]","[24, 25]",,[],[],[],File not found,[],[],[],File not found,"[3, 11, 15, 16, 24, 25, 33, 35, 39]",[],[],,[],[],[],File not found,"[4, 5, 11, 13, 14, 15, 16, 17, 18, 20, 22, 23, 24, 25, 28, 29, 30, 33, 34, 35, 37, 39]",[],[],,1.0,1.0,1.0,1.0,0.0,0.0,0.0,0.0,0.0,0.0,0.0,0.0,0.0,0.0,0.0,0.0,0.0,0.0,0.0,0.0,0.0,0.0,0.0,0.0,0.0,0.0,0.0,0.0,0.0,0.0,0.0,0.0,0.0,0.0,0.0,0.0,0.0,0.0,0.0,0.0,0.0,0.0,0.0,0.0,0,0.0,0.0,0.0,0.5714285714285714,0.8,0.6666666666666666,0.7333333333333334,0,0.0,0.0,0.0,0,,,0.9411764705882353,,,0.4666666666666667,,
40,ER,11,"[7, 20, 21, 31, 32, 33, 35, 39]","[20, 21, 32, 35]","[7, 31, 33, 39]","[7, 10, 14, 16, 17, 19, 20, 21, 23, 24, 25, 26, 27, 28, 30, 31, 32, 33, 35, 36, 37, 38, 39]","[7, 20, 21, 31, 32, 33, 35, 39]","[20, 21, 32, 35]","[7, 31, 33, 39]",,[],[],[],File not found with pattern: /data1/statduck/exp1_result_fans_swap/*nodes_40_ER_adj_11/*/fans_analysis/fans_*.json,[],[],[],File not found with pattern: /data1/statduck/exp1_result_fans_5000/*nodes_40_ER_adj_11/*/fans_analysis/fans_*.json,[],[],[],File not found with pattern: /data1/statduck/exp1_result_fans_10000/*nodes_40_ER_adj_11/*/fans_analysis/fans_*.json,[],[],[],File not found with pattern: /data1/statduck/exp1_result_fans_30000/*nodes_40_ER_adj_11/*/fans_analysis/fans_*.json,[],[],[],File not found with pattern: /data1/statduck/exp1_result_fans_100epochs/*nodes_40_ER_adj_11/*/fans_analysis/fans_*.json,[],[],[],File not found with pattern: /data1/statduck/exp1_result_fans_500epochs/*nodes_40_ER_adj_11/*/fans_analysis/fans_*.json,[],[],[],File not found with pattern: /data1/statduck/exp1_result_fans_dim8/*nodes_40_ER_adj_11/*/fans_analysis/fans_*.json,[],[],[],File not found with pattern: /data1/statduck/exp1_result_fans_dim16/*nodes_40_ER_adj_11/*/fans_analysis/fans_*.json,[],[],[],File not found with pattern: /data1/statduck/exp1_result_fans_anm/*nodes_40_ER_adj_11/*/fans_analysis/fans_*.json,[],[],[],File not found with pattern: /data1/statduck/exp1_result_fans_small/*nodes_40_ER_adj_11/*/fans_analysis/fans_*.json,"[14, 19, 20, 21, 24, 25, 27, 30, 31, 32, 33, 35, 36, 37, 38, 39]","[7, 20, 21, 31, 32, 33, 35, 39]",[],,[],[],[],File not found,[],[],[],File not found,"[7, 20, 21, 31, 32, 33, 35, 38, 39]",[],[],,[],[],[],File not found,"[7, 10, 14, 16, 19, 20, 21, 23, 24, 25, 27, 30, 32, 35, 36, 37, 38, 39]",[],[],,1.0,1.0,1.0,1.0,0.0,0.0,0.0,0.0,0.0,0.0,0.0,0.0,0.0,0.0,0.0,0.0,0.0,0.0,0.0,0.0,0.0,0.0,0.0,0.0,0.0,0.0,0.0,0.0,0.0,0.0,0.0,0.0,0.0,0.0,0.0,0.0,0.0,0.0,0.0,0.0,0.0,0.0,0.0,0.0,0,0.0,0.0,0.0,0.5833333333333334,0.6666666666666666,0.0,0.3333333333333333,0,0.0,0.0,0.0,0,,,0.9411764705882353,,,0.46153846153846156,,
40,ER,12,"[4, 15, 21, 22, 24, 27, 28, 29]","[21, 24, 28, 29]","[4, 15, 22, 27]","[4, 6, 8, 10, 13, 15, 16, 19, 21, 22, 24, 25, 27, 28, 29, 31, 33, 34, 35, 36, 37, 38, 39]","[4, 15, 21, 22, 24, 27, 28, 29]","[21, 28, 29]","[4, 15, 22, 24, 27]",,[],[],[],File not found with pattern: /data1/statduck/exp1_result_fans_swap/*nodes_40_ER_adj_12/*/fans_analysis/fans_*.json,[],[],[],File not found with pattern: /data1/statduck/exp1_result_fans_5000/*nodes_40_ER_adj_12/*/fans_analysis/fans_*.json,[],[],[],File not found with pattern: /data1/statduck/exp1_result_fans_10000/*nodes_40_ER_adj_12/*/fans_analysis/fans_*.json,[],[],[],File not found with pattern: /data1/statduck/exp1_result_fans_30000/*nodes_40_ER_adj_12/*/fans_analysis/fans_*.json,[],[],[],File not found with pattern: /data1/statduck/exp1_result_fans_100epochs/*nodes_40_ER_adj_12/*/fans_analysis/fans_*.json,[],[],[],File not found with pattern: /data1/statduck/exp1_result_fans_500epochs/*nodes_40_ER_adj_12/*/fans_analysis/fans_*.json,[],[],[],File not found with pattern: /data1/statduck/exp1_result_fans_dim8/*nodes_40_ER_adj_12/*/fans_analysis/fans_*.json,[],[],[],File not found with pattern: /data1/statduck/exp1_result_fans_dim16/*nodes_40_ER_adj_12/*/fans_analysis/fans_*.json,[],[],[],File not found with pattern: /data1/statduck/exp1_result_fans_anm/*nodes_40_ER_adj_12/*/fans_analysis/fans_*.json,[],[],[],File not found with pattern: /data1/statduck/exp1_result_fans_small/*nodes_40_ER_adj_12/*/fans_analysis/fans_*.json,"[4, 6, 13, 15, 21, 27, 29, 31, 35]","[15, 21, 22, 24, 28, 29]","[4, 27]",,[],[],[],File not found,[],[],[],File not found,"[4, 15, 21, 22, 24, 27, 28, 29]",[],[],,[],[],[],File not found,"[4, 6, 10, 16, 21, 24, 28, 29, 33, 36, 39]",[],[],,1.0,0.8571428571428571,0.888888888888889,0.873015873015873,0.0,0.0,0.0,0.0,0.0,0.0,0.0,0.0,0.0,0.0,0.0,0.0,0.0,0.0,0.0,0.0,0.0,0.0,0.0,0.0,0.0,0.0,0.0,0.0,0.0,0.0,0.0,0.0,0.0,0.0,0.0,0.0,0.0,0.0,0.0,0.0,0.0,0.0,0.0,0.0,0,0.0,0.0,0.0,0.5882352941176471,0.8,0.6666666666666666,0.7333333333333334,0,0.0,0.0,0.0,0,,,1.0,,,0.5263157894736842,,
40,ER,13,"[6, 14, 21, 22, 26, 27, 34, 38]","[22, 26, 27, 34]","[6, 14, 21, 38]","[6, 7, 9, 11, 13, 14, 16, 17, 18, 19, 20, 21, 22, 26, 27, 28, 29, 30, 31, 32, 34, 38, 39]","[6, 14, 21, 22, 26, 27, 34, 38]","[22, 26, 27, 34]","[6, 14, 21, 38]",,[],[],[],File not found with pattern: /data1/statduck/exp1_result_fans_swap/*nodes_40_ER_adj_13/*/fans_analysis/fans_*.json,[],[],[],File not found with pattern: /data1/statduck/exp1_result_fans_5000/*nodes_40_ER_adj_13/*/fans_analysis/fans_*.json,[],[],[],File not found with pattern: /data1/statduck/exp1_result_fans_10000/*nodes_40_ER_adj_13/*/fans_analysis/fans_*.json,[],[],[],File not found with pattern: /data1/statduck/exp1_result_fans_30000/*nodes_40_ER_adj_13/*/fans_analysis/fans_*.json,[],[],[],File not found with pattern: /data1/statduck/exp1_result_fans_100epochs/*nodes_40_ER_adj_13/*/fans_analysis/fans_*.json,[],[],[],File not found with pattern: /data1/statduck/exp1_result_fans_500epochs/*nodes_40_ER_adj_13/*/fans_analysis/fans_*.json,[],[],[],File not found with pattern: /data1/statduck/exp1_result_fans_dim8/*nodes_40_ER_adj_13/*/fans_analysis/fans_*.json,[],[],[],File not found with pattern: /data1/statduck/exp1_result_fans_dim16/*nodes_40_ER_adj_13/*/fans_analysis/fans_*.json,[],[],[],File not found with pattern: /data1/statduck/exp1_result_fans_anm/*nodes_40_ER_adj_13/*/fans_analysis/fans_*.json,[],[],[],File not found with pattern: /data1/statduck/exp1_result_fans_small/*nodes_40_ER_adj_13/*/fans_analysis/fans_*.json,"[7, 11, 13, 14, 16, 17, 18, 19, 20, 21, 22, 26, 27, 28, 29, 30, 31, 32, 34, 38, 39]","[14, 22, 26, 27, 34]","[6, 21, 38]",,[],[],[],File not found,[],[],[],File not found,"[6, 14, 21, 22, 26, 27, 34, 38]",[],[],,[],[],[],File not found,"[6, 7, 9, 13, 14, 16, 17, 18, 19, 20, 21, 22, 26, 27, 29, 31, 32, 34, 38, 39]",[],[],,1.0,1.0,1.0,1.0,0.0,0.0,0.0,0.0,0.0,0.0,0.0,0.0,0.0,0.0,0.0,0.0,0.0,0.0,0.0,0.0,0.0,0.0,0.0,0.0,0.0,0.0,0.0,0.0,0.0,0.0,0.0,0.0,0.0,0.0,0.0,0.0,0.0,0.0,0.0,0.0,0.0,0.0,0.0,0.0,0,0.0,0.0,0.0,0.48275862068965514,0.888888888888889,0.8571428571428571,0.873015873015873,0,0.0,0.0,0.0,0,,,1.0,,,0.5714285714285715,,
40,ER,14,"[6, 14, 19, 24, 25, 27, 28, 39]","[6, 19, 27, 39]","[14, 24, 25, 28]","[6, 8, 14, 17, 19, 21, 23, 24, 25, 27, 28, 29, 30, 31, 32, 33, 34, 35, 36, 37, 38, 39]","[6, 14, 19, 24, 27, 28, 39]","[6, 19, 27, 39]","[14, 24, 25, 28]",,[],[],[],File not found with pattern: /data1/statduck/exp1_result_fans_swap/*nodes_40_ER_adj_14/*/fans_analysis/fans_*.json,[],[],[],File not found with pattern: /data1/statduck/exp1_result_fans_5000/*nodes_40_ER_adj_14/*/fans_analysis/fans_*.json,[],[],[],File not found with pattern: /data1/statduck/exp1_result_fans_10000/*nodes_40_ER_adj_14/*/fans_analysis/fans_*.json,[],[],[],File not found with pattern: /data1/statduck/exp1_result_fans_30000/*nodes_40_ER_adj_14/*/fans_analysis/fans_*.json,[],[],[],File not found with pattern: /data1/statduck/exp1_result_fans_100epochs/*nodes_40_ER_adj_14/*/fans_analysis/fans_*.json,[],[],[],File not found with pattern: /data1/statduck/exp1_result_fans_500epochs/*nodes_40_ER_adj_14/*/fans_analysis/fans_*.json,[],[],[],File not found with pattern: /data1/statduck/exp1_result_fans_dim8/*nodes_40_ER_adj_14/*/fans_analysis/fans_*.json,[],[],[],File not found with pattern: /data1/statduck/exp1_result_fans_dim16/*nodes_40_ER_adj_14/*/fans_analysis/fans_*.json,[],[],[],File not found with pattern: /data1/statduck/exp1_result_fans_anm/*nodes_40_ER_adj_14/*/fans_analysis/fans_*.json,[],[],[],File not found with pattern: /data1/statduck/exp1_result_fans_small/*nodes_40_ER_adj_14/*/fans_analysis/fans_*.json,"[6, 14, 21, 24, 25, 28, 31, 38]","[6, 14, 19, 24, 25, 27, 28, 39]",[],,[],[],[],File not found,[],[],[],File not found,"[6, 14, 19, 24, 25, 27, 28, 39]",[],[],,[],[],[],File not found,"[6, 8, 14, 17, 19, 21, 23, 24, 25, 27, 28, 29, 30, 31, 34, 35, 36, 37, 38, 39]",[],[],,0.9333333333333333,1.0,1.0,1.0,0.0,0.0,0.0,0.0,0.0,0.0,0.0,0.0,0.0,0.0,0.0,0.0,0.0,0.0,0.0,0.0,0.0,0.0,0.0,0.0,0.0,0.0,0.0,0.0,0.0,0.0,0.0,0.0,0.0,0.0,0.0,0.0,0.0,0.0,0.0,0.0,0.0,0.0,0.0,0.0,0,0.0,0.0,0.0,0.625,0.6666666666666666,0.0,0.3333333333333333,0,0.0,0.0,0.0,0,,,1.0,,,0.5714285714285715,,
40,ER,15,"[13, 17, 22, 26, 30, 34, 37, 39]","[13, 17, 30, 39]","[22, 26, 34, 37]","[4, 7, 12, 13, 15, 17, 18, 19, 22, 23, 24, 26, 28, 29, 30, 31, 32, 33, 34, 35, 37, 38, 39]","[13, 17, 22, 26, 30, 34, 37, 39]","[13, 17, 30, 39]","[22, 26, 34, 37]",,[],[],[],File not found with pattern: /data1/statduck/exp1_result_fans_swap/*nodes_40_ER_adj_15/*/fans_analysis/fans_*.json,[],[],[],File not found with pattern: /data1/statduck/exp1_result_fans_5000/*nodes_40_ER_adj_15/*/fans_analysis/fans_*.json,[],[],[],File not found with pattern: /data1/statduck/exp1_result_fans_10000/*nodes_40_ER_adj_15/*/fans_analysis/fans_*.json,[],[],[],File not found with pattern: /data1/statduck/exp1_result_fans_30000/*nodes_40_ER_adj_15/*/fans_analysis/fans_*.json,[],[],[],File not found with pattern: /data1/statduck/exp1_result_fans_100epochs/*nodes_40_ER_adj_15/*/fans_analysis/fans_*.json,[],[],[],File not found with pattern: /data1/statduck/exp1_result_fans_500epochs/*nodes_40_ER_adj_15/*/fans_analysis/fans_*.json,[],[],[],File not found with pattern: /data1/statduck/exp1_result_fans_dim8/*nodes_40_ER_adj_15/*/fans_analysis/fans_*.json,[],[],[],File not found with pattern: /data1/statduck/exp1_result_fans_dim16/*nodes_40_ER_adj_15/*/fans_analysis/fans_*.json,[],[],[],File not found with pattern: /data1/statduck/exp1_result_fans_anm/*nodes_40_ER_adj_15/*/fans_analysis/fans_*.json,[],[],[],File not found with pattern: /data1/statduck/exp1_result_fans_small/*nodes_40_ER_adj_15/*/fans_analysis/fans_*.json,"[4, 7, 12, 13, 17, 18, 19, 22, 24, 26, 28, 29, 30, 31, 32, 33, 34, 35, 37, 38, 39]","[13, 17, 22, 26, 30, 34, 37, 39]",[],,[],[],[],File not found,[],[],[],File not found,"[13, 17, 22, 26, 30, 34, 37, 39]",[],[],,[],[],[],File not found,"[4, 12, 13, 15, 17, 18, 22, 23, 24, 26, 29, 30, 34, 35, 37, 39]",[],[],,1.0,1.0,1.0,1.0,0.0,0.0,0.0,0.0,0.0,0.0,0.0,0.0,0.0,0.0,0.0,0.0,0.0,0.0,0.0,0.0,0.0,0.0,0.0,0.0,0.0,0.0,0.0,0.0,0.0,0.0,0.0,0.0,0.0,0.0,0.0,0.0,0.0,0.0,0.0,0.0,0.0,0.0,0.0,0.0,0,0.0,0.0,0.0,0.5517241379310345,0.6666666666666666,0.0,0.3333333333333333,0,0.0,0.0,0.0,0,,,1.0,,,0.6666666666666666,,
40,ER,16,"[5, 16, 28, 30, 31, 34, 36, 37]","[31, 34, 36, 37]","[5, 16, 28, 30]","[4, 5, 6, 12, 14, 15, 16, 17, 21, 22, 23, 25, 27, 28, 30, 31, 32, 33, 34, 36, 37, 38]","[5, 16, 28, 30, 31, 34, 36, 37]","[31, 34, 36, 37]","[5, 16, 28, 30]",,[],[],[],File not found with pattern: /data1/statduck/exp1_result_fans_swap/*nodes_40_ER_adj_16/*/fans_analysis/fans_*.json,[],[],[],File not found with pattern: /data1/statduck/exp1_result_fans_5000/*nodes_40_ER_adj_16/*/fans_analysis/fans_*.json,[],[],[],File not found with pattern: /data1/statduck/exp1_result_fans_10000/*nodes_40_ER_adj_16/*/fans_analysis/fans_*.json,[],[],[],File not found with pattern: /data1/statduck/exp1_result_fans_30000/*nodes_40_ER_adj_16/*/fans_analysis/fans_*.json,[],[],[],File not found with pattern: /data1/statduck/exp1_result_fans_100epochs/*nodes_40_ER_adj_16/*/fans_analysis/fans_*.json,[],[],[],File not found with pattern: /data1/statduck/exp1_result_fans_500epochs/*nodes_40_ER_adj_16/*/fans_analysis/fans_*.json,[],[],[],File not found with pattern: /data1/statduck/exp1_result_fans_dim8/*nodes_40_ER_adj_16/*/fans_analysis/fans_*.json,[],[],[],File not found with pattern: /data1/statduck/exp1_result_fans_dim16/*nodes_40_ER_adj_16/*/fans_analysis/fans_*.json,[],[],[],File not found with pattern: /data1/statduck/exp1_result_fans_anm/*nodes_40_ER_adj_16/*/fans_analysis/fans_*.json,[],[],[],File not found with pattern: /data1/statduck/exp1_result_fans_small/*nodes_40_ER_adj_16/*/fans_analysis/fans_*.json,"[4, 5, 6, 12, 14, 15, 16, 17, 21, 22, 23, 25, 27, 28, 31, 32, 33, 34, 36, 37, 38]","[30, 31, 34, 36, 37]","[5, 16, 28]",,[],[],[],File not found,[],[],[],File not found,"[5, 16, 28, 30, 31, 34, 36, 37]",[],[],,[],[],[],File not found,"[4, 5, 6, 12, 14, 16, 17, 21, 22, 25, 27, 30, 31, 32, 33, 34, 36, 37, 38]",[],[],,1.0,1.0,1.0,1.0,0.0,0.0,0.0,0.0,0.0,0.0,0.0,0.0,0.0,0.0,0.0,0.0,0.0,0.0,0.0,0.0,0.0,0.0,0.0,0.0,0.0,0.0,0.0,0.0,0.0,0.0,0.0,0.0,0.0,0.0,0.0,0.0,0.0,0.0,0.0,0.0,0.0,0.0,0.0,0.0,0,0.0,0.0,0.0,0.48275862068965514,0.888888888888889,0.8571428571428571,0.873015873015873,0,0.0,0.0,0.0,0,,,1.0,,,0.5185185185185185,,
40,ER,17,"[10, 15, 27, 34, 35, 36, 37, 38]","[34, 35, 37, 38]","[10, 15, 27, 36]","[3, 10, 15, 17, 19, 20, 22, 24, 27, 28, 29, 30, 31, 32, 33, 34, 35, 36, 37, 38]","[10, 15, 27, 34, 35, 36, 37, 38]","[34, 35, 37, 38]","[10, 15, 27, 36]",,[],[],[],File not found with pattern: /data1/statduck/exp1_result_fans_swap/*nodes_40_ER_adj_17/*/fans_analysis/fans_*.json,[],[],[],File not found with pattern: /data1/statduck/exp1_result_fans_5000/*nodes_40_ER_adj_17/*/fans_analysis/fans_*.json,[],[],[],File not found with pattern: /data1/statduck/exp1_result_fans_10000/*nodes_40_ER_adj_17/*/fans_analysis/fans_*.json,[],[],[],File not found with pattern: /data1/statduck/exp1_result_fans_30000/*nodes_40_ER_adj_17/*/fans_analysis/fans_*.json,[],[],[],File not found with pattern: /data1/statduck/exp1_result_fans_100epochs/*nodes_40_ER_adj_17/*/fans_analysis/fans_*.json,[],[],[],File not found with pattern: /data1/statduck/exp1_result_fans_500epochs/*nodes_40_ER_adj_17/*/fans_analysis/fans_*.json,[],[],[],File not found with pattern: /data1/statduck/exp1_result_fans_dim8/*nodes_40_ER_adj_17/*/fans_analysis/fans_*.json,[],[],[],File not found with pattern: /data1/statduck/exp1_result_fans_dim16/*nodes_40_ER_adj_17/*/fans_analysis/fans_*.json,[],[],[],File not found with pattern: /data1/statduck/exp1_result_fans_anm/*nodes_40_ER_adj_17/*/fans_analysis/fans_*.json,[],[],[],File not found with pattern: /data1/statduck/exp1_result_fans_small/*nodes_40_ER_adj_17/*/fans_analysis/fans_*.json,"[10, 15, 17, 20, 22, 24, 27, 30, 31, 32, 33, 34, 35, 36, 37, 38]","[15, 27, 34, 35, 36, 37, 38]",[10],,[],[],[],File not found,[],[],[],File not found,"[10, 15, 27, 34, 35, 36, 37, 38]",[],[],,[],[],[],File not found,"[15, 20, 22, 27, 28, 30, 31, 32, 33, 34, 35, 36, 37, 38]",[],[],,1.0,1.0,1.0,1.0,0.0,0.0,0.0,0.0,0.0,0.0,0.0,0.0,0.0,0.0,0.0,0.0,0.0,0.0,0.0,0.0,0.0,0.0,0.0,0.0,0.0,0.0,0.0,0.0,0.0,0.0,0.0,0.0,0.0,0.0,0.0,0.0,0.0,0.0,0.0,0.0,0.0,0.0,0.0,0.0,0,0.0,0.0,0.0,0.6666666666666666,0.7272727272727273,0.4,0.5636363636363637,0,0.0,0.0,0.0,0,,,1.0,,,0.6363636363636364,,
40,ER,18,"[9, 19, 25, 28, 29, 31, 34, 35]","[19, 28, 29, 31]","[9, 25, 34, 35]","[9, 12, 15, 18, 19, 22, 23, 25, 26, 27, 28, 29, 30, 31, 33, 34, 35, 36, 37, 38]","[9, 19, 25, 28, 29, 31, 35]","[19, 29]","[9, 25, 28, 31, 34, 35]",,[],[],[],File not found with pattern: /data1/statduck/exp1_result_fans_swap/*nodes_40_ER_adj_18/*/fans_analysis/fans_*.json,[],[],[],File not found with pattern: /data1/statduck/exp1_result_fans_5000/*nodes_40_ER_adj_18/*/fans_analysis/fans_*.json,[],[],[],File not found with pattern: /data1/statduck/exp1_result_fans_10000/*nodes_40_ER_adj_18/*/fans_analysis/fans_*.json,[],[],[],File not found with pattern: /data1/statduck/exp1_result_fans_30000/*nodes_40_ER_adj_18/*/fans_analysis/fans_*.json,[],[],[],File not found with pattern: /data1/statduck/exp1_result_fans_100epochs/*nodes_40_ER_adj_18/*/fans_analysis/fans_*.json,[],[],[],File not found with pattern: /data1/statduck/exp1_result_fans_500epochs/*nodes_40_ER_adj_18/*/fans_analysis/fans_*.json,[],[],[],File not found with pattern: /data1/statduck/exp1_result_fans_dim8/*nodes_40_ER_adj_18/*/fans_analysis/fans_*.json,[],[],[],File not found with pattern: /data1/statduck/exp1_result_fans_dim16/*nodes_40_ER_adj_18/*/fans_analysis/fans_*.json,[],[],[],File not found with pattern: /data1/statduck/exp1_result_fans_anm/*nodes_40_ER_adj_18/*/fans_analysis/fans_*.json,[],[],[],File not found with pattern: /data1/statduck/exp1_result_fans_small/*nodes_40_ER_adj_18/*/fans_analysis/fans_*.json,"[9, 18, 19, 22, 23, 26, 27, 28, 29, 30, 31, 33, 34, 35, 36, 37, 38]","[25, 28, 29, 31, 34, 35]","[9, 19]",,[],[],[],File not found,[],[],[],File not found,"[9, 19, 25, 28, 29, 31, 34, 35]",[],[],,[],[],[],File not found,"[12, 15, 18, 19, 22, 26, 28, 29, 30, 31, 34, 35, 36, 38]",[],[],,0.9333333333333333,0.6666666666666666,0.8,0.7333333333333334,0.0,0.0,0.0,0.0,0.0,0.0,0.0,0.0,0.0,0.0,0.0,0.0,0.0,0.0,0.0,0.0,0.0,0.0,0.0,0.0,0.0,0.0,0.0,0.0,0.0,0.0,0.0,0.0,0.0,0.0,0.0,0.0,0.0,0.0,0.0,0.0,0.0,0.0,0.0,0.0,0,0.0,0.0,0.0,0.56,0.6,0.3333333333333333,0.4666666666666667,0,0.0,0.0,0.0,0,,,1.0,,,0.5454545454545454,,
40,ER,19,"[7, 8, 10, 21, 30, 31, 32, 36]","[7, 21, 30, 32]","[8, 10, 31, 36]","[2, 7, 8, 10, 12, 14, 16, 17, 18, 21, 22, 23, 24, 25, 26, 29, 30, 31, 32, 34, 35, 36, 38, 39]","[7, 8, 10, 21, 30, 31, 32, 36]","[7, 30, 32]","[8, 10, 21, 31, 36]",,[],[],[],File not found with pattern: /data1/statduck/exp1_result_fans_swap/*nodes_40_ER_adj_19/*/fans_analysis/fans_*.json,[],[],[],File not found with pattern: /data1/statduck/exp1_result_fans_5000/*nodes_40_ER_adj_19/*/fans_analysis/fans_*.json,[],[],[],File not found with pattern: /data1/statduck/exp1_result_fans_10000/*nodes_40_ER_adj_19/*/fans_analysis/fans_*.json,[],[],[],File not found with pattern: /data1/statduck/exp1_result_fans_30000/*nodes_40_ER_adj_19/*/fans_analysis/fans_*.json,[],[],[],File not found with pattern: /data1/statduck/exp1_result_fans_100epochs/*nodes_40_ER_adj_19/*/fans_analysis/fans_*.json,[],[],[],File not found with pattern: /data1/statduck/exp1_result_fans_500epochs/*nodes_40_ER_adj_19/*/fans_analysis/fans_*.json,[],[],[],File not found with pattern: /data1/statduck/exp1_result_fans_dim8/*nodes_40_ER_adj_19/*/fans_analysis/fans_*.json,[],[],[],File not found with pattern: /data1/statduck/exp1_result_fans_dim16/*nodes_40_ER_adj_19/*/fans_analysis/fans_*.json,[],[],[],File not found with pattern: /data1/statduck/exp1_result_fans_anm/*nodes_40_ER_adj_19/*/fans_analysis/fans_*.json,[],[],[],File not found with pattern: /data1/statduck/exp1_result_fans_small/*nodes_40_ER_adj_19/*/fans_analysis/fans_*.json,"[2, 7, 8, 10, 12, 14, 17, 18, 21, 22, 23, 24, 25, 26, 29, 30, 31, 32, 34, 36, 38, 39]","[7, 10, 21, 30]","[8, 31, 32, 36]",,[],[],[],File not found,[],[],[],File not found,"[7, 8, 10, 21, 22, 30, 31, 32, 36, 39]",[],[],,[],[],[],File not found,"[2, 7, 8, 12, 14, 16, 21, 22, 23, 26, 29, 30, 31, 32, 34, 35, 36, 38, 39]",[],[],,1.0,0.8571428571428571,0.888888888888889,0.873015873015873,0.0,0.0,0.0,0.0,0.0,0.0,0.0,0.0,0.0,0.0,0.0,0.0,0.0,0.0,0.0,0.0,0.0,0.0,0.0,0.0,0.0,0.0,0.0,0.0,0.0,0.0,0.0,0.0,0.0,0.0,0.0,0.0,0.0,0.0,0.0,0.0,0.0,0.0,0.0,0.0,0,0.0,0.0,0.0,0.5333333333333333,0.75,0.75,0.75,0,0.0,0.0,0.0,0,,,0.888888888888889,,,0.5185185185185185,,
40,ER,20,"[5, 8, 12, 24, 27, 30, 33, 38]","[5, 24, 27, 30]","[8, 12, 33, 38]","[4, 5, 8, 9, 10, 12, 13, 14, 16, 18, 19, 20, 22, 23, 24, 25, 26, 27, 29, 30, 31, 33, 35, 37, 38, 39]","[5, 8, 12, 24, 27, 30, 33, 38]","[5, 24, 27, 30, 33]","[8, 12, 38]",,[],[],[],File not found with pattern: /data1/statduck/exp1_result_fans_swap/*nodes_40_ER_adj_20/*/fans_analysis/fans_*.json,[],[],[],File not found with pattern: /data1/statduck/exp1_result_fans_5000/*nodes_40_ER_adj_20/*/fans_analysis/fans_*.json,[],[],[],File not found with pattern: /data1/statduck/exp1_result_fans_10000/*nodes_40_ER_adj_20/*/fans_analysis/fans_*.json,[],[],[],File not found with pattern: /data1/statduck/exp1_result_fans_30000/*nodes_40_ER_adj_20/*/fans_analysis/fans_*.json,[],[],[],File not found with pattern: /data1/statduck/exp1_result_fans_100epochs/*nodes_40_ER_adj_20/*/fans_analysis/fans_*.json,[],[],[],File not found with pattern: /data1/statduck/exp1_result_fans_500epochs/*nodes_40_ER_adj_20/*/fans_analysis/fans_*.json,[],[],[],File not found with pattern: /data1/statduck/exp1_result_fans_dim8/*nodes_40_ER_adj_20/*/fans_analysis/fans_*.json,[],[],[],File not found with pattern: /data1/statduck/exp1_result_fans_dim16/*nodes_40_ER_adj_20/*/fans_analysis/fans_*.json,[],[],[],File not found with pattern: /data1/statduck/exp1_result_fans_anm/*nodes_40_ER_adj_20/*/fans_analysis/fans_*.json,[],[],[],File not found with pattern: /data1/statduck/exp1_result_fans_small/*nodes_40_ER_adj_20/*/fans_analysis/fans_*.json,"[8, 12, 18, 25, 30, 38]","[5, 8, 24, 27, 30, 33, 38]",[12],,[],[],[],File not found,[],[],[],File not found,"[5, 8, 12, 24, 27, 30, 33, 38]",[],[],,[],[],[],File not found,"[4, 5, 8, 9, 10, 12, 13, 14, 16, 18, 19, 20, 24, 25, 26, 27, 29, 30, 33, 35, 38, 39]",[],[],,1.0,0.888888888888889,0.8571428571428571,0.873015873015873,0.0,0.0,0.0,0.0,0.0,0.0,0.0,0.0,0.0,0.0,0.0,0.0,0.0,0.0,0.0,0.0,0.0,0.0,0.0,0.0,0.0,0.0,0.0,0.0,0.0,0.0,0.0,0.0,0.0,0.0,0.0,0.0,0.0,0.0,0.0,0.0,0.0,0.0,0.0,0.0,0,0.0,0.0,0.0,0.5714285714285715,0.7272727272727273,0.4,0.5636363636363637,0,0.0,0.0,0.0,0,,,1.0,,,0.5333333333333333,,
40,ER,21,"[7, 20, 23, 24, 25, 33, 35, 38]","[7, 20, 23, 24, 25, 33, 35, 38]",[],"[7, 8, 9, 10, 19, 20, 21, 22, 23, 24, 25, 28, 29, 30, 31, 32, 33, 34, 35, 36, 37, 38, 39]","[7, 20, 23, 24, 25, 33, 35, 38]","[7, 20, 23, 24, 25, 33, 38]",[35],,[],[],[],File not found with pattern: /data1/statduck/exp1_result_fans_swap/*nodes_40_ER_adj_21/*/fans_analysis/fans_*.json,[],[],[],File not found with pattern: /data1/statduck/exp1_result_fans_5000/*nodes_40_ER_adj_21/*/fans_analysis/fans_*.json,[],[],[],File not found with pattern: /data1/statduck/exp1_result_fans_10000/*nodes_40_ER_adj_21/*/fans_analysis/fans_*.json,[],[],[],File not found with pattern: /data1/statduck/exp1_result_fans_30000/*nodes_40_ER_adj_21/*/fans_analysis/fans_*.json,[],[],[],File not found with pattern: /data1/statduck/exp1_result_fans_100epochs/*nodes_40_ER_adj_21/*/fans_analysis/fans_*.json,[],[],[],File not found with pattern: /data1/statduck/exp1_result_fans_500epochs/*nodes_40_ER_adj_21/*/fans_analysis/fans_*.json,[],[],[],File not found with pattern: /data1/statduck/exp1_result_fans_dim8/*nodes_40_ER_adj_21/*/fans_analysis/fans_*.json,[],[],[],File not found with pattern: /data1/statduck/exp1_result_fans_dim16/*nodes_40_ER_adj_21/*/fans_analysis/fans_*.json,[],[],[],File not found with pattern: /data1/statduck/exp1_result_fans_anm/*nodes_40_ER_adj_21/*/fans_analysis/fans_*.json,[],[],[],File not found with pattern: /data1/statduck/exp1_result_fans_small/*nodes_40_ER_adj_21/*/fans_analysis/fans_*.json,"[9, 24, 25, 31, 33, 39]","[7, 20, 23, 24, 25, 33, 35, 38]",[],,[],[],[],File not found,[],[],[],File not found,"[7, 23, 24, 25, 33, 35, 38]",[],[],,[],[],[],File not found,"[7, 8, 9, 10, 19, 20, 21, 22, 23, 24, 28, 30, 31, 32, 33, 34, 35, 37, 38]",[],[],,1.0,0.9333333333333333,0.0,0.9333333333333333,0.0,0.0,0.0,0.0,0.0,0.0,0.0,0.0,0.0,0.0,0.0,0.0,0.0,0.0,0.0,0.0,0.0,0.0,0.0,0.0,0.0,0.0,0.0,0.0,0.0,0.0,0.0,0.0,0.0,0.0,0.0,0.0,0.0,0.0,0.0,0.0,0.0,0.0,0.0,0.0,0,0.0,0.0,0.0,0.42857142857142855,1.0,0.0,1.0,0,0.0,0.0,0.0,0,,,0.9333333333333333,,,0.5185185185185185,,
40,ER,22,"[9, 12, 26, 30, 32, 33, 35, 36]","[9, 12, 26, 30, 32, 33, 35, 36]",[],"[1, 5, 8, 9, 12, 14, 20, 21, 22, 23, 26, 27, 28, 29, 30, 31, 32, 33, 34, 35, 36, 38, 39]","[9, 12, 26, 30, 32, 33, 35, 36]","[9, 12, 26, 30, 32, 33, 36]",[35],,[],[],[],File not found with pattern: /data1/statduck/exp1_result_fans_swap/*nodes_40_ER_adj_22/*/fans_analysis/fans_*.json,[],[],[],File not found with pattern: /data1/statduck/exp1_result_fans_5000/*nodes_40_ER_adj_22/*/fans_analysis/fans_*.json,[],[],[],File not found with pattern: /data1/statduck/exp1_result_fans_10000/*nodes_40_ER_adj_22/*/fans_analysis/fans_*.json,[],[],[],File not found with pattern: /data1/statduck/exp1_result_fans_30000/*nodes_40_ER_adj_22/*/fans_analysis/fans_*.json,[],[],[],File not found with pattern: /data1/statduck/exp1_result_fans_100epochs/*nodes_40_ER_adj_22/*/fans_analysis/fans_*.json,[],[],[],File not found with pattern: /data1/statduck/exp1_result_fans_500epochs/*nodes_40_ER_adj_22/*/fans_analysis/fans_*.json,[],[],[],File not found with pattern: /data1/statduck/exp1_result_fans_dim8/*nodes_40_ER_adj_22/*/fans_analysis/fans_*.json,[],[],[],File not found with pattern: /data1/statduck/exp1_result_fans_dim16/*nodes_40_ER_adj_22/*/fans_analysis/fans_*.json,[],[],[],File not found with pattern: /data1/statduck/exp1_result_fans_anm/*nodes_40_ER_adj_22/*/fans_analysis/fans_*.json,[],[],[],File not found with pattern: /data1/statduck/exp1_result_fans_small/*nodes_40_ER_adj_22/*/fans_analysis/fans_*.json,"[8, 12, 14, 20, 21, 23, 26, 30, 31, 32, 33, 34, 38, 39]","[9, 12, 26, 30, 32, 33, 35]",[36],,[],[],[],File not found,[],[],[],File not found,"[9, 12, 26, 30, 32, 33, 35, 36]",[],[],,[],[],[],File not found,"[1, 5, 8, 9, 12, 14, 21, 22, 23, 26, 27, 28, 30, 32, 33, 34, 35, 36, 39]",[],[],,1.0,0.9333333333333333,0.0,0.9333333333333333,0.0,0.0,0.0,0.0,0.0,0.0,0.0,0.0,0.0,0.0,0.0,0.0,0.0,0.0,0.0,0.0,0.0,0.0,0.0,0.0,0.0,0.0,0.0,0.0,0.0,0.0,0.0,0.0,0.0,0.0,0.0,0.0,0.0,0.0,0.0,0.0,0.0,0.0,0.0,0.0,0,0.0,0.0,0.0,0.45454545454545453,0.9333333333333333,0.0,0.9333333333333333,0,0.0,0.0,0.0,0,,,1.0,,,0.5925925925925926,,
40,ER,23,"[2, 3, 5, 9, 17, 23, 34, 35]","[2, 3, 5, 9, 17, 23, 34, 35]",[],"[2, 3, 5, 8, 9, 14, 17, 19, 21, 23, 25, 28, 29, 30, 31, 34, 35, 36, 37, 38]","[2, 3, 5, 9, 17, 23, 34, 35]","[2, 3, 5, 9, 17, 23, 34, 35]",[],,[],[],[],File not found with pattern: /data1/statduck/exp1_result_fans_swap/*nodes_40_ER_adj_23/*/fans_analysis/fans_*.json,[],[],[],File not found with pattern: /data1/statduck/exp1_result_fans_5000/*nodes_40_ER_adj_23/*/fans_analysis/fans_*.json,[],[],[],File not found with pattern: /data1/statduck/exp1_result_fans_10000/*nodes_40_ER_adj_23/*/fans_analysis/fans_*.json,[],[],[],File not found with pattern: /data1/statduck/exp1_result_fans_30000/*nodes_40_ER_adj_23/*/fans_analysis/fans_*.json,[],[],[],File not found with pattern: /data1/statduck/exp1_result_fans_100epochs/*nodes_40_ER_adj_23/*/fans_analysis/fans_*.json,[],[],[],File not found with pattern: /data1/statduck/exp1_result_fans_500epochs/*nodes_40_ER_adj_23/*/fans_analysis/fans_*.json,[],[],[],File not found with pattern: /data1/statduck/exp1_result_fans_dim8/*nodes_40_ER_adj_23/*/fans_analysis/fans_*.json,[],[],[],File not found with pattern: /data1/statduck/exp1_result_fans_dim16/*nodes_40_ER_adj_23/*/fans_analysis/fans_*.json,[],[],[],File not found with pattern: /data1/statduck/exp1_result_fans_anm/*nodes_40_ER_adj_23/*/fans_analysis/fans_*.json,[],[],[],File not found with pattern: /data1/statduck/exp1_result_fans_small/*nodes_40_ER_adj_23/*/fans_analysis/fans_*.json,"[5, 34]","[2, 3, 5, 9, 17, 23, 34, 35]",[],,[],[],[],File not found,[],[],[],File not found,"[2, 3, 5, 9, 23, 34, 35, 38]",[],[],,[],[],[],File not found,"[2, 3, 5, 8, 9, 14, 17, 19, 21, 23, 25, 29, 35, 36, 37, 38]",[],[],,1.0,1.0,0.0,1.0,0.0,0.0,0.0,0.0,0.0,0.0,0.0,0.0,0.0,0.0,0.0,0.0,0.0,0.0,0.0,0.0,0.0,0.0,0.0,0.0,0.0,0.0,0.0,0.0,0.0,0.0,0.0,0.0,0.0,0.0,0.0,0.0,0.0,0.0,0.0,0.0,0.0,0.0,0.0,0.0,0,0.0,0.0,0.0,0.4,1.0,0.0,1.0,0,0.0,0.0,0.0,0,,,0.875,,,0.5833333333333334,,
40,ER,24,"[9, 12, 18, 21, 30, 33, 34, 37]","[9, 12, 18, 21, 30, 33, 34, 37]",[],"[9, 10, 12, 14, 16, 17, 18, 19, 21, 22, 25, 26, 28, 30, 31, 32, 33, 34, 35, 36, 37, 38, 39]","[9, 12, 18, 21, 30, 33, 34, 37]","[9, 12, 18, 21, 30, 33, 37]",[34],,[],[],[],File not found with pattern: /data1/statduck/exp1_result_fans_swap/*nodes_40_ER_adj_24/*/fans_analysis/fans_*.json,[],[],[],File not found with pattern: /data1/statduck/exp1_result_fans_5000/*nodes_40_ER_adj_24/*/fans_analysis/fans_*.json,[],[],[],File not found with pattern: /data1/statduck/exp1_result_fans_10000/*nodes_40_ER_adj_24/*/fans_analysis/fans_*.json,[],[],[],File not found with pattern: /data1/statduck/exp1_result_fans_30000/*nodes_40_ER_adj_24/*/fans_analysis/fans_*.json,[],[],[],File not found with pattern: /data1/statduck/exp1_result_fans_100epochs/*nodes_40_ER_adj_24/*/fans_analysis/fans_*.json,[],[],[],File not found with pattern: /data1/statduck/exp1_result_fans_500epochs/*nodes_40_ER_adj_24/*/fans_analysis/fans_*.json,[],[],[],File not found with pattern: /data1/statduck/exp1_result_fans_dim8/*nodes_40_ER_adj_24/*/fans_analysis/fans_*.json,[],[],[],File not found with pattern: /data1/statduck/exp1_result_fans_dim16/*nodes_40_ER_adj_24/*/fans_analysis/fans_*.json,[],[],[],File not found with pattern: /data1/statduck/exp1_result_fans_anm/*nodes_40_ER_adj_24/*/fans_analysis/fans_*.json,[],[],[],File not found with pattern: /data1/statduck/exp1_result_fans_small/*nodes_40_ER_adj_24/*/fans_analysis/fans_*.json,"[9, 16, 21]","[9, 12, 18, 21, 30, 33, 34, 37]",[],,[],[],[],File not found,[],[],[],File not found,"[9, 12, 18, 21, 26, 34, 37]",[],[],,[],[],[],File not found,"[9, 10, 12, 16, 18, 21, 22, 25, 30, 31, 32, 33, 34, 35, 36, 37, 38, 39]",[],[],,1.0,0.9333333333333333,0.0,0.9333333333333333,0.0,0.0,0.0,0.0,0.0,0.0,0.0,0.0,0.0,0.0,0.0,0.0,0.0,0.0,0.0,0.0,0.0,0.0,0.0,0.0,0.0,0.0,0.0,0.0,0.0,0.0,0.0,0.0,0.0,0.0,0.0,0.0,0.0,0.0,0.0,0.0,0.0,0.0,0.0,0.0,0,0.0,0.0,0.0,0.36363636363636365,1.0,0.0,1.0,0,0.0,0.0,0.0,0,,,0.7999999999999999,,,0.6153846153846153,,
40,ER,25,"[14, 17, 21, 25, 28, 29, 31, 32]","[14, 17, 21, 25, 28, 29, 31, 32]",[],"[2, 5, 6, 12, 13, 14, 15, 16, 17, 19, 20, 21, 22, 25, 26, 28, 29, 30, 31, 32, 33, 34, 35, 36, 37, 38, 39]","[14, 17, 21, 25, 28, 29, 31, 32]","[14, 17, 21, 25, 28, 29, 31, 32]",[],,[],[],[],File not found with pattern: /data1/statduck/exp1_result_fans_swap/*nodes_40_ER_adj_25/*/fans_analysis/fans_*.json,[],[],[],File not found with pattern: /data1/statduck/exp1_result_fans_5000/*nodes_40_ER_adj_25/*/fans_analysis/fans_*.json,[],[],[],File not found with pattern: /data1/statduck/exp1_result_fans_10000/*nodes_40_ER_adj_25/*/fans_analysis/fans_*.json,[],[],[],File not found with pattern: /data1/statduck/exp1_result_fans_30000/*nodes_40_ER_adj_25/*/fans_analysis/fans_*.json,[],[],[],File not found with pattern: /data1/statduck/exp1_result_fans_100epochs/*nodes_40_ER_adj_25/*/fans_analysis/fans_*.json,[],[],[],File not found with pattern: /data1/statduck/exp1_result_fans_500epochs/*nodes_40_ER_adj_25/*/fans_analysis/fans_*.json,[],[],[],File not found with pattern: /data1/statduck/exp1_result_fans_dim8/*nodes_40_ER_adj_25/*/fans_analysis/fans_*.json,[],[],[],File not found with pattern: /data1/statduck/exp1_result_fans_dim16/*nodes_40_ER_adj_25/*/fans_analysis/fans_*.json,[],[],[],File not found with pattern: /data1/statduck/exp1_result_fans_anm/*nodes_40_ER_adj_25/*/fans_analysis/fans_*.json,[],[],[],File not found with pattern: /data1/statduck/exp1_result_fans_small/*nodes_40_ER_adj_25/*/fans_analysis/fans_*.json,"[2, 13, 14, 25, 28, 34, 35]","[14, 17, 21, 25, 28, 29, 31, 32]",[],,[],[],[],File not found,[],[],[],File not found,"[14, 17, 21, 25, 28, 29, 30, 31, 33]",[],[],,[],[],[],File not found,"[2, 5, 6, 12, 13, 14, 15, 16, 17, 19, 20, 21, 22, 25, 26, 28, 29, 30, 31, 32, 33, 34, 35, 36]",[],[],,1.0,1.0,0.0,1.0,0.0,0.0,0.0,0.0,0.0,0.0,0.0,0.0,0.0,0.0,0.0,0.0,0.0,0.0,0.0,0.0,0.0,0.0,0.0,0.0,0.0,0.0,0.0,0.0,0.0,0.0,0.0,0.0,0.0,0.0,0.0,0.0,0.0,0.0,0.0,0.0,0.0,0.0,0.0,0.0,0,0.0,0.0,0.0,0.39999999999999997,1.0,0.0,1.0,0,0.0,0.0,0.0,0,,,0.823529411764706,,,0.5,,
40,ER,26,"[14, 20, 22, 23, 27, 29, 32, 38]",[],"[14, 20, 22, 23, 27, 29, 32, 38]","[6, 13, 14, 16, 20, 22, 23, 24, 25, 26, 27, 28, 29, 31, 32, 34, 36, 37, 38, 39]","[14, 20, 23, 27, 29, 32, 38]",[],"[14, 20, 22, 23, 27, 29, 32, 38]",,[],[],[],File not found with pattern: /data1/statduck/exp1_result_fans_swap/*nodes_40_ER_adj_26/*/fans_analysis/fans_*.json,[],[],[],File not found with pattern: /data1/statduck/exp1_result_fans_5000/*nodes_40_ER_adj_26/*/fans_analysis/fans_*.json,[],[],[],File not found with pattern: /data1/statduck/exp1_result_fans_10000/*nodes_40_ER_adj_26/*/fans_analysis/fans_*.json,[],[],[],File not found with pattern: /data1/statduck/exp1_result_fans_30000/*nodes_40_ER_adj_26/*/fans_analysis/fans_*.json,[],[],[],File not found with pattern: /data1/statduck/exp1_result_fans_100epochs/*nodes_40_ER_adj_26/*/fans_analysis/fans_*.json,[],[],[],File not found with pattern: /data1/statduck/exp1_result_fans_500epochs/*nodes_40_ER_adj_26/*/fans_analysis/fans_*.json,[],[],[],File not found with pattern: /data1/statduck/exp1_result_fans_dim8/*nodes_40_ER_adj_26/*/fans_analysis/fans_*.json,[],[],[],File not found with pattern: /data1/statduck/exp1_result_fans_dim16/*nodes_40_ER_adj_26/*/fans_analysis/fans_*.json,[],[],[],File not found with pattern: /data1/statduck/exp1_result_fans_anm/*nodes_40_ER_adj_26/*/fans_analysis/fans_*.json,[],[],[],File not found with pattern: /data1/statduck/exp1_result_fans_small/*nodes_40_ER_adj_26/*/fans_analysis/fans_*.json,"[6, 13, 16, 20, 22, 23, 24, 25, 26, 27, 28, 29, 31, 32, 34, 36, 37, 38, 39]","[14, 20, 23, 27, 32]","[22, 29, 38]",,[],[],[],File not found,[],[],[],File not found,"[14, 20, 22, 23, 27, 29, 32, 38]",[],[],,[],[],[],File not found,"[6, 13, 14, 16, 20, 22, 23, 26, 27, 28, 29, 31, 34, 36, 37, 39]",[],[],,0.9333333333333333,0.0,1.0,1.0,0.0,0.0,0.0,0.0,0.0,0.0,0.0,0.0,0.0,0.0,0.0,0.0,0.0,0.0,0.0,0.0,0.0,0.0,0.0,0.0,0.0,0.0,0.0,0.0,0.0,0.0,0.0,0.0,0.0,0.0,0.0,0.0,0.0,0.0,0.0,0.0,0.0,0.0,0.0,0.0,0,0.0,0.0,0.0,0.5185185185185185,0.0,0.5454545454545454,0.5454545454545454,0,0.0,0.0,0.0,0,,,1.0,,,0.5,,
40,ER,27,"[3, 6, 7, 13, 17, 24, 25, 26]",[],"[3, 6, 7, 13, 17, 24, 25, 26]","[3, 4, 5, 6, 7, 8, 11, 12, 13, 17, 20, 21, 22, 23, 24, 25, 26, 27, 28, 30, 31, 33, 34, 35, 36, 37, 38, 39]","[3, 6, 7, 13, 17, 24, 25, 26]",[],"[3, 6, 7, 13, 17, 24, 25, 26]",,[],[],[],File not found with pattern: /data1/statduck/exp1_result_fans_swap/*nodes_40_ER_adj_27/*/fans_analysis/fans_*.json,[],[],[],File not found with pattern: /data1/statduck/exp1_result_fans_5000/*nodes_40_ER_adj_27/*/fans_analysis/fans_*.json,[],[],[],File not found with pattern: /data1/statduck/exp1_result_fans_10000/*nodes_40_ER_adj_27/*/fans_analysis/fans_*.json,[],[],[],File not found with pattern: /data1/statduck/exp1_result_fans_30000/*nodes_40_ER_adj_27/*/fans_analysis/fans_*.json,[],[],[],File not found with pattern: /data1/statduck/exp1_result_fans_100epochs/*nodes_40_ER_adj_27/*/fans_analysis/fans_*.json,[],[],[],File not found with pattern: /data1/statduck/exp1_result_fans_500epochs/*nodes_40_ER_adj_27/*/fans_analysis/fans_*.json,[],[],[],File not found with pattern: /data1/statduck/exp1_result_fans_dim8/*nodes_40_ER_adj_27/*/fans_analysis/fans_*.json,[],[],[],File not found with pattern: /data1/statduck/exp1_result_fans_dim16/*nodes_40_ER_adj_27/*/fans_analysis/fans_*.json,[],[],[],File not found with pattern: /data1/statduck/exp1_result_fans_anm/*nodes_40_ER_adj_27/*/fans_analysis/fans_*.json,[],[],[],File not found with pattern: /data1/statduck/exp1_result_fans_small/*nodes_40_ER_adj_27/*/fans_analysis/fans_*.json,"[4, 5, 6, 7, 11, 13, 17, 20, 21, 22, 24, 25, 26, 30, 34, 36, 37]","[3, 6, 7, 13, 17, 25, 26]",[24],,[],[],[],File not found,[],[],[],File not found,"[3, 6, 7, 13, 17, 24, 25, 26]",[],[],,[],[],[],File not found,"[3, 4, 5, 6, 7, 8, 12, 13, 17, 20, 21, 22, 23, 25, 26, 28, 30, 31, 33, 34, 36, 37, 38]",[],[],,1.0,0.0,1.0,1.0,0.0,0.0,0.0,0.0,0.0,0.0,0.0,0.0,0.0,0.0,0.0,0.0,0.0,0.0,0.0,0.0,0.0,0.0,0.0,0.0,0.0,0.0,0.0,0.0,0.0,0.0,0.0,0.0,0.0,0.0,0.0,0.0,0.0,0.0,0.0,0.0,0.0,0.0,0.0,0.0,0,0.0,0.0,0.0,0.56,0.0,0.2222222222222222,0.2222222222222222,0,0.0,0.0,0.0,0,,,1.0,,,0.4516129032258065,,
40,ER,28,"[7, 14, 17, 19, 26, 33, 36, 39]",[],"[7, 14, 17, 19, 26, 33, 36, 39]","[7, 10, 11, 12, 13, 14, 16, 17, 18, 19, 21, 22, 24, 25, 26, 27, 29, 30, 32, 33, 34, 35, 36, 37, 38, 39]","[7, 14, 17, 19, 26, 33, 36, 39]",[],"[7, 14, 17, 19, 26, 33, 36, 39]",,[],[],[],File not found with pattern: /data1/statduck/exp1_result_fans_swap/*nodes_40_ER_adj_28/*/fans_analysis/fans_*.json,[],[],[],File not found with pattern: /data1/statduck/exp1_result_fans_5000/*nodes_40_ER_adj_28/*/fans_analysis/fans_*.json,[],[],[],File not found with pattern: /data1/statduck/exp1_result_fans_10000/*nodes_40_ER_adj_28/*/fans_analysis/fans_*.json,[],[],[],File not found with pattern: /data1/statduck/exp1_result_fans_30000/*nodes_40_ER_adj_28/*/fans_analysis/fans_*.json,[],[],[],File not found with pattern: /data1/statduck/exp1_result_fans_100epochs/*nodes_40_ER_adj_28/*/fans_analysis/fans_*.json,[],[],[],File not found with pattern: /data1/statduck/exp1_result_fans_500epochs/*nodes_40_ER_adj_28/*/fans_analysis/fans_*.json,[],[],[],File not found with pattern: /data1/statduck/exp1_result_fans_dim8/*nodes_40_ER_adj_28/*/fans_analysis/fans_*.json,[],[],[],File not found with pattern: /data1/statduck/exp1_result_fans_dim16/*nodes_40_ER_adj_28/*/fans_analysis/fans_*.json,[],[],[],File not found with pattern: /data1/statduck/exp1_result_fans_anm/*nodes_40_ER_adj_28/*/fans_analysis/fans_*.json,[],[],[],File not found with pattern: /data1/statduck/exp1_result_fans_small/*nodes_40_ER_adj_28/*/fans_analysis/fans_*.json,"[7, 14, 16, 17, 18, 19, 21, 22, 24, 25, 26, 27, 29, 30, 32, 33, 34, 35, 36, 37, 38, 39]","[14, 17, 26, 33, 36]","[7, 19, 39]",,[],[],[],File not found,[],[],[],File not found,"[7, 14, 17, 19, 26, 33, 36, 39]",[],[],,[],[],[],File not found,"[7, 10, 11, 12, 13, 16, 18, 19, 24, 25, 26, 30, 32, 33, 34, 35, 36, 37, 38, 39]",[],[],,1.0,0.0,1.0,1.0,0.0,0.0,0.0,0.0,0.0,0.0,0.0,0.0,0.0,0.0,0.0,0.0,0.0,0.0,0.0,0.0,0.0,0.0,0.0,0.0,0.0,0.0,0.0,0.0,0.0,0.0,0.0,0.0,0.0,0.0,0.0,0.0,0.0,0.0,0.0,0.0,0.0,0.0,0.0,0.0,0,0.0,0.0,0.0,0.5333333333333333,0.0,0.5454545454545454,0.5454545454545454,0,0.0,0.0,0.0,0,,,1.0,,,0.4285714285714285,,
40,ER,29,"[8, 17, 18, 20, 21, 26, 27, 33]",[],"[8, 17, 18, 20, 21, 26, 27, 33]","[6, 8, 13, 17, 18, 19, 20, 21, 22, 23, 25, 26, 27, 28, 29, 30, 31, 32, 33, 34, 35, 36, 37, 39]","[8, 17, 18, 20, 21, 26, 27, 33]",[],"[8, 17, 18, 20, 21, 26, 27, 33]",,[],[],[],File not found with pattern: /data1/statduck/exp1_result_fans_swap/*nodes_40_ER_adj_29/*/fans_analysis/fans_*.json,[],[],[],File not found with pattern: /data1/statduck/exp1_result_fans_5000/*nodes_40_ER_adj_29/*/fans_analysis/fans_*.json,[],[],[],File not found with pattern: /data1/statduck/exp1_result_fans_10000/*nodes_40_ER_adj_29/*/fans_analysis/fans_*.json,[],[],[],File not found with pattern: /data1/statduck/exp1_result_fans_30000/*nodes_40_ER_adj_29/*/fans_analysis/fans_*.json,[],[],[],File not found with pattern: /data1/statduck/exp1_result_fans_100epochs/*nodes_40_ER_adj_29/*/fans_analysis/fans_*.json,[],[],[],File not found with pattern: /data1/statduck/exp1_result_fans_500epochs/*nodes_40_ER_adj_29/*/fans_analysis/fans_*.json,[],[],[],File not found with pattern: /data1/statduck/exp1_result_fans_dim8/*nodes_40_ER_adj_29/*/fans_analysis/fans_*.json,[],[],[],File not found with pattern: /data1/statduck/exp1_result_fans_dim16/*nodes_40_ER_adj_29/*/fans_analysis/fans_*.json,[],[],[],File not found with pattern: /data1/statduck/exp1_result_fans_anm/*nodes_40_ER_adj_29/*/fans_analysis/fans_*.json,[],[],[],File not found with pattern: /data1/statduck/exp1_result_fans_small/*nodes_40_ER_adj_29/*/fans_analysis/fans_*.json,"[6, 8, 13, 17, 18, 19, 20, 21, 22, 23, 25, 26, 27, 28, 29, 30, 31, 33, 34, 35, 36, 37, 39]","[8, 18, 20, 21, 27, 33]","[17, 26]",,[],[],[],File not found,[],[],[],File not found,"[8, 17, 18, 20, 21, 26, 27, 33]",[],[],,[],[],[],File not found,"[6, 8, 13, 17, 18, 19, 20, 21, 22, 25, 26, 27, 28, 30, 32, 33, 35, 36, 37]",[],[],,1.0,0.0,1.0,1.0,0.0,0.0,0.0,0.0,0.0,0.0,0.0,0.0,0.0,0.0,0.0,0.0,0.0,0.0,0.0,0.0,0.0,0.0,0.0,0.0,0.0,0.0,0.0,0.0,0.0,0.0,0.0,0.0,0.0,0.0,0.0,0.0,0.0,0.0,0.0,0.0,0.0,0.0,0.0,0.0,0,0.0,0.0,0.0,0.5161290322580645,0.0,0.4,0.4,0,0.0,0.0,0.0,0,,,1.0,,,0.5925925925925926,,
40,ER,30,"[13, 15, 17, 26, 33, 34, 36, 37]",[],"[13, 15, 17, 26, 33, 34, 36, 37]","[6, 8, 9, 11, 12, 13, 15, 16, 17, 18, 20, 25, 26, 27, 28, 29, 30, 31, 33, 34, 35, 36, 37, 38, 39]","[13, 15, 26, 33, 34, 36, 37]",[],"[13, 15, 17, 26, 33, 34, 36, 37]",,[],[],[],File not found with pattern: /data1/statduck/exp1_result_fans_swap/*nodes_40_ER_adj_30/*/fans_analysis/fans_*.json,[],[],[],File not found with pattern: /data1/statduck/exp1_result_fans_5000/*nodes_40_ER_adj_30/*/fans_analysis/fans_*.json,[],[],[],File not found with pattern: /data1/statduck/exp1_result_fans_10000/*nodes_40_ER_adj_30/*/fans_analysis/fans_*.json,[],[],[],File not found with pattern: /data1/statduck/exp1_result_fans_30000/*nodes_40_ER_adj_30/*/fans_analysis/fans_*.json,[],[],[],File not found with pattern: /data1/statduck/exp1_result_fans_100epochs/*nodes_40_ER_adj_30/*/fans_analysis/fans_*.json,[],[],[],File not found with pattern: /data1/statduck/exp1_result_fans_500epochs/*nodes_40_ER_adj_30/*/fans_analysis/fans_*.json,[],[],[],File not found with pattern: /data1/statduck/exp1_result_fans_dim8/*nodes_40_ER_adj_30/*/fans_analysis/fans_*.json,[],[],[],File not found with pattern: /data1/statduck/exp1_result_fans_dim16/*nodes_40_ER_adj_30/*/fans_analysis/fans_*.json,[],[],[],File not found with pattern: /data1/statduck/exp1_result_fans_anm/*nodes_40_ER_adj_30/*/fans_analysis/fans_*.json,[],[],[],File not found with pattern: /data1/statduck/exp1_result_fans_small/*nodes_40_ER_adj_30/*/fans_analysis/fans_*.json,"[6, 11, 12, 13, 15, 16, 17, 20, 26, 28, 29, 31, 33, 34, 35, 36, 38, 39]","[17, 26, 33, 34, 37]","[13, 15, 36]",,[],[],[],File not found,[],[],[],File not found,"[13, 15, 17, 26, 33, 34, 36, 37]",[],[],,[],[],[],File not found,"[6, 8, 9, 11, 12, 13, 16, 17, 18, 20, 26, 27, 28, 29, 30, 31, 33, 34, 36, 37, 38]",[],[],,0.9333333333333333,0.0,1.0,1.0,0.0,0.0,0.0,0.0,0.0,0.0,0.0,0.0,0.0,0.0,0.0,0.0,0.0,0.0,0.0,0.0,0.0,0.0,0.0,0.0,0.0,0.0,0.0,0.0,0.0,0.0,0.0,0.0,0.0,0.0,0.0,0.0,0.0,0.0,0.0,0.0,0.0,0.0,0.0,0.0,0,0.0,0.0,0.0,0.5384615384615385,0.0,0.5454545454545454,0.5454545454545454,0,0.0,0.0,0.0,0,,,1.0,,,0.48275862068965514,,
40,SF,1,"[2, 15, 17, 18, 19, 23, 27, 30]","[2, 15, 17, 18]","[19, 23, 27, 30]","[1, 2, 3, 4, 5, 6, 7, 8, 9, 10, 11, 12, 13, 14, 15, 16, 17, 18, 19, 20, 21, 22, 23, 24, 25, 26, 27, 28, 29, 30, 31, 32, 33, 34, 35, 36, 37, 38, 39]","[2, 15, 17, 18, 19, 23, 27, 30]","[2, 15, 17, 18]","[19, 23, 27, 30]",,[],[],[],File not found with pattern: /data1/statduck/exp1_result_fans_swap/*nodes_40_SF_adj_1/*/fans_analysis/fans_*.json,[],[],[],File not found with pattern: /data1/statduck/exp1_result_fans_5000/*nodes_40_SF_adj_1/*/fans_analysis/fans_*.json,[],[],[],File not found with pattern: /data1/statduck/exp1_result_fans_10000/*nodes_40_SF_adj_1/*/fans_analysis/fans_*.json,[],[],[],File not found with pattern: /data1/statduck/exp1_result_fans_30000/*nodes_40_SF_adj_1/*/fans_analysis/fans_*.json,[],[],[],File not found with pattern: /data1/statduck/exp1_result_fans_100epochs/*nodes_40_SF_adj_1/*/fans_analysis/fans_*.json,[],[],[],File not found with pattern: /data1/statduck/exp1_result_fans_500epochs/*nodes_40_SF_adj_1/*/fans_analysis/fans_*.json,[],[],[],File not found with pattern: /data1/statduck/exp1_result_fans_dim8/*nodes_40_SF_adj_1/*/fans_analysis/fans_*.json,[],[],[],File not found with pattern: /data1/statduck/exp1_result_fans_dim16/*nodes_40_SF_adj_1/*/fans_analysis/fans_*.json,[],[],[],File not found with pattern: /data1/statduck/exp1_result_fans_anm/*nodes_40_SF_adj_1/*/fans_analysis/fans_*.json,[],[],[],File not found with pattern: /data1/statduck/exp1_result_fans_small/*nodes_40_SF_adj_1/*/fans_analysis/fans_*.json,"[6, 14, 18, 19, 23, 27, 30, 33, 37, 38]","[2, 15, 17, 18, 19, 23, 27]",[30],,[],[],[],File not found,[],[],[],File not found,"[15, 17, 18, 19, 23, 27, 30]",[],[],,[],[],[],File not found,"[1, 2, 3, 4, 5, 6, 8, 9, 10, 11, 12, 13, 14, 15, 16, 18, 19, 20, 21, 22, 23, 24, 25, 26, 27, 28, 29, 30, 31, 32, 33, 34, 35, 36, 37, 38, 39]",[],[],,1.0,1.0,1.0,1.0,0.0,0.0,0.0,0.0,0.0,0.0,0.0,0.0,0.0,0.0,0.0,0.0,0.0,0.0,0.0,0.0,0.0,0.0,0.0,0.0,0.0,0.0,0.0,0.0,0.0,0.0,0.0,0.0,0.0,0.0,0.0,0.0,0.0,0.0,0.0,0.0,0.0,0.0,0.0,0.0,0,0.0,0.0,0.0,0.5555555555555556,0.7272727272727273,0.4,0.5636363636363637,0,0.0,0.0,0.0,0,,,0.9333333333333333,,,0.3111111111111111,,
40,SF,2,"[1, 8, 10, 13, 15, 25, 32, 33]","[8, 13, 15, 32]","[1, 10, 25, 33]","[1, 2, 3, 4, 5, 6, 7, 8, 9, 10, 11, 12, 13, 14, 15, 16, 17, 18, 19, 20, 21, 22, 23, 24, 25, 26, 27, 28, 29, 30, 31, 32, 33, 34, 35, 36, 37, 38, 39]","[1, 8, 10, 13, 15, 25, 32, 33]","[8, 13, 15, 32]","[1, 10, 25, 33]",,[],[],[],File not found with pattern: /data1/statduck/exp1_result_fans_swap/*nodes_40_SF_adj_2/*/fans_analysis/fans_*.json,[],[],[],File not found with pattern: /data1/statduck/exp1_result_fans_5000/*nodes_40_SF_adj_2/*/fans_analysis/fans_*.json,[],[],[],File not found with pattern: /data1/statduck/exp1_result_fans_10000/*nodes_40_SF_adj_2/*/fans_analysis/fans_*.json,[],[],[],File not found with pattern: /data1/statduck/exp1_result_fans_30000/*nodes_40_SF_adj_2/*/fans_analysis/fans_*.json,[],[],[],File not found with pattern: /data1/statduck/exp1_result_fans_100epochs/*nodes_40_SF_adj_2/*/fans_analysis/fans_*.json,[],[],[],File not found with pattern: /data1/statduck/exp1_result_fans_500epochs/*nodes_40_SF_adj_2/*/fans_analysis/fans_*.json,[],[],[],File not found with pattern: /data1/statduck/exp1_result_fans_dim8/*nodes_40_SF_adj_2/*/fans_analysis/fans_*.json,[],[],[],File not found with pattern: /data1/statduck/exp1_result_fans_dim16/*nodes_40_SF_adj_2/*/fans_analysis/fans_*.json,[],[],[],File not found with pattern: /data1/statduck/exp1_result_fans_anm/*nodes_40_SF_adj_2/*/fans_analysis/fans_*.json,[],[],[],File not found with pattern: /data1/statduck/exp1_result_fans_small/*nodes_40_SF_adj_2/*/fans_analysis/fans_*.json,"[2, 3, 4, 10, 14, 23, 25, 27, 33, 36]","[8, 10, 13, 15, 32]","[1, 25, 33]",,[],[],[],File not found,[],[],[],File not found,"[1, 8, 10, 13, 15, 25, 32, 33]",[],[],,[],[],[],File not found,"[1, 2, 3, 4, 5, 6, 7, 8, 9, 10, 11, 12, 14, 16, 17, 18, 19, 20, 21, 22, 23, 24, 25, 26, 27, 28, 29, 30, 31, 32, 33, 34, 35, 36, 37, 38, 39]",[],[],,1.0,1.0,1.0,1.0,0.0,0.0,0.0,0.0,0.0,0.0,0.0,0.0,0.0,0.0,0.0,0.0,0.0,0.0,0.0,0.0,0.0,0.0,0.0,0.0,0.0,0.0,0.0,0.0,0.0,0.0,0.0,0.0,0.0,0.0,0.0,0.0,0.0,0.0,0.0,0.0,0.0,0.0,0.0,0.0,0,0.0,0.0,0.0,0.33333333333333326,0.888888888888889,0.8571428571428571,0.873015873015873,0,0.0,0.0,0.0,0,,,1.0,,,0.26666666666666666,,
40,SF,3,"[2, 9, 16, 19, 20, 21, 28, 35]","[2, 16, 19, 21]","[9, 20, 28, 35]","[1, 2, 3, 4, 5, 6, 7, 8, 9, 10, 11, 12, 13, 14, 15, 16, 17, 18, 19, 20, 21, 22, 23, 24, 25, 26, 27, 28, 29, 30, 31, 32, 33, 34, 35, 36, 37, 38, 39]","[2, 9, 16, 19, 20, 21, 28, 35]","[2, 16, 19, 21]","[9, 20, 28, 35]",,[],[],[],File not found with pattern: /data1/statduck/exp1_result_fans_swap/*nodes_40_SF_adj_3/*/fans_analysis/fans_*.json,[],[],[],File not found with pattern: /data1/statduck/exp1_result_fans_5000/*nodes_40_SF_adj_3/*/fans_analysis/fans_*.json,[],[],[],File not found with pattern: /data1/statduck/exp1_result_fans_10000/*nodes_40_SF_adj_3/*/fans_analysis/fans_*.json,[],[],[],File not found with pattern: /data1/statduck/exp1_result_fans_30000/*nodes_40_SF_adj_3/*/fans_analysis/fans_*.json,[],[],[],File not found with pattern: /data1/statduck/exp1_result_fans_100epochs/*nodes_40_SF_adj_3/*/fans_analysis/fans_*.json,[],[],[],File not found with pattern: /data1/statduck/exp1_result_fans_500epochs/*nodes_40_SF_adj_3/*/fans_analysis/fans_*.json,[],[],[],File not found with pattern: /data1/statduck/exp1_result_fans_dim8/*nodes_40_SF_adj_3/*/fans_analysis/fans_*.json,[],[],[],File not found with pattern: /data1/statduck/exp1_result_fans_dim16/*nodes_40_SF_adj_3/*/fans_analysis/fans_*.json,[],[],[],File not found with pattern: /data1/statduck/exp1_result_fans_anm/*nodes_40_SF_adj_3/*/fans_analysis/fans_*.json,[],[],[],File not found with pattern: /data1/statduck/exp1_result_fans_small/*nodes_40_SF_adj_3/*/fans_analysis/fans_*.json,"[2, 3, 4, 5, 6, 7, 8, 9, 10, 11, 12, 13, 14, 15, 17, 20, 23, 24, 25, 26, 27, 28, 29, 30, 31, 32, 33, 34, 35, 36, 37, 38, 39]","[2, 16, 19, 20, 21, 28, 35]",[9],,[],[],[],File not found,[],[],[],File not found,"[2, 9, 16, 20, 21, 28, 35]",[],[],,[],[],[],File not found,"[1, 2, 3, 4, 5, 6, 7, 8, 9, 10, 11, 12, 13, 14, 15, 16, 17, 18, 19, 20, 22, 23, 24, 25, 26, 27, 28, 29, 30, 31, 32, 33, 34, 35, 36, 37, 38, 39]",[],[],,1.0,1.0,1.0,1.0,0.0,0.0,0.0,0.0,0.0,0.0,0.0,0.0,0.0,0.0,0.0,0.0,0.0,0.0,0.0,0.0,0.0,0.0,0.0,0.0,0.0,0.0,0.0,0.0,0.0,0.0,0.0,0.0,0.0,0.0,0.0,0.0,0.0,0.0,0.0,0.0,0.0,0.0,0.0,0.0,0,0.0,0.0,0.0,0.24390243902439024,0.7272727272727273,0.4,0.5636363636363637,0,0.0,0.0,0.0,0,,,0.9333333333333333,,,0.30434782608695654,,
40,SF,4,"[9, 15, 19, 24, 25, 30, 37, 39]","[9, 19, 30, 37]","[15, 24, 25, 39]","[1, 2, 3, 4, 5, 6, 7, 8, 9, 10, 11, 12, 13, 14, 15, 16, 17, 18, 19, 20, 21, 22, 23, 24, 25, 26, 27, 28, 29, 30, 31, 32, 33, 34, 35, 36, 37, 38, 39]","[9, 15, 19, 24, 25, 30, 37, 39]","[9, 19, 30, 37]","[15, 24, 25, 39]",,[],[],[],File not found with pattern: /data1/statduck/exp1_result_fans_swap/*nodes_40_SF_adj_4/*/fans_analysis/fans_*.json,[],[],[],File not found with pattern: /data1/statduck/exp1_result_fans_5000/*nodes_40_SF_adj_4/*/fans_analysis/fans_*.json,[],[],[],File not found with pattern: /data1/statduck/exp1_result_fans_10000/*nodes_40_SF_adj_4/*/fans_analysis/fans_*.json,[],[],[],File not found with pattern: /data1/statduck/exp1_result_fans_30000/*nodes_40_SF_adj_4/*/fans_analysis/fans_*.json,[],[],[],File not found with pattern: /data1/statduck/exp1_result_fans_100epochs/*nodes_40_SF_adj_4/*/fans_analysis/fans_*.json,[],[],[],File not found with pattern: /data1/statduck/exp1_result_fans_500epochs/*nodes_40_SF_adj_4/*/fans_analysis/fans_*.json,[],[],[],File not found with pattern: /data1/statduck/exp1_result_fans_dim8/*nodes_40_SF_adj_4/*/fans_analysis/fans_*.json,[],[],[],File not found with pattern: /data1/statduck/exp1_result_fans_dim16/*nodes_40_SF_adj_4/*/fans_analysis/fans_*.json,[],[],[],File not found with pattern: /data1/statduck/exp1_result_fans_anm/*nodes_40_SF_adj_4/*/fans_analysis/fans_*.json,[],[],[],File not found with pattern: /data1/statduck/exp1_result_fans_small/*nodes_40_SF_adj_4/*/fans_analysis/fans_*.json,"[2, 6, 11, 15, 22, 24, 25, 27, 32, 39]","[9, 15, 19, 25, 30, 37]","[24, 39]",,[],[],[],File not found,[],[],[],File not found,"[15, 19, 24, 25, 30, 37, 39]",[],[],,[],[],[],File not found,"[1, 2, 3, 4, 5, 6, 7, 8, 9, 10, 11, 12, 13, 14, 15, 16, 17, 18, 19, 20, 21, 22, 23, 24, 25, 26, 27, 28, 29, 30, 31, 32, 33, 34, 35, 36, 38, 39]",[],[],,1.0,1.0,1.0,1.0,0.0,0.0,0.0,0.0,0.0,0.0,0.0,0.0,0.0,0.0,0.0,0.0,0.0,0.0,0.0,0.0,0.0,0.0,0.0,0.0,0.0,0.0,0.0,0.0,0.0,0.0,0.0,0.0,0.0,0.0,0.0,0.0,0.0,0.0,0.0,0.0,0.0,0.0,0.0,0.0,0,0.0,0.0,0.0,0.4444444444444445,0.8,0.6666666666666666,0.7333333333333334,0,0.0,0.0,0.0,0,,,0.9333333333333333,,,0.30434782608695654,,
40,SF,5,"[6, 9, 11, 12, 14, 23, 28, 34]","[6, 9, 11, 12]","[14, 23, 28, 34]","[1, 2, 3, 4, 5, 6, 7, 8, 9, 10, 11, 12, 13, 14, 15, 16, 17, 18, 19, 20, 21, 22, 23, 24, 25, 26, 27, 28, 29, 30, 31, 32, 33, 34, 35, 36, 37, 38, 39]","[6, 9, 11, 12, 14, 23, 28, 34]","[6, 9, 11, 12]","[14, 23, 28, 34]",,[],[],[],File not found with pattern: /data1/statduck/exp1_result_fans_swap/*nodes_40_SF_adj_5/*/fans_analysis/fans_*.json,[],[],[],File not found with pattern: /data1/statduck/exp1_result_fans_5000/*nodes_40_SF_adj_5/*/fans_analysis/fans_*.json,[],[],[],File not found with pattern: /data1/statduck/exp1_result_fans_10000/*nodes_40_SF_adj_5/*/fans_analysis/fans_*.json,[],[],[],File not found with pattern: /data1/statduck/exp1_result_fans_30000/*nodes_40_SF_adj_5/*/fans_analysis/fans_*.json,[],[],[],File not found with pattern: /data1/statduck/exp1_result_fans_100epochs/*nodes_40_SF_adj_5/*/fans_analysis/fans_*.json,[],[],[],File not found with pattern: /data1/statduck/exp1_result_fans_500epochs/*nodes_40_SF_adj_5/*/fans_analysis/fans_*.json,[],[],[],File not found with pattern: /data1/statduck/exp1_result_fans_dim8/*nodes_40_SF_adj_5/*/fans_analysis/fans_*.json,[],[],[],File not found with pattern: /data1/statduck/exp1_result_fans_dim16/*nodes_40_SF_adj_5/*/fans_analysis/fans_*.json,[],[],[],File not found with pattern: /data1/statduck/exp1_result_fans_anm/*nodes_40_SF_adj_5/*/fans_analysis/fans_*.json,[],[],[],File not found with pattern: /data1/statduck/exp1_result_fans_small/*nodes_40_SF_adj_5/*/fans_analysis/fans_*.json,"[3, 4, 7, 14, 23, 24, 28, 30, 34, 37]","[6, 9, 11, 12, 14, 23]","[28, 34]",,[],[],[],File not found,[],[],[],File not found,"[6, 9, 14, 23, 28, 34]",[],[],,[],[],[],File not found,"[1, 2, 3, 4, 5, 6, 7, 8, 9, 10, 11, 12, 13, 14, 15, 16, 17, 18, 19, 20, 21, 22, 23, 24, 25, 26, 27, 28, 29, 30, 31, 32, 33, 34, 35, 36, 37, 38, 39]",[],[],,1.0,1.0,1.0,1.0,0.0,0.0,0.0,0.0,0.0,0.0,0.0,0.0,0.0,0.0,0.0,0.0,0.0,0.0,0.0,0.0,0.0,0.0,0.0,0.0,0.0,0.0,0.0,0.0,0.0,0.0,0.0,0.0,0.0,0.0,0.0,0.0,0.0,0.0,0.0,0.0,0.0,0.0,0.0,0.0,0,0.0,0.0,0.0,0.4444444444444445,0.8,0.6666666666666666,0.7333333333333334,0,0.0,0.0,0.0,0,,,0.8571428571428571,,,0.3404255319148936,,
40,SF,6,"[3, 5, 6, 16, 20, 30, 35, 36]","[6, 16, 20, 36]","[3, 5, 30, 35]","[1, 2, 3, 4, 5, 6, 7, 8, 9, 10, 11, 12, 13, 14, 15, 16, 17, 18, 19, 20, 21, 22, 23, 24, 25, 26, 27, 28, 29, 30, 31, 32, 33, 34, 35, 36, 37, 38, 39]","[3, 5, 6, 16, 20, 30, 35, 36]","[6, 16, 20, 36]","[3, 5, 30, 35]",,[],[],[],File not found with pattern: /data1/statduck/exp1_result_fans_swap/*nodes_40_SF_adj_6/*/fans_analysis/fans_*.json,[],[],[],File not found with pattern: /data1/statduck/exp1_result_fans_5000/*nodes_40_SF_adj_6/*/fans_analysis/fans_*.json,[],[],[],File not found with pattern: /data1/statduck/exp1_result_fans_10000/*nodes_40_SF_adj_6/*/fans_analysis/fans_*.json,[],[],[],File not found with pattern: /data1/statduck/exp1_result_fans_30000/*nodes_40_SF_adj_6/*/fans_analysis/fans_*.json,[],[],[],File not found with pattern: /data1/statduck/exp1_result_fans_100epochs/*nodes_40_SF_adj_6/*/fans_analysis/fans_*.json,[],[],[],File not found with pattern: /data1/statduck/exp1_result_fans_500epochs/*nodes_40_SF_adj_6/*/fans_analysis/fans_*.json,[],[],[],File not found with pattern: /data1/statduck/exp1_result_fans_dim8/*nodes_40_SF_adj_6/*/fans_analysis/fans_*.json,[],[],[],File not found with pattern: /data1/statduck/exp1_result_fans_dim16/*nodes_40_SF_adj_6/*/fans_analysis/fans_*.json,[],[],[],File not found with pattern: /data1/statduck/exp1_result_fans_anm/*nodes_40_SF_adj_6/*/fans_analysis/fans_*.json,[],[],[],File not found with pattern: /data1/statduck/exp1_result_fans_small/*nodes_40_SF_adj_6/*/fans_analysis/fans_*.json,"[7, 14, 30, 35]","[6, 16, 20, 30, 35, 36]","[3, 5]",,[],[],[],File not found,[],[],[],File not found,"[3, 5, 6, 16, 30, 35]",[],[],,[],[],[],File not found,"[1, 2, 3, 4, 5, 6, 7, 8, 9, 10, 11, 12, 13, 14, 15, 16, 17, 18, 19, 20, 21, 22, 23, 24, 25, 26, 27, 28, 29, 30, 31, 32, 33, 34, 35, 36, 37, 38, 39]",[],[],,1.0,1.0,1.0,1.0,0.0,0.0,0.0,0.0,0.0,0.0,0.0,0.0,0.0,0.0,0.0,0.0,0.0,0.0,0.0,0.0,0.0,0.0,0.0,0.0,0.0,0.0,0.0,0.0,0.0,0.0,0.0,0.0,0.0,0.0,0.0,0.0,0.0,0.0,0.0,0.0,0.0,0.0,0.0,0.0,0,0.0,0.0,0.0,0.3333333333333333,0.8,0.6666666666666666,0.7333333333333334,0,0.0,0.0,0.0,0,,,0.8571428571428571,,,0.3404255319148936,,
40,SF,7,"[12, 15, 19, 24, 25, 31, 33, 39]","[12, 25, 31, 33]","[15, 19, 24, 39]","[1, 2, 3, 4, 5, 6, 7, 8, 9, 10, 11, 12, 13, 14, 15, 16, 17, 18, 19, 20, 21, 22, 23, 24, 25, 26, 27, 28, 29, 30, 31, 32, 33, 34, 35, 36, 37, 38, 39]","[12, 15, 19, 24, 25, 31, 33, 39]","[12, 25, 31, 33]","[15, 19, 24, 39]",,[],[],[],File not found with pattern: /data1/statduck/exp1_result_fans_swap/*nodes_40_SF_adj_7/*/fans_analysis/fans_*.json,[],[],[],File not found with pattern: /data1/statduck/exp1_result_fans_5000/*nodes_40_SF_adj_7/*/fans_analysis/fans_*.json,[],[],[],File not found with pattern: /data1/statduck/exp1_result_fans_10000/*nodes_40_SF_adj_7/*/fans_analysis/fans_*.json,[],[],[],File not found with pattern: /data1/statduck/exp1_result_fans_30000/*nodes_40_SF_adj_7/*/fans_analysis/fans_*.json,[],[],[],File not found with pattern: /data1/statduck/exp1_result_fans_100epochs/*nodes_40_SF_adj_7/*/fans_analysis/fans_*.json,[],[],[],File not found with pattern: /data1/statduck/exp1_result_fans_500epochs/*nodes_40_SF_adj_7/*/fans_analysis/fans_*.json,[],[],[],File not found with pattern: /data1/statduck/exp1_result_fans_dim8/*nodes_40_SF_adj_7/*/fans_analysis/fans_*.json,[],[],[],File not found with pattern: /data1/statduck/exp1_result_fans_dim16/*nodes_40_SF_adj_7/*/fans_analysis/fans_*.json,[],[],[],File not found with pattern: /data1/statduck/exp1_result_fans_anm/*nodes_40_SF_adj_7/*/fans_analysis/fans_*.json,[],[],[],File not found with pattern: /data1/statduck/exp1_result_fans_small/*nodes_40_SF_adj_7/*/fans_analysis/fans_*.json,"[2, 3, 4, 5, 6, 8, 9, 10, 11, 14, 15, 16, 17, 18, 19, 20, 21, 22, 23, 24, 26, 27, 28, 29, 30, 31, 32, 34, 35, 36, 37, 38, 39]","[12, 25, 31, 33, 39]","[15, 19, 24]",,[],[],[],File not found,[],[],[],File not found,"[15, 19, 24, 25, 33, 39]",[],[],,[],[],[],File not found,"[1, 2, 3, 4, 5, 6, 7, 8, 9, 10, 11, 12, 13, 14, 15, 16, 17, 18, 19, 20, 21, 22, 23, 24, 25, 26, 27, 28, 29, 30, 31, 32, 33, 34, 35, 36, 37, 38, 39]",[],[],,1.0,1.0,1.0,1.0,0.0,0.0,0.0,0.0,0.0,0.0,0.0,0.0,0.0,0.0,0.0,0.0,0.0,0.0,0.0,0.0,0.0,0.0,0.0,0.0,0.0,0.0,0.0,0.0,0.0,0.0,0.0,0.0,0.0,0.0,0.0,0.0,0.0,0.0,0.0,0.0,0.0,0.0,0.0,0.0,0,0.0,0.0,0.0,0.24390243902439024,0.888888888888889,0.8571428571428571,0.873015873015873,0,0.0,0.0,0.0,0,,,0.8571428571428571,,,0.3404255319148936,,
40,SF,8,"[4, 5, 7, 10, 12, 17, 21, 35]","[7, 12, 21, 35]","[4, 5, 10, 17]","[1, 2, 3, 4, 5, 6, 7, 8, 9, 10, 11, 12, 13, 14, 15, 16, 17, 18, 19, 20, 21, 22, 23, 24, 25, 26, 27, 28, 29, 30, 31, 32, 33, 34, 35, 36, 37, 38, 39]","[4, 5, 7, 10, 12, 17, 21, 35]","[7, 12, 21, 35]","[4, 5, 10, 17]",,[],[],[],File not found with pattern: /data1/statduck/exp1_result_fans_swap/*nodes_40_SF_adj_8/*/fans_analysis/fans_*.json,[],[],[],File not found with pattern: /data1/statduck/exp1_result_fans_5000/*nodes_40_SF_adj_8/*/fans_analysis/fans_*.json,[],[],[],File not found with pattern: /data1/statduck/exp1_result_fans_10000/*nodes_40_SF_adj_8/*/fans_analysis/fans_*.json,[],[],[],File not found with pattern: /data1/statduck/exp1_result_fans_30000/*nodes_40_SF_adj_8/*/fans_analysis/fans_*.json,[],[],[],File not found with pattern: /data1/statduck/exp1_result_fans_100epochs/*nodes_40_SF_adj_8/*/fans_analysis/fans_*.json,[],[],[],File not found with pattern: /data1/statduck/exp1_result_fans_500epochs/*nodes_40_SF_adj_8/*/fans_analysis/fans_*.json,[],[],[],File not found with pattern: /data1/statduck/exp1_result_fans_dim8/*nodes_40_SF_adj_8/*/fans_analysis/fans_*.json,[],[],[],File not found with pattern: /data1/statduck/exp1_result_fans_dim16/*nodes_40_SF_adj_8/*/fans_analysis/fans_*.json,[],[],[],File not found with pattern: /data1/statduck/exp1_result_fans_anm/*nodes_40_SF_adj_8/*/fans_analysis/fans_*.json,[],[],[],File not found with pattern: /data1/statduck/exp1_result_fans_small/*nodes_40_SF_adj_8/*/fans_analysis/fans_*.json,"[3, 4, 5, 6, 7, 9, 10, 11, 12, 13, 14, 15, 16, 17, 18, 19, 20, 22, 23, 24, 25, 26, 27, 28, 29, 30, 31, 32, 34, 35, 36, 37, 38, 39]","[5, 7, 10, 12, 21, 35]","[4, 17]",,[],[],[],File not found,[],[],[],File not found,"[4, 5, 10, 12, 17, 35]",[],[],,[],[],[],File not found,"[1, 2, 3, 4, 5, 6, 7, 8, 9, 10, 11, 12, 13, 14, 15, 16, 17, 18, 19, 20, 22, 23, 24, 25, 26, 27, 28, 29, 30, 31, 32, 33, 34, 35, 36, 37, 38, 39]",[],[],,1.0,1.0,1.0,1.0,0.0,0.0,0.0,0.0,0.0,0.0,0.0,0.0,0.0,0.0,0.0,0.0,0.0,0.0,0.0,0.0,0.0,0.0,0.0,0.0,0.0,0.0,0.0,0.0,0.0,0.0,0.0,0.0,0.0,0.0,0.0,0.0,0.0,0.0,0.0,0.0,0.0,0.0,0.0,0.0,0,0.0,0.0,0.0,0.33333333333333337,0.8,0.6666666666666666,0.7333333333333334,0,0.0,0.0,0.0,0,,,0.8571428571428571,,,0.30434782608695654,,
40,SF,9,"[2, 3, 4, 17, 24, 25, 31, 36]","[2, 3, 24, 25]","[4, 17, 31, 36]","[1, 2, 3, 4, 5, 6, 7, 8, 9, 10, 11, 12, 13, 14, 15, 16, 17, 18, 19, 20, 21, 22, 23, 24, 25, 26, 27, 28, 29, 30, 31, 32, 33, 34, 35, 36, 37, 38, 39]","[2, 3, 4, 17, 24, 25, 31, 36]","[2, 3, 24, 25]","[4, 17, 31, 36]",,[],[],[],File not found with pattern: /data1/statduck/exp1_result_fans_swap/*nodes_40_SF_adj_9/*/fans_analysis/fans_*.json,[],[],[],File not found with pattern: /data1/statduck/exp1_result_fans_5000/*nodes_40_SF_adj_9/*/fans_analysis/fans_*.json,[],[],[],File not found with pattern: /data1/statduck/exp1_result_fans_10000/*nodes_40_SF_adj_9/*/fans_analysis/fans_*.json,[],[],[],File not found with pattern: /data1/statduck/exp1_result_fans_30000/*nodes_40_SF_adj_9/*/fans_analysis/fans_*.json,[],[],[],File not found with pattern: /data1/statduck/exp1_result_fans_100epochs/*nodes_40_SF_adj_9/*/fans_analysis/fans_*.json,[],[],[],File not found with pattern: /data1/statduck/exp1_result_fans_500epochs/*nodes_40_SF_adj_9/*/fans_analysis/fans_*.json,[],[],[],File not found with pattern: /data1/statduck/exp1_result_fans_dim8/*nodes_40_SF_adj_9/*/fans_analysis/fans_*.json,[],[],[],File not found with pattern: /data1/statduck/exp1_result_fans_dim16/*nodes_40_SF_adj_9/*/fans_analysis/fans_*.json,[],[],[],File not found with pattern: /data1/statduck/exp1_result_fans_anm/*nodes_40_SF_adj_9/*/fans_analysis/fans_*.json,[],[],[],File not found with pattern: /data1/statduck/exp1_result_fans_small/*nodes_40_SF_adj_9/*/fans_analysis/fans_*.json,"[1, 2, 4, 6, 7, 8, 9, 10, 11, 12, 13, 14, 15, 16, 17, 18, 19, 20, 21, 22, 23, 26, 27, 28, 29, 30, 31, 32, 33, 34, 35, 36, 37]","[2, 3, 4, 24, 25, 31]","[17, 36]",,[],[],[],File not found,[],[],[],File not found,"[2, 3, 4, 17, 24, 25, 31, 36]",[],[],,[],[],[],File not found,"[1, 2, 3, 4, 5, 6, 7, 8, 9, 10, 11, 12, 13, 14, 15, 16, 17, 18, 19, 20, 21, 22, 23, 25, 26, 27, 28, 29, 30, 31, 32, 33, 34, 35, 36, 37, 38, 39]",[],[],,1.0,1.0,1.0,1.0,0.0,0.0,0.0,0.0,0.0,0.0,0.0,0.0,0.0,0.0,0.0,0.0,0.0,0.0,0.0,0.0,0.0,0.0,0.0,0.0,0.0,0.0,0.0,0.0,0.0,0.0,0.0,0.0,0.0,0.0,0.0,0.0,0.0,0.0,0.0,0.0,0.0,0.0,0.0,0.0,0,0.0,0.0,0.0,0.24390243902439024,0.8,0.6666666666666666,0.7333333333333334,0,0.0,0.0,0.0,0,,,1.0,,,0.30434782608695654,,
40,SF,10,"[8, 21, 22, 23, 24, 30, 31, 39]","[8, 22, 23, 24]","[21, 30, 31, 39]","[1, 2, 3, 4, 5, 6, 7, 8, 9, 10, 11, 12, 13, 14, 15, 16, 17, 18, 19, 20, 21, 22, 23, 24, 25, 26, 27, 28, 29, 30, 31, 32, 33, 34, 35, 36, 37, 38, 39]","[8, 21, 22, 23, 24, 30, 31, 39]","[8, 22, 23, 24]","[21, 30, 31, 39]",,[],[],[],File not found with pattern: /data1/statduck/exp1_result_fans_swap/*nodes_40_SF_adj_10/*/fans_analysis/fans_*.json,[],[],[],File not found with pattern: /data1/statduck/exp1_result_fans_5000/*nodes_40_SF_adj_10/*/fans_analysis/fans_*.json,[],[],[],File not found with pattern: /data1/statduck/exp1_result_fans_10000/*nodes_40_SF_adj_10/*/fans_analysis/fans_*.json,[],[],[],File not found with pattern: /data1/statduck/exp1_result_fans_30000/*nodes_40_SF_adj_10/*/fans_analysis/fans_*.json,[],[],[],File not found with pattern: /data1/statduck/exp1_result_fans_100epochs/*nodes_40_SF_adj_10/*/fans_analysis/fans_*.json,[],[],[],File not found with pattern: /data1/statduck/exp1_result_fans_500epochs/*nodes_40_SF_adj_10/*/fans_analysis/fans_*.json,[],[],[],File not found with pattern: /data1/statduck/exp1_result_fans_dim8/*nodes_40_SF_adj_10/*/fans_analysis/fans_*.json,[],[],[],File not found with pattern: /data1/statduck/exp1_result_fans_dim16/*nodes_40_SF_adj_10/*/fans_analysis/fans_*.json,[],[],[],File not found with pattern: /data1/statduck/exp1_result_fans_anm/*nodes_40_SF_adj_10/*/fans_analysis/fans_*.json,[],[],[],File not found with pattern: /data1/statduck/exp1_result_fans_small/*nodes_40_SF_adj_10/*/fans_analysis/fans_*.json,"[1, 3, 5, 6, 7, 8, 9, 10, 11, 12, 13, 14, 16, 17, 18, 20, 21, 25, 26, 27, 28, 29, 30, 31, 32, 33, 34, 35, 36, 37, 38, 39]","[8, 21, 22, 23, 24, 30, 31, 39]",[],,[],[],[],File not found,[],[],[],File not found,"[21, 22, 23, 30, 31, 39]",[],[],,[],[],[],File not found,"[1, 2, 3, 4, 5, 6, 7, 8, 9, 10, 11, 12, 13, 14, 15, 16, 17, 18, 19, 20, 21, 23, 24, 25, 26, 27, 28, 29, 30, 31, 32, 33, 34, 35, 36, 37, 38, 39]",[],[],,1.0,1.0,1.0,1.0,0.0,0.0,0.0,0.0,0.0,0.0,0.0,0.0,0.0,0.0,0.0,0.0,0.0,0.0,0.0,0.0,0.0,0.0,0.0,0.0,0.0,0.0,0.0,0.0,0.0,0.0,0.0,0.0,0.0,0.0,0.0,0.0,0.0,0.0,0.0,0.0,0.0,0.0,0.0,0.0,0,0.0,0.0,0.0,0.25,0.6666666666666666,0.0,0.3333333333333333,0,0.0,0.0,0.0,0,,,0.8571428571428571,,,0.30434782608695654,,
40,SF,11,"[6, 11, 12, 15, 19, 21, 24, 27]","[6, 11, 15, 27]","[12, 19, 21, 24]","[1, 2, 3, 4, 5, 6, 7, 8, 9, 10, 11, 12, 13, 14, 15, 16, 17, 18, 19, 20, 21, 22, 23, 24, 25, 26, 27, 28, 29, 30, 31, 32, 33, 34, 35, 36, 37, 38, 39]","[6, 11, 12, 15, 19, 21, 24, 27]","[6, 11, 15, 27]","[12, 19, 21, 24]",,[],[],[],File not found with pattern: /data1/statduck/exp1_result_fans_swap/*nodes_40_SF_adj_11/*/fans_analysis/fans_*.json,[],[],[],File not found with pattern: /data1/statduck/exp1_result_fans_5000/*nodes_40_SF_adj_11/*/fans_analysis/fans_*.json,[],[],[],File not found with pattern: /data1/statduck/exp1_result_fans_10000/*nodes_40_SF_adj_11/*/fans_analysis/fans_*.json,[],[],[],File not found with pattern: /data1/statduck/exp1_result_fans_30000/*nodes_40_SF_adj_11/*/fans_analysis/fans_*.json,[],[],[],File not found with pattern: /data1/statduck/exp1_result_fans_100epochs/*nodes_40_SF_adj_11/*/fans_analysis/fans_*.json,[],[],[],File not found with pattern: /data1/statduck/exp1_result_fans_500epochs/*nodes_40_SF_adj_11/*/fans_analysis/fans_*.json,[],[],[],File not found with pattern: /data1/statduck/exp1_result_fans_dim8/*nodes_40_SF_adj_11/*/fans_analysis/fans_*.json,[],[],[],File not found with pattern: /data1/statduck/exp1_result_fans_dim16/*nodes_40_SF_adj_11/*/fans_analysis/fans_*.json,[],[],[],File not found with pattern: /data1/statduck/exp1_result_fans_anm/*nodes_40_SF_adj_11/*/fans_analysis/fans_*.json,[],[],[],File not found with pattern: /data1/statduck/exp1_result_fans_small/*nodes_40_SF_adj_11/*/fans_analysis/fans_*.json,"[1, 3, 4, 6, 7, 10, 11, 12, 13, 14, 15, 18, 19, 20, 21, 22, 23, 24, 25, 26, 27, 31, 34, 37, 39]","[6, 11, 15, 19, 21, 27]","[12, 24]",,[],[],[],File not found,[],[],[],File not found,"[6, 11, 12, 15, 19, 21, 24, 27]",[],[],,[],[],[],File not found,"[1, 2, 3, 4, 5, 6, 7, 8, 9, 10, 11, 12, 13, 14, 15, 16, 17, 18, 19, 20, 21, 22, 23, 24, 25, 26, 27, 28, 29, 30, 31, 32, 33, 34, 35, 36, 37, 38, 39]",[],[],,1.0,1.0,1.0,1.0,0.0,0.0,0.0,0.0,0.0,0.0,0.0,0.0,0.0,0.0,0.0,0.0,0.0,0.0,0.0,0.0,0.0,0.0,0.0,0.0,0.0,0.0,0.0,0.0,0.0,0.0,0.0,0.0,0.0,0.0,0.0,0.0,0.0,0.0,0.0,0.0,0.0,0.0,0.0,0.0,0,0.0,0.0,0.0,0.48484848484848486,0.8,0.6666666666666666,0.7333333333333334,0,0.0,0.0,0.0,0,,,1.0,,,0.3404255319148936,,
40,SF,12,"[3, 8, 10, 11, 14, 17, 18, 39]","[3, 11, 14, 18]","[8, 10, 17, 39]","[1, 2, 3, 4, 5, 6, 7, 8, 9, 10, 11, 12, 13, 14, 15, 16, 17, 18, 19, 20, 21, 22, 23, 24, 25, 26, 27, 28, 29, 30, 31, 32, 33, 34, 35, 36, 37, 38, 39]","[3, 8, 10, 11, 14, 17, 18, 39]","[3, 11, 14, 18]","[8, 10, 17, 39]",,[],[],[],File not found with pattern: /data1/statduck/exp1_result_fans_swap/*nodes_40_SF_adj_12/*/fans_analysis/fans_*.json,[],[],[],File not found with pattern: /data1/statduck/exp1_result_fans_5000/*nodes_40_SF_adj_12/*/fans_analysis/fans_*.json,[],[],[],File not found with pattern: /data1/statduck/exp1_result_fans_10000/*nodes_40_SF_adj_12/*/fans_analysis/fans_*.json,[],[],[],File not found with pattern: /data1/statduck/exp1_result_fans_30000/*nodes_40_SF_adj_12/*/fans_analysis/fans_*.json,[],[],[],File not found with pattern: /data1/statduck/exp1_result_fans_100epochs/*nodes_40_SF_adj_12/*/fans_analysis/fans_*.json,[],[],[],File not found with pattern: /data1/statduck/exp1_result_fans_500epochs/*nodes_40_SF_adj_12/*/fans_analysis/fans_*.json,[],[],[],File not found with pattern: /data1/statduck/exp1_result_fans_dim8/*nodes_40_SF_adj_12/*/fans_analysis/fans_*.json,[],[],[],File not found with pattern: /data1/statduck/exp1_result_fans_dim16/*nodes_40_SF_adj_12/*/fans_analysis/fans_*.json,[],[],[],File not found with pattern: /data1/statduck/exp1_result_fans_anm/*nodes_40_SF_adj_12/*/fans_analysis/fans_*.json,[],[],[],File not found with pattern: /data1/statduck/exp1_result_fans_small/*nodes_40_SF_adj_12/*/fans_analysis/fans_*.json,"[2, 3, 4, 5, 7, 8, 10, 11, 12, 14, 15, 16, 17, 18, 19, 20, 21, 22, 23, 24, 25, 26, 27, 28, 29, 32, 34, 35, 39]","[3, 8, 10, 11, 14, 17, 18]",[39],,[],[],[],File not found,[],[],[],File not found,"[3, 8, 10, 11, 14, 17, 18, 39]",[],[],,[],[],[],File not found,"[1, 2, 3, 4, 5, 6, 7, 8, 9, 10, 11, 12, 13, 14, 15, 16, 17, 18, 19, 20, 21, 22, 23, 24, 25, 26, 27, 28, 29, 30, 31, 32, 33, 34, 35, 36, 37, 38, 39]",[],[],,1.0,1.0,1.0,1.0,0.0,0.0,0.0,0.0,0.0,0.0,0.0,0.0,0.0,0.0,0.0,0.0,0.0,0.0,0.0,0.0,0.0,0.0,0.0,0.0,0.0,0.0,0.0,0.0,0.0,0.0,0.0,0.0,0.0,0.0,0.0,0.0,0.0,0.0,0.0,0.0,0.0,0.0,0.0,0.0,0,0.0,0.0,0.0,0.4324324324324324,0.7272727272727273,0.4,0.5636363636363637,0,0.0,0.0,0.0,0,,,1.0,,,0.3404255319148936,,
40,SF,13,"[7, 12, 16, 19, 24, 27, 28, 38]","[12, 19, 28, 38]","[7, 16, 24, 27]","[1, 2, 3, 4, 5, 6, 7, 8, 9, 10, 11, 12, 13, 14, 15, 16, 17, 18, 19, 20, 21, 22, 23, 24, 25, 26, 27, 28, 29, 30, 31, 32, 33, 34, 35, 36, 37, 38, 39]","[7, 12, 16, 19, 24, 27, 28, 38]","[12, 19, 28, 38]","[7, 16, 24, 27]",,[],[],[],File not found with pattern: /data1/statduck/exp1_result_fans_swap/*nodes_40_SF_adj_13/*/fans_analysis/fans_*.json,[],[],[],File not found with pattern: /data1/statduck/exp1_result_fans_5000/*nodes_40_SF_adj_13/*/fans_analysis/fans_*.json,[],[],[],File not found with pattern: /data1/statduck/exp1_result_fans_10000/*nodes_40_SF_adj_13/*/fans_analysis/fans_*.json,[],[],[],File not found with pattern: /data1/statduck/exp1_result_fans_30000/*nodes_40_SF_adj_13/*/fans_analysis/fans_*.json,[],[],[],File not found with pattern: /data1/statduck/exp1_result_fans_100epochs/*nodes_40_SF_adj_13/*/fans_analysis/fans_*.json,[],[],[],File not found with pattern: /data1/statduck/exp1_result_fans_500epochs/*nodes_40_SF_adj_13/*/fans_analysis/fans_*.json,[],[],[],File not found with pattern: /data1/statduck/exp1_result_fans_dim8/*nodes_40_SF_adj_13/*/fans_analysis/fans_*.json,[],[],[],File not found with pattern: /data1/statduck/exp1_result_fans_dim16/*nodes_40_SF_adj_13/*/fans_analysis/fans_*.json,[],[],[],File not found with pattern: /data1/statduck/exp1_result_fans_anm/*nodes_40_SF_adj_13/*/fans_analysis/fans_*.json,[],[],[],File not found with pattern: /data1/statduck/exp1_result_fans_small/*nodes_40_SF_adj_13/*/fans_analysis/fans_*.json,"[1, 3, 5, 7, 9, 10, 12, 14, 16, 17, 19, 21, 24, 27, 28, 29, 31, 32, 34, 36, 38]","[12, 19, 27, 28, 38]","[7, 16, 24]",,[],[],[],File not found,[],[],[],File not found,"[7, 12, 16, 19, 24, 27, 28, 38]",[],[],,[],[],[],File not found,"[1, 2, 3, 4, 5, 6, 7, 8, 9, 10, 11, 12, 13, 14, 15, 16, 17, 18, 19, 21, 22, 23, 24, 25, 26, 27, 28, 29, 30, 31, 32, 33, 34, 35, 36, 37, 38, 39]",[],[],,1.0,1.0,1.0,1.0,0.0,0.0,0.0,0.0,0.0,0.0,0.0,0.0,0.0,0.0,0.0,0.0,0.0,0.0,0.0,0.0,0.0,0.0,0.0,0.0,0.0,0.0,0.0,0.0,0.0,0.0,0.0,0.0,0.0,0.0,0.0,0.0,0.0,0.0,0.0,0.0,0.0,0.0,0.0,0.0,0,0.0,0.0,0.0,0.5517241379310345,0.888888888888889,0.8571428571428571,0.873015873015873,0,0.0,0.0,0.0,0,,,1.0,,,0.34782608695652173,,
40,SF,14,"[1, 3, 18, 22, 24, 33, 35, 38]","[1, 24, 35, 38]","[3, 18, 22, 33]","[1, 2, 3, 4, 5, 6, 7, 8, 9, 10, 11, 12, 13, 14, 15, 16, 17, 18, 19, 20, 21, 22, 23, 24, 25, 26, 27, 28, 29, 30, 31, 32, 33, 34, 35, 36, 37, 38, 39]","[1, 3, 18, 22, 24, 33, 35, 38]","[1, 24, 35, 38]","[3, 18, 22, 33]",,[],[],[],File not found with pattern: /data1/statduck/exp1_result_fans_swap/*nodes_40_SF_adj_14/*/fans_analysis/fans_*.json,[],[],[],File not found with pattern: /data1/statduck/exp1_result_fans_5000/*nodes_40_SF_adj_14/*/fans_analysis/fans_*.json,[],[],[],File not found with pattern: /data1/statduck/exp1_result_fans_10000/*nodes_40_SF_adj_14/*/fans_analysis/fans_*.json,[],[],[],File not found with pattern: /data1/statduck/exp1_result_fans_30000/*nodes_40_SF_adj_14/*/fans_analysis/fans_*.json,[],[],[],File not found with pattern: /data1/statduck/exp1_result_fans_100epochs/*nodes_40_SF_adj_14/*/fans_analysis/fans_*.json,[],[],[],File not found with pattern: /data1/statduck/exp1_result_fans_500epochs/*nodes_40_SF_adj_14/*/fans_analysis/fans_*.json,[],[],[],File not found with pattern: /data1/statduck/exp1_result_fans_dim8/*nodes_40_SF_adj_14/*/fans_analysis/fans_*.json,[],[],[],File not found with pattern: /data1/statduck/exp1_result_fans_dim16/*nodes_40_SF_adj_14/*/fans_analysis/fans_*.json,[],[],[],File not found with pattern: /data1/statduck/exp1_result_fans_anm/*nodes_40_SF_adj_14/*/fans_analysis/fans_*.json,[],[],[],File not found with pattern: /data1/statduck/exp1_result_fans_small/*nodes_40_SF_adj_14/*/fans_analysis/fans_*.json,"[2, 4, 5, 6, 9, 15, 18, 22, 24, 25, 26, 33, 35, 38]","[1, 3, 18, 22, 24, 33, 35, 38]",[],,[],[],[],File not found,[],[],[],File not found,"[1, 3, 18, 22, 24, 33, 35, 38]",[],[],,[],[],[],File not found,"[1, 2, 3, 4, 5, 6, 7, 8, 9, 10, 11, 12, 13, 14, 15, 16, 17, 18, 19, 20, 21, 22, 23, 24, 25, 26, 27, 28, 29, 30, 31, 32, 33, 34, 35, 36, 37, 38, 39]",[],[],,1.0,1.0,1.0,1.0,0.0,0.0,0.0,0.0,0.0,0.0,0.0,0.0,0.0,0.0,0.0,0.0,0.0,0.0,0.0,0.0,0.0,0.0,0.0,0.0,0.0,0.0,0.0,0.0,0.0,0.0,0.0,0.0,0.0,0.0,0.0,0.0,0.0,0.0,0.0,0.0,0.0,0.0,0.0,0.0,0,0.0,0.0,0.0,0.5454545454545454,0.6666666666666666,0.0,0.3333333333333333,0,0.0,0.0,0.0,0,,,1.0,,,0.3404255319148936,,
40,SF,15,"[4, 18, 25, 28, 30, 31, 33, 34]","[4, 18, 33, 34]","[25, 28, 30, 31]","[1, 2, 3, 4, 5, 6, 7, 8, 9, 10, 11, 12, 13, 14, 15, 16, 17, 18, 19, 20, 21, 22, 23, 24, 25, 26, 27, 28, 29, 30, 31, 32, 33, 34, 35, 36, 37, 38, 39]","[4, 18, 25, 28, 30, 31, 33, 34]","[4, 18, 33, 34]","[25, 28, 30, 31]",,[],[],[],File not found with pattern: /data1/statduck/exp1_result_fans_swap/*nodes_40_SF_adj_15/*/fans_analysis/fans_*.json,[],[],[],File not found with pattern: /data1/statduck/exp1_result_fans_5000/*nodes_40_SF_adj_15/*/fans_analysis/fans_*.json,[],[],[],File not found with pattern: /data1/statduck/exp1_result_fans_10000/*nodes_40_SF_adj_15/*/fans_analysis/fans_*.json,[],[],[],File not found with pattern: /data1/statduck/exp1_result_fans_30000/*nodes_40_SF_adj_15/*/fans_analysis/fans_*.json,[],[],[],File not found with pattern: /data1/statduck/exp1_result_fans_100epochs/*nodes_40_SF_adj_15/*/fans_analysis/fans_*.json,[],[],[],File not found with pattern: /data1/statduck/exp1_result_fans_500epochs/*nodes_40_SF_adj_15/*/fans_analysis/fans_*.json,[],[],[],File not found with pattern: /data1/statduck/exp1_result_fans_dim8/*nodes_40_SF_adj_15/*/fans_analysis/fans_*.json,[],[],[],File not found with pattern: /data1/statduck/exp1_result_fans_dim16/*nodes_40_SF_adj_15/*/fans_analysis/fans_*.json,[],[],[],File not found with pattern: /data1/statduck/exp1_result_fans_anm/*nodes_40_SF_adj_15/*/fans_analysis/fans_*.json,[],[],[],File not found with pattern: /data1/statduck/exp1_result_fans_small/*nodes_40_SF_adj_15/*/fans_analysis/fans_*.json,"[18, 25, 27, 28, 31, 33, 34, 38]","[4, 18, 28, 30, 31, 33, 34]",[25],,[],[],[],File not found,[],[],[],File not found,"[4, 18, 25, 28, 30, 31, 33, 34]",[],[],,[],[],[],File not found,"[1, 2, 3, 4, 5, 6, 7, 8, 9, 10, 11, 12, 13, 14, 15, 16, 17, 18, 19, 20, 21, 22, 23, 24, 25, 26, 27, 28, 29, 30, 31, 32, 33, 34, 35, 36, 37, 38, 39]",[],[],,1.0,1.0,1.0,1.0,0.0,0.0,0.0,0.0,0.0,0.0,0.0,0.0,0.0,0.0,0.0,0.0,0.0,0.0,0.0,0.0,0.0,0.0,0.0,0.0,0.0,0.0,0.0,0.0,0.0,0.0,0.0,0.0,0.0,0.0,0.0,0.0,0.0,0.0,0.0,0.0,0.0,0.0,0.0,0.0,0,0.0,0.0,0.0,0.75,0.7272727272727273,0.4,0.5636363636363637,0,0.0,0.0,0.0,0,,,1.0,,,0.3404255319148936,,
40,SF,16,"[4, 9, 14, 24, 33, 35, 36, 39]","[14, 33, 35, 36]","[4, 9, 24, 39]","[1, 2, 3, 4, 5, 6, 7, 8, 9, 10, 11, 12, 13, 14, 15, 16, 17, 18, 19, 20, 21, 22, 23, 24, 25, 26, 27, 28, 29, 30, 31, 32, 33, 34, 35, 36, 37, 38, 39]","[4, 9, 14, 24, 33, 35, 36, 39]","[14, 33, 35, 36]","[4, 9, 24, 39]",,[],[],[],File not found with pattern: /data1/statduck/exp1_result_fans_swap/*nodes_40_SF_adj_16/*/fans_analysis/fans_*.json,[],[],[],File not found with pattern: /data1/statduck/exp1_result_fans_5000/*nodes_40_SF_adj_16/*/fans_analysis/fans_*.json,[],[],[],File not found with pattern: /data1/statduck/exp1_result_fans_10000/*nodes_40_SF_adj_16/*/fans_analysis/fans_*.json,[],[],[],File not found with pattern: /data1/statduck/exp1_result_fans_30000/*nodes_40_SF_adj_16/*/fans_analysis/fans_*.json,[],[],[],File not found with pattern: /data1/statduck/exp1_result_fans_100epochs/*nodes_40_SF_adj_16/*/fans_analysis/fans_*.json,[],[],[],File not found with pattern: /data1/statduck/exp1_result_fans_500epochs/*nodes_40_SF_adj_16/*/fans_analysis/fans_*.json,[],[],[],File not found with pattern: /data1/statduck/exp1_result_fans_dim8/*nodes_40_SF_adj_16/*/fans_analysis/fans_*.json,[],[],[],File not found with pattern: /data1/statduck/exp1_result_fans_dim16/*nodes_40_SF_adj_16/*/fans_analysis/fans_*.json,[],[],[],File not found with pattern: /data1/statduck/exp1_result_fans_anm/*nodes_40_SF_adj_16/*/fans_analysis/fans_*.json,[],[],[],File not found with pattern: /data1/statduck/exp1_result_fans_small/*nodes_40_SF_adj_16/*/fans_analysis/fans_*.json,"[1, 3, 4, 8, 10, 12, 13, 14, 15, 18, 21, 24, 26, 27, 30, 31, 33, 35, 36, 39]","[4, 9, 14, 24, 33, 35, 36, 39]",[],,[],[],[],File not found,[],[],[],File not found,"[4, 9, 14, 24, 33, 35, 36, 39]",[],[],,[],[],[],File not found,"[1, 2, 3, 4, 5, 6, 7, 8, 9, 10, 11, 13, 14, 15, 16, 17, 18, 19, 20, 21, 22, 23, 24, 25, 26, 27, 28, 29, 30, 31, 32, 33, 34, 35, 36, 37, 38, 39]",[],[],,1.0,1.0,1.0,1.0,0.0,0.0,0.0,0.0,0.0,0.0,0.0,0.0,0.0,0.0,0.0,0.0,0.0,0.0,0.0,0.0,0.0,0.0,0.0,0.0,0.0,0.0,0.0,0.0,0.0,0.0,0.0,0.0,0.0,0.0,0.0,0.0,0.0,0.0,0.0,0.0,0.0,0.0,0.0,0.0,0,0.0,0.0,0.0,0.4999999999999999,0.6666666666666666,0.0,0.3333333333333333,0,0.0,0.0,0.0,0,,,1.0,,,0.34782608695652173,,
40,SF,17,"[3, 17, 19, 22, 25, 29, 32, 39]","[17, 19, 29, 39]","[3, 22, 25, 32]","[1, 2, 3, 4, 5, 6, 7, 8, 9, 10, 11, 12, 13, 14, 15, 16, 17, 18, 19, 20, 21, 22, 23, 24, 25, 26, 27, 28, 29, 30, 31, 32, 33, 34, 35, 36, 37, 38, 39]","[3, 17, 19, 22, 25, 29, 32, 39]","[17, 19, 29, 39]","[3, 22, 25, 32]",,[],[],[],File not found with pattern: /data1/statduck/exp1_result_fans_swap/*nodes_40_SF_adj_17/*/fans_analysis/fans_*.json,[],[],[],File not found with pattern: /data1/statduck/exp1_result_fans_5000/*nodes_40_SF_adj_17/*/fans_analysis/fans_*.json,[],[],[],File not found with pattern: /data1/statduck/exp1_result_fans_10000/*nodes_40_SF_adj_17/*/fans_analysis/fans_*.json,[],[],[],File not found with pattern: /data1/statduck/exp1_result_fans_30000/*nodes_40_SF_adj_17/*/fans_analysis/fans_*.json,[],[],[],File not found with pattern: /data1/statduck/exp1_result_fans_100epochs/*nodes_40_SF_adj_17/*/fans_analysis/fans_*.json,[],[],[],File not found with pattern: /data1/statduck/exp1_result_fans_500epochs/*nodes_40_SF_adj_17/*/fans_analysis/fans_*.json,[],[],[],File not found with pattern: /data1/statduck/exp1_result_fans_dim8/*nodes_40_SF_adj_17/*/fans_analysis/fans_*.json,[],[],[],File not found with pattern: /data1/statduck/exp1_result_fans_dim16/*nodes_40_SF_adj_17/*/fans_analysis/fans_*.json,[],[],[],File not found with pattern: /data1/statduck/exp1_result_fans_anm/*nodes_40_SF_adj_17/*/fans_analysis/fans_*.json,[],[],[],File not found with pattern: /data1/statduck/exp1_result_fans_small/*nodes_40_SF_adj_17/*/fans_analysis/fans_*.json,"[2, 3, 4, 5, 6, 7, 10, 13, 14, 15, 16, 17, 18, 19, 20, 21, 22, 23, 25, 26, 27, 28, 29, 30, 32, 33, 34, 35, 36, 38, 39]","[3, 17, 19, 22, 25, 29, 32, 39]",[],,[],[],[],File not found,[],[],[],File not found,"[3, 17, 19, 22, 25, 29, 32, 39]",[],[],,[],[],[],File not found,"[1, 2, 3, 4, 5, 6, 7, 8, 9, 10, 11, 12, 13, 14, 15, 16, 17, 18, 19, 20, 21, 22, 23, 24, 25, 26, 27, 28, 29, 30, 31, 32, 33, 34, 35, 36, 37, 38, 39]",[],[],,1.0,1.0,1.0,1.0,0.0,0.0,0.0,0.0,0.0,0.0,0.0,0.0,0.0,0.0,0.0,0.0,0.0,0.0,0.0,0.0,0.0,0.0,0.0,0.0,0.0,0.0,0.0,0.0,0.0,0.0,0.0,0.0,0.0,0.0,0.0,0.0,0.0,0.0,0.0,0.0,0.0,0.0,0.0,0.0,0,0.0,0.0,0.0,0.41025641025641024,0.6666666666666666,0.0,0.3333333333333333,0,0.0,0.0,0.0,0,,,1.0,,,0.3404255319148936,,
40,SF,18,"[1, 7, 12, 18, 23, 24, 25, 28]","[1, 7, 12, 18]","[23, 24, 25, 28]","[1, 2, 3, 4, 5, 6, 7, 8, 9, 10, 11, 12, 13, 14, 15, 16, 17, 18, 19, 20, 21, 22, 23, 24, 25, 26, 27, 28, 29, 30, 31, 32, 33, 34, 35, 36, 37, 38, 39]","[1, 7, 12, 18, 23, 24, 25, 28]","[1, 7, 12, 18]","[23, 24, 25, 28]",,[],[],[],File not found with pattern: /data1/statduck/exp1_result_fans_swap/*nodes_40_SF_adj_18/*/fans_analysis/fans_*.json,[],[],[],File not found with pattern: /data1/statduck/exp1_result_fans_5000/*nodes_40_SF_adj_18/*/fans_analysis/fans_*.json,[],[],[],File not found with pattern: /data1/statduck/exp1_result_fans_10000/*nodes_40_SF_adj_18/*/fans_analysis/fans_*.json,[],[],[],File not found with pattern: /data1/statduck/exp1_result_fans_30000/*nodes_40_SF_adj_18/*/fans_analysis/fans_*.json,[],[],[],File not found with pattern: /data1/statduck/exp1_result_fans_100epochs/*nodes_40_SF_adj_18/*/fans_analysis/fans_*.json,[],[],[],File not found with pattern: /data1/statduck/exp1_result_fans_500epochs/*nodes_40_SF_adj_18/*/fans_analysis/fans_*.json,[],[],[],File not found with pattern: /data1/statduck/exp1_result_fans_dim8/*nodes_40_SF_adj_18/*/fans_analysis/fans_*.json,[],[],[],File not found with pattern: /data1/statduck/exp1_result_fans_dim16/*nodes_40_SF_adj_18/*/fans_analysis/fans_*.json,[],[],[],File not found with pattern: /data1/statduck/exp1_result_fans_anm/*nodes_40_SF_adj_18/*/fans_analysis/fans_*.json,[],[],[],File not found with pattern: /data1/statduck/exp1_result_fans_small/*nodes_40_SF_adj_18/*/fans_analysis/fans_*.json,"[1, 7, 11, 12, 18, 24, 28, 31]","[1, 7, 12, 18, 23, 25, 28]",[24],,[],[],[],File not found,[],[],[],File not found,"[1, 7, 12, 18, 23, 24, 25, 28]",[],[],,[],[],[],File not found,"[1, 2, 3, 4, 5, 6, 7, 8, 9, 10, 11, 12, 13, 14, 15, 16, 17, 18, 19, 20, 21, 22, 23, 24, 25, 26, 27, 28, 29, 30, 31, 32, 33, 34, 35, 36, 37, 38, 39]",[],[],,1.0,1.0,1.0,1.0,0.0,0.0,0.0,0.0,0.0,0.0,0.0,0.0,0.0,0.0,0.0,0.0,0.0,0.0,0.0,0.0,0.0,0.0,0.0,0.0,0.0,0.0,0.0,0.0,0.0,0.0,0.0,0.0,0.0,0.0,0.0,0.0,0.0,0.0,0.0,0.0,0.0,0.0,0.0,0.0,0,0.0,0.0,0.0,0.75,0.7272727272727273,0.4,0.5636363636363637,0,0.0,0.0,0.0,0,,,1.0,,,0.3404255319148936,,
40,SF,19,"[13, 14, 18, 22, 26, 34, 38, 39]","[13, 14, 22, 34]","[18, 26, 38, 39]","[1, 2, 3, 4, 5, 6, 7, 8, 9, 10, 11, 12, 13, 14, 15, 16, 17, 18, 19, 20, 21, 22, 23, 24, 25, 26, 27, 28, 29, 30, 31, 32, 33, 34, 35, 36, 37, 38, 39]","[13, 14, 18, 22, 26, 34, 38, 39]","[13, 14, 22, 34]","[18, 26, 38, 39]",,[],[],[],File not found with pattern: /data1/statduck/exp1_result_fans_swap/*nodes_40_SF_adj_19/*/fans_analysis/fans_*.json,[],[],[],File not found with pattern: /data1/statduck/exp1_result_fans_5000/*nodes_40_SF_adj_19/*/fans_analysis/fans_*.json,[],[],[],File not found with pattern: /data1/statduck/exp1_result_fans_10000/*nodes_40_SF_adj_19/*/fans_analysis/fans_*.json,[],[],[],File not found with pattern: /data1/statduck/exp1_result_fans_30000/*nodes_40_SF_adj_19/*/fans_analysis/fans_*.json,[],[],[],File not found with pattern: /data1/statduck/exp1_result_fans_100epochs/*nodes_40_SF_adj_19/*/fans_analysis/fans_*.json,[],[],[],File not found with pattern: /data1/statduck/exp1_result_fans_500epochs/*nodes_40_SF_adj_19/*/fans_analysis/fans_*.json,[],[],[],File not found with pattern: /data1/statduck/exp1_result_fans_dim8/*nodes_40_SF_adj_19/*/fans_analysis/fans_*.json,[],[],[],File not found with pattern: /data1/statduck/exp1_result_fans_dim16/*nodes_40_SF_adj_19/*/fans_analysis/fans_*.json,[],[],[],File not found with pattern: /data1/statduck/exp1_result_fans_anm/*nodes_40_SF_adj_19/*/fans_analysis/fans_*.json,[],[],[],File not found with pattern: /data1/statduck/exp1_result_fans_small/*nodes_40_SF_adj_19/*/fans_analysis/fans_*.json,"[5, 6, 10, 11, 13, 14, 18, 22, 23, 26, 27, 30, 31, 34, 38, 39]","[13, 14, 22, 26, 34, 38]","[18, 39]",,[],[],[],File not found,[],[],[],File not found,"[13, 14, 18, 22, 26, 34, 38, 39]",[],[],,[],[],[],File not found,"[1, 2, 3, 4, 5, 6, 7, 8, 9, 10, 11, 12, 13, 14, 15, 16, 17, 18, 19, 20, 21, 22, 23, 24, 25, 26, 27, 28, 29, 30, 31, 32, 33, 34, 35, 36, 37, 38, 39]",[],[],,1.0,1.0,1.0,1.0,0.0,0.0,0.0,0.0,0.0,0.0,0.0,0.0,0.0,0.0,0.0,0.0,0.0,0.0,0.0,0.0,0.0,0.0,0.0,0.0,0.0,0.0,0.0,0.0,0.0,0.0,0.0,0.0,0.0,0.0,0.0,0.0,0.0,0.0,0.0,0.0,0.0,0.0,0.0,0.0,0,0.0,0.0,0.0,0.6666666666666666,0.8,0.6666666666666666,0.7333333333333334,0,0.0,0.0,0.0,0,,,1.0,,,0.3404255319148936,,
40,SF,20,"[2, 8, 17, 19, 21, 33, 37, 38]","[19, 33, 37, 38]","[2, 8, 17, 21]","[1, 2, 3, 4, 5, 6, 7, 8, 9, 10, 11, 12, 13, 14, 15, 16, 17, 18, 19, 20, 21, 22, 23, 24, 25, 26, 27, 28, 29, 30, 31, 32, 33, 34, 35, 36, 37, 38, 39]","[2, 8, 17, 19, 21, 33, 37, 38]","[19, 33, 37, 38]","[2, 8, 17, 21]",,[],[],[],File not found with pattern: /data1/statduck/exp1_result_fans_swap/*nodes_40_SF_adj_20/*/fans_analysis/fans_*.json,[],[],[],File not found with pattern: /data1/statduck/exp1_result_fans_5000/*nodes_40_SF_adj_20/*/fans_analysis/fans_*.json,[],[],[],File not found with pattern: /data1/statduck/exp1_result_fans_10000/*nodes_40_SF_adj_20/*/fans_analysis/fans_*.json,[],[],[],File not found with pattern: /data1/statduck/exp1_result_fans_30000/*nodes_40_SF_adj_20/*/fans_analysis/fans_*.json,[],[],[],File not found with pattern: /data1/statduck/exp1_result_fans_100epochs/*nodes_40_SF_adj_20/*/fans_analysis/fans_*.json,[],[],[],File not found with pattern: /data1/statduck/exp1_result_fans_500epochs/*nodes_40_SF_adj_20/*/fans_analysis/fans_*.json,[],[],[],File not found with pattern: /data1/statduck/exp1_result_fans_dim8/*nodes_40_SF_adj_20/*/fans_analysis/fans_*.json,[],[],[],File not found with pattern: /data1/statduck/exp1_result_fans_dim16/*nodes_40_SF_adj_20/*/fans_analysis/fans_*.json,[],[],[],File not found with pattern: /data1/statduck/exp1_result_fans_anm/*nodes_40_SF_adj_20/*/fans_analysis/fans_*.json,[],[],[],File not found with pattern: /data1/statduck/exp1_result_fans_small/*nodes_40_SF_adj_20/*/fans_analysis/fans_*.json,"[7, 8, 16, 17, 18, 19, 21, 33, 37, 38]","[2, 19, 33, 37, 38]","[8, 17, 21]",,[],[],[],File not found,[],[],[],File not found,"[2, 8, 17, 19, 21, 33, 37, 38]",[],[],,[],[],[],File not found,"[1, 2, 3, 4, 5, 6, 7, 8, 9, 10, 11, 12, 13, 14, 15, 16, 17, 18, 19, 20, 21, 22, 23, 24, 25, 26, 27, 28, 29, 30, 31, 32, 33, 34, 35, 36, 37, 38, 39]",[],[],,1.0,1.0,1.0,1.0,0.0,0.0,0.0,0.0,0.0,0.0,0.0,0.0,0.0,0.0,0.0,0.0,0.0,0.0,0.0,0.0,0.0,0.0,0.0,0.0,0.0,0.0,0.0,0.0,0.0,0.0,0.0,0.0,0.0,0.0,0.0,0.0,0.0,0.0,0.0,0.0,0.0,0.0,0.0,0.0,0,0.0,0.0,0.0,0.7777777777777777,0.888888888888889,0.8571428571428571,0.873015873015873,0,0.0,0.0,0.0,0,,,1.0,,,0.3404255319148936,,
40,SF,21,"[6, 7, 12, 19, 24, 25, 30, 38]","[6, 7, 12, 19, 24, 25, 30, 38]",[],"[1, 2, 3, 4, 5, 6, 7, 8, 9, 10, 11, 12, 13, 14, 15, 16, 17, 18, 19, 20, 21, 22, 23, 24, 25, 26, 27, 28, 29, 30, 31, 32, 33, 34, 35, 36, 37, 38, 39]","[6, 7, 12, 19, 24, 25, 30, 38]","[6, 7, 12, 19, 24, 25, 30, 38]",[],,[],[],[],File not found with pattern: /data1/statduck/exp1_result_fans_swap/*nodes_40_SF_adj_21/*/fans_analysis/fans_*.json,[],[],[],File not found with pattern: /data1/statduck/exp1_result_fans_5000/*nodes_40_SF_adj_21/*/fans_analysis/fans_*.json,[],[],[],File not found with pattern: /data1/statduck/exp1_result_fans_10000/*nodes_40_SF_adj_21/*/fans_analysis/fans_*.json,[],[],[],File not found with pattern: /data1/statduck/exp1_result_fans_30000/*nodes_40_SF_adj_21/*/fans_analysis/fans_*.json,[],[],[],File not found with pattern: /data1/statduck/exp1_result_fans_100epochs/*nodes_40_SF_adj_21/*/fans_analysis/fans_*.json,[],[],[],File not found with pattern: /data1/statduck/exp1_result_fans_500epochs/*nodes_40_SF_adj_21/*/fans_analysis/fans_*.json,[],[],[],File not found with pattern: /data1/statduck/exp1_result_fans_dim8/*nodes_40_SF_adj_21/*/fans_analysis/fans_*.json,[],[],[],File not found with pattern: /data1/statduck/exp1_result_fans_dim16/*nodes_40_SF_adj_21/*/fans_analysis/fans_*.json,[],[],[],File not found with pattern: /data1/statduck/exp1_result_fans_anm/*nodes_40_SF_adj_21/*/fans_analysis/fans_*.json,[],[],[],File not found with pattern: /data1/statduck/exp1_result_fans_small/*nodes_40_SF_adj_21/*/fans_analysis/fans_*.json,"[1, 2, 4, 5, 7, 8, 10, 11, 12, 13, 14, 17, 18, 19, 20, 22, 24, 25, 26, 28, 29, 30, 31, 32, 33, 36, 37, 38, 39]","[6, 7, 12, 19, 24, 25, 30, 38]",[],,[],[],[],File not found,[],[],[],File not found,"[7, 12, 19, 24, 25, 30, 36, 38, 39]",[],[],,[],[],[],File not found,"[1, 2, 3, 4, 5, 6, 7, 8, 9, 10, 11, 12, 13, 14, 15, 16, 17, 18, 19, 20, 21, 22, 23, 24, 25, 26, 27, 28, 29, 30, 31, 32, 33, 34, 35, 36, 37, 38, 39]",[],[],,1.0,1.0,0.0,1.0,0.0,0.0,0.0,0.0,0.0,0.0,0.0,0.0,0.0,0.0,0.0,0.0,0.0,0.0,0.0,0.0,0.0,0.0,0.0,0.0,0.0,0.0,0.0,0.0,0.0,0.0,0.0,0.0,0.0,0.0,0.0,0.0,0.0,0.0,0.0,0.0,0.0,0.0,0.0,0.0,0,0.0,0.0,0.0,0.3783783783783784,1.0,0.0,1.0,0,0.0,0.0,0.0,0,,,0.823529411764706,,,0.3404255319148936,,
40,SF,22,"[14, 15, 19, 21, 22, 25, 28, 31]","[14, 15, 19, 21, 22, 25, 28, 31]",[],"[1, 2, 3, 4, 5, 6, 7, 8, 9, 10, 11, 12, 13, 14, 15, 16, 17, 18, 19, 20, 21, 22, 23, 24, 25, 26, 27, 28, 29, 30, 31, 32, 33, 34, 35, 36, 37, 38, 39]","[14, 15, 19, 21, 22, 25, 28, 31]","[14, 15, 19, 21, 22, 25, 28, 31]",[],,[],[],[],File not found with pattern: /data1/statduck/exp1_result_fans_swap/*nodes_40_SF_adj_22/*/fans_analysis/fans_*.json,[],[],[],File not found with pattern: /data1/statduck/exp1_result_fans_5000/*nodes_40_SF_adj_22/*/fans_analysis/fans_*.json,[],[],[],File not found with pattern: /data1/statduck/exp1_result_fans_10000/*nodes_40_SF_adj_22/*/fans_analysis/fans_*.json,[],[],[],File not found with pattern: /data1/statduck/exp1_result_fans_30000/*nodes_40_SF_adj_22/*/fans_analysis/fans_*.json,[],[],[],File not found with pattern: /data1/statduck/exp1_result_fans_100epochs/*nodes_40_SF_adj_22/*/fans_analysis/fans_*.json,[],[],[],File not found with pattern: /data1/statduck/exp1_result_fans_500epochs/*nodes_40_SF_adj_22/*/fans_analysis/fans_*.json,[],[],[],File not found with pattern: /data1/statduck/exp1_result_fans_dim8/*nodes_40_SF_adj_22/*/fans_analysis/fans_*.json,[],[],[],File not found with pattern: /data1/statduck/exp1_result_fans_dim16/*nodes_40_SF_adj_22/*/fans_analysis/fans_*.json,[],[],[],File not found with pattern: /data1/statduck/exp1_result_fans_anm/*nodes_40_SF_adj_22/*/fans_analysis/fans_*.json,[],[],[],File not found with pattern: /data1/statduck/exp1_result_fans_small/*nodes_40_SF_adj_22/*/fans_analysis/fans_*.json,"[2, 3, 4, 5, 6, 8, 9, 10, 11, 12, 13, 14, 15, 17, 18, 19, 20, 21, 22, 23, 24, 25, 26, 27, 28, 29, 30, 31, 32, 33, 35, 36, 37, 38, 39]","[14, 15, 19, 21, 22, 25, 28, 31]",[],,[],[],[],File not found,[],[],[],File not found,"[14, 19, 21, 22, 25, 28, 31]",[],[],,[],[],[],File not found,"[1, 2, 3, 4, 5, 6, 7, 8, 9, 10, 11, 12, 13, 14, 15, 16, 17, 18, 19, 20, 21, 22, 23, 24, 25, 26, 27, 28, 29, 30, 31, 32, 33, 34, 35, 36, 37, 38, 39]",[],[],,1.0,1.0,0.0,1.0,0.0,0.0,0.0,0.0,0.0,0.0,0.0,0.0,0.0,0.0,0.0,0.0,0.0,0.0,0.0,0.0,0.0,0.0,0.0,0.0,0.0,0.0,0.0,0.0,0.0,0.0,0.0,0.0,0.0,0.0,0.0,0.0,0.0,0.0,0.0,0.0,0.0,0.0,0.0,0.0,0,0.0,0.0,0.0,0.3720930232558139,1.0,0.0,1.0,0,0.0,0.0,0.0,0,,,0.9333333333333333,,,0.3404255319148936,,
40,SF,23,"[4, 14, 15, 23, 25, 28, 31, 33]","[4, 14, 15, 23, 25, 28, 31, 33]",[],"[1, 2, 3, 4, 5, 6, 7, 8, 9, 10, 11, 12, 13, 14, 15, 16, 17, 18, 19, 20, 21, 22, 23, 24, 25, 26, 27, 28, 29, 30, 31, 32, 33, 34, 35, 36, 37, 38, 39]","[4, 14, 15, 23, 25, 28, 31, 33]","[4, 14, 15, 23, 25, 28, 31, 33]",[],,[],[],[],File not found with pattern: /data1/statduck/exp1_result_fans_swap/*nodes_40_SF_adj_23/*/fans_analysis/fans_*.json,[],[],[],File not found with pattern: /data1/statduck/exp1_result_fans_5000/*nodes_40_SF_adj_23/*/fans_analysis/fans_*.json,[],[],[],File not found with pattern: /data1/statduck/exp1_result_fans_10000/*nodes_40_SF_adj_23/*/fans_analysis/fans_*.json,[],[],[],File not found with pattern: /data1/statduck/exp1_result_fans_30000/*nodes_40_SF_adj_23/*/fans_analysis/fans_*.json,[],[],[],File not found with pattern: /data1/statduck/exp1_result_fans_100epochs/*nodes_40_SF_adj_23/*/fans_analysis/fans_*.json,[],[],[],File not found with pattern: /data1/statduck/exp1_result_fans_500epochs/*nodes_40_SF_adj_23/*/fans_analysis/fans_*.json,[],[],[],File not found with pattern: /data1/statduck/exp1_result_fans_dim8/*nodes_40_SF_adj_23/*/fans_analysis/fans_*.json,[],[],[],File not found with pattern: /data1/statduck/exp1_result_fans_dim16/*nodes_40_SF_adj_23/*/fans_analysis/fans_*.json,[],[],[],File not found with pattern: /data1/statduck/exp1_result_fans_anm/*nodes_40_SF_adj_23/*/fans_analysis/fans_*.json,[],[],[],File not found with pattern: /data1/statduck/exp1_result_fans_small/*nodes_40_SF_adj_23/*/fans_analysis/fans_*.json,"[4, 8, 11, 14, 18, 20, 22, 23, 25, 29, 31, 33]","[4, 14, 15, 23, 25, 28, 31, 33]",[],,[],[],[],File not found,[],[],[],File not found,"[4, 14, 15, 23, 25, 31, 33, 38]",[],[],,[],[],[],File not found,"[1, 2, 3, 4, 5, 6, 7, 8, 9, 10, 11, 12, 13, 14, 16, 17, 18, 19, 20, 21, 22, 23, 24, 25, 26, 27, 28, 29, 30, 31, 32, 33, 34, 35, 36, 37, 38, 39]",[],[],,1.0,1.0,0.0,1.0,0.0,0.0,0.0,0.0,0.0,0.0,0.0,0.0,0.0,0.0,0.0,0.0,0.0,0.0,0.0,0.0,0.0,0.0,0.0,0.0,0.0,0.0,0.0,0.0,0.0,0.0,0.0,0.0,0.0,0.0,0.0,0.0,0.0,0.0,0.0,0.0,0.0,0.0,0.0,0.0,0,0.0,0.0,0.0,0.6,1.0,0.0,1.0,0,0.0,0.0,0.0,0,,,0.875,,,0.30434782608695654,,
40,SF,24,"[3, 4, 16, 17, 18, 25, 29, 35]","[3, 4, 16, 17, 18, 25, 29, 35]",[],"[1, 2, 3, 4, 5, 6, 7, 8, 9, 10, 11, 12, 13, 14, 15, 16, 17, 18, 19, 20, 21, 22, 23, 24, 25, 26, 27, 28, 29, 30, 31, 32, 33, 34, 35, 36, 37, 38, 39]","[3, 4, 16, 17, 18, 25, 29, 35]","[3, 4, 16, 17, 18, 25, 29, 35]",[],,[],[],[],File not found with pattern: /data1/statduck/exp1_result_fans_swap/*nodes_40_SF_adj_24/*/fans_analysis/fans_*.json,[],[],[],File not found with pattern: /data1/statduck/exp1_result_fans_5000/*nodes_40_SF_adj_24/*/fans_analysis/fans_*.json,[],[],[],File not found with pattern: /data1/statduck/exp1_result_fans_10000/*nodes_40_SF_adj_24/*/fans_analysis/fans_*.json,[],[],[],File not found with pattern: /data1/statduck/exp1_result_fans_30000/*nodes_40_SF_adj_24/*/fans_analysis/fans_*.json,[],[],[],File not found with pattern: /data1/statduck/exp1_result_fans_100epochs/*nodes_40_SF_adj_24/*/fans_analysis/fans_*.json,[],[],[],File not found with pattern: /data1/statduck/exp1_result_fans_500epochs/*nodes_40_SF_adj_24/*/fans_analysis/fans_*.json,[],[],[],File not found with pattern: /data1/statduck/exp1_result_fans_dim8/*nodes_40_SF_adj_24/*/fans_analysis/fans_*.json,[],[],[],File not found with pattern: /data1/statduck/exp1_result_fans_dim16/*nodes_40_SF_adj_24/*/fans_analysis/fans_*.json,[],[],[],File not found with pattern: /data1/statduck/exp1_result_fans_anm/*nodes_40_SF_adj_24/*/fans_analysis/fans_*.json,[],[],[],File not found with pattern: /data1/statduck/exp1_result_fans_small/*nodes_40_SF_adj_24/*/fans_analysis/fans_*.json,"[2, 3, 5, 6, 7, 8, 16, 25, 31, 35]","[3, 4, 16, 17, 18, 25, 29, 35]",[],,[],[],[],File not found,[],[],[],File not found,"[3, 4, 13, 16, 17, 18, 25, 27, 29, 31, 35]",[],[],,[],[],[],File not found,"[1, 2, 3, 5, 6, 7, 8, 9, 10, 11, 12, 13, 14, 15, 16, 17, 18, 19, 20, 21, 22, 23, 25, 26, 27, 28, 29, 30, 31, 32, 33, 34, 35, 36, 37, 38, 39]",[],[],,1.0,1.0,0.0,1.0,0.0,0.0,0.0,0.0,0.0,0.0,0.0,0.0,0.0,0.0,0.0,0.0,0.0,0.0,0.0,0.0,0.0,0.0,0.0,0.0,0.0,0.0,0.0,0.0,0.0,0.0,0.0,0.0,0.0,0.0,0.0,0.0,0.0,0.0,0.0,0.0,0.0,0.0,0.0,0.0,0,0.0,0.0,0.0,0.4444444444444445,1.0,0.0,1.0,0,0.0,0.0,0.0,0,,,0.8421052631578948,,,0.3111111111111111,,
40,SF,25,"[7, 10, 15, 20, 29, 30, 33, 36]","[7, 10, 15, 20, 29, 30, 33, 36]",[],"[1, 2, 3, 4, 5, 6, 7, 8, 9, 10, 11, 12, 13, 14, 15, 16, 17, 18, 19, 20, 21, 22, 23, 24, 25, 26, 27, 28, 29, 30, 31, 32, 33, 34, 35, 36, 37, 38, 39]","[7, 10, 15, 20, 29, 30, 33, 36]","[7, 10, 15, 20, 29, 30, 33, 36]",[],,[],[],[],File not found with pattern: /data1/statduck/exp1_result_fans_swap/*nodes_40_SF_adj_25/*/fans_analysis/fans_*.json,[],[],[],File not found with pattern: /data1/statduck/exp1_result_fans_5000/*nodes_40_SF_adj_25/*/fans_analysis/fans_*.json,[],[],[],File not found with pattern: /data1/statduck/exp1_result_fans_10000/*nodes_40_SF_adj_25/*/fans_analysis/fans_*.json,[],[],[],File not found with pattern: /data1/statduck/exp1_result_fans_30000/*nodes_40_SF_adj_25/*/fans_analysis/fans_*.json,[],[],[],File not found with pattern: /data1/statduck/exp1_result_fans_100epochs/*nodes_40_SF_adj_25/*/fans_analysis/fans_*.json,[],[],[],File not found with pattern: /data1/statduck/exp1_result_fans_500epochs/*nodes_40_SF_adj_25/*/fans_analysis/fans_*.json,[],[],[],File not found with pattern: /data1/statduck/exp1_result_fans_dim8/*nodes_40_SF_adj_25/*/fans_analysis/fans_*.json,[],[],[],File not found with pattern: /data1/statduck/exp1_result_fans_dim16/*nodes_40_SF_adj_25/*/fans_analysis/fans_*.json,[],[],[],File not found with pattern: /data1/statduck/exp1_result_fans_anm/*nodes_40_SF_adj_25/*/fans_analysis/fans_*.json,[],[],[],File not found with pattern: /data1/statduck/exp1_result_fans_small/*nodes_40_SF_adj_25/*/fans_analysis/fans_*.json,"[1, 2, 3, 4, 5, 6, 8, 9, 10, 11, 12, 13, 15, 18, 19, 20, 21, 22, 23, 24, 25, 26, 28, 29, 30, 31, 32, 33, 34, 35, 36, 37, 39]","[7, 10, 15, 20, 29, 30, 33, 36]",[],,[],[],[],File not found,[],[],[],File not found,"[10, 20, 29, 30, 33, 36]",[],[],,[],[],[],File not found,"[1, 2, 3, 4, 5, 6, 8, 9, 10, 11, 12, 13, 14, 15, 16, 17, 18, 19, 20, 21, 22, 23, 24, 25, 26, 27, 28, 29, 30, 31, 32, 33, 34, 35, 36, 37, 38, 39]",[],[],,1.0,1.0,0.0,1.0,0.0,0.0,0.0,0.0,0.0,0.0,0.0,0.0,0.0,0.0,0.0,0.0,0.0,0.0,0.0,0.0,0.0,0.0,0.0,0.0,0.0,0.0,0.0,0.0,0.0,0.0,0.0,0.0,0.0,0.0,0.0,0.0,0.0,0.0,0.0,0.0,0.0,0.0,0.0,0.0,0,0.0,0.0,0.0,0.3414634146341463,1.0,0.0,1.0,0,0.0,0.0,0.0,0,,,0.8571428571428571,,,0.30434782608695654,,
40,SF,26,"[5, 9, 12, 24, 26, 28, 34, 39]",[],"[5, 9, 12, 24, 26, 28, 34, 39]","[1, 2, 3, 4, 5, 6, 7, 8, 9, 10, 11, 12, 13, 14, 15, 16, 17, 18, 19, 20, 21, 22, 23, 24, 25, 26, 27, 28, 29, 30, 31, 32, 33, 34, 35, 36, 37, 38, 39]","[5, 9, 12, 24, 26, 28, 34, 39]",[],"[5, 9, 12, 24, 26, 28, 34, 39]",,[],[],[],File not found with pattern: /data1/statduck/exp1_result_fans_swap/*nodes_40_SF_adj_26/*/fans_analysis/fans_*.json,[],[],[],File not found with pattern: /data1/statduck/exp1_result_fans_5000/*nodes_40_SF_adj_26/*/fans_analysis/fans_*.json,[],[],[],File not found with pattern: /data1/statduck/exp1_result_fans_10000/*nodes_40_SF_adj_26/*/fans_analysis/fans_*.json,[],[],[],File not found with pattern: /data1/statduck/exp1_result_fans_30000/*nodes_40_SF_adj_26/*/fans_analysis/fans_*.json,[],[],[],File not found with pattern: /data1/statduck/exp1_result_fans_100epochs/*nodes_40_SF_adj_26/*/fans_analysis/fans_*.json,[],[],[],File not found with pattern: /data1/statduck/exp1_result_fans_500epochs/*nodes_40_SF_adj_26/*/fans_analysis/fans_*.json,[],[],[],File not found with pattern: /data1/statduck/exp1_result_fans_dim8/*nodes_40_SF_adj_26/*/fans_analysis/fans_*.json,[],[],[],File not found with pattern: /data1/statduck/exp1_result_fans_dim16/*nodes_40_SF_adj_26/*/fans_analysis/fans_*.json,[],[],[],File not found with pattern: /data1/statduck/exp1_result_fans_anm/*nodes_40_SF_adj_26/*/fans_analysis/fans_*.json,[],[],[],File not found with pattern: /data1/statduck/exp1_result_fans_small/*nodes_40_SF_adj_26/*/fans_analysis/fans_*.json,"[1, 3, 4, 5, 6, 7, 8, 9, 10, 11, 12, 13, 16, 17, 18, 19, 20, 21, 22, 23, 24, 25, 26, 27, 28, 29, 30, 31, 32, 33, 34, 37, 38, 39]","[5, 12, 24, 26, 34, 39]","[9, 28]",,[],[],[],File not found,[],[],[],File not found,"[5, 9, 12, 24, 26, 28, 34, 39]",[],[],,[],[],[],File not found,"[1, 2, 3, 4, 5, 6, 7, 8, 9, 10, 11, 12, 13, 14, 15, 16, 17, 18, 19, 20, 21, 22, 23, 24, 25, 26, 27, 28, 29, 30, 31, 32, 33, 34, 35, 36, 37, 38, 39]",[],[],,1.0,0.0,1.0,1.0,0.0,0.0,0.0,0.0,0.0,0.0,0.0,0.0,0.0,0.0,0.0,0.0,0.0,0.0,0.0,0.0,0.0,0.0,0.0,0.0,0.0,0.0,0.0,0.0,0.0,0.0,0.0,0.0,0.0,0.0,0.0,0.0,0.0,0.0,0.0,0.0,0.0,0.0,0.0,0.0,0,0.0,0.0,0.0,0.38095238095238093,0.0,0.4,0.4,0,0.0,0.0,0.0,0,,,1.0,,,0.3404255319148936,,
40,SF,27,"[4, 10, 13, 14, 28, 29, 38, 39]",[],"[4, 10, 13, 14, 28, 29, 38, 39]","[1, 2, 3, 4, 5, 6, 7, 8, 9, 10, 11, 12, 13, 14, 15, 16, 17, 18, 19, 20, 21, 22, 23, 24, 25, 26, 27, 28, 29, 30, 31, 32, 33, 34, 35, 36, 37, 38, 39]","[4, 10, 13, 14, 28, 29, 38, 39]",[],"[4, 10, 13, 14, 28, 29, 38, 39]",,[],[],[],File not found with pattern: /data1/statduck/exp1_result_fans_swap/*nodes_40_SF_adj_27/*/fans_analysis/fans_*.json,[],[],[],File not found with pattern: /data1/statduck/exp1_result_fans_5000/*nodes_40_SF_adj_27/*/fans_analysis/fans_*.json,[],[],[],File not found with pattern: /data1/statduck/exp1_result_fans_10000/*nodes_40_SF_adj_27/*/fans_analysis/fans_*.json,[],[],[],File not found with pattern: /data1/statduck/exp1_result_fans_30000/*nodes_40_SF_adj_27/*/fans_analysis/fans_*.json,[],[],[],File not found with pattern: /data1/statduck/exp1_result_fans_100epochs/*nodes_40_SF_adj_27/*/fans_analysis/fans_*.json,[],[],[],File not found with pattern: /data1/statduck/exp1_result_fans_500epochs/*nodes_40_SF_adj_27/*/fans_analysis/fans_*.json,[],[],[],File not found with pattern: /data1/statduck/exp1_result_fans_dim8/*nodes_40_SF_adj_27/*/fans_analysis/fans_*.json,[],[],[],File not found with pattern: /data1/statduck/exp1_result_fans_dim16/*nodes_40_SF_adj_27/*/fans_analysis/fans_*.json,[],[],[],File not found with pattern: /data1/statduck/exp1_result_fans_anm/*nodes_40_SF_adj_27/*/fans_analysis/fans_*.json,[],[],[],File not found with pattern: /data1/statduck/exp1_result_fans_small/*nodes_40_SF_adj_27/*/fans_analysis/fans_*.json,"[1, 2, 3, 4, 5, 6, 7, 8, 9, 10, 11, 12, 13, 14, 15, 16, 17, 18, 19, 20, 21, 22, 24, 25, 27, 28, 29, 30, 32, 33, 34, 36, 37, 38, 39]","[4, 13, 28, 38, 39]","[10, 14, 29]",,[],[],[],File not found,[],[],[],File not found,"[4, 10, 13, 14, 28, 29, 38, 39]",[],[],,[],[],[],File not found,"[1, 2, 3, 4, 5, 6, 7, 8, 9, 10, 11, 12, 13, 14, 15, 16, 17, 18, 19, 20, 21, 22, 23, 24, 25, 26, 27, 28, 29, 30, 31, 32, 33, 34, 35, 36, 37, 38, 39]",[],[],,1.0,0.0,1.0,1.0,0.0,0.0,0.0,0.0,0.0,0.0,0.0,0.0,0.0,0.0,0.0,0.0,0.0,0.0,0.0,0.0,0.0,0.0,0.0,0.0,0.0,0.0,0.0,0.0,0.0,0.0,0.0,0.0,0.0,0.0,0.0,0.0,0.0,0.0,0.0,0.0,0.0,0.0,0.0,0.0,0,0.0,0.0,0.0,0.3720930232558139,0.0,0.5454545454545454,0.5454545454545454,0,0.0,0.0,0.0,0,,,1.0,,,0.3404255319148936,,
40,SF,28,"[9, 13, 16, 17, 24, 28, 30, 33]",[],"[9, 13, 16, 17, 24, 28, 30, 33]","[1, 2, 3, 4, 5, 6, 7, 8, 9, 10, 11, 12, 13, 14, 15, 16, 17, 18, 19, 20, 21, 22, 23, 24, 25, 26, 27, 28, 29, 30, 31, 32, 33, 34, 35, 36, 37, 38, 39]","[9, 13, 16, 17, 24, 28, 30, 33]",[],"[9, 13, 16, 17, 24, 28, 30, 33]",,[],[],[],File not found with pattern: /data1/statduck/exp1_result_fans_swap/*nodes_40_SF_adj_28/*/fans_analysis/fans_*.json,[],[],[],File not found with pattern: /data1/statduck/exp1_result_fans_5000/*nodes_40_SF_adj_28/*/fans_analysis/fans_*.json,[],[],[],File not found with pattern: /data1/statduck/exp1_result_fans_10000/*nodes_40_SF_adj_28/*/fans_analysis/fans_*.json,[],[],[],File not found with pattern: /data1/statduck/exp1_result_fans_30000/*nodes_40_SF_adj_28/*/fans_analysis/fans_*.json,[],[],[],File not found with pattern: /data1/statduck/exp1_result_fans_100epochs/*nodes_40_SF_adj_28/*/fans_analysis/fans_*.json,[],[],[],File not found with pattern: /data1/statduck/exp1_result_fans_500epochs/*nodes_40_SF_adj_28/*/fans_analysis/fans_*.json,[],[],[],File not found with pattern: /data1/statduck/exp1_result_fans_dim8/*nodes_40_SF_adj_28/*/fans_analysis/fans_*.json,[],[],[],File not found with pattern: /data1/statduck/exp1_result_fans_dim16/*nodes_40_SF_adj_28/*/fans_analysis/fans_*.json,[],[],[],File not found with pattern: /data1/statduck/exp1_result_fans_anm/*nodes_40_SF_adj_28/*/fans_analysis/fans_*.json,[],[],[],File not found with pattern: /data1/statduck/exp1_result_fans_small/*nodes_40_SF_adj_28/*/fans_analysis/fans_*.json,"[1, 2, 3, 5, 8, 11, 12, 13, 14, 15, 16, 17, 18, 22, 23, 24, 25, 27, 28, 29, 30, 32, 33, 34, 36, 37, 38, 39]","[9, 13, 16, 17, 28, 30]","[24, 33]",,[],[],[],File not found,[],[],[],File not found,"[9, 13, 16, 17, 24, 28, 30, 33]",[],[],,[],[],[],File not found,"[1, 2, 3, 4, 5, 6, 7, 8, 9, 10, 11, 12, 13, 14, 15, 16, 17, 18, 19, 20, 21, 22, 23, 24, 25, 26, 27, 28, 29, 30, 31, 32, 33, 34, 35, 36, 37, 38, 39]",[],[],,1.0,0.0,1.0,1.0,0.0,0.0,0.0,0.0,0.0,0.0,0.0,0.0,0.0,0.0,0.0,0.0,0.0,0.0,0.0,0.0,0.0,0.0,0.0,0.0,0.0,0.0,0.0,0.0,0.0,0.0,0.0,0.0,0.0,0.0,0.0,0.0,0.0,0.0,0.0,0.0,0.0,0.0,0.0,0.0,0,0.0,0.0,0.0,0.3888888888888889,0.0,0.4,0.4,0,0.0,0.0,0.0,0,,,1.0,,,0.3404255319148936,,
40,SF,29,"[6, 7, 9, 11, 15, 18, 29, 30]",[],"[6, 7, 9, 11, 15, 18, 29, 30]","[1, 2, 3, 4, 5, 6, 7, 8, 9, 10, 11, 12, 13, 14, 15, 16, 17, 18, 19, 20, 21, 22, 23, 24, 25, 26, 27, 28, 29, 30, 31, 32, 33, 34, 35, 36, 37, 38, 39]","[6, 7, 9, 11, 15, 18, 29, 30]",[],"[6, 7, 9, 11, 15, 18, 29, 30]",,[],[],[],File not found with pattern: /data1/statduck/exp1_result_fans_swap/*nodes_40_SF_adj_29/*/fans_analysis/fans_*.json,[],[],[],File not found with pattern: /data1/statduck/exp1_result_fans_5000/*nodes_40_SF_adj_29/*/fans_analysis/fans_*.json,[],[],[],File not found with pattern: /data1/statduck/exp1_result_fans_10000/*nodes_40_SF_adj_29/*/fans_analysis/fans_*.json,[],[],[],File not found with pattern: /data1/statduck/exp1_result_fans_30000/*nodes_40_SF_adj_29/*/fans_analysis/fans_*.json,[],[],[],File not found with pattern: /data1/statduck/exp1_result_fans_100epochs/*nodes_40_SF_adj_29/*/fans_analysis/fans_*.json,[],[],[],File not found with pattern: /data1/statduck/exp1_result_fans_500epochs/*nodes_40_SF_adj_29/*/fans_analysis/fans_*.json,[],[],[],File not found with pattern: /data1/statduck/exp1_result_fans_dim8/*nodes_40_SF_adj_29/*/fans_analysis/fans_*.json,[],[],[],File not found with pattern: /data1/statduck/exp1_result_fans_dim16/*nodes_40_SF_adj_29/*/fans_analysis/fans_*.json,[],[],[],File not found with pattern: /data1/statduck/exp1_result_fans_anm/*nodes_40_SF_adj_29/*/fans_analysis/fans_*.json,[],[],[],File not found with pattern: /data1/statduck/exp1_result_fans_small/*nodes_40_SF_adj_29/*/fans_analysis/fans_*.json,[21],"[6, 9, 11, 15, 18, 29]","[7, 30]",,[],[],[],File not found,[],[],[],File not found,"[6, 7, 9, 11, 15, 18, 29, 30]",[],[],,[],[],[],File not found,"[1, 2, 3, 4, 5, 6, 7, 8, 9, 10, 11, 12, 13, 14, 15, 16, 17, 18, 19, 20, 21, 22, 23, 24, 25, 26, 27, 28, 29, 30, 31, 32, 33, 34, 35, 36, 37, 38, 39]",[],[],,1.0,0.0,1.0,1.0,0.0,0.0,0.0,0.0,0.0,0.0,0.0,0.0,0.0,0.0,0.0,0.0,0.0,0.0,0.0,0.0,0.0,0.0,0.0,0.0,0.0,0.0,0.0,0.0,0.0,0.0,0.0,0.0,0.0,0.0,0.0,0.0,0.0,0.0,0.0,0.0,0.0,0.0,0.0,0.0,0,0.0,0.0,0.0,0.0,0.0,0.4,0.4,0,0.0,0.0,0.0,0,,,1.0,,,0.3404255319148936,,
40,SF,30,"[1, 18, 26, 27, 30, 31, 32, 34]",[],"[1, 18, 26, 27, 30, 31, 32, 34]","[1, 2, 3, 4, 5, 6, 7, 8, 9, 10, 11, 12, 13, 14, 15, 16, 17, 18, 19, 20, 21, 22, 23, 24, 25, 26, 27, 28, 29, 30, 31, 32, 33, 34, 35, 36, 37, 38, 39]","[1, 18, 26, 27, 30, 31, 32, 34]",[],"[1, 18, 26, 27, 30, 31, 32, 34]",,[],[],[],File not found with pattern: /data1/statduck/exp1_result_fans_swap/*nodes_40_SF_adj_30/*/fans_analysis/fans_*.json,[],[],[],File not found with pattern: /data1/statduck/exp1_result_fans_5000/*nodes_40_SF_adj_30/*/fans_analysis/fans_*.json,[],[],[],File not found with pattern: /data1/statduck/exp1_result_fans_10000/*nodes_40_SF_adj_30/*/fans_analysis/fans_*.json,[],[],[],File not found with pattern: /data1/statduck/exp1_result_fans_30000/*nodes_40_SF_adj_30/*/fans_analysis/fans_*.json,[],[],[],File not found with pattern: /data1/statduck/exp1_result_fans_100epochs/*nodes_40_SF_adj_30/*/fans_analysis/fans_*.json,[],[],[],File not found with pattern: /data1/statduck/exp1_result_fans_500epochs/*nodes_40_SF_adj_30/*/fans_analysis/fans_*.json,[],[],[],File not found with pattern: /data1/statduck/exp1_result_fans_dim8/*nodes_40_SF_adj_30/*/fans_analysis/fans_*.json,[],[],[],File not found with pattern: /data1/statduck/exp1_result_fans_dim16/*nodes_40_SF_adj_30/*/fans_analysis/fans_*.json,[],[],[],File not found with pattern: /data1/statduck/exp1_result_fans_anm/*nodes_40_SF_adj_30/*/fans_analysis/fans_*.json,[],[],[],File not found with pattern: /data1/statduck/exp1_result_fans_small/*nodes_40_SF_adj_30/*/fans_analysis/fans_*.json,"[1, 2, 4, 5, 6, 7, 9, 11, 12, 13, 14, 16, 17, 18, 20, 21, 22, 25, 26, 27, 28, 29, 30, 31, 32, 33, 34, 36, 38, 39]","[18, 27, 30, 31, 32, 34]","[1, 26]",,[],[],[],File not found,[],[],[],File not found,"[1, 18, 26, 27, 30, 31, 32, 34]",[],[],,[],[],[],File not found,"[1, 2, 3, 4, 5, 6, 7, 8, 9, 10, 11, 12, 13, 14, 15, 16, 17, 18, 19, 20, 21, 22, 23, 24, 25, 26, 27, 28, 29, 30, 31, 32, 33, 34, 35, 36, 37, 38, 39]",[],[],,1.0,0.0,1.0,1.0,0.0,0.0,0.0,0.0,0.0,0.0,0.0,0.0,0.0,0.0,0.0,0.0,0.0,0.0,0.0,0.0,0.0,0.0,0.0,0.0,0.0,0.0,0.0,0.0,0.0,0.0,0.0,0.0,0.0,0.0,0.0,0.0,0.0,0.0,0.0,0.0,0.0,0.0,0.0,0.0,0,0.0,0.0,0.0,0.4210526315789474,0.0,0.4,0.4,0,0.0,0.0,0.0,0,,,1.0,,,0.3404255319148936,,
50,ER,1,"[8, 13, 21, 28, 30, 32, 34, 37, 38, 46]","[21, 28, 37, 38, 46]","[8, 13, 30, 32, 34]","[4, 5, 8, 13, 17, 19, 20, 21, 22, 24, 25, 26, 27, 28, 29, 30, 31, 32, 33, 34, 35, 36, 37, 38, 39, 40, 41, 42, 43, 46, 47, 48]","[8, 13, 21, 28, 30, 32, 34, 37, 38, 46]","[21, 28, 37, 38, 46]","[8, 13, 30, 32, 34]",,"[8, 13, 21, 28, 30, 32, 34, 37, 38, 46]","[21, 28, 37, 38, 46]","[8, 13, 30, 32, 34]",,"[8, 13, 21, 28, 30, 32, 34, 37, 38, 46]","[21, 28, 37, 38, 46]","[8, 13, 30, 32, 34]",,"[8, 13, 21, 28, 30, 32, 34, 37, 38, 46]","[21, 28, 37, 38, 46]","[8, 13, 30, 32, 34]",,"[8, 13, 21, 28, 30, 32, 34, 37, 38, 46]","[21, 28, 37, 38, 46]","[8, 13, 30, 32, 34]",,"[8, 13, 21, 28, 30, 32, 34, 37, 38, 46]","[21, 28, 37, 38, 46]","[8, 13, 30, 32, 34]",,"[8, 13, 21, 28, 30, 32, 34, 37, 38, 46]","[21, 28, 37, 38, 46]","[8, 13, 30, 32, 34]",,"[13, 21, 28, 30, 32, 34, 37, 38, 46]","[21, 28, 37, 38, 46]","[8, 13, 30, 32, 34]",,"[13, 21, 28, 30, 32, 34, 37, 38, 46]","[21, 28, 37, 38, 46]","[8, 13, 30, 32, 34]",,"[8, 13, 21, 30, 32, 34, 38, 46]","[21, 28, 38, 46]","[8, 13, 30, 32, 34, 37]",,"[8, 13, 21, 28, 30, 32, 34, 37, 38, 46]","[21, 28, 37, 38, 46]","[8, 13, 30, 32, 34]",,"[4, 8, 13, 19, 21, 22, 25, 26, 30, 32, 34, 37, 38, 39, 40, 46]","[8, 21, 28, 30, 32, 37, 38, 46]","[13, 34]",,[],[],[],File not found,[],[],[],File not found,"[8, 13, 21, 28, 30, 32, 34, 37, 38, 46]",[],[],,[],[],[],File not found,"[4, 5, 13, 17, 19, 20, 21, 22, 24, 25, 26, 27, 28, 29, 30, 31, 32, 33, 34, 35, 37, 38, 39, 40, 42, 43, 46, 48]",[],[],,1.0,1.0,1.0,1.0,1.0,1.0,1.0,1.0,1.0,1.0,1.0,1.0,1.0,1.0,1.0,1.0,1.0,1.0,1.0,1.0,1.0,1.0,1.0,1.0,1.0,1.0,1.0,1.0,0.9473684210526316,1.0,1.0,1.0,0.9473684210526316,1.0,1.0,1.0,0.888888888888889,0.888888888888889,0.9090909090909091,0.898989898989899,1.0,1.0,1.0,1.0,0,0.0,0.0,0.0,0.6923076923076923,0.7692307692307693,0.5714285714285715,0.6703296703296704,0,0.0,0.0,0.0,0,,,1.0,,,0.4736842105263158,,
50,ER,2,"[14, 17, 23, 26, 34, 42, 43, 44, 46, 49]","[14, 23, 34, 42, 49]","[17, 26, 43, 44, 46]","[4, 11, 12, 14, 15, 17, 19, 20, 23, 24, 26, 28, 29, 30, 31, 32, 34, 35, 36, 39, 40, 41, 42, 43, 44, 45, 46, 47, 48, 49]","[14, 17, 23, 26, 34, 42, 43, 44, 46, 49]","[14, 23, 34, 42, 49]","[17, 26, 43, 44, 46]",,"[17, 23, 26, 34, 42, 43, 44, 46, 49]","[14, 23, 34, 42, 49]","[17, 26, 43, 44, 46]",,"[14, 17, 23, 26, 34, 42, 43, 44, 46, 49]","[14, 23, 34, 42, 49]","[17, 26, 43, 44, 46]",,"[14, 17, 23, 26, 34, 42, 43, 44, 46, 49]","[14, 23, 34, 42, 49]","[17, 26, 43, 44, 46]",,"[14, 17, 23, 26, 34, 42, 43, 44, 46, 49]","[14, 23, 34, 42, 49]","[17, 26, 43, 44, 46]",,"[14, 17, 23, 26, 34, 42, 43, 44, 46, 49]","[14, 23, 34, 42, 49]","[17, 26, 43, 44, 46]",,"[14, 17, 23, 26, 34, 42, 43, 44, 46, 49]","[14, 23, 34, 42, 49]","[17, 26, 43, 44, 46]",,"[14, 26, 42, 44, 46, 49]","[14, 23, 42, 49]","[17, 26, 34, 43, 44, 46]",,"[14, 26, 42, 43, 44, 46, 49]","[14, 23, 42, 49]","[17, 26, 34, 43, 44, 46]",,"[14, 17, 23, 26, 34, 43, 44, 46]","[14, 23, 34, 42, 49]","[17, 26, 43, 44, 46]",,"[14, 17, 23, 26, 34, 42, 43, 44, 46, 49]","[14, 23, 34, 49]","[17, 26, 42, 43, 44, 46]",,"[14, 15, 17, 24, 26, 28, 30, 31, 32, 36, 39, 40, 41, 42, 43, 44, 46, 48, 49]","[14, 17, 23, 34, 42, 43, 44, 49]","[26, 46]",,[],[],[],File not found,[],[],[],File not found,"[14, 17, 23, 26, 34, 42, 43, 44, 46, 49]",[],[],,[],[],[],File not found,"[4, 11, 12, 14, 19, 23, 24, 28, 32, 34, 35, 36, 39, 40, 41, 42, 44, 45, 47, 49]",[],[],,1.0,1.0,1.0,1.0,0.9473684210526316,1.0,1.0,1.0,1.0,1.0,1.0,1.0,1.0,1.0,1.0,1.0,1.0,1.0,1.0,1.0,1.0,1.0,1.0,1.0,1.0,1.0,1.0,1.0,0.7499999999999999,0.888888888888889,0.9090909090909091,0.898989898989899,0.8235294117647058,0.888888888888889,0.9090909090909091,0.898989898989899,0.888888888888889,1.0,1.0,1.0,1.0,0.888888888888889,0.9090909090909091,0.898989898989899,0,0.0,0.0,0.0,0.5517241379310345,0.7692307692307693,0.5714285714285715,0.6703296703296704,0,0.0,0.0,0.0,0,,,1.0,,,0.4,,
50,ER,3,"[20, 23, 32, 33, 34, 37, 38, 44, 47, 48]","[20, 32, 34, 37, 48]","[23, 33, 38, 44, 47]","[13, 15, 18, 19, 20, 22, 23, 26, 27, 28, 29, 30, 31, 32, 33, 34, 37, 38, 39, 40, 41, 44, 45, 46, 47, 48, 49]","[20, 23, 32, 33, 34, 37, 44, 47, 48]","[20, 32, 34, 37, 48]","[23, 33, 38, 44, 47]",,"[20, 23, 32, 33, 34, 37, 44, 47, 48]","[20, 32, 34, 37, 48]","[23, 33, 38, 44, 47]",,"[20, 23, 32, 33, 34, 37, 38, 44, 47, 48]","[20, 32, 34, 37, 48]","[23, 33, 38, 44, 47]",,"[20, 23, 32, 33, 34, 37, 44, 47, 48]","[20, 32, 34, 37, 48]","[23, 33, 38, 44, 47]",,"[20, 23, 32, 33, 34, 37, 44, 47, 48]","[20, 32, 34, 37, 48]","[23, 33, 38, 44, 47]",,"[20, 23, 32, 33, 34, 37, 44, 47, 48]","[20, 32, 34, 37, 48]","[23, 33, 38, 44, 47]",,"[20, 23, 32, 33, 34, 37, 44, 47, 48]","[20, 32, 34, 37, 48]","[23, 33, 38, 44, 47]",,"[20, 23, 33, 34, 37, 44, 47, 48]","[20, 32, 34, 37, 48]","[23, 33, 38, 44, 47]",,"[20, 23, 33, 34, 37, 44, 47, 48]","[20, 32, 34, 37, 48]","[23, 33, 38, 44, 47]",,"[23, 32, 33, 34, 38, 44, 47, 48]","[20, 32, 34, 37, 48]","[23, 33, 38, 44, 47]",,"[20, 23, 32, 33, 34, 37, 38, 44, 47, 48]","[20, 32, 34, 37, 48]","[23, 33, 38, 44, 47]",,"[19, 20, 23, 27, 28, 29, 30, 31, 32, 33, 37, 38, 44, 46, 47, 48, 49]","[20, 32, 33, 34, 37, 38, 48]","[23, 44, 47]",,[],[],[],File not found,[],[],[],File not found,"[20, 23, 32, 33, 34, 38, 44, 47, 48]",[],[],,[],[],[],File not found,"[13, 15, 18, 19, 22, 23, 27, 29, 30, 31, 32, 34, 37, 38, 40, 41, 44, 45, 46]",[],[],,0.9473684210526316,1.0,1.0,1.0,0.9473684210526316,1.0,1.0,1.0,1.0,1.0,1.0,1.0,0.9473684210526316,1.0,1.0,1.0,0.9473684210526316,1.0,1.0,1.0,0.9473684210526316,1.0,1.0,1.0,0.9473684210526316,1.0,1.0,1.0,0.888888888888889,1.0,1.0,1.0,0.888888888888889,1.0,1.0,1.0,0.888888888888889,1.0,1.0,1.0,1.0,1.0,1.0,1.0,0,0.0,0.0,0.0,0.6666666666666667,0.8333333333333333,0.7499999999999999,0.7916666666666665,0,0.0,0.0,0.0,0,,,0.9473684210526316,,,0.41379310344827586,,
50,ER,4,"[5, 16, 20, 25, 28, 29, 36, 38, 44, 48]","[5, 16, 38, 44, 48]","[20, 25, 28, 29, 36]","[5, 8, 10, 15, 16, 20, 21, 23, 24, 25, 27, 28, 29, 30, 31, 32, 33, 34, 35, 36, 38, 39, 40, 41, 42, 43, 44, 46, 47, 48, 49]","[5, 16, 20, 25, 28, 29, 36, 38, 44, 48]","[5, 16, 38, 44]","[20, 25, 28, 29, 36, 48]",,"[5, 16, 20, 25, 29, 36, 38, 44, 48]","[5, 16, 38, 44]","[20, 25, 28, 29, 36, 48]",,"[5, 16, 20, 28, 29, 36, 38, 44, 48]","[5, 16, 38, 44]","[20, 25, 28, 29, 36, 48]",,"[5, 16, 20, 25, 28, 29, 36, 38, 44, 48]","[5, 16, 38, 44, 48]","[20, 25, 28, 29, 36]",,"[5, 16, 20, 25, 28, 29, 36, 38, 44, 48]","[5, 16, 38, 44, 48]","[20, 25, 28, 29, 36]",,"[5, 16, 20, 25, 28, 29, 36, 38, 44, 48]","[5, 16, 38, 44]","[20, 25, 28, 29, 36, 48]",,"[5, 16, 20, 25, 28, 29, 36, 38, 44, 48]","[5, 16, 38, 44]","[20, 25, 28, 29, 36, 48]",,"[5, 16, 20, 28, 36, 38, 44, 48]","[5, 16, 38, 44]","[20, 25, 28, 29, 36, 48]",,"[5, 16, 20, 25, 28, 36, 38, 44, 48]","[5, 16, 38, 44]","[20, 25, 28, 29, 36, 48]",,"[16, 20, 25, 28, 29, 36, 48]","[5, 16, 38, 44, 48]","[20, 25, 28, 29, 36]",,"[5, 16, 20, 25, 28, 29, 36, 38, 44, 48]","[5, 16, 38, 44, 48]","[20, 25, 28, 29, 36]",,"[8, 15, 16, 20, 21, 23, 25, 27, 28, 29, 30, 31, 32, 33, 34, 35, 36, 38, 39, 40, 41, 42, 43, 44, 46, 47, 48, 49]","[5, 16, 20, 25, 28, 36, 38, 44, 48]",[29],,[],[],[],File not found,[],[],[],File not found,"[5, 16, 20, 25, 28, 29, 36, 38, 48]",[],[],,[],[],[],File not found,"[8, 10, 15, 16, 20, 21, 23, 24, 28, 32, 33, 35, 40, 41, 42, 43, 44, 48, 49]",[],[],,1.0,0.888888888888889,0.9090909090909091,0.898989898989899,0.9473684210526316,0.888888888888889,0.9090909090909091,0.898989898989899,0.9473684210526316,0.888888888888889,0.9090909090909091,0.898989898989899,1.0,1.0,1.0,1.0,1.0,1.0,1.0,1.0,1.0,0.888888888888889,0.9090909090909091,0.898989898989899,1.0,0.888888888888889,0.9090909090909091,0.898989898989899,0.888888888888889,0.888888888888889,0.9090909090909091,0.898989898989899,0.9473684210526316,0.888888888888889,0.9090909090909091,0.898989898989899,0.8235294117647058,1.0,1.0,1.0,1.0,1.0,1.0,1.0,0,0.0,0.0,0.0,0.4736842105263158,0.7142857142857143,0.33333333333333337,0.5238095238095238,0,0.0,0.0,0.0,0,,,0.9473684210526316,,,0.3448275862068966,,
50,ER,5,"[6, 9, 16, 17, 24, 26, 41, 46, 47, 48]","[16, 17, 26, 41, 48]","[6, 9, 24, 46, 47]","[6, 9, 15, 16, 17, 19, 20, 22, 24, 26, 27, 29, 32, 37, 38, 39, 40, 41, 42, 43, 44, 46, 47, 48, 49]","[6, 9, 16, 17, 24, 26, 41, 46, 47, 48]","[16, 17, 26, 41, 48]","[6, 9, 24, 46, 47]",,"[6, 9, 16, 17, 24, 26, 41, 46, 47, 48]","[16, 17, 26, 41, 48]","[6, 9, 24, 46, 47]",,"[6, 9, 16, 17, 24, 26, 41, 46, 47, 48]","[16, 17, 26, 41, 48]","[6, 9, 24, 46, 47]",,"[6, 9, 16, 17, 24, 26, 41, 46, 47, 48]","[16, 17, 26, 41, 48]","[6, 9, 24, 46, 47]",,"[6, 9, 16, 17, 24, 26, 41, 46, 47, 48]","[16, 17, 26, 41, 48]","[6, 9, 24, 46, 47]",,"[6, 9, 16, 17, 24, 26, 41, 46, 47, 48]","[16, 17, 26, 41, 48]","[6, 9, 24, 46, 47]",,"[6, 9, 16, 17, 24, 26, 41, 46, 47, 48]","[16, 17, 26, 41, 48]","[6, 9, 24, 46, 47]",,"[6, 9, 17, 24, 26, 41, 46, 47, 48]","[17, 26, 41, 48]","[6, 9, 16, 24, 46, 47]",,"[6, 9, 16, 17, 24, 26, 41, 46, 47, 48]","[16, 17, 26, 41, 48]","[6, 9, 24, 46, 47]",,"[6, 9, 24, 26, 41, 46, 47, 48]","[16, 17, 26, 41]","[6, 9, 24, 46, 47, 48]",,"[6, 9, 16, 17, 24, 26, 41, 46, 47, 48]","[16, 17, 26, 41, 47, 48]","[6, 9, 24, 46]",,"[6, 9, 15, 17, 19, 20, 22, 24, 26, 27, 29, 32, 37, 38, 40, 42, 43, 44, 46, 47, 48, 49]","[6, 9, 16, 17, 26, 41, 46, 47, 48]",[24],,[],[],[],File not found,[],[],[],File not found,"[6, 9, 16, 17, 24, 26, 46, 47, 48]",[],[],,[],[],[],File not found,"[6, 9, 17, 22, 24, 26, 27, 29, 32, 37, 38, 40, 41, 42, 43, 46, 47, 48, 49]",[],[],,1.0,1.0,1.0,1.0,1.0,1.0,1.0,1.0,1.0,1.0,1.0,1.0,1.0,1.0,1.0,1.0,1.0,1.0,1.0,1.0,1.0,1.0,1.0,1.0,1.0,1.0,1.0,1.0,0.9473684210526316,0.888888888888889,0.9090909090909091,0.898989898989899,1.0,1.0,1.0,1.0,0.888888888888889,0.888888888888889,0.9090909090909091,0.898989898989899,1.0,0.9090909090909091,0.888888888888889,0.898989898989899,0,0.0,0.0,0.0,0.5000000000000001,0.7142857142857143,0.33333333333333337,0.5238095238095238,0,0.0,0.0,0.0,0,,,0.9473684210526316,,,0.6206896551724138,,
50,ER,6,"[5, 9, 16, 18, 22, 27, 38, 40, 43, 47]","[5, 16, 27, 40, 43]","[9, 18, 22, 38, 47]","[5, 9, 14, 16, 17, 18, 22, 26, 27, 28, 29, 30, 31, 32, 33, 34, 35, 36, 37, 38, 39, 40, 41, 42, 43, 44, 45, 46, 47, 48, 49]","[5, 9, 16, 18, 27, 38, 40, 43, 47]","[5, 16, 27, 40, 43]","[9, 18, 22, 38, 47]",,"[5, 9, 16, 18, 27, 38, 40, 43, 47]","[5, 16, 27, 40, 43]","[9, 18, 22, 38, 47]",,"[5, 9, 16, 18, 27, 38, 40, 43, 47]","[5, 16, 27, 40, 43, 47]","[9, 18, 22, 38]",,"[5, 9, 16, 18, 27, 38, 40, 43, 47]","[5, 16, 27, 40, 43]","[9, 18, 22, 38, 47]",,"[5, 9, 16, 18, 27, 38, 40, 43, 47]","[5, 16, 27, 40, 43]","[9, 18, 22, 38, 47]",,"[5, 9, 16, 18, 27, 38, 40, 43, 47]","[5, 16, 27, 40, 43]","[9, 18, 22, 38, 47]",,"[5, 9, 16, 18, 27, 38, 40, 43, 47]","[5, 16, 27, 40, 43]","[9, 18, 22, 38, 47]",,"[5, 9, 16, 18, 27, 38, 40, 43, 47]","[5, 16, 27, 40, 43]","[9, 18, 22, 38, 47]",,"[5, 9, 16, 18, 27, 38, 40, 43, 47]","[5, 16, 27, 40, 43]","[9, 18, 22, 38, 47]",,"[9, 16, 18, 22, 27, 38, 47]","[5, 16, 27, 40, 43]","[9, 18, 22, 38, 47]",,"[5, 9, 16, 18, 27, 38, 40, 43, 47]","[5, 16, 18, 27, 40, 43]","[9, 22, 38, 47]",,"[9, 14, 16, 17, 18, 22, 26, 27, 28, 29, 31, 32, 33, 34, 35, 36, 37, 38, 39, 40, 41, 42, 43, 44, 45, 47, 49]","[5, 16, 18, 22, 27, 38, 40, 43, 47]",[9],,[],[],[],File not found,[],[],[],File not found,"[5, 9, 16, 18, 22, 27, 38, 40, 43, 47]",[],[],,[],[],[],File not found,"[5, 9, 14, 16, 17, 18, 22, 27, 28, 29, 30, 31, 32, 35, 37, 38, 39, 40, 42, 43, 44, 46, 47, 49]",[],[],,0.9473684210526316,1.0,1.0,1.0,0.9473684210526316,1.0,1.0,1.0,0.9473684210526316,0.9090909090909091,0.888888888888889,0.898989898989899,0.9473684210526316,1.0,1.0,1.0,0.9473684210526316,1.0,1.0,1.0,0.9473684210526316,1.0,1.0,1.0,0.9473684210526316,1.0,1.0,1.0,0.9473684210526316,1.0,1.0,1.0,0.9473684210526316,1.0,1.0,1.0,0.8235294117647058,1.0,1.0,1.0,0.9473684210526316,0.9090909090909091,0.888888888888889,0.898989898989899,0,0.0,0.0,0.0,0.48648648648648646,0.7142857142857143,0.33333333333333337,0.5238095238095238,0,0.0,0.0,0.0,0,,,1.0,,,0.5882352941176471,,
50,ER,7,"[2, 12, 20, 22, 33, 35, 37, 38, 40, 45]","[20, 22, 35, 40, 45]","[2, 12, 33, 37, 38]","[2, 8, 10, 11, 12, 14, 20, 22, 23, 24, 27, 28, 29, 30, 31, 32, 33, 34, 35, 37, 38, 39, 40, 41, 44, 45, 46, 48, 49]","[2, 12, 20, 22, 33, 35, 37, 38, 40, 45]","[20, 22, 35, 40, 45]","[2, 12, 33, 37, 38]",,"[2, 12, 22, 33, 35, 37, 40, 45]","[20, 22, 35, 40, 45]","[2, 12, 33, 37, 38]",,"[2, 12, 20, 22, 33, 35, 37, 40, 45]","[20, 22, 35, 40, 45]","[2, 12, 33, 37, 38]",,"[2, 12, 20, 22, 33, 35, 37, 40, 45]","[20, 22, 35, 40, 45]","[2, 12, 33, 37, 38]",,"[2, 12, 20, 22, 33, 35, 37, 38, 40, 45]","[20, 22, 35, 40, 45]","[2, 12, 33, 37, 38]",,"[2, 12, 20, 22, 33, 35, 37, 40, 45]","[20, 22, 35, 40, 45]","[2, 12, 33, 37, 38]",,"[2, 12, 20, 22, 33, 35, 37, 40, 45]","[20, 22, 35, 40, 45]","[2, 12, 33, 37, 38]",,"[12, 20, 22, 35, 37, 40, 45]","[20, 22, 40, 45]","[2, 12, 33, 35, 37, 38]",,"[12, 20, 22, 33, 35, 37, 38, 40, 45]","[20, 22, 35, 40, 45]","[2, 12, 33, 37, 38]",,"[2, 20, 22, 33, 37, 38, 40]","[20, 22, 35, 40, 45]","[2, 12, 33, 37, 38]",,"[2, 12, 20, 22, 33, 35, 37, 38, 40, 45]","[20, 22, 35, 40, 45]","[2, 12, 33, 37, 38]",,"[2, 8, 10, 11, 12, 14, 20, 22, 23, 24, 27, 28, 29, 30, 32, 33, 34, 37, 38, 39, 40, 41, 44, 45, 46, 48, 49]","[12, 20, 22, 33, 35, 37, 38, 40, 45]",[2],,[],[],[],File not found,[],[],[],File not found,"[2, 12, 20, 22, 33, 37, 38, 40, 45]",[],[],,[],[],[],File not found,"[2, 8, 10, 11, 12, 20, 22, 23, 24, 27, 28, 29, 30, 31, 32, 34, 35, 39, 40, 41, 45, 49]",[],[],,1.0,1.0,1.0,1.0,0.888888888888889,1.0,1.0,1.0,0.9473684210526316,1.0,1.0,1.0,0.9473684210526316,1.0,1.0,1.0,1.0,1.0,1.0,1.0,0.9473684210526316,1.0,1.0,1.0,0.9473684210526316,1.0,1.0,1.0,0.8235294117647058,0.888888888888889,0.9090909090909091,0.898989898989899,0.9473684210526316,1.0,1.0,1.0,0.8235294117647058,1.0,1.0,1.0,1.0,1.0,1.0,1.0,0,0.0,0.0,0.0,0.48648648648648646,0.7142857142857143,0.33333333333333337,0.5238095238095238,0,0.0,0.0,0.0,0,,,0.9473684210526316,,,0.4375,,
50,ER,8,"[3, 24, 26, 27, 29, 41, 43, 44, 46, 49]","[24, 26, 27, 43, 46]","[3, 29, 41, 44, 49]","[3, 8, 9, 14, 21, 24, 25, 26, 27, 28, 29, 32, 34, 37, 38, 40, 41, 43, 44, 45, 46, 47, 48, 49]","[3, 24, 26, 27, 29, 41, 43, 44, 46, 49]","[24, 26, 27, 43, 46]","[3, 29, 41, 44, 49]",,"[3, 24, 26, 27, 29, 41, 43, 44, 46]","[24, 26, 27, 43, 46]","[3, 29, 41, 44, 49]",,"[3, 24, 26, 27, 29, 41, 43, 44, 46, 49]","[24, 26, 27, 43, 46]","[3, 29, 41, 44, 49]",,"[3, 24, 26, 27, 29, 41, 43, 44, 46, 49]","[24, 26, 27, 43, 46]","[3, 29, 41, 44, 49]",,"[3, 24, 26, 27, 29, 41, 43, 44, 46, 49]","[24, 26, 27, 43, 46]","[3, 29, 41, 44, 49]",,"[3, 24, 26, 27, 29, 41, 43, 44, 46]","[24, 26, 27, 43, 46]","[3, 29, 41, 44, 49]",,"[3, 24, 26, 27, 29, 41, 43, 44, 46, 49]","[24, 26, 27, 43, 46]","[3, 29, 41, 44, 49]",,"[24, 26, 27, 29, 41, 43, 44, 46]","[24, 27, 43, 46]","[3, 26, 29, 41, 44, 49]",,"[24, 26, 27, 29, 41, 43, 44, 46]","[24, 27, 43, 46]","[3, 26, 29, 41, 44, 49]",,"[3, 24, 27, 29, 41, 43, 44, 46, 49]","[24, 26, 27, 43, 46]","[3, 29, 41, 44, 49]",,"[24, 26, 27, 29, 41, 43, 44, 46, 49]","[24, 26, 27, 43, 46]","[3, 29, 41, 44, 49]",,"[3, 8, 9, 14, 24, 25, 26, 27, 28, 29, 32, 34, 37, 40, 41, 43, 44, 45, 46, 47, 48, 49]","[24, 26, 27, 41, 43, 44, 46, 49]","[3, 29]",,[],[],[],File not found,[],[],[],File not found,"[3, 24, 26, 27, 29, 41, 43, 44, 45, 46, 49]",[],[],,[],[],[],File not found,"[3, 8, 9, 14, 21, 25, 26, 27, 28, 29, 32, 34, 37, 38, 43, 46, 49]",[],[],,1.0,1.0,1.0,1.0,0.9473684210526316,1.0,1.0,1.0,1.0,1.0,1.0,1.0,1.0,1.0,1.0,1.0,1.0,1.0,1.0,1.0,0.9473684210526316,1.0,1.0,1.0,1.0,1.0,1.0,1.0,0.888888888888889,0.888888888888889,0.9090909090909091,0.898989898989899,0.888888888888889,0.888888888888889,0.9090909090909091,0.898989898989899,0.9473684210526316,1.0,1.0,1.0,0.9473684210526316,1.0,1.0,1.0,0,0.0,0.0,0.0,0.625,0.7692307692307693,0.5714285714285715,0.6703296703296704,0,0.0,0.0,0.0,0,,,0.9523809523809523,,,0.5185185185185185,,
50,ER,9,"[20, 27, 35, 36, 39, 41, 43, 44, 45, 49]","[20, 36, 43, 45, 49]","[27, 35, 39, 41, 44]","[5, 9, 11, 19, 20, 21, 23, 25, 26, 27, 30, 31, 32, 33, 34, 35, 36, 37, 38, 39, 40, 41, 42, 43, 44, 45, 46, 48, 49]","[20, 27, 35, 36, 39, 41, 43, 44, 45, 49]","[20, 36, 45, 49]","[27, 35, 39, 41, 43, 44]",,"[20, 27, 35, 36, 39, 41, 43, 44, 45, 49]","[20, 36, 45, 49]","[27, 35, 39, 41, 43, 44]",,"[20, 27, 35, 36, 39, 41, 43, 44, 45, 49]","[20, 36, 45, 49]","[27, 35, 39, 41, 43, 44]",,"[20, 27, 35, 36, 39, 41, 43, 44, 45, 49]","[20, 36, 45, 49]","[27, 35, 39, 41, 43, 44]",,"[20, 27, 35, 36, 39, 41, 43, 44, 45, 49]","[20, 36, 45, 49]","[27, 35, 39, 41, 43, 44]",,"[20, 27, 35, 36, 39, 41, 43, 44, 45, 49]","[20, 36, 45, 49]","[27, 35, 39, 41, 43, 44]",,"[20, 27, 35, 36, 39, 41, 43, 44, 45, 49]","[20, 36, 45, 49]","[27, 35, 39, 41, 43, 44]",,"[20, 27, 35, 36, 39, 43, 44, 45, 49]","[20, 36, 49]","[27, 35, 39, 41, 43, 44, 45]",,"[20, 27, 35, 36, 39, 43, 44, 45, 49]","[20, 36, 45, 49]","[27, 35, 39, 41, 43, 44]",,"[27, 35, 36, 39, 41, 44, 45, 49]","[20, 36, 43, 45, 49]","[27, 35, 39, 41, 44]",,"[20, 27, 35, 36, 39, 41, 43, 44, 45, 49]","[20, 36, 43, 44, 45, 49]","[27, 35, 39, 41]",,"[11, 21, 23, 25, 26, 27, 30, 31, 32, 33, 34, 35, 36, 37, 38, 39, 40, 41, 42, 44, 45, 46, 48, 49]","[20, 27, 36, 39, 41, 43, 44, 45, 49]",[35],,[],[],[],File not found,[],[],[],File not found,"[20, 27, 35, 36, 39, 41, 44, 45, 49]",[],[],,[],[],[],File not found,"[5, 9, 11, 19, 20, 21, 23, 25, 26, 30, 31, 33, 34, 35, 36, 37, 38, 39, 41, 42, 43, 45, 46, 48, 49]",[],[],,1.0,0.888888888888889,0.9090909090909091,0.898989898989899,1.0,0.888888888888889,0.9090909090909091,0.898989898989899,1.0,0.888888888888889,0.9090909090909091,0.898989898989899,1.0,0.888888888888889,0.9090909090909091,0.898989898989899,1.0,0.888888888888889,0.9090909090909091,0.898989898989899,1.0,0.888888888888889,0.9090909090909091,0.898989898989899,1.0,0.888888888888889,0.9090909090909091,0.898989898989899,0.9473684210526316,0.7499999999999999,0.8333333333333333,0.7916666666666665,0.9473684210526316,0.888888888888889,0.9090909090909091,0.898989898989899,0.888888888888889,1.0,1.0,1.0,1.0,0.9090909090909091,0.888888888888889,0.898989898989899,0,0.0,0.0,0.0,0.47058823529411764,0.7142857142857143,0.33333333333333337,0.5238095238095238,0,0.0,0.0,0.0,0,,,0.9473684210526316,,,0.45714285714285713,,
50,ER,10,"[5, 25, 26, 35, 39, 40, 41, 47, 48, 49]","[5, 26, 35, 48, 49]","[25, 39, 40, 41, 47]","[5, 6, 9, 10, 12, 15, 17, 18, 20, 21, 23, 24, 25, 26, 29, 30, 31, 32, 33, 34, 35, 38, 39, 40, 41, 42, 43, 44, 46, 47, 48, 49]","[5, 25, 26, 35, 39, 40, 41, 47, 48, 49]","[5, 26, 35, 48, 49]","[25, 39, 40, 41, 47]",,"[5, 25, 26, 35, 39, 40, 41, 47, 48, 49]","[5, 26, 35, 48, 49]","[25, 39, 40, 41, 47]",,"[5, 25, 26, 35, 39, 40, 41, 47, 48, 49]","[5, 26, 35, 48, 49]","[25, 39, 40, 41, 47]",,"[5, 25, 26, 35, 39, 40, 41, 47, 48, 49]","[5, 26, 35, 48, 49]","[25, 39, 40, 41, 47]",,"[5, 25, 26, 35, 39, 40, 41, 47, 48, 49]","[5, 26, 35, 48, 49]","[25, 39, 40, 41, 47]",,"[5, 25, 26, 35, 39, 40, 41, 47, 48, 49]","[5, 26, 35, 48, 49]","[25, 39, 40, 41, 47]",,"[5, 25, 26, 35, 39, 40, 41, 47, 48, 49]","[5, 26, 35, 48, 49]","[25, 39, 40, 41, 47]",,"[5, 26, 35, 39, 40, 41, 47, 48, 49]","[5, 26, 35, 48, 49]","[25, 39, 40, 41, 47]",,"[5, 26, 35, 39, 40, 41, 47, 48, 49]","[5, 26, 35, 48, 49]","[25, 39, 40, 41, 47]",,"[5, 25, 35, 39, 40, 41, 47, 48]","[5, 26, 35, 48, 49]","[25, 39, 40, 41, 47]",,"[5, 25, 26, 35, 39, 40, 41, 47, 48, 49]","[5, 26, 35, 48, 49]","[25, 39, 40, 41, 47]",,"[10, 15, 17, 18, 23, 24, 26, 29, 32, 34, 35, 38, 39, 40, 41, 42, 43, 44, 46, 47, 48]","[5, 25, 26, 35, 39, 40, 47, 48, 49]",[41],,[],[],[],File not found,[],[],[],File not found,"[5, 25, 26, 35, 39, 40, 41, 47, 48]",[],[],,[],[],[],File not found,"[5, 6, 9, 10, 18, 20, 21, 23, 24, 25, 26, 29, 32, 34, 35, 38, 39, 40, 41, 43, 44, 47, 48, 49]",[],[],,1.0,1.0,1.0,1.0,1.0,1.0,1.0,1.0,1.0,1.0,1.0,1.0,1.0,1.0,1.0,1.0,1.0,1.0,1.0,1.0,1.0,1.0,1.0,1.0,1.0,1.0,1.0,1.0,0.9473684210526316,1.0,1.0,1.0,0.9473684210526316,1.0,1.0,1.0,0.888888888888889,1.0,1.0,1.0,1.0,1.0,1.0,1.0,0,0.0,0.0,0.0,0.45161290322580644,0.7142857142857143,0.33333333333333337,0.5238095238095238,0,0.0,0.0,0.0,0,,,0.9473684210526316,,,0.5882352941176471,,
50,ER,11,"[15, 19, 23, 32, 34, 36, 39, 43, 45, 47]","[19, 23, 32, 45, 47]","[15, 34, 36, 39, 43]","[4, 5, 11, 14, 15, 17, 19, 22, 23, 24, 26, 27, 29, 31, 32, 34, 35, 36, 37, 39, 42, 43, 44, 45, 46, 47, 48, 49]","[15, 19, 23, 32, 34, 36, 39, 43, 45, 47]","[19, 23, 32, 45]","[15, 34, 36, 39, 43, 47]",,[],[],[],File not found with pattern: /data1/statduck/exp1_result_fans_swap/*nodes_50_ER_adj_11/*/fans_analysis/fans_*.json,"[15, 19, 23, 32, 34, 35, 36, 39, 43, 45, 47]","[19, 23, 32, 45]","[15, 34, 36, 39, 43, 47]",,"[15, 19, 23, 32, 34, 35, 36, 39, 43, 45, 47]","[19, 23, 32, 45]","[15, 34, 36, 39, 43, 47]",,"[15, 19, 23, 32, 34, 36, 39, 43, 45, 47]","[19, 23, 32, 45]","[15, 34, 36, 39, 43, 47]",,"[15, 19, 23, 32, 34, 35, 36, 39, 43, 45, 47]","[19, 23, 32, 45]","[15, 34, 36, 39, 43, 47]",,"[15, 19, 23, 32, 34, 36, 39, 43, 45, 47]","[19, 23, 32, 45]","[15, 34, 36, 39, 43, 47]",,"[15, 19, 23, 32, 35, 36, 43, 45, 47]",[45],"[15, 19, 23, 32, 34, 36, 39, 43, 47]",,"[15, 19, 23, 32, 35, 36, 39, 43, 45, 47]","[23, 45]","[15, 19, 32, 34, 36, 39, 43, 47]",,"[15, 19, 23, 32, 34, 36, 39, 43, 45]",[32],"[15, 19, 23, 34, 36, 39, 43, 45, 47]",,"[15, 19, 23, 32, 34, 35, 36, 39, 43, 45, 47]","[19, 23, 32, 45]","[15, 34, 36, 39, 43, 47]",,"[4, 5, 11, 15, 17, 22, 23, 24, 26, 27, 29, 31, 32, 34, 35, 36, 39, 42, 43, 44, 45, 47, 48, 49]","[19, 23, 32, 34, 39, 43, 47]","[15, 36, 45]",,[],[],[],File not found,[],[],[],File not found,"[15, 19, 23, 32, 34, 36, 39, 43, 45, 47]",[],[],,[],[],[],File not found,"[4, 5, 11, 14, 15, 17, 19, 23, 24, 27, 32, 35, 36, 37, 39, 44, 45, 46, 47, 48, 49]",[],[],,1.0,0.888888888888889,0.9090909090909091,0.898989898989899,0.0,0.0,0.0,0.0,0.9523809523809523,0.888888888888889,0.9090909090909091,0.898989898989899,0.9523809523809523,0.888888888888889,0.9090909090909091,0.898989898989899,1.0,0.888888888888889,0.9090909090909091,0.898989898989899,0.9523809523809523,0.888888888888889,0.9090909090909091,0.898989898989899,1.0,0.888888888888889,0.9090909090909091,0.898989898989899,0.8421052631578948,0.33333333333333337,0.7142857142857143,0.5238095238095238,0.9,0.5714285714285715,0.7692307692307693,0.6703296703296704,0.9473684210526316,0.33333333333333337,0.7142857142857143,0.5238095238095238,0.9523809523809523,0.888888888888889,0.9090909090909091,0.898989898989899,0,0.0,0.0,0.0,0.5294117647058825,0.6666666666666666,0.5,0.5833333333333333,0,0.0,0.0,0.0,0,,,1.0,,,0.5161290322580645,,
50,ER,12,"[12, 14, 30, 31, 33, 35, 36, 43, 46, 47]","[30, 31, 36, 46, 47]","[12, 14, 33, 35, 43]","[6, 12, 13, 14, 16, 17, 19, 20, 21, 22, 23, 24, 27, 29, 30, 31, 33, 34, 35, 36, 37, 38, 39, 40, 42, 43, 44, 45, 46, 47, 48, 49]","[12, 14, 30, 31, 33, 35, 36, 43, 46, 47]","[30, 31, 36, 46, 47]","[12, 14, 33, 35, 43]",,[],[],[],File not found with pattern: /data1/statduck/exp1_result_fans_swap/*nodes_50_ER_adj_12/*/fans_analysis/fans_*.json,"[12, 14, 30, 31, 33, 35, 36, 43, 46, 47]","[30, 31, 36, 46, 47]","[12, 14, 33, 35, 43]",,"[12, 14, 30, 31, 33, 35, 36, 43, 46, 47]","[30, 36, 46, 47]","[12, 14, 31, 33, 35, 43]",,"[12, 14, 30, 31, 33, 35, 36, 43, 46, 47]","[30, 36, 46, 47]","[12, 14, 31, 33, 35, 43]",,"[12, 14, 30, 31, 33, 35, 36, 43, 46, 47]","[30, 31, 36, 46, 47]","[12, 14, 33, 35, 43]",,"[12, 14, 30, 31, 33, 35, 36, 43, 46, 47]","[30, 36, 46, 47]","[12, 14, 31, 33, 35, 43]",,"[12, 14, 30, 31, 35, 36, 43, 46, 47]","[30, 31, 36]","[12, 14, 33, 35, 43, 46, 47]",,"[12, 14, 30, 31, 33, 35, 36, 43, 46, 47]","[30, 31, 36, 47]","[12, 14, 33, 35, 43, 46]",,"[12, 14, 30, 31, 33, 35, 36, 43, 46, 47]","[30, 36, 47]","[12, 14, 31, 33, 35, 43, 46]",,"[12, 14, 30, 31, 33, 35, 36, 43, 46, 47]","[30, 31, 36, 46, 47]","[12, 14, 33, 35, 43]",,"[14, 17, 30, 36]","[14, 30, 31, 36, 46, 47]","[12, 33, 35, 43]",,[],[],[],File not found,[],[],[],File not found,"[12, 14, 30, 31, 33, 35, 36, 43, 46, 47]",[],[],,[],[],[],File not found,"[6, 12, 13, 14, 20, 21, 22, 23, 24, 27, 30, 31, 34, 36, 38, 39, 40, 43, 44, 45, 46, 47, 48, 49]",[],[],,1.0,1.0,1.0,1.0,0.0,0.0,0.0,0.0,1.0,1.0,1.0,1.0,1.0,0.888888888888889,0.9090909090909091,0.898989898989899,1.0,0.888888888888889,0.9090909090909091,0.898989898989899,1.0,1.0,1.0,1.0,1.0,0.888888888888889,0.9090909090909091,0.898989898989899,0.9473684210526316,0.7499999999999999,0.8333333333333333,0.7916666666666665,1.0,0.888888888888889,0.9090909090909091,0.898989898989899,1.0,0.7499999999999999,0.8333333333333333,0.7916666666666665,1.0,1.0,1.0,1.0,0,0.0,0.0,0.0,0.4285714285714285,0.9090909090909091,0.888888888888889,0.898989898989899,0,0.0,0.0,0.0,0,,,1.0,,,0.47058823529411764,,
50,ER,13,"[9, 14, 17, 18, 28, 29, 31, 38, 41, 42]","[14, 17, 38, 41, 42]","[9, 18, 28, 29, 31]","[9, 11, 14, 16, 17, 18, 20, 21, 23, 25, 26, 28, 29, 30, 31, 32, 34, 35, 36, 37, 38, 39, 41, 42, 43, 44, 45, 48, 49]","[9, 14, 17, 18, 28, 29, 31, 38, 41, 42]","[17, 38, 41]","[9, 14, 18, 28, 29, 31, 42]",,[],[],[],File not found with pattern: /data1/statduck/exp1_result_fans_swap/*nodes_50_ER_adj_13/*/fans_analysis/fans_*.json,"[9, 14, 17, 18, 28, 29, 31, 38, 41, 42]",[38],"[9, 14, 17, 18, 28, 29, 31, 41, 42]",,"[9, 14, 17, 18, 28, 29, 31, 38, 41, 42]","[17, 38]","[9, 14, 18, 28, 29, 31, 41, 42]",,"[9, 14, 17, 18, 28, 29, 31, 38, 41, 42]","[17, 38, 41]","[9, 14, 18, 28, 29, 31, 42]",,"[9, 14, 17, 18, 28, 29, 31, 38, 41, 42]","[17, 38, 41]","[9, 14, 18, 28, 29, 31, 42]",,"[9, 14, 17, 18, 28, 29, 31, 38, 41, 42]","[17, 38, 41]","[9, 14, 18, 28, 29, 31, 42]",,"[9, 14, 17, 28, 29, 31, 38, 41, 42]",[41],"[9, 14, 17, 18, 28, 29, 31, 38, 42]",,"[9, 14, 17, 18, 28, 29, 31, 38, 41, 42]","[38, 41]","[9, 14, 17, 18, 28, 29, 31, 42]",,"[9, 14, 17, 18, 28, 29, 31, 38, 41, 42]",[],"[9, 14, 17, 18, 28, 29, 31, 38, 41, 42]",,"[9, 14, 17, 18, 28, 29, 31, 38, 41, 42]","[17, 29, 38, 41]","[9, 14, 18, 28, 31, 42]",,"[9, 14, 17, 18, 26, 29, 31, 37, 45, 48, 49]","[14, 17, 18, 29, 31, 38, 41, 42]","[9, 28]",,[],[],[],File not found,[],[],[],File not found,"[9, 14, 17, 18, 28, 29, 31, 38, 41, 42, 48]",[],[],,[],[],[],File not found,"[9, 11, 14, 17, 20, 21, 25, 28, 29, 30, 31, 32, 34, 36, 37, 38, 41, 42, 44, 45]",[],[],,1.0,0.7499999999999999,0.8333333333333333,0.7916666666666665,0.0,0.0,0.0,0.0,1.0,0.33333333333333337,0.7142857142857143,0.5238095238095238,1.0,0.5714285714285715,0.7692307692307693,0.6703296703296704,1.0,0.7499999999999999,0.8333333333333333,0.7916666666666665,1.0,0.7499999999999999,0.8333333333333333,0.7916666666666665,1.0,0.7499999999999999,0.8333333333333333,0.7916666666666665,0.9473684210526316,0.33333333333333337,0.7142857142857143,0.5238095238095238,1.0,0.5714285714285715,0.7692307692307693,0.6703296703296704,1.0,0.0,0.6666666666666666,0.3333333333333333,1.0,0.6666666666666665,0.7272727272727272,0.6969696969696968,0,0.0,0.0,0.0,0.5714285714285713,0.7692307692307693,0.5714285714285715,0.6703296703296704,0,0.0,0.0,0.0,0,,,0.9523809523809523,,,0.6,,
50,ER,14,"[8, 12, 15, 22, 26, 27, 34, 35, 45, 47]","[22, 27, 34, 35, 45]","[8, 12, 15, 26, 47]","[3, 8, 9, 12, 13, 15, 20, 22, 24, 25, 26, 27, 30, 31, 32, 33, 34, 35, 37, 39, 42, 43, 44, 45, 46, 47, 48, 49]","[8, 12, 15, 22, 26, 27, 34, 35, 47]","[22, 27, 34, 35, 45]","[8, 12, 15, 26, 47]",,[],[],[],File not found with pattern: /data1/statduck/exp1_result_fans_swap/*nodes_50_ER_adj_14/*/fans_analysis/fans_*.json,"[8, 12, 15, 22, 26, 27, 34, 35, 47]","[27, 34, 35]","[8, 12, 15, 22, 26, 45, 47]",,"[8, 12, 15, 22, 26, 27, 34, 35, 47]","[22, 27, 34, 35]","[8, 12, 15, 26, 45, 47]",,"[8, 12, 15, 22, 26, 27, 34, 35, 47]","[27, 34, 35, 45]","[8, 12, 15, 22, 26, 47]",,"[8, 12, 15, 22, 26, 27, 34, 35, 47]","[22, 27, 34, 35, 45]","[8, 12, 15, 26, 47]",,"[8, 12, 15, 22, 26, 27, 34, 35, 47]","[22, 27, 34, 35]","[8, 12, 15, 26, 45, 47]",,"[15, 22, 26, 27, 34, 35, 47]","[27, 34, 35]","[8, 12, 15, 22, 26, 45, 47]",,"[8, 15, 22, 26, 27, 34, 35, 47]","[22, 27, 34, 35]","[8, 12, 15, 26, 45, 47]",,"[8, 12, 15, 26, 27, 34, 35, 47]",[34],"[8, 12, 15, 22, 26, 27, 35, 45, 47]",,"[8, 12, 15, 22, 26, 27, 34, 35, 47]","[12, 27, 34, 35, 45]","[8, 15, 22, 26, 47]",,"[8, 12, 13, 15, 26, 27, 31, 34, 35, 43, 44, 45, 47, 49]","[22, 27, 34, 35, 45]","[8, 12, 15, 26, 47]",,[],[],[],File not found,[],[],[],File not found,"[8, 12, 15, 22, 26, 27, 31, 34, 35, 45, 47, 49]",[],[],,[],[],[],File not found,"[3, 8, 9, 12, 13, 15, 20, 22, 24, 25, 27, 32, 33, 34, 35, 42, 43, 44, 45, 46, 49]",[],[],,0.9473684210526316,1.0,1.0,1.0,0.0,0.0,0.0,0.0,0.9473684210526316,0.7499999999999999,0.8333333333333333,0.7916666666666665,0.9473684210526316,0.888888888888889,0.9090909090909091,0.898989898989899,0.9473684210526316,0.888888888888889,0.9090909090909091,0.898989898989899,0.9473684210526316,1.0,1.0,1.0,0.9473684210526316,0.888888888888889,0.9090909090909091,0.898989898989899,0.8235294117647058,0.7499999999999999,0.8333333333333333,0.7916666666666665,0.888888888888889,0.888888888888889,0.9090909090909091,0.898989898989899,0.888888888888889,0.33333333333333337,0.7142857142857143,0.5238095238095238,0.9473684210526316,0.8000000000000002,0.8000000000000002,0.8000000000000002,0,0.0,0.0,0.0,0.75,1.0,1.0,1.0,0,0.0,0.0,0.0,0,,,0.9090909090909091,,,0.5161290322580645,,
50,ER,15,"[9, 18, 23, 28, 31, 34, 36, 37, 40, 44]","[9, 18, 34, 36, 40]","[23, 28, 31, 37, 44]","[7, 8, 9, 11, 15, 18, 21, 22, 23, 28, 29, 30, 31, 32, 33, 34, 35, 36, 37, 38, 39, 40, 43, 44, 45, 46, 48, 49]","[9, 18, 23, 28, 31, 34, 36, 37, 40, 44]","[9, 18, 34, 40]","[23, 28, 31, 36, 37, 44]",,[],[],[],File not found with pattern: /data1/statduck/exp1_result_fans_swap/*nodes_50_ER_adj_15/*/fans_analysis/fans_*.json,"[9, 18, 23, 28, 31, 34, 36, 37, 40, 44]","[9, 18, 34, 40]","[23, 28, 31, 36, 37, 44]",,"[9, 18, 23, 28, 34, 36, 37, 40, 44]","[9, 18, 34, 40]","[23, 28, 31, 36, 37, 44]",,"[9, 18, 23, 28, 31, 34, 36, 37, 40, 44]","[9, 18, 34, 40]","[23, 28, 31, 36, 37, 44]",,"[9, 18, 23, 28, 31, 34, 36, 37, 40, 44]","[9, 18, 34, 40]","[23, 28, 31, 36, 37, 44]",,"[9, 18, 23, 28, 31, 34, 36, 37, 40, 44]","[9, 18, 34, 40]","[23, 28, 31, 36, 37, 44]",,"[9, 18, 23, 28, 34, 36, 37, 40, 44]",[],"[9, 18, 23, 28, 31, 34, 36, 37, 40, 44]",,"[9, 18, 23, 28, 31, 34, 36, 37, 40, 44]",[9],"[18, 23, 28, 31, 34, 36, 37, 40, 44]",,"[9, 18, 23, 28, 31, 34, 36, 37, 40, 44]","[9, 40]","[18, 23, 28, 31, 34, 36, 37, 44]",,"[9, 18, 23, 28, 31, 34, 36, 37, 40, 44]","[9, 31, 34, 40]","[18, 23, 28, 36, 37, 44]",,"[7, 9, 11, 15, 18, 21, 22, 23, 28, 30, 31, 32, 33, 36, 37, 38, 39, 40, 43, 44, 45, 48, 49]","[9, 18, 28, 31, 34, 40, 44]","[23, 36, 37]",,[],[],[],File not found,[],[],[],File not found,"[9, 18, 23, 28, 31, 34, 36, 37, 40, 44, 48]",[],[],,[],[],[],File not found,"[7, 8, 9, 11, 15, 18, 21, 22, 23, 28, 29, 31, 32, 33, 34, 35, 36, 37, 38, 39, 40, 43, 45, 46, 49]",[],[],,1.0,0.888888888888889,0.9090909090909091,0.898989898989899,0.0,0.0,0.0,0.0,1.0,0.888888888888889,0.9090909090909091,0.898989898989899,0.9473684210526316,0.888888888888889,0.9090909090909091,0.898989898989899,1.0,0.888888888888889,0.9090909090909091,0.898989898989899,1.0,0.888888888888889,0.9090909090909091,0.898989898989899,1.0,0.888888888888889,0.9090909090909091,0.898989898989899,0.9473684210526316,0.0,0.6666666666666666,0.3333333333333333,1.0,0.33333333333333337,0.7142857142857143,0.5238095238095238,1.0,0.5714285714285715,0.7692307692307693,0.6703296703296704,1.0,0.6666666666666665,0.7272727272727272,0.6969696969696968,0,0.0,0.0,0.0,0.5454545454545454,0.6666666666666666,0.5,0.5833333333333333,0,0.0,0.0,0.0,0,,,0.9523809523809523,,,0.5142857142857143,,
50,ER,16,"[14, 15, 24, 25, 26, 31, 36, 37, 44, 49]","[15, 31, 37, 44, 49]","[14, 24, 25, 26, 36]","[6, 14, 15, 18, 20, 22, 23, 24, 25, 26, 27, 28, 29, 30, 31, 32, 34, 35, 36, 37, 38, 39, 40, 44, 45, 46, 47, 48, 49]","[14, 15, 24, 25, 26, 31, 36, 37, 44, 49]","[15, 31, 44]","[14, 24, 25, 26, 36, 37, 49]",,[],[],[],File not found with pattern: /data1/statduck/exp1_result_fans_swap/*nodes_50_ER_adj_16/*/fans_analysis/fans_*.json,"[14, 15, 25, 26, 31, 36, 37, 44, 49]","[15, 31, 44]","[14, 24, 25, 26, 36, 37, 49]",,"[14, 15, 24, 25, 26, 31, 36, 37, 44, 49]","[15, 31, 44]","[14, 24, 25, 26, 36, 37, 49]",,"[14, 15, 24, 25, 26, 31, 36, 37, 44, 49]","[15, 31, 44]","[14, 24, 25, 26, 36, 37, 49]",,"[14, 15, 24, 25, 26, 31, 36, 37, 44, 49]","[15, 31, 44]","[14, 24, 25, 26, 36, 37, 49]",,"[14, 15, 24, 25, 26, 31, 36, 37, 44, 49]","[15, 31, 44]","[14, 24, 25, 26, 36, 37, 49]",,"[14, 15, 31, 36, 37, 44, 49]",[44],"[14, 15, 24, 25, 26, 31, 36, 37, 49]",,"[14, 15, 31, 36, 37, 44, 49]","[15, 44]","[14, 24, 25, 26, 31, 36, 37, 49]",,"[14, 15, 24, 25, 26, 31, 36, 37, 44, 49]",[44],"[14, 15, 24, 25, 26, 31, 36, 37, 49]",,"[14, 15, 24, 25, 26, 31, 36, 37, 44, 49]","[31, 44, 49]","[14, 15, 24, 25, 26, 36, 37]",,"[6, 14, 15, 18, 22, 23, 24, 25, 26, 27, 28, 29, 30, 31, 32, 34, 35, 36, 37, 39, 44, 45, 46, 48, 49]","[15, 31, 36, 37, 44, 49]","[14, 24, 25, 26]",,[],[],[],File not found,[],[],[],File not found,"[14, 15, 24, 25, 26, 31, 36, 37, 44, 46, 49]",[],[],,[],[],[],File not found,"[6, 14, 15, 18, 20, 22, 23, 24, 25, 27, 29, 30, 31, 32, 34, 35, 36, 37, 38, 40, 44, 46, 47, 49]",[],[],,1.0,0.7499999999999999,0.8333333333333333,0.7916666666666665,0.0,0.0,0.0,0.0,0.9473684210526316,0.7499999999999999,0.8333333333333333,0.7916666666666665,1.0,0.7499999999999999,0.8333333333333333,0.7916666666666665,1.0,0.7499999999999999,0.8333333333333333,0.7916666666666665,1.0,0.7499999999999999,0.8333333333333333,0.7916666666666665,1.0,0.7499999999999999,0.8333333333333333,0.7916666666666665,0.8235294117647058,0.33333333333333337,0.7142857142857143,0.5238095238095238,0.8235294117647058,0.5714285714285715,0.7692307692307693,0.6703296703296704,1.0,0.33333333333333337,0.7142857142857143,0.5238095238095238,1.0,0.7499999999999999,0.8333333333333333,0.7916666666666665,0,0.0,0.0,0.0,0.5714285714285715,0.9090909090909091,0.888888888888889,0.898989898989899,0,0.0,0.0,0.0,0,,,0.9523809523809523,,,0.5294117647058825,,
50,ER,17,"[10, 13, 16, 21, 23, 24, 30, 35, 36, 45]","[10, 23, 30, 35, 45]","[13, 16, 21, 24, 36]","[9, 10, 13, 16, 17, 18, 19, 20, 21, 22, 23, 24, 25, 26, 29, 30, 31, 32, 33, 34, 35, 36, 37, 38, 39, 40, 44, 45, 46, 47, 48, 49]","[10, 13, 21, 23, 24, 30, 35, 36, 45]","[10, 23, 24, 30, 35]","[13, 16, 21, 36, 45]",,[],[],[],File not found with pattern: /data1/statduck/exp1_result_fans_swap/*nodes_50_ER_adj_17/*/fans_analysis/fans_*.json,"[10, 13, 16, 21, 23, 24, 30, 35, 36]","[10, 13, 23, 24]","[16, 21, 30, 35, 36, 45]",,"[10, 13, 21, 23, 24, 30, 35, 36, 45]","[10, 23, 24, 30]","[13, 16, 21, 35, 36, 45]",,"[10, 13, 21, 23, 24, 30, 35, 36, 45]","[10, 23]","[13, 16, 21, 24, 30, 35, 36, 45]",,"[10, 13, 21, 23, 24, 30, 35, 36, 45]","[10, 23]","[13, 16, 21, 24, 30, 35, 36, 45]",,"[10, 13, 21, 23, 24, 30, 35, 36, 45]","[10, 23, 24, 30]","[13, 16, 21, 35, 36, 45]",,"[10, 13, 21, 23, 30, 35, 36, 45]",[],"[10, 13, 16, 21, 23, 24, 30, 35, 36, 45]",,"[10, 13, 21, 23, 30, 35, 36, 45]",[],"[10, 13, 16, 21, 23, 24, 30, 35, 36, 45]",,"[10, 13, 16, 21, 23, 24, 30, 35, 36]",[],"[10, 13, 16, 21, 23, 24, 30, 35, 36, 45]",,"[10, 13, 16, 21, 23, 24, 30, 35, 36, 45]","[10, 13, 23, 24, 30, 35]","[16, 21, 36, 45]",,"[10, 13, 16, 17, 19, 20, 21, 22, 23, 24, 25, 26, 29, 30, 31, 33, 34, 35, 36, 37, 38, 40, 44, 45, 46, 47]","[10, 13, 16, 21, 23, 24, 30, 35, 45]",[36],,[],[],[],File not found,[],[],[],File not found,"[10, 13, 16, 21, 23, 24, 30, 35, 36, 38, 45, 46]",[],[],,[],[],[],File not found,"[9, 10, 13, 17, 18, 20, 21, 22, 23, 24, 25, 26, 29, 30, 32, 33, 34, 35, 36, 37, 38, 40, 44, 45, 46, 47, 48, 49]",[],[],,0.9473684210526316,0.8000000000000002,0.8000000000000002,0.8000000000000002,0.0,0.0,0.0,0.0,0.9473684210526316,0.4444444444444445,0.5454545454545454,0.4949494949494949,0.9473684210526316,0.6666666666666665,0.7272727272727272,0.6969696969696968,0.9473684210526316,0.5714285714285715,0.7692307692307693,0.6703296703296704,0.9473684210526316,0.5714285714285715,0.7692307692307693,0.6703296703296704,0.9473684210526316,0.6666666666666665,0.7272727272727272,0.6969696969696968,0.888888888888889,0.0,0.6666666666666666,0.3333333333333333,0.888888888888889,0.0,0.6666666666666666,0.3333333333333333,0.9473684210526316,0.0,0.6666666666666666,0.3333333333333333,1.0,0.7272727272727272,0.6666666666666665,0.6969696969696968,0,0.0,0.0,0.0,0.5555555555555556,0.7142857142857143,0.33333333333333337,0.5238095238095238,0,0.0,0.0,0.0,0,,,0.9090909090909091,,,0.4736842105263158,,
50,ER,18,"[7, 16, 23, 26, 30, 31, 33, 38, 44, 46]","[7, 23, 26, 31, 33]","[16, 30, 38, 44, 46]","[7, 8, 16, 17, 18, 19, 23, 25, 26, 27, 28, 29, 30, 31, 33, 35, 37, 38, 39, 40, 41, 42, 43, 44, 45, 46, 48, 49]","[7, 16, 23, 26, 31, 33, 38, 44]","[7, 23, 26, 33]","[16, 30, 31, 38, 44, 46]",,[],[],[],File not found with pattern: /data1/statduck/exp1_result_fans_swap/*nodes_50_ER_adj_18/*/fans_analysis/fans_*.json,"[7, 16, 23, 26, 31, 33, 38, 44]","[7, 23, 26, 33, 38]","[16, 30, 31, 44, 46]",,"[7, 16, 23, 26, 31, 33, 38, 44]","[7, 23, 26, 33]","[16, 30, 31, 38, 44, 46]",,"[7, 16, 23, 26, 31, 33, 38, 44]","[7, 23, 26, 33]","[16, 30, 31, 38, 44, 46]",,"[7, 16, 23, 26, 31, 33, 38, 44]","[7, 23, 26, 33]","[16, 30, 31, 38, 44, 46]",,"[7, 16, 23, 26, 31, 33, 38, 44]","[7, 23, 26, 33]","[16, 30, 31, 38, 44, 46]",,"[7, 16, 23, 26, 31, 33, 44]",[26],"[7, 16, 23, 30, 31, 33, 38, 44, 46]",,"[7, 16, 23, 26, 31, 33, 44]",[26],"[7, 16, 23, 30, 31, 33, 38, 44, 46]",,"[7, 16, 23, 26, 30, 33, 38, 44]","[7, 26, 31]","[16, 23, 30, 33, 38, 44, 46]",,"[7, 16, 23, 26, 31, 33, 38, 44]","[7, 26, 38]","[16, 23, 30, 31, 33, 44, 46]",,"[7, 16, 23, 26, 31, 38, 42, 44, 49]","[7, 16, 23, 26, 30, 31, 33, 38]","[44, 46]",,[],[],[],File not found,[],[],[],File not found,"[7, 16, 23, 26, 30, 31, 33, 38, 40, 44, 46]",[],[],,[],[],[],File not found,"[7, 8, 16, 23, 26, 27, 28, 30, 31, 33, 37, 38, 41, 42, 43, 45, 46, 48, 49]",[],[],,0.888888888888889,0.888888888888889,0.9090909090909091,0.898989898989899,0.0,0.0,0.0,0.0,0.888888888888889,0.8000000000000002,0.8000000000000002,0.8000000000000002,0.888888888888889,0.888888888888889,0.9090909090909091,0.898989898989899,0.888888888888889,0.888888888888889,0.9090909090909091,0.898989898989899,0.888888888888889,0.888888888888889,0.9090909090909091,0.898989898989899,0.888888888888889,0.888888888888889,0.9090909090909091,0.898989898989899,0.8235294117647058,0.33333333333333337,0.7142857142857143,0.5238095238095238,0.8235294117647058,0.33333333333333337,0.7142857142857143,0.5238095238095238,0.888888888888889,0.7499999999999999,0.8333333333333333,0.7916666666666665,0.888888888888889,0.5,0.6666666666666666,0.5833333333333333,0,0.0,0.0,0.0,0.7368421052631577,0.7692307692307693,0.5714285714285715,0.6703296703296704,0,0.0,0.0,0.0,0,,,0.9523809523809523,,,0.6206896551724138,,
50,ER,19,"[24, 27, 31, 33, 34, 36, 41, 42, 43, 45]","[24, 31, 33, 34, 41]","[27, 36, 42, 43, 45]","[5, 9, 19, 20, 21, 22, 24, 25, 27, 28, 30, 31, 32, 33, 34, 36, 37, 40, 41, 42, 43, 44, 45, 46, 47, 48, 49]","[24, 27, 31, 33, 34, 36, 41, 42]","[24, 33, 34, 41]","[27, 31, 36, 42, 43, 45]",,[],[],[],File not found with pattern: /data1/statduck/exp1_result_fans_swap/*nodes_50_ER_adj_19/*/fans_analysis/fans_*.json,"[24, 27, 31, 33, 34, 36, 41, 42]","[24, 33, 34, 41]","[27, 31, 36, 42, 43, 45]",,"[24, 27, 31, 33, 34, 36, 41, 42]","[24, 33, 34, 41]","[27, 31, 36, 42, 43, 45]",,"[24, 27, 31, 33, 34, 41, 42]","[24, 33, 34, 41]","[27, 31, 36, 42, 43, 45]",,"[24, 27, 31, 33, 34, 36, 41, 42]","[33, 34, 41]","[24, 27, 31, 36, 42, 43, 45]",,"[24, 27, 31, 33, 34, 36, 41, 42]","[24, 33, 34, 41]","[27, 31, 36, 42, 43, 45]",,"[24, 31, 33, 34, 41, 42]","[33, 34]","[24, 27, 31, 36, 41, 42, 43, 45]",,"[24, 27, 31, 33, 34, 41, 42]","[33, 34, 41]","[24, 27, 31, 36, 42, 43, 45]",,"[24, 27, 31, 33, 34, 41, 42, 43, 45]","[33, 34]","[24, 27, 31, 36, 41, 42, 43, 45]",,"[24, 27, 31, 33, 34, 36, 41, 42, 43]","[33, 34]","[24, 27, 31, 36, 41, 42, 43, 45]",,"[5, 9, 19, 20, 21, 22, 24, 25, 27, 30, 31, 33, 34, 36, 40, 41, 42, 43, 44, 45, 46, 47, 48, 49]","[24, 27, 31, 33, 34, 36, 41, 43, 45]",[42],,[],[],[],File not found,[],[],[],File not found,"[24, 27, 31, 33, 34, 36, 41, 42, 43, 45]",[],[],,[],[],[],File not found,"[5, 9, 19, 21, 22, 24, 25, 27, 28, 30, 31, 32, 33, 34, 36, 37, 40, 41, 42, 43, 44, 45, 46, 47, 48, 49]",[],[],,0.888888888888889,0.888888888888889,0.9090909090909091,0.898989898989899,0.0,0.0,0.0,0.0,0.888888888888889,0.888888888888889,0.9090909090909091,0.898989898989899,0.888888888888889,0.888888888888889,0.9090909090909091,0.898989898989899,0.8235294117647058,0.888888888888889,0.9090909090909091,0.898989898989899,0.888888888888889,0.7499999999999999,0.8333333333333333,0.7916666666666665,0.888888888888889,0.888888888888889,0.9090909090909091,0.898989898989899,0.7499999999999999,0.5714285714285715,0.7692307692307693,0.6703296703296704,0.8235294117647058,0.7499999999999999,0.8333333333333333,0.7916666666666665,0.9473684210526316,0.5714285714285715,0.7692307692307693,0.6703296703296704,0.9473684210526316,0.5714285714285715,0.7692307692307693,0.6703296703296704,0,0.0,0.0,0.0,0.5882352941176471,0.7142857142857143,0.33333333333333337,0.5238095238095238,0,0.0,0.0,0.0,0,,,1.0,,,0.5555555555555556,,
50,ER,20,"[9, 18, 24, 25, 28, 40, 41, 45, 47, 49]","[18, 24, 40, 41, 47]","[9, 25, 28, 45, 49]","[7, 9, 11, 14, 15, 18, 19, 20, 22, 24, 25, 26, 27, 28, 30, 34, 35, 37, 38, 40, 41, 43, 45, 46, 47, 48, 49]","[9, 18, 24, 28, 40, 41, 45, 47, 49]","[18, 24, 40, 47]","[9, 25, 28, 41, 45, 49]",,[],[],[],File not found with pattern: /data1/statduck/exp1_result_fans_swap/*nodes_50_ER_adj_20/*/fans_analysis/fans_*.json,"[9, 18, 24, 28, 40, 41, 47, 49]","[18, 24, 40, 47]","[9, 25, 28, 41, 45, 49]",,"[9, 18, 24, 28, 40, 41, 45, 47, 49]","[18, 24, 40, 47]","[9, 25, 28, 41, 45, 49]",,"[9, 18, 24, 25, 28, 40, 41, 45, 47, 49]","[18, 24, 40, 47]","[9, 25, 28, 41, 45, 49]",,"[9, 18, 24, 28, 40, 41, 47, 49]","[18, 24, 40, 47]","[9, 25, 28, 41, 45, 49]",,"[9, 18, 24, 25, 28, 40, 41, 45, 47, 49]","[18, 24, 40, 47]","[9, 25, 28, 41, 45, 49]",,"[18, 24, 40, 41, 47]","[18, 24, 40, 47]","[9, 25, 28, 41, 45, 49]",,"[9, 18, 24, 40, 41, 47, 49]","[18, 24, 40, 47]","[9, 25, 28, 41, 45, 49]",,"[9, 18, 24, 25, 28, 40, 45, 47, 49]","[18, 40, 47]","[9, 24, 25, 28, 41, 45, 49]",,"[9, 18, 24, 28, 40, 41, 45, 47, 49]","[18, 24, 40, 47]","[9, 25, 28, 41, 45, 49]",,"[9, 11, 14, 18, 19, 20, 24, 27, 28, 34, 35, 41, 45, 47, 48]","[9, 18, 24, 25, 40, 41, 47, 49]","[28, 45]",,[],[],[],File not found,[],[],[],File not found,"[9, 18, 25, 27, 28, 40, 41, 45, 47, 49]",[],[],,[],[],[],File not found,"[9, 11, 14, 15, 18, 19, 20, 22, 24, 26, 27, 34, 35, 37, 38, 40, 41, 43, 45, 46, 47, 49]",[],[],,0.9473684210526316,0.888888888888889,0.9090909090909091,0.898989898989899,0.0,0.0,0.0,0.0,0.888888888888889,0.888888888888889,0.9090909090909091,0.898989898989899,0.9473684210526316,0.888888888888889,0.9090909090909091,0.898989898989899,1.0,0.888888888888889,0.9090909090909091,0.898989898989899,0.888888888888889,0.888888888888889,0.9090909090909091,0.898989898989899,1.0,0.888888888888889,0.9090909090909091,0.898989898989899,0.6666666666666666,0.888888888888889,0.9090909090909091,0.898989898989899,0.8235294117647058,0.888888888888889,0.9090909090909091,0.898989898989899,0.9473684210526316,0.7499999999999999,0.8333333333333333,0.7916666666666665,0.9473684210526316,0.888888888888889,0.9090909090909091,0.898989898989899,0,0.0,0.0,0.0,0.56,0.7692307692307693,0.5714285714285715,0.6703296703296704,0,0.0,0.0,0.0,0,,,0.9,,,0.5000000000000001,,
50,ER,21,"[1, 19, 32, 34, 39, 43, 46, 47, 48, 49]","[1, 19, 32, 34, 39, 43, 46, 47, 48, 49]",[],"[1, 6, 8, 10, 13, 18, 19, 20, 23, 27, 28, 29, 30, 31, 32, 34, 36, 37, 38, 39, 40, 41, 43, 44, 45, 46, 47, 48, 49]","[1, 19, 32, 34, 39, 43, 46, 47, 48, 49]","[1, 19, 34, 39, 43, 47, 48, 49]","[32, 46]",,[],[],[],File not found with pattern: /data1/statduck/exp1_result_fans_swap/*nodes_50_ER_adj_21/*/fans_analysis/fans_*.json,"[1, 19, 32, 34, 39, 43, 46, 47, 48, 49]","[1, 19, 34, 39, 43, 47, 48, 49]","[32, 46]",,"[1, 19, 32, 34, 39, 43, 46, 47, 48, 49]","[1, 19, 34, 39, 43, 46, 47, 48, 49]",[32],,"[1, 19, 32, 34, 39, 43, 46, 47, 48, 49]","[1, 19, 34, 39, 43, 47, 48, 49]","[32, 46]",,"[1, 19, 32, 34, 39, 43, 46, 47, 48, 49]","[1, 19, 34, 39, 43, 47, 48, 49]","[32, 46]",,"[1, 19, 32, 34, 39, 43, 46, 47, 48, 49]","[1, 19, 34, 39, 43, 46, 47, 48, 49]",[32],,"[1, 19, 32, 34, 39, 43, 46, 47, 48, 49]","[19, 34, 39, 43, 47, 48, 49]","[1, 32, 46]",,"[1, 19, 32, 34, 39, 43, 46, 47, 48, 49]","[19, 34, 39, 43, 47, 48, 49]","[1, 32, 46]",,"[1, 43, 46, 48, 49]","[19, 34, 39, 43, 47, 48]","[1, 32, 46, 49]",,"[1, 19, 32, 34, 39, 43, 46, 47, 48, 49]","[1, 19, 34, 39, 43, 46, 47, 48, 49]",[32],,"[6, 48]","[1, 19, 32, 34, 39, 43, 47, 48, 49]",[46],,[],[],[],File not found,[],[],[],File not found,"[1, 19, 32, 34, 39, 43, 46, 47, 48, 49]",[],[],,[],[],[],File not found,"[1, 6, 8, 10, 13, 18, 19, 27, 28, 29, 30, 31, 32, 34, 36, 38, 40, 41, 43, 44, 45, 46, 47, 49]",[],[],,1.0,0.888888888888889,0.0,0.888888888888889,0.0,0.0,0.0,0.0,1.0,0.888888888888889,0.0,0.888888888888889,1.0,0.9473684210526316,0.0,0.9473684210526316,1.0,0.888888888888889,0.0,0.888888888888889,1.0,0.888888888888889,0.0,0.888888888888889,1.0,0.9473684210526316,0.0,0.9473684210526316,1.0,0.8235294117647058,0.0,0.8235294117647058,1.0,0.8235294117647058,0.0,0.8235294117647058,0.6666666666666666,0.7499999999999999,0.0,0.7499999999999999,1.0,0.9473684210526316,0.0,0.9473684210526316,0,0.0,0.0,0.0,0.16666666666666669,0.9473684210526316,0.0,0.9473684210526316,0,0.0,0.0,0.0,0,,,1.0,,,0.47058823529411764,,
50,ER,22,"[2, 10, 12, 19, 22, 28, 31, 32, 40, 43]","[2, 10, 12, 19, 22, 28, 31, 32, 40, 43]",[],"[2, 8, 10, 12, 14, 17, 18, 19, 21, 22, 23, 24, 25, 27, 28, 30, 31, 32, 33, 34, 36, 38, 39, 40, 41, 42, 43, 46]","[2, 10, 12, 19, 22, 28, 31, 32, 40, 43]","[2, 10, 12, 19, 22, 28, 32, 40, 43]",[31],,[],[],[],File not found with pattern: /data1/statduck/exp1_result_fans_swap/*nodes_50_ER_adj_22/*/fans_analysis/fans_*.json,"[2, 10, 12, 19, 22, 28, 31, 32, 40, 43]","[2, 10, 12, 19, 22, 28, 31, 32, 40, 43]",[],,"[2, 10, 12, 19, 22, 28, 31, 32, 40, 43]","[2, 10, 12, 19, 22, 28, 31, 32, 40, 43]",[],,"[2, 10, 12, 19, 22, 28, 31, 32, 40, 43]","[2, 10, 12, 19, 22, 28, 31, 32, 40, 43]",[],,"[2, 10, 12, 19, 22, 28, 31, 32, 40, 43]","[2, 10, 12, 19, 22, 28, 32, 40, 43]",[31],,"[2, 10, 12, 19, 22, 28, 31, 32, 40, 43]","[2, 10, 12, 19, 22, 28, 32, 40, 43]",[31],,"[2, 10, 12, 19, 22, 28, 31, 40, 43]","[2, 22, 31, 32, 40, 43]","[10, 12, 19, 28]",,"[2, 10, 12, 19, 22, 28, 31, 40, 43]","[2, 12, 22, 28, 31, 32, 40, 43]","[10, 19]",,"[10, 12, 28, 31, 32, 40, 43]","[2, 22, 28, 32, 40, 43]","[10, 12, 19, 31]",,"[2, 10, 12, 19, 21, 22, 27, 28, 31, 32, 34, 40, 43]","[2, 10, 12, 22, 28, 31, 32, 40, 43]",[19],,"[10, 12, 19, 25, 28, 33, 41, 43]","[2, 10, 12, 19, 22, 28, 31, 32, 40, 43]",[],,[],[],[],File not found,[],[],[],File not found,"[2, 10, 12, 19, 22, 28, 31, 32, 33, 40, 43]",[],[],,[],[],[],File not found,"[8, 10, 12, 18, 19, 21, 22, 24, 25, 27, 28, 30, 31, 32, 33, 34, 39, 40, 41, 42, 43, 46]",[],[],,1.0,0.9473684210526316,0.0,0.9473684210526316,0.0,0.0,0.0,0.0,1.0,1.0,0.0,1.0,1.0,1.0,0.0,1.0,1.0,1.0,0.0,1.0,1.0,0.9473684210526316,0.0,0.9473684210526316,1.0,0.9473684210526316,0.0,0.9473684210526316,0.9473684210526316,0.7499999999999999,0.0,0.7499999999999999,0.9473684210526316,0.888888888888889,0.0,0.888888888888889,0.8235294117647058,0.7499999999999999,0.0,0.7499999999999999,0.8695652173913044,0.9473684210526316,0.0,0.9473684210526316,0,0.0,0.0,0.0,0.5555555555555556,1.0,0.0,1.0,0,0.0,0.0,0.0,0,,,0.9523809523809523,,,0.5625000000000001,,
50,ER,23,"[10, 16, 19, 29, 38, 41, 44, 45, 48, 49]","[10, 16, 19, 29, 38, 41, 44, 45, 48, 49]",[],"[10, 12, 13, 16, 18, 19, 20, 21, 24, 25, 27, 28, 29, 30, 31, 32, 34, 35, 36, 37, 38, 39, 40, 41, 44, 45, 46, 47, 48, 49]","[10, 16, 19, 29, 38, 41, 44, 45, 48, 49]","[10, 16, 19, 29, 38, 41, 44, 45, 48]",[49],,[],[],[],File not found with pattern: /data1/statduck/exp1_result_fans_swap/*nodes_50_ER_adj_23/*/fans_analysis/fans_*.json,"[10, 16, 19, 29, 38, 41, 44, 45, 48, 49]","[10, 16, 19, 29, 38, 44, 45, 48]","[41, 49]",,"[10, 16, 19, 29, 38, 41, 44, 45, 48, 49]","[10, 16, 19, 29, 38, 44, 45, 48]","[41, 49]",,"[10, 16, 19, 29, 38, 41, 44, 45, 48, 49]","[10, 16, 19, 29, 38, 41, 44, 45, 48]",[49],,"[10, 16, 19, 29, 38, 41, 44, 45, 48, 49]","[10, 16, 19, 29, 38, 44, 45, 48]","[41, 49]",,"[10, 16, 19, 29, 38, 41, 44, 45, 48, 49]","[10, 16, 19, 29, 38, 41, 44, 45, 48]",[49],,"[10, 16, 19, 29, 38, 41, 44, 45, 48, 49]","[10, 19, 29, 38, 44, 45, 48]","[16, 41, 49]",,"[10, 16, 19, 29, 38, 41, 44, 45, 48, 49]","[10, 16, 19, 29, 38, 44, 45, 48]","[41, 49]",,"[10, 16, 38, 41, 44, 45, 48, 49]","[10, 16, 19, 29, 44, 45, 48]","[38, 41, 49]",,"[10, 16, 19, 29, 38, 41, 44, 45, 48, 49]","[10, 16, 19, 29, 38, 44, 45, 48]","[41, 49]",,"[12, 16, 19, 21, 45, 46]","[10, 16, 19, 29, 38, 41, 44, 45, 48, 49]",[],,[],[],[],File not found,[],[],[],File not found,"[10, 16, 19, 38, 41, 44, 45, 48, 49]",[],[],,[],[],[],File not found,"[10, 13, 16, 18, 19, 20, 21, 24, 25, 27, 28, 29, 30, 32, 34, 36, 38, 40, 41, 44, 45, 47, 48, 49]",[],[],,1.0,0.9473684210526316,0.0,0.9473684210526316,0.0,0.0,0.0,0.0,1.0,0.888888888888889,0.0,0.888888888888889,1.0,0.888888888888889,0.0,0.888888888888889,1.0,0.9473684210526316,0.0,0.9473684210526316,1.0,0.888888888888889,0.0,0.888888888888889,1.0,0.9473684210526316,0.0,0.9473684210526316,1.0,0.8235294117647058,0.0,0.8235294117647058,1.0,0.888888888888889,0.0,0.888888888888889,0.888888888888889,0.8235294117647058,0.0,0.8235294117647058,1.0,0.888888888888889,0.0,0.888888888888889,0,0.0,0.0,0.0,0.37499999999999994,1.0,0.0,1.0,0,0.0,0.0,0.0,0,,,0.9473684210526316,,,0.5882352941176471,,
50,ER,24,"[9, 10, 14, 22, 24, 26, 31, 33, 34, 43]","[9, 10, 14, 22, 24, 26, 31, 33, 34, 43]",[],"[9, 10, 11, 14, 16, 17, 20, 21, 22, 23, 24, 26, 28, 30, 31, 33, 34, 37, 38, 39, 41, 42, 43, 44, 46, 48, 49]","[9, 10, 14, 22, 24, 26, 31, 33, 34, 43]","[9, 10, 14, 22, 24, 26, 33, 34, 43]",[31],,[],[],[],File not found with pattern: /data1/statduck/exp1_result_fans_swap/*nodes_50_ER_adj_24/*/fans_analysis/fans_*.json,"[9, 10, 14, 22, 24, 26, 31, 33, 34, 43]","[9, 10, 14, 22, 24, 26, 31, 33, 34, 43]",[],,"[9, 10, 14, 22, 24, 26, 31, 33, 34, 43]","[9, 10, 14, 22, 24, 26, 31, 34, 43]",[33],,"[9, 10, 14, 22, 24, 26, 31, 33, 34, 43]","[9, 10, 14, 22, 24, 26, 33, 34, 43]",[31],,"[9, 10, 14, 22, 24, 26, 31, 33, 34, 43]","[9, 10, 14, 22, 24, 26, 31, 34, 43]",[33],,"[9, 10, 14, 22, 24, 26, 31, 33, 34, 43]","[9, 10, 14, 22, 24, 26, 31, 33, 34, 43]",[],,"[9, 10, 14, 22, 24, 26, 31, 34, 43]","[14, 24, 33]","[9, 10, 22, 26, 31, 34, 43]",,"[9, 10, 14, 22, 24, 26, 31, 34, 43]","[9, 10, 14, 22, 24, 26, 33, 34, 43]",[31],,"[9, 10, 22, 24, 26, 34]","[14, 24, 26, 33, 34, 43]","[9, 10, 22, 31]",,"[9, 10, 14, 22, 24, 26, 31, 33, 34, 43]","[9, 10, 14, 24, 26, 31, 34, 43]","[22, 33]",,"[9, 10, 14, 17, 20, 21, 22, 23, 24, 26, 30, 31, 33, 34, 37, 38, 39, 41, 42, 43, 44, 46, 48]","[9, 10, 14, 22, 24, 26, 31, 33, 34, 43]",[],,[],[],[],File not found,[],[],[],File not found,"[9, 10, 14, 22, 24, 26, 31, 33, 34, 38, 39, 43, 44, 46]",[],[],,[],[],[],File not found,"[9, 10, 11, 14, 16, 20, 21, 22, 23, 24, 26, 28, 30, 31, 33, 34, 41, 42, 43, 46, 48]",[],[],,1.0,0.9473684210526316,0.0,0.9473684210526316,0.0,0.0,0.0,0.0,1.0,1.0,0.0,1.0,1.0,0.9473684210526316,0.0,0.9473684210526316,1.0,0.9473684210526316,0.0,0.9473684210526316,1.0,0.9473684210526316,0.0,0.9473684210526316,1.0,1.0,0.0,1.0,0.9473684210526316,0.4615384615384615,0.0,0.4615384615384615,0.9473684210526316,0.9473684210526316,0.0,0.9473684210526316,0.7499999999999999,0.7499999999999999,0.0,0.7499999999999999,1.0,0.888888888888889,0.0,0.888888888888889,0,0.0,0.0,0.0,0.6060606060606061,1.0,0.0,1.0,0,0.0,0.0,0.0,0,,,0.8333333333333333,,,0.6451612903225806,,
50,ER,25,"[13, 15, 22, 26, 27, 30, 35, 40, 44, 48]","[13, 15, 22, 26, 27, 30, 35, 40, 44, 48]",[],"[6, 8, 12, 13, 15, 16, 17, 18, 22, 24, 25, 26, 27, 29, 30, 31, 32, 33, 34, 35, 36, 40, 41, 43, 44, 46, 47, 48, 49]","[13, 15, 22, 26, 27, 30, 35, 40, 44, 48]","[13, 15, 22, 26, 27, 30, 35, 40, 44, 48]",[],,[],[],[],File not found with pattern: /data1/statduck/exp1_result_fans_swap/*nodes_50_ER_adj_25/*/fans_analysis/fans_*.json,"[13, 15, 22, 26, 27, 30, 35, 40, 44, 48]","[13, 15, 22, 26, 27, 30, 35, 40, 44, 48]",[],,"[13, 15, 22, 26, 27, 30, 35, 40, 44, 48]","[13, 15, 22, 26, 27, 30, 35, 40, 44, 48]",[],,"[13, 15, 22, 26, 27, 30, 35, 40, 44, 48]","[13, 15, 22, 26, 27, 30, 35, 40, 44, 48]",[],,"[13, 15, 22, 26, 27, 30, 35, 40, 44, 48]","[13, 15, 22, 26, 27, 30, 35, 40, 44, 48]",[],,"[13, 15, 22, 26, 27, 30, 35, 40, 44, 48]","[13, 15, 22, 26, 27, 30, 35, 40, 44, 48]",[],,"[13, 15, 22, 26, 27, 30, 35, 40, 44, 48]","[13, 27, 30, 35, 40, 44]","[15, 22, 26, 48]",,"[13, 15, 22, 26, 27, 30, 35, 40, 44, 48]","[13, 15, 26, 27, 30, 35, 40, 44]","[22, 48]",,"[22, 26, 30, 35, 40, 44, 48]","[13, 15, 22, 27, 30, 40, 44]","[26, 35, 48]",,"[13, 15, 22, 26, 27, 30, 35, 40, 44, 48]","[13, 15, 22, 26, 27, 30, 35, 40, 44, 48]",[],,"[6, 8, 13, 15, 17, 25, 26, 27, 29, 30, 33, 35, 36, 40, 41, 43, 44, 48, 49]","[13, 15, 22, 26, 27, 30, 35, 40, 44, 48]",[],,[],[],[],File not found,[],[],[],File not found,"[13, 15, 22, 26, 27, 30, 35, 40, 44, 48]",[],[],,[],[],[],File not found,"[6, 8, 12, 13, 15, 16, 17, 22, 24, 26, 27, 29, 30, 31, 32, 33, 34, 35, 41, 43, 44, 46, 47, 48, 49]",[],[],,1.0,1.0,0.0,1.0,0.0,0.0,0.0,0.0,1.0,1.0,0.0,1.0,1.0,1.0,0.0,1.0,1.0,1.0,0.0,1.0,1.0,1.0,0.0,1.0,1.0,1.0,0.0,1.0,1.0,0.7499999999999999,0.0,0.7499999999999999,1.0,0.888888888888889,0.0,0.888888888888889,0.8235294117647058,0.8235294117647058,0.0,0.8235294117647058,1.0,1.0,0.0,1.0,0,0.0,0.0,0.0,0.6206896551724138,1.0,0.0,1.0,0,0.0,0.0,0.0,0,,,1.0,,,0.5142857142857143,,
50,ER,26,"[11, 19, 20, 25, 32, 34, 37, 41, 43, 45]",[],"[11, 19, 20, 25, 32, 34, 37, 41, 43, 45]","[5, 9, 10, 11, 13, 19, 20, 22, 23, 25, 26, 29, 30, 31, 32, 33, 34, 35, 37, 39, 41, 42, 43, 44, 45, 46, 48, 49]","[11, 19, 20, 25, 32, 34, 37, 43, 45]",[],"[11, 19, 20, 25, 32, 34, 37, 41, 43, 45]",,"[11, 19, 20, 32, 34, 37, 43, 45]",[],"[11, 19, 20, 25, 32, 34, 37, 41, 43, 45]",,"[11, 19, 20, 25, 32, 34, 37, 43, 45]",[],"[11, 19, 20, 25, 32, 34, 37, 41, 43, 45]",,"[11, 19, 20, 25, 32, 34, 37, 43, 45]",[],"[11, 19, 20, 25, 32, 34, 37, 41, 43, 45]",,"[11, 19, 20, 32, 34, 37, 43, 45]",[],"[11, 19, 20, 25, 32, 34, 37, 41, 43, 45]",,"[11, 19, 20, 32, 34, 37, 43, 45]",[],"[11, 19, 20, 25, 32, 34, 37, 41, 43, 45]",,"[11, 19, 20, 25, 32, 34, 37, 43, 45]",[],"[11, 19, 20, 25, 32, 34, 37, 41, 43, 45]",,"[11, 19, 20, 32, 34, 37, 43, 45]",[],"[11, 19, 20, 25, 32, 34, 37, 41, 43, 45]",,"[11, 19, 20, 32, 34, 37, 43, 45]",[],"[11, 19, 20, 25, 32, 34, 37, 41, 43, 45]",,"[11, 19, 20, 25, 32, 34, 37, 41, 43, 45]",[],"[11, 19, 20, 25, 32, 34, 37, 41, 43, 45]",,"[11, 19, 25, 32, 34, 37, 43, 45]",[],"[11, 19, 20, 25, 32, 34, 37, 41, 43, 45]",,"[5, 11, 19, 20, 22, 25, 26, 32, 34, 35, 37, 41, 42, 43, 44, 45, 48]","[19, 20, 25, 32, 34, 41, 43]","[11, 37, 45]",,[],[],[],File not found,[],[],[],File not found,"[11, 19, 20, 25, 32, 34, 37, 41, 43, 45]",[],[],,[],[],[],File not found,"[5, 9, 10, 11, 13, 19, 22, 23, 25, 29, 30, 31, 33, 34, 37, 41, 43, 44, 45, 48]",[],[],,0.9473684210526316,0.0,1.0,1.0,0.888888888888889,0.0,1.0,1.0,0.9473684210526316,0.0,1.0,1.0,0.9473684210526316,0.0,1.0,1.0,0.888888888888889,0.0,1.0,1.0,0.888888888888889,0.0,1.0,1.0,0.9473684210526316,0.0,1.0,1.0,0.888888888888889,0.0,1.0,1.0,0.888888888888889,0.0,1.0,1.0,1.0,0.0,1.0,1.0,0.888888888888889,0.0,1.0,1.0,0,0.0,0.0,0.0,0.7407407407407407,0.0,0.4615384615384615,0.4615384615384615,0,0.0,0.0,0.0,0,,,1.0,,,0.5333333333333333,,
50,ER,27,"[13, 21, 25, 27, 37, 41, 42, 45, 47, 48]",[],"[13, 21, 25, 27, 37, 41, 42, 45, 47, 48]","[7, 8, 11, 13, 15, 18, 21, 25, 26, 27, 28, 29, 30, 31, 32, 33, 35, 36, 37, 38, 39, 41, 42, 44, 45, 47, 48]","[21, 25, 27, 37, 41, 42, 45, 48]",[],"[13, 21, 25, 27, 37, 41, 42, 45, 47, 48]",,"[21, 25, 27, 37, 41, 42, 45, 48]",[],"[13, 21, 25, 27, 37, 41, 42, 45, 47, 48]",,"[21, 25, 27, 37, 41, 42, 45, 48]",[],"[13, 21, 25, 27, 37, 41, 42, 45, 47, 48]",,"[13, 21, 25, 27, 37, 41, 42, 45, 48]",[],"[13, 21, 25, 27, 37, 41, 42, 45, 47, 48]",,"[21, 25, 27, 37, 41, 42, 45, 48]",[],"[13, 21, 25, 27, 37, 41, 42, 45, 47, 48]",,"[21, 25, 27, 37, 41, 42, 45, 48]",[],"[13, 21, 25, 27, 37, 41, 42, 45, 47, 48]",,"[21, 25, 27, 37, 41, 42, 45, 48]",[],"[13, 21, 25, 27, 37, 41, 42, 45, 47, 48]",,"[21, 25, 27, 37, 41, 42]",[],"[13, 21, 25, 27, 37, 41, 42, 45, 47, 48]",,"[21, 25, 27, 37, 41, 42]",[],"[13, 21, 25, 27, 37, 41, 42, 45, 47, 48]",,"[13, 21, 25, 27, 37, 41, 42, 45, 47, 48]",[],"[13, 21, 25, 27, 37, 41, 42, 45, 47, 48]",,"[13, 21, 25, 27, 37, 41, 42, 45, 48]",[45],"[13, 21, 25, 27, 37, 41, 42, 47, 48]",,"[7, 11, 13, 15, 18, 21, 25, 26, 27, 28, 31, 32, 33, 35, 37, 38, 41, 42, 44, 45, 47, 48]","[13, 21, 37, 41, 42, 45, 48]","[25, 27, 47]",,[],[],[],File not found,[],[],[],File not found,"[13, 21, 25, 27, 37, 41, 42, 45, 47, 48]",[],[],,[],[],[],File not found,"[7, 8, 11, 13, 15, 21, 25, 26, 27, 28, 29, 30, 31, 32, 33, 35, 36, 37, 38, 39, 42, 44, 45, 47, 48]",[],[],,0.888888888888889,0.0,1.0,1.0,0.888888888888889,0.0,1.0,1.0,0.888888888888889,0.0,1.0,1.0,0.9473684210526316,0.0,1.0,1.0,0.888888888888889,0.0,1.0,1.0,0.888888888888889,0.0,1.0,1.0,0.888888888888889,0.0,1.0,1.0,0.7499999999999999,0.0,1.0,1.0,0.7499999999999999,0.0,1.0,1.0,1.0,0.0,1.0,1.0,0.9473684210526316,0.0,0.9473684210526316,0.9473684210526316,0,0.0,0.0,0.0,0.625,0.0,0.4615384615384615,0.4615384615384615,0,0.0,0.0,0.0,0,,,1.0,,,0.5142857142857143,,
50,ER,28,"[23, 25, 28, 35, 37, 40, 41, 42, 47, 48]",[],"[23, 25, 28, 35, 37, 40, 41, 42, 47, 48]","[11, 22, 23, 24, 25, 27, 28, 30, 33, 35, 37, 38, 39, 40, 41, 42, 43, 44, 45, 47, 48, 49]","[25, 28, 35, 37, 40, 41, 42, 47, 48]",[],"[23, 25, 28, 35, 37, 40, 41, 42, 47, 48]",,"[25, 28, 35, 37, 40, 41, 42, 47, 48]","[23, 41]","[25, 28, 35, 37, 40, 42, 47, 48]",,"[25, 28, 35, 37, 40, 41, 42, 47, 48]",[],"[23, 25, 28, 35, 37, 40, 41, 42, 47, 48]",,"[25, 28, 35, 37, 40, 41, 42, 47, 48]",[],"[23, 25, 28, 35, 37, 40, 41, 42, 47, 48]",,"[25, 28, 35, 37, 41, 42, 47, 48]",[],"[23, 25, 28, 35, 37, 40, 41, 42, 47, 48]",,"[25, 28, 35, 37, 40, 41, 42, 47, 48]",[],"[23, 25, 28, 35, 37, 40, 41, 42, 47, 48]",,"[25, 28, 35, 37, 40, 41, 42, 47, 48]",[],"[23, 25, 28, 35, 37, 40, 41, 42, 47, 48]",,"[25, 28, 35, 41, 47, 48]",[],"[23, 25, 28, 35, 37, 40, 41, 42, 47, 48]",,"[25, 28, 35, 37, 41, 42, 47, 48]",[],"[23, 25, 28, 35, 37, 40, 41, 42, 47, 48]",,"[23, 25, 28, 35, 37, 40, 41, 42, 47, 48]",[],"[23, 25, 28, 35, 37, 40, 41, 42, 47, 48]",,"[25, 28, 35, 37, 40, 41, 42, 47, 48]",[],"[23, 25, 28, 35, 37, 40, 41, 42, 47, 48]",,"[11, 22, 23, 24, 25, 27, 28, 30, 37, 38, 39, 40, 41, 42, 43, 44, 45, 47, 48, 49]","[23, 25, 28, 37, 41, 42, 47, 48]","[35, 40]",,[],[],[],File not found,[],[],[],File not found,"[23, 25, 28, 35, 37, 40, 41, 42, 47, 48]",[],[],,[],[],[],File not found,"[11, 22, 25, 27, 28, 30, 33, 35, 37, 38, 39, 40, 41, 44, 45, 47, 48, 49]",[],[],,0.9473684210526316,0.0,1.0,1.0,0.9473684210526316,0.0,0.888888888888889,0.888888888888889,0.9473684210526316,0.0,1.0,1.0,0.9473684210526316,0.0,1.0,1.0,0.888888888888889,0.0,1.0,1.0,0.9473684210526316,0.0,1.0,1.0,0.9473684210526316,0.0,1.0,1.0,0.7499999999999999,0.0,1.0,1.0,0.888888888888889,0.0,1.0,1.0,1.0,0.0,1.0,1.0,0.9473684210526316,0.0,1.0,1.0,0,0.0,0.0,0.0,0.6,0.0,0.33333333333333337,0.33333333333333337,0,0.0,0.0,0.0,0,,,1.0,,,0.5714285714285714,,
50,ER,29,"[13, 23, 24, 27, 28, 30, 33, 34, 36, 42]",[],"[13, 23, 24, 27, 28, 30, 33, 34, 36, 42]","[5, 10, 13, 15, 16, 17, 19, 20, 21, 23, 24, 26, 27, 28, 29, 30, 31, 32, 33, 34, 36, 38, 40, 41, 42, 43, 44, 45, 46, 48, 49]","[13, 23, 24, 27, 28, 30, 33, 34, 36, 42]",[],"[13, 23, 24, 27, 28, 30, 33, 34, 36, 42]",,"[13, 23, 24, 27, 28, 30, 33, 34, 36, 42]",[],"[13, 23, 24, 27, 28, 30, 33, 34, 36, 42]",,"[13, 23, 24, 27, 28, 30, 33, 34, 36, 42]",[],"[13, 23, 24, 27, 28, 30, 33, 34, 36, 42]",,"[13, 23, 24, 27, 28, 30, 33, 34, 36, 42]",[],"[13, 23, 24, 27, 28, 30, 33, 34, 36, 42]",,"[13, 23, 24, 27, 28, 30, 33, 34, 36, 42]",[],"[13, 23, 24, 27, 28, 30, 33, 34, 36, 42]",,"[13, 23, 24, 27, 28, 30, 33, 34, 36, 42]",[],"[13, 23, 24, 27, 28, 30, 33, 34, 36, 42]",,"[13, 23, 24, 27, 28, 30, 33, 34, 36, 42]",[],"[13, 23, 24, 27, 28, 30, 33, 34, 36, 42]",,"[23, 27, 28, 33, 34, 36, 42]",[],"[13, 23, 24, 27, 28, 30, 33, 34, 36, 42]",,"[13, 23, 24, 27, 28, 30, 33, 34, 36, 42]",[],"[13, 23, 24, 27, 28, 30, 33, 34, 36, 42]",,"[13, 23, 24, 27, 28, 30, 33, 34, 36, 42]",[],"[13, 23, 24, 27, 28, 30, 33, 34, 36, 42]",,"[13, 23, 24, 27, 28, 30, 33, 34, 36, 42]",[36],"[13, 23, 24, 27, 28, 30, 33, 34, 42]",,"[5, 10, 13, 16, 17, 19, 20, 21, 24, 26, 27, 28, 29, 30, 32, 33, 34, 36, 38, 40, 41, 42, 43, 45, 48, 49]","[27, 28, 34, 36]","[13, 23, 24, 30, 33, 42]",,[],[],[],File not found,[],[],[],File not found,"[13, 23, 24, 27, 28, 30, 33, 34, 36, 42]",[],[],,[],[],[],File not found,"[5, 10, 13, 15, 19, 21, 23, 24, 26, 27, 28, 29, 30, 31, 33, 34, 36, 38, 40, 43, 45, 46, 48, 49]",[],[],,1.0,0.0,1.0,1.0,1.0,0.0,1.0,1.0,1.0,0.0,1.0,1.0,1.0,0.0,1.0,1.0,1.0,0.0,1.0,1.0,1.0,0.0,1.0,1.0,1.0,0.0,1.0,1.0,0.8235294117647058,0.0,1.0,1.0,1.0,0.0,1.0,1.0,1.0,0.0,1.0,1.0,1.0,0.0,0.9473684210526316,0.9473684210526316,0,0.0,0.0,0.0,0.5,0.0,0.7499999999999999,0.7499999999999999,0,0.0,0.0,0.0,0,,,1.0,,,0.5294117647058825,,
50,ER,30,"[22, 30, 31, 34, 37, 39, 40, 45, 46, 49]",[],"[22, 30, 31, 34, 37, 39, 40, 45, 46, 49]","[3, 9, 14, 15, 18, 19, 21, 22, 23, 24, 25, 26, 27, 28, 29, 30, 31, 33, 34, 36, 37, 39, 40, 42, 44, 45, 46, 47, 48, 49]","[22, 30, 31, 34, 37, 39, 45, 46, 49]",[],"[22, 30, 31, 34, 37, 39, 40, 45, 46, 49]",,"[22, 30, 31, 34, 37, 39, 45, 46, 49]",[],"[22, 30, 31, 34, 37, 39, 40, 45, 46, 49]",,"[22, 30, 31, 34, 37, 39, 40, 45, 46, 49]",[],"[22, 30, 31, 34, 37, 39, 40, 45, 46, 49]",,"[22, 30, 31, 34, 37, 39, 40, 45, 46, 49]",[],"[22, 30, 31, 34, 37, 39, 40, 45, 46, 49]",,"[22, 30, 31, 34, 37, 39, 40, 46, 49]",[],"[22, 30, 31, 34, 37, 39, 40, 45, 46, 49]",,"[22, 30, 31, 34, 37, 39, 40, 46, 49]",[],"[22, 30, 31, 34, 37, 39, 40, 45, 46, 49]",,"[22, 30, 31, 34, 37, 39, 40, 45, 46, 49]",[],"[22, 30, 31, 34, 37, 39, 40, 45, 46, 49]",,"[22, 39, 46, 49]",[],"[22, 30, 31, 34, 37, 39, 40, 45, 46, 49]",,"[22, 31, 34, 37, 39, 46, 49]",[],"[22, 30, 31, 34, 37, 39, 40, 45, 46, 49]",,"[22, 30, 31, 34, 37, 39, 40, 45, 46, 49]",[],"[22, 30, 31, 34, 37, 39, 40, 45, 46, 49]",,"[22, 30, 31, 34, 37, 39, 40, 45, 46, 49]",[],"[22, 30, 31, 34, 37, 39, 40, 45, 46, 49]",,"[3, 14, 18, 19, 23, 27, 28, 29, 30, 34, 37, 39, 40, 42, 45, 46, 48, 49]","[31, 37, 39, 40, 45, 46]","[22, 30, 34, 49]",,[],[],[],File not found,[],[],[],File not found,"[22, 30, 31, 34, 37, 39, 40, 45, 46, 49]",[],[],,[],[],[],File not found,"[3, 9, 14, 15, 18, 21, 22, 23, 24, 25, 27, 28, 29, 30, 31, 34, 36, 39, 40, 42, 44, 45, 46, 47, 48, 49]",[],[],,0.9473684210526316,0.0,1.0,1.0,0.9473684210526316,0.0,1.0,1.0,1.0,0.0,1.0,1.0,1.0,0.0,1.0,1.0,0.9473684210526316,0.0,1.0,1.0,0.9473684210526316,0.0,1.0,1.0,1.0,0.0,1.0,1.0,0.5714285714285715,0.0,1.0,1.0,0.8235294117647058,0.0,1.0,1.0,1.0,0.0,1.0,1.0,1.0,0.0,1.0,1.0,0,0.0,0.0,0.0,0.5714285714285714,0.0,0.5714285714285715,0.5714285714285715,0,0.0,0.0,0.0,0,,,1.0,,,0.5,,
50,SF,1,"[5, 9, 10, 16, 22, 28, 37, 42, 44, 48]","[10, 28, 37, 42, 44]","[5, 9, 16, 22, 48]","[1, 2, 3, 4, 5, 6, 7, 8, 9, 10, 11, 12, 13, 14, 15, 16, 17, 18, 19, 20, 21, 22, 23, 24, 25, 26, 27, 28, 29, 30, 31, 32, 33, 34, 35, 36, 37, 38, 39, 40, 41, 42, 43, 44, 45, 46, 47, 48, 49]","[5, 9, 10, 16, 22, 28, 37, 42, 44, 48]","[10, 28, 37, 42, 44]","[5, 9, 16, 22, 48]",,[],[],[],File not found with pattern: /data1/statduck/exp1_result_fans_swap/*nodes_50_SF_adj_1/*/fans_analysis/fans_*.json,[],[],[],File not found with pattern: /data1/statduck/exp1_result_fans_5000/*nodes_50_SF_adj_1/*/fans_analysis/fans_*.json,[],[],[],File not found with pattern: /data1/statduck/exp1_result_fans_10000/*nodes_50_SF_adj_1/*/fans_analysis/fans_*.json,[],[],[],File not found with pattern: /data1/statduck/exp1_result_fans_30000/*nodes_50_SF_adj_1/*/fans_analysis/fans_*.json,[],[],[],File not found with pattern: /data1/statduck/exp1_result_fans_100epochs/*nodes_50_SF_adj_1/*/fans_analysis/fans_*.json,[],[],[],File not found with pattern: /data1/statduck/exp1_result_fans_500epochs/*nodes_50_SF_adj_1/*/fans_analysis/fans_*.json,[],[],[],File not found with pattern: /data1/statduck/exp1_result_fans_dim8/*nodes_50_SF_adj_1/*/fans_analysis/fans_*.json,[],[],[],File not found with pattern: /data1/statduck/exp1_result_fans_dim16/*nodes_50_SF_adj_1/*/fans_analysis/fans_*.json,[],[],[],File not found with pattern: /data1/statduck/exp1_result_fans_anm/*nodes_50_SF_adj_1/*/fans_analysis/fans_*.json,[],[],[],File not found with pattern: /data1/statduck/exp1_result_fans_small/*nodes_50_SF_adj_1/*/fans_analysis/fans_*.json,"[3, 5, 6, 9, 10, 12, 16, 22, 30, 37, 38, 44, 45, 47, 48]","[10, 16, 22, 28, 37, 42, 44, 48]","[5, 9]",,[],[],[],File not found,[],[],[],File not found,"[5, 9, 10, 16, 22, 37, 42, 44, 48]",[],[],,[],[],[],File not found,"[1, 2, 3, 4, 5, 6, 7, 8, 9, 10, 11, 12, 13, 14, 15, 16, 17, 18, 19, 20, 21, 22, 23, 24, 25, 26, 27, 29, 30, 31, 32, 33, 34, 35, 36, 38, 39, 40, 41, 42, 43, 44, 45, 46, 47, 48, 49]",[],[],,1.0,1.0,1.0,1.0,0.0,0.0,0.0,0.0,0.0,0.0,0.0,0.0,0.0,0.0,0.0,0.0,0.0,0.0,0.0,0.0,0.0,0.0,0.0,0.0,0.0,0.0,0.0,0.0,0.0,0.0,0.0,0.0,0.0,0.0,0.0,0.0,0.0,0.0,0.0,0.0,0.0,0.0,0.0,0.0,0,0.0,0.0,0.0,0.64,0.7692307692307693,0.5714285714285715,0.6703296703296704,0,0.0,0.0,0.0,0,,,0.9473684210526316,,,0.2807017543859649,,
50,SF,2,"[3, 20, 21, 25, 29, 34, 35, 38, 45, 46]","[3, 25, 34, 35, 45]","[20, 21, 29, 38, 46]","[1, 2, 3, 4, 5, 6, 7, 8, 9, 10, 11, 12, 13, 14, 15, 16, 17, 18, 19, 20, 21, 22, 23, 24, 25, 26, 27, 28, 29, 30, 31, 32, 33, 34, 35, 36, 37, 38, 39, 40, 41, 42, 43, 44, 45, 46, 47, 48, 49]","[3, 20, 21, 25, 29, 34, 35, 38, 45, 46]","[3, 25, 34, 35, 45]","[20, 21, 29, 38, 46]",,[],[],[],File not found with pattern: /data1/statduck/exp1_result_fans_swap/*nodes_50_SF_adj_2/*/fans_analysis/fans_*.json,[],[],[],File not found with pattern: /data1/statduck/exp1_result_fans_5000/*nodes_50_SF_adj_2/*/fans_analysis/fans_*.json,[],[],[],File not found with pattern: /data1/statduck/exp1_result_fans_10000/*nodes_50_SF_adj_2/*/fans_analysis/fans_*.json,[],[],[],File not found with pattern: /data1/statduck/exp1_result_fans_30000/*nodes_50_SF_adj_2/*/fans_analysis/fans_*.json,[],[],[],File not found with pattern: /data1/statduck/exp1_result_fans_100epochs/*nodes_50_SF_adj_2/*/fans_analysis/fans_*.json,[],[],[],File not found with pattern: /data1/statduck/exp1_result_fans_500epochs/*nodes_50_SF_adj_2/*/fans_analysis/fans_*.json,[],[],[],File not found with pattern: /data1/statduck/exp1_result_fans_dim8/*nodes_50_SF_adj_2/*/fans_analysis/fans_*.json,[],[],[],File not found with pattern: /data1/statduck/exp1_result_fans_dim16/*nodes_50_SF_adj_2/*/fans_analysis/fans_*.json,[],[],[],File not found with pattern: /data1/statduck/exp1_result_fans_anm/*nodes_50_SF_adj_2/*/fans_analysis/fans_*.json,[],[],[],File not found with pattern: /data1/statduck/exp1_result_fans_small/*nodes_50_SF_adj_2/*/fans_analysis/fans_*.json,"[2, 6, 10, 11, 13, 14, 17, 19, 20, 21, 23, 25, 29, 33, 38, 46]","[3, 20, 21, 25, 29, 34, 35, 38, 45, 46]",[],,[],[],[],File not found,[],[],[],File not found,"[3, 20, 21, 25, 29, 34, 35, 38, 45, 46]",[],[],,[],[],[],File not found,"[1, 2, 3, 4, 5, 6, 7, 8, 9, 10, 11, 12, 13, 14, 15, 16, 17, 18, 19, 20, 21, 22, 23, 24, 25, 26, 27, 28, 29, 30, 31, 32, 33, 34, 35, 36, 37, 38, 39, 40, 41, 42, 43, 44, 45, 46, 47, 48, 49]",[],[],,1.0,1.0,1.0,1.0,0.0,0.0,0.0,0.0,0.0,0.0,0.0,0.0,0.0,0.0,0.0,0.0,0.0,0.0,0.0,0.0,0.0,0.0,0.0,0.0,0.0,0.0,0.0,0.0,0.0,0.0,0.0,0.0,0.0,0.0,0.0,0.0,0.0,0.0,0.0,0.0,0.0,0.0,0.0,0.0,0,0.0,0.0,0.0,0.4615384615384615,0.6666666666666666,0.0,0.3333333333333333,0,0.0,0.0,0.0,0,,,1.0,,,0.3389830508474576,,
50,SF,3,"[2, 7, 11, 12, 13, 19, 24, 26, 27, 44]","[12, 13, 26, 27, 44]","[2, 7, 11, 19, 24]","[1, 2, 3, 4, 5, 6, 7, 8, 9, 10, 11, 12, 13, 14, 15, 16, 17, 18, 19, 20, 21, 22, 23, 24, 25, 26, 27, 28, 29, 30, 31, 32, 33, 34, 35, 36, 37, 38, 39, 40, 41, 42, 43, 44, 45, 46, 47, 48, 49]","[2, 7, 11, 12, 13, 19, 24, 26, 27, 44]","[12, 13, 26, 27, 44]","[2, 7, 11, 19, 24]",,[],[],[],File not found with pattern: /data1/statduck/exp1_result_fans_swap/*nodes_50_SF_adj_3/*/fans_analysis/fans_*.json,[],[],[],File not found with pattern: /data1/statduck/exp1_result_fans_5000/*nodes_50_SF_adj_3/*/fans_analysis/fans_*.json,[],[],[],File not found with pattern: /data1/statduck/exp1_result_fans_10000/*nodes_50_SF_adj_3/*/fans_analysis/fans_*.json,[],[],[],File not found with pattern: /data1/statduck/exp1_result_fans_30000/*nodes_50_SF_adj_3/*/fans_analysis/fans_*.json,[],[],[],File not found with pattern: /data1/statduck/exp1_result_fans_100epochs/*nodes_50_SF_adj_3/*/fans_analysis/fans_*.json,[],[],[],File not found with pattern: /data1/statduck/exp1_result_fans_500epochs/*nodes_50_SF_adj_3/*/fans_analysis/fans_*.json,[],[],[],File not found with pattern: /data1/statduck/exp1_result_fans_dim8/*nodes_50_SF_adj_3/*/fans_analysis/fans_*.json,[],[],[],File not found with pattern: /data1/statduck/exp1_result_fans_dim16/*nodes_50_SF_adj_3/*/fans_analysis/fans_*.json,[],[],[],File not found with pattern: /data1/statduck/exp1_result_fans_anm/*nodes_50_SF_adj_3/*/fans_analysis/fans_*.json,[],[],[],File not found with pattern: /data1/statduck/exp1_result_fans_small/*nodes_50_SF_adj_3/*/fans_analysis/fans_*.json,"[1, 2, 3, 4, 5, 6, 7, 8, 9, 10, 11, 13, 15, 16, 17, 18, 19, 20, 21, 22, 23, 24, 25, 26, 27, 28, 29, 30, 31, 33, 34, 35, 36, 37, 38, 39, 40, 41, 42, 43, 44, 45, 46, 47, 48, 49]","[2, 7, 11, 12, 13, 19, 24, 26, 27, 44]",[],,[],[],[],File not found,[],[],[],File not found,"[2, 7, 11, 12, 19, 24, 26, 44]",[],[],,[],[],[],File not found,"[1, 2, 3, 4, 5, 6, 7, 8, 9, 10, 11, 13, 14, 15, 16, 17, 18, 19, 20, 21, 22, 23, 24, 25, 26, 27, 28, 29, 30, 31, 32, 33, 34, 35, 36, 37, 38, 39, 40, 41, 42, 43, 44, 45, 46, 47, 48, 49]",[],[],,1.0,1.0,1.0,1.0,0.0,0.0,0.0,0.0,0.0,0.0,0.0,0.0,0.0,0.0,0.0,0.0,0.0,0.0,0.0,0.0,0.0,0.0,0.0,0.0,0.0,0.0,0.0,0.0,0.0,0.0,0.0,0.0,0.0,0.0,0.0,0.0,0.0,0.0,0.0,0.0,0.0,0.0,0.0,0.0,0,0.0,0.0,0.0,0.3214285714285714,0.6666666666666666,0.0,0.3333333333333333,0,0.0,0.0,0.0,0,,,0.888888888888889,,,0.31034482758620696,,
50,SF,4,"[6, 14, 17, 21, 22, 24, 31, 40, 45, 48]","[14, 17, 24, 31, 40]","[6, 21, 22, 45, 48]","[1, 2, 3, 4, 5, 6, 7, 8, 9, 10, 11, 12, 13, 14, 15, 16, 17, 18, 19, 20, 21, 22, 23, 24, 25, 26, 27, 28, 29, 30, 31, 32, 33, 34, 35, 36, 37, 38, 39, 40, 41, 42, 43, 44, 45, 46, 47, 48, 49]","[6, 14, 17, 21, 22, 24, 31, 40, 45, 48]","[14, 17, 24, 31, 40]","[6, 21, 22, 45, 48]",,[],[],[],File not found with pattern: /data1/statduck/exp1_result_fans_swap/*nodes_50_SF_adj_4/*/fans_analysis/fans_*.json,[],[],[],File not found with pattern: /data1/statduck/exp1_result_fans_5000/*nodes_50_SF_adj_4/*/fans_analysis/fans_*.json,[],[],[],File not found with pattern: /data1/statduck/exp1_result_fans_10000/*nodes_50_SF_adj_4/*/fans_analysis/fans_*.json,[],[],[],File not found with pattern: /data1/statduck/exp1_result_fans_30000/*nodes_50_SF_adj_4/*/fans_analysis/fans_*.json,[],[],[],File not found with pattern: /data1/statduck/exp1_result_fans_100epochs/*nodes_50_SF_adj_4/*/fans_analysis/fans_*.json,[],[],[],File not found with pattern: /data1/statduck/exp1_result_fans_500epochs/*nodes_50_SF_adj_4/*/fans_analysis/fans_*.json,[],[],[],File not found with pattern: /data1/statduck/exp1_result_fans_dim8/*nodes_50_SF_adj_4/*/fans_analysis/fans_*.json,[],[],[],File not found with pattern: /data1/statduck/exp1_result_fans_dim16/*nodes_50_SF_adj_4/*/fans_analysis/fans_*.json,[],[],[],File not found with pattern: /data1/statduck/exp1_result_fans_anm/*nodes_50_SF_adj_4/*/fans_analysis/fans_*.json,[],[],[],File not found with pattern: /data1/statduck/exp1_result_fans_small/*nodes_50_SF_adj_4/*/fans_analysis/fans_*.json,"[1, 2, 4, 6, 7, 8, 9, 10, 11, 12, 13, 16, 17, 18, 21, 22, 23, 26, 27, 28, 29, 30, 34, 35, 37, 38, 39, 41, 42, 43, 44, 45, 46, 47, 48]","[6, 14, 17, 22, 24, 31, 40, 45, 48]",[21],,[],[],[],File not found,[],[],[],File not found,"[6, 21, 22, 24, 40, 45, 48]",[],[],,[],[],[],File not found,"[1, 2, 3, 4, 5, 6, 7, 8, 9, 10, 11, 12, 13, 14, 15, 16, 17, 18, 19, 20, 21, 22, 23, 24, 25, 26, 27, 28, 29, 30, 31, 32, 33, 34, 35, 36, 37, 38, 39, 40, 41, 42, 43, 44, 45, 46, 47, 48, 49]",[],[],,1.0,1.0,1.0,1.0,0.0,0.0,0.0,0.0,0.0,0.0,0.0,0.0,0.0,0.0,0.0,0.0,0.0,0.0,0.0,0.0,0.0,0.0,0.0,0.0,0.0,0.0,0.0,0.0,0.0,0.0,0.0,0.0,0.0,0.0,0.0,0.0,0.0,0.0,0.0,0.0,0.0,0.0,0.0,0.0,0,0.0,0.0,0.0,0.26666666666666666,0.7142857142857143,0.33333333333333337,0.5238095238095238,0,0.0,0.0,0.0,0,,,0.8235294117647058,,,0.3389830508474576,,
50,SF,5,"[2, 3, 9, 13, 14, 22, 26, 29, 37, 40]","[3, 13, 14, 37, 40]","[2, 9, 22, 26, 29]","[1, 2, 3, 4, 5, 6, 7, 8, 9, 10, 11, 12, 13, 14, 15, 16, 17, 18, 19, 20, 21, 22, 23, 24, 25, 26, 27, 28, 29, 30, 31, 32, 33, 34, 35, 36, 37, 38, 39, 40, 41, 42, 43, 44, 45, 46, 47, 48, 49]","[2, 3, 9, 13, 14, 22, 26, 29, 37, 40]","[3, 13, 14, 37, 40]","[2, 9, 22, 26, 29]",,[],[],[],File not found with pattern: /data1/statduck/exp1_result_fans_swap/*nodes_50_SF_adj_5/*/fans_analysis/fans_*.json,[],[],[],File not found with pattern: /data1/statduck/exp1_result_fans_5000/*nodes_50_SF_adj_5/*/fans_analysis/fans_*.json,[],[],[],File not found with pattern: /data1/statduck/exp1_result_fans_10000/*nodes_50_SF_adj_5/*/fans_analysis/fans_*.json,[],[],[],File not found with pattern: /data1/statduck/exp1_result_fans_30000/*nodes_50_SF_adj_5/*/fans_analysis/fans_*.json,[],[],[],File not found with pattern: /data1/statduck/exp1_result_fans_100epochs/*nodes_50_SF_adj_5/*/fans_analysis/fans_*.json,[],[],[],File not found with pattern: /data1/statduck/exp1_result_fans_500epochs/*nodes_50_SF_adj_5/*/fans_analysis/fans_*.json,[],[],[],File not found with pattern: /data1/statduck/exp1_result_fans_dim8/*nodes_50_SF_adj_5/*/fans_analysis/fans_*.json,[],[],[],File not found with pattern: /data1/statduck/exp1_result_fans_dim16/*nodes_50_SF_adj_5/*/fans_analysis/fans_*.json,[],[],[],File not found with pattern: /data1/statduck/exp1_result_fans_anm/*nodes_50_SF_adj_5/*/fans_analysis/fans_*.json,[],[],[],File not found with pattern: /data1/statduck/exp1_result_fans_small/*nodes_50_SF_adj_5/*/fans_analysis/fans_*.json,"[9, 22, 26, 29, 37, 48]","[3, 9, 13, 14, 22, 26, 29, 37, 40]",[2],,[],[],[],File not found,[],[],[],File not found,"[2, 3, 9, 13, 14, 22, 26, 29, 37, 40]",[],[],,[],[],[],File not found,"[1, 2, 3, 4, 5, 6, 7, 8, 9, 10, 11, 12, 13, 14, 15, 16, 17, 18, 19, 20, 21, 22, 23, 24, 25, 26, 27, 28, 29, 30, 31, 32, 33, 34, 35, 36, 37, 38, 39, 40, 41, 42, 43, 44, 45, 46, 47, 48, 49]",[],[],,1.0,1.0,1.0,1.0,0.0,0.0,0.0,0.0,0.0,0.0,0.0,0.0,0.0,0.0,0.0,0.0,0.0,0.0,0.0,0.0,0.0,0.0,0.0,0.0,0.0,0.0,0.0,0.0,0.0,0.0,0.0,0.0,0.0,0.0,0.0,0.0,0.0,0.0,0.0,0.0,0.0,0.0,0.0,0.0,0,0.0,0.0,0.0,0.625,0.7142857142857143,0.33333333333333337,0.5238095238095238,0,0.0,0.0,0.0,0,,,1.0,,,0.3389830508474576,,
50,SF,6,"[9, 12, 16, 17, 23, 27, 28, 35, 39, 46]","[9, 12, 17, 27, 35]","[16, 23, 28, 39, 46]","[1, 2, 3, 4, 5, 6, 7, 8, 9, 10, 11, 12, 13, 14, 15, 16, 17, 18, 19, 20, 21, 22, 23, 24, 25, 26, 27, 28, 29, 30, 31, 32, 33, 34, 35, 36, 37, 38, 39, 40, 41, 42, 43, 44, 45, 46, 47, 48, 49]","[9, 12, 16, 17, 23, 27, 28, 35, 39, 46]","[9, 12, 17, 27, 35]","[16, 23, 28, 39, 46]",,[],[],[],File not found with pattern: /data1/statduck/exp1_result_fans_swap/*nodes_50_SF_adj_6/*/fans_analysis/fans_*.json,[],[],[],File not found with pattern: /data1/statduck/exp1_result_fans_5000/*nodes_50_SF_adj_6/*/fans_analysis/fans_*.json,[],[],[],File not found with pattern: /data1/statduck/exp1_result_fans_10000/*nodes_50_SF_adj_6/*/fans_analysis/fans_*.json,[],[],[],File not found with pattern: /data1/statduck/exp1_result_fans_30000/*nodes_50_SF_adj_6/*/fans_analysis/fans_*.json,[],[],[],File not found with pattern: /data1/statduck/exp1_result_fans_100epochs/*nodes_50_SF_adj_6/*/fans_analysis/fans_*.json,[],[],[],File not found with pattern: /data1/statduck/exp1_result_fans_500epochs/*nodes_50_SF_adj_6/*/fans_analysis/fans_*.json,[],[],[],File not found with pattern: /data1/statduck/exp1_result_fans_dim8/*nodes_50_SF_adj_6/*/fans_analysis/fans_*.json,[],[],[],File not found with pattern: /data1/statduck/exp1_result_fans_dim16/*nodes_50_SF_adj_6/*/fans_analysis/fans_*.json,[],[],[],File not found with pattern: /data1/statduck/exp1_result_fans_anm/*nodes_50_SF_adj_6/*/fans_analysis/fans_*.json,[],[],[],File not found with pattern: /data1/statduck/exp1_result_fans_small/*nodes_50_SF_adj_6/*/fans_analysis/fans_*.json,"[4, 10, 14, 23, 25, 28, 46, 47]","[9, 12, 16, 17, 23, 27, 28, 35, 39, 46]",[],,[],[],[],File not found,[],[],[],File not found,"[9, 12, 16, 17, 23, 28, 39, 46]",[],[],,[],[],[],File not found,"[1, 2, 3, 4, 5, 6, 7, 8, 9, 10, 11, 13, 14, 15, 16, 17, 18, 19, 20, 21, 22, 23, 24, 25, 26, 28, 29, 30, 31, 32, 33, 34, 35, 36, 37, 38, 39, 40, 41, 42, 43, 44, 45, 46, 47, 48, 49]",[],[],,1.0,1.0,1.0,1.0,0.0,0.0,0.0,0.0,0.0,0.0,0.0,0.0,0.0,0.0,0.0,0.0,0.0,0.0,0.0,0.0,0.0,0.0,0.0,0.0,0.0,0.0,0.0,0.0,0.0,0.0,0.0,0.0,0.0,0.0,0.0,0.0,0.0,0.0,0.0,0.0,0.0,0.0,0.0,0.0,0,0.0,0.0,0.0,0.33333333333333326,0.6666666666666666,0.0,0.3333333333333333,0,0.0,0.0,0.0,0,,,0.888888888888889,,,0.2807017543859649,,
50,SF,7,"[2, 4, 8, 10, 29, 30, 31, 32, 37, 45]","[8, 29, 32, 37, 45]","[2, 4, 10, 30, 31]","[1, 2, 3, 4, 5, 6, 7, 8, 9, 10, 11, 12, 13, 14, 15, 16, 17, 18, 19, 20, 21, 22, 23, 24, 25, 26, 27, 28, 29, 30, 31, 32, 33, 34, 35, 36, 37, 38, 39, 40, 41, 42, 43, 44, 45, 46, 47, 48, 49]","[2, 4, 8, 10, 29, 30, 31, 32, 37, 45]","[8, 29, 32, 37, 45]","[2, 4, 10, 30, 31]",,[],[],[],File not found with pattern: /data1/statduck/exp1_result_fans_swap/*nodes_50_SF_adj_7/*/fans_analysis/fans_*.json,[],[],[],File not found with pattern: /data1/statduck/exp1_result_fans_5000/*nodes_50_SF_adj_7/*/fans_analysis/fans_*.json,[],[],[],File not found with pattern: /data1/statduck/exp1_result_fans_10000/*nodes_50_SF_adj_7/*/fans_analysis/fans_*.json,[],[],[],File not found with pattern: /data1/statduck/exp1_result_fans_30000/*nodes_50_SF_adj_7/*/fans_analysis/fans_*.json,[],[],[],File not found with pattern: /data1/statduck/exp1_result_fans_100epochs/*nodes_50_SF_adj_7/*/fans_analysis/fans_*.json,[],[],[],File not found with pattern: /data1/statduck/exp1_result_fans_500epochs/*nodes_50_SF_adj_7/*/fans_analysis/fans_*.json,[],[],[],File not found with pattern: /data1/statduck/exp1_result_fans_dim8/*nodes_50_SF_adj_7/*/fans_analysis/fans_*.json,[],[],[],File not found with pattern: /data1/statduck/exp1_result_fans_dim16/*nodes_50_SF_adj_7/*/fans_analysis/fans_*.json,[],[],[],File not found with pattern: /data1/statduck/exp1_result_fans_anm/*nodes_50_SF_adj_7/*/fans_analysis/fans_*.json,[],[],[],File not found with pattern: /data1/statduck/exp1_result_fans_small/*nodes_50_SF_adj_7/*/fans_analysis/fans_*.json,"[7, 8, 9, 10, 14, 20, 23, 24, 30, 31, 36, 38, 41, 48]","[2, 8, 10, 29, 32, 37, 45]","[4, 30, 31]",,[],[],[],File not found,[],[],[],File not found,"[2, 4, 8, 10, 29, 30, 31, 32, 44, 45]",[],[],,[],[],[],File not found,"[1, 2, 3, 4, 5, 6, 7, 8, 9, 10, 11, 12, 13, 14, 15, 16, 17, 18, 19, 20, 21, 22, 23, 24, 25, 26, 27, 28, 30, 31, 33, 34, 35, 36, 38, 39, 40, 41, 42, 43, 44, 45, 46, 47, 48, 49]",[],[],,1.0,1.0,1.0,1.0,0.0,0.0,0.0,0.0,0.0,0.0,0.0,0.0,0.0,0.0,0.0,0.0,0.0,0.0,0.0,0.0,0.0,0.0,0.0,0.0,0.0,0.0,0.0,0.0,0.0,0.0,0.0,0.0,0.0,0.0,0.0,0.0,0.0,0.0,0.0,0.0,0.0,0.0,0.0,0.0,0,0.0,0.0,0.0,0.3333333333333333,0.8333333333333333,0.7499999999999999,0.7916666666666665,0,0.0,0.0,0.0,0,,,0.9,,,0.25,,
50,SF,8,"[2, 6, 8, 9, 11, 12, 17, 20, 27, 33]","[8, 9, 20, 27, 33]","[2, 6, 11, 12, 17]","[1, 2, 3, 4, 5, 6, 7, 8, 9, 10, 11, 12, 13, 14, 15, 16, 17, 18, 19, 20, 21, 22, 23, 24, 25, 26, 27, 28, 29, 30, 31, 32, 33, 34, 35, 36, 37, 38, 39, 40, 41, 42, 43, 44, 45, 46, 47, 48, 49]","[2, 6, 8, 9, 11, 12, 17, 20, 27, 33]","[8, 9, 20, 27, 33]","[2, 6, 11, 12, 17]",,[],[],[],File not found with pattern: /data1/statduck/exp1_result_fans_swap/*nodes_50_SF_adj_8/*/fans_analysis/fans_*.json,[],[],[],File not found with pattern: /data1/statduck/exp1_result_fans_5000/*nodes_50_SF_adj_8/*/fans_analysis/fans_*.json,[],[],[],File not found with pattern: /data1/statduck/exp1_result_fans_10000/*nodes_50_SF_adj_8/*/fans_analysis/fans_*.json,[],[],[],File not found with pattern: /data1/statduck/exp1_result_fans_30000/*nodes_50_SF_adj_8/*/fans_analysis/fans_*.json,[],[],[],File not found with pattern: /data1/statduck/exp1_result_fans_100epochs/*nodes_50_SF_adj_8/*/fans_analysis/fans_*.json,[],[],[],File not found with pattern: /data1/statduck/exp1_result_fans_500epochs/*nodes_50_SF_adj_8/*/fans_analysis/fans_*.json,[],[],[],File not found with pattern: /data1/statduck/exp1_result_fans_dim8/*nodes_50_SF_adj_8/*/fans_analysis/fans_*.json,[],[],[],File not found with pattern: /data1/statduck/exp1_result_fans_dim16/*nodes_50_SF_adj_8/*/fans_analysis/fans_*.json,[],[],[],File not found with pattern: /data1/statduck/exp1_result_fans_anm/*nodes_50_SF_adj_8/*/fans_analysis/fans_*.json,[],[],[],File not found with pattern: /data1/statduck/exp1_result_fans_small/*nodes_50_SF_adj_8/*/fans_analysis/fans_*.json,"[2, 3, 4, 5, 6, 7, 8, 10, 11, 12, 13, 14, 15, 16, 17, 18, 19, 20, 22, 23, 24, 25, 26, 28, 29, 30, 31, 32, 33, 34, 35, 36, 38, 39, 40, 41, 42, 43, 44, 45, 46, 47, 48, 49]","[6, 8, 9, 11, 12, 17, 20, 27, 33]",[2],,[],[],[],File not found,[],[],[],File not found,"[2, 6, 8, 9, 11, 12, 17, 20, 27, 33]",[],[],,[],[],[],File not found,"[1, 2, 3, 4, 5, 6, 8, 9, 10, 11, 12, 13, 14, 15, 16, 17, 18, 19, 20, 21, 22, 23, 24, 25, 26, 27, 28, 29, 30, 31, 32, 33, 34, 35, 36, 37, 38, 39, 40, 41, 42, 43, 44, 45, 46, 47, 48, 49]",[],[],,1.0,1.0,1.0,1.0,0.0,0.0,0.0,0.0,0.0,0.0,0.0,0.0,0.0,0.0,0.0,0.0,0.0,0.0,0.0,0.0,0.0,0.0,0.0,0.0,0.0,0.0,0.0,0.0,0.0,0.0,0.0,0.0,0.0,0.0,0.0,0.0,0.0,0.0,0.0,0.0,0.0,0.0,0.0,0.0,0,0.0,0.0,0.0,0.2962962962962963,0.7142857142857143,0.33333333333333337,0.5238095238095238,0,0.0,0.0,0.0,0,,,1.0,,,0.3448275862068966,,
50,SF,9,"[1, 2, 5, 8, 10, 16, 26, 35, 37, 48]","[1, 8, 10, 26, 37]","[2, 5, 16, 35, 48]","[1, 2, 3, 4, 5, 6, 7, 8, 9, 10, 11, 12, 13, 14, 15, 16, 17, 18, 19, 20, 21, 22, 23, 24, 25, 26, 27, 28, 29, 30, 31, 32, 33, 34, 35, 36, 37, 38, 39, 40, 41, 42, 43, 44, 45, 46, 47, 48, 49]","[1, 2, 5, 8, 10, 16, 26, 35, 37, 48]","[1, 8, 10, 26, 37]","[2, 5, 16, 35, 48]",,[],[],[],File not found with pattern: /data1/statduck/exp1_result_fans_swap/*nodes_50_SF_adj_9/*/fans_analysis/fans_*.json,[],[],[],File not found with pattern: /data1/statduck/exp1_result_fans_5000/*nodes_50_SF_adj_9/*/fans_analysis/fans_*.json,[],[],[],File not found with pattern: /data1/statduck/exp1_result_fans_10000/*nodes_50_SF_adj_9/*/fans_analysis/fans_*.json,[],[],[],File not found with pattern: /data1/statduck/exp1_result_fans_30000/*nodes_50_SF_adj_9/*/fans_analysis/fans_*.json,[],[],[],File not found with pattern: /data1/statduck/exp1_result_fans_100epochs/*nodes_50_SF_adj_9/*/fans_analysis/fans_*.json,[],[],[],File not found with pattern: /data1/statduck/exp1_result_fans_500epochs/*nodes_50_SF_adj_9/*/fans_analysis/fans_*.json,[],[],[],File not found with pattern: /data1/statduck/exp1_result_fans_dim8/*nodes_50_SF_adj_9/*/fans_analysis/fans_*.json,[],[],[],File not found with pattern: /data1/statduck/exp1_result_fans_dim16/*nodes_50_SF_adj_9/*/fans_analysis/fans_*.json,[],[],[],File not found with pattern: /data1/statduck/exp1_result_fans_anm/*nodes_50_SF_adj_9/*/fans_analysis/fans_*.json,[],[],[],File not found with pattern: /data1/statduck/exp1_result_fans_small/*nodes_50_SF_adj_9/*/fans_analysis/fans_*.json,"[3, 5, 6, 10, 11, 12, 13, 14, 15, 16, 18, 20, 22, 26, 27, 30, 31, 34, 35, 36, 37, 40, 41, 42, 43, 45, 48, 49]","[1, 2, 5, 8, 10, 16, 26, 35, 37, 48]",[],,[],[],[],File not found,[],[],[],File not found,"[1, 2, 5, 8, 10, 16, 26, 35, 37, 48]",[],[],,[],[],[],File not found,"[2, 3, 4, 5, 6, 7, 8, 9, 10, 11, 12, 13, 14, 15, 16, 17, 18, 19, 21, 22, 23, 24, 25, 26, 27, 28, 29, 30, 31, 32, 33, 34, 35, 36, 37, 38, 39, 40, 41, 42, 43, 44, 45, 46, 47, 48, 49]",[],[],,1.0,1.0,1.0,1.0,0.0,0.0,0.0,0.0,0.0,0.0,0.0,0.0,0.0,0.0,0.0,0.0,0.0,0.0,0.0,0.0,0.0,0.0,0.0,0.0,0.0,0.0,0.0,0.0,0.0,0.0,0.0,0.0,0.0,0.0,0.0,0.0,0.0,0.0,0.0,0.0,0.0,0.0,0.0,0.0,0,0.0,0.0,0.0,0.3684210526315789,0.6666666666666666,0.0,0.3333333333333333,0,0.0,0.0,0.0,0,,,1.0,,,0.3157894736842105,,
50,SF,10,"[7, 8, 16, 21, 26, 31, 36, 40, 45, 47]","[16, 31, 36, 40, 45]","[7, 8, 21, 26, 47]","[1, 2, 3, 4, 5, 6, 7, 8, 9, 10, 11, 12, 13, 14, 15, 16, 17, 18, 19, 20, 21, 22, 23, 24, 25, 26, 27, 28, 29, 30, 31, 32, 33, 34, 35, 36, 37, 38, 39, 40, 41, 42, 43, 44, 45, 46, 47, 48, 49]","[7, 8, 16, 21, 26, 31, 36, 40, 45, 47]","[16, 31, 36, 40, 45]","[7, 8, 21, 26, 47]",,[],[],[],File not found with pattern: /data1/statduck/exp1_result_fans_swap/*nodes_50_SF_adj_10/*/fans_analysis/fans_*.json,[],[],[],File not found with pattern: /data1/statduck/exp1_result_fans_5000/*nodes_50_SF_adj_10/*/fans_analysis/fans_*.json,[],[],[],File not found with pattern: /data1/statduck/exp1_result_fans_10000/*nodes_50_SF_adj_10/*/fans_analysis/fans_*.json,[],[],[],File not found with pattern: /data1/statduck/exp1_result_fans_30000/*nodes_50_SF_adj_10/*/fans_analysis/fans_*.json,[],[],[],File not found with pattern: /data1/statduck/exp1_result_fans_100epochs/*nodes_50_SF_adj_10/*/fans_analysis/fans_*.json,[],[],[],File not found with pattern: /data1/statduck/exp1_result_fans_500epochs/*nodes_50_SF_adj_10/*/fans_analysis/fans_*.json,[],[],[],File not found with pattern: /data1/statduck/exp1_result_fans_dim8/*nodes_50_SF_adj_10/*/fans_analysis/fans_*.json,[],[],[],File not found with pattern: /data1/statduck/exp1_result_fans_dim16/*nodes_50_SF_adj_10/*/fans_analysis/fans_*.json,[],[],[],File not found with pattern: /data1/statduck/exp1_result_fans_anm/*nodes_50_SF_adj_10/*/fans_analysis/fans_*.json,[],[],[],File not found with pattern: /data1/statduck/exp1_result_fans_small/*nodes_50_SF_adj_10/*/fans_analysis/fans_*.json,"[2, 3, 4, 6, 7, 8, 9, 10, 11, 12, 13, 14, 15, 17, 18, 19, 21, 22, 23, 24, 25, 26, 27, 28, 29, 30, 31, 32, 33, 34, 35, 36, 37, 38, 39, 41, 42, 43, 44, 45, 46, 47, 48, 49]","[7, 8, 16, 26, 31, 36, 40, 45]","[21, 47]",,[],[],[],File not found,[],[],[],File not found,"[7, 8, 16, 21, 26, 31, 33, 36, 40, 45, 47]",[],[],,[],[],[],File not found,"[1, 2, 3, 4, 5, 6, 7, 8, 9, 10, 11, 12, 13, 14, 15, 16, 17, 18, 19, 20, 21, 22, 23, 24, 25, 26, 27, 28, 29, 30, 31, 32, 33, 34, 35, 36, 37, 38, 39, 40, 41, 42, 43, 44, 45, 46, 47, 48, 49]",[],[],,1.0,1.0,1.0,1.0,0.0,0.0,0.0,0.0,0.0,0.0,0.0,0.0,0.0,0.0,0.0,0.0,0.0,0.0,0.0,0.0,0.0,0.0,0.0,0.0,0.0,0.0,0.0,0.0,0.0,0.0,0.0,0.0,0.0,0.0,0.0,0.0,0.0,0.0,0.0,0.0,0.0,0.0,0.0,0.0,0,0.0,0.0,0.0,0.2962962962962963,0.7692307692307693,0.5714285714285715,0.6703296703296704,0,0.0,0.0,0.0,0,,,0.9523809523809523,,,0.3389830508474576,,
50,SF,11,"[8, 13, 17, 19, 21, 25, 27, 30, 37, 48]","[17, 21, 25, 27, 30]","[8, 13, 19, 37, 48]","[1, 2, 3, 4, 5, 6, 7, 8, 9, 10, 11, 12, 13, 14, 15, 16, 17, 18, 19, 20, 21, 22, 23, 24, 25, 26, 27, 28, 29, 30, 31, 32, 33, 34, 35, 36, 37, 38, 39, 40, 41, 42, 43, 44, 45, 46, 47, 48, 49]","[8, 13, 17, 19, 21, 25, 27, 30, 37, 48]","[17, 21, 25, 27, 30]","[8, 13, 19, 37, 48]",,[],[],[],File not found with pattern: /data1/statduck/exp1_result_fans_swap/*nodes_50_SF_adj_11/*/fans_analysis/fans_*.json,[],[],[],File not found with pattern: /data1/statduck/exp1_result_fans_5000/*nodes_50_SF_adj_11/*/fans_analysis/fans_*.json,[],[],[],File not found with pattern: /data1/statduck/exp1_result_fans_10000/*nodes_50_SF_adj_11/*/fans_analysis/fans_*.json,[],[],[],File not found with pattern: /data1/statduck/exp1_result_fans_30000/*nodes_50_SF_adj_11/*/fans_analysis/fans_*.json,[],[],[],File not found with pattern: /data1/statduck/exp1_result_fans_100epochs/*nodes_50_SF_adj_11/*/fans_analysis/fans_*.json,[],[],[],File not found with pattern: /data1/statduck/exp1_result_fans_500epochs/*nodes_50_SF_adj_11/*/fans_analysis/fans_*.json,[],[],[],File not found with pattern: /data1/statduck/exp1_result_fans_dim8/*nodes_50_SF_adj_11/*/fans_analysis/fans_*.json,[],[],[],File not found with pattern: /data1/statduck/exp1_result_fans_dim16/*nodes_50_SF_adj_11/*/fans_analysis/fans_*.json,[],[],[],File not found with pattern: /data1/statduck/exp1_result_fans_anm/*nodes_50_SF_adj_11/*/fans_analysis/fans_*.json,[],[],[],File not found with pattern: /data1/statduck/exp1_result_fans_small/*nodes_50_SF_adj_11/*/fans_analysis/fans_*.json,"[13, 21, 23, 25, 27, 30, 48]","[8, 13, 17, 19, 21, 25, 27, 30, 37, 48]",[],,[],[],[],File not found,[],[],[],File not found,"[8, 13, 17, 19, 21, 25, 27, 30, 37, 48]",[],[],,[],[],[],File not found,"[1, 2, 3, 4, 5, 6, 7, 8, 9, 10, 11, 12, 13, 14, 15, 16, 17, 18, 20, 21, 22, 23, 24, 25, 26, 27, 28, 29, 30, 31, 32, 33, 34, 35, 36, 37, 38, 39, 40, 41, 42, 43, 44, 45, 46, 47, 48, 49]",[],[],,1.0,1.0,1.0,1.0,0.0,0.0,0.0,0.0,0.0,0.0,0.0,0.0,0.0,0.0,0.0,0.0,0.0,0.0,0.0,0.0,0.0,0.0,0.0,0.0,0.0,0.0,0.0,0.0,0.0,0.0,0.0,0.0,0.0,0.0,0.0,0.0,0.0,0.0,0.0,0.0,0.0,0.0,0.0,0.0,0,0.0,0.0,0.0,0.7058823529411764,0.6666666666666666,0.0,0.3333333333333333,0,0.0,0.0,0.0,0,,,1.0,,,0.31034482758620696,,
50,SF,12,"[14, 15, 17, 19, 22, 27, 32, 38, 41, 43]","[15, 17, 22, 27, 38]","[14, 19, 32, 41, 43]","[1, 2, 3, 4, 5, 6, 7, 8, 9, 10, 11, 12, 13, 14, 15, 16, 17, 18, 19, 20, 21, 22, 23, 24, 25, 26, 27, 28, 29, 30, 31, 32, 33, 34, 35, 36, 37, 38, 39, 40, 41, 42, 43, 44, 45, 46, 47, 48, 49]","[14, 15, 17, 19, 22, 27, 32, 38, 41, 43]","[15, 17, 22, 27, 38]","[14, 19, 32, 41, 43]",,[],[],[],File not found with pattern: /data1/statduck/exp1_result_fans_swap/*nodes_50_SF_adj_12/*/fans_analysis/fans_*.json,[],[],[],File not found with pattern: /data1/statduck/exp1_result_fans_5000/*nodes_50_SF_adj_12/*/fans_analysis/fans_*.json,[],[],[],File not found with pattern: /data1/statduck/exp1_result_fans_10000/*nodes_50_SF_adj_12/*/fans_analysis/fans_*.json,[],[],[],File not found with pattern: /data1/statduck/exp1_result_fans_30000/*nodes_50_SF_adj_12/*/fans_analysis/fans_*.json,[],[],[],File not found with pattern: /data1/statduck/exp1_result_fans_100epochs/*nodes_50_SF_adj_12/*/fans_analysis/fans_*.json,[],[],[],File not found with pattern: /data1/statduck/exp1_result_fans_500epochs/*nodes_50_SF_adj_12/*/fans_analysis/fans_*.json,[],[],[],File not found with pattern: /data1/statduck/exp1_result_fans_dim8/*nodes_50_SF_adj_12/*/fans_analysis/fans_*.json,[],[],[],File not found with pattern: /data1/statduck/exp1_result_fans_dim16/*nodes_50_SF_adj_12/*/fans_analysis/fans_*.json,[],[],[],File not found with pattern: /data1/statduck/exp1_result_fans_anm/*nodes_50_SF_adj_12/*/fans_analysis/fans_*.json,[],[],[],File not found with pattern: /data1/statduck/exp1_result_fans_small/*nodes_50_SF_adj_12/*/fans_analysis/fans_*.json,"[14, 15, 17, 18, 19, 22, 27, 32, 37, 38, 41, 43, 44]","[15, 17, 19, 22, 27, 32, 38, 41]","[14, 43]",,[],[],[],File not found,[],[],[],File not found,"[14, 15, 17, 19, 22, 27, 32, 38, 41, 43]",[],[],,[],[],[],File not found,"[1, 2, 3, 4, 5, 6, 7, 8, 9, 10, 11, 12, 13, 14, 15, 16, 17, 18, 19, 20, 21, 22, 23, 24, 25, 26, 27, 28, 29, 30, 31, 32, 33, 34, 35, 36, 37, 38, 39, 40, 41, 42, 43, 44, 45, 46, 47, 48, 49]",[],[],,1.0,1.0,1.0,1.0,0.0,0.0,0.0,0.0,0.0,0.0,0.0,0.0,0.0,0.0,0.0,0.0,0.0,0.0,0.0,0.0,0.0,0.0,0.0,0.0,0.0,0.0,0.0,0.0,0.0,0.0,0.0,0.0,0.0,0.0,0.0,0.0,0.0,0.0,0.0,0.0,0.0,0.0,0.0,0.0,0,0.0,0.0,0.0,0.8695652173913044,0.7692307692307693,0.5714285714285715,0.6703296703296704,0,0.0,0.0,0.0,0,,,1.0,,,0.3389830508474576,,
50,SF,13,"[1, 3, 5, 6, 11, 23, 27, 34, 39, 45]","[1, 3, 23, 27, 45]","[5, 6, 11, 34, 39]","[1, 2, 3, 4, 5, 6, 7, 8, 9, 10, 11, 12, 13, 14, 15, 16, 17, 18, 19, 20, 21, 22, 23, 24, 25, 26, 27, 28, 29, 30, 31, 32, 33, 34, 35, 36, 37, 38, 39, 40, 41, 42, 43, 44, 45, 46, 47, 48, 49]","[1, 3, 5, 6, 11, 23, 27, 34, 39, 45]","[1, 3, 23, 27, 45]","[5, 6, 11, 34, 39]",,[],[],[],File not found with pattern: /data1/statduck/exp1_result_fans_swap/*nodes_50_SF_adj_13/*/fans_analysis/fans_*.json,[],[],[],File not found with pattern: /data1/statduck/exp1_result_fans_5000/*nodes_50_SF_adj_13/*/fans_analysis/fans_*.json,[],[],[],File not found with pattern: /data1/statduck/exp1_result_fans_10000/*nodes_50_SF_adj_13/*/fans_analysis/fans_*.json,[],[],[],File not found with pattern: /data1/statduck/exp1_result_fans_30000/*nodes_50_SF_adj_13/*/fans_analysis/fans_*.json,[],[],[],File not found with pattern: /data1/statduck/exp1_result_fans_100epochs/*nodes_50_SF_adj_13/*/fans_analysis/fans_*.json,[],[],[],File not found with pattern: /data1/statduck/exp1_result_fans_500epochs/*nodes_50_SF_adj_13/*/fans_analysis/fans_*.json,[],[],[],File not found with pattern: /data1/statduck/exp1_result_fans_dim8/*nodes_50_SF_adj_13/*/fans_analysis/fans_*.json,[],[],[],File not found with pattern: /data1/statduck/exp1_result_fans_dim16/*nodes_50_SF_adj_13/*/fans_analysis/fans_*.json,[],[],[],File not found with pattern: /data1/statduck/exp1_result_fans_anm/*nodes_50_SF_adj_13/*/fans_analysis/fans_*.json,[],[],[],File not found with pattern: /data1/statduck/exp1_result_fans_small/*nodes_50_SF_adj_13/*/fans_analysis/fans_*.json,"[1, 3, 5, 6, 7, 8, 9, 10, 11, 12, 13, 15, 16, 17, 18, 19, 20, 21, 22, 23, 24, 25, 26, 27, 28, 29, 30, 31, 32, 33, 34, 36, 37, 38, 39, 40, 42, 43, 44, 45, 46, 47, 48, 49]","[1, 3, 5, 6, 11, 23, 27, 34, 39, 45]",[],,[],[],[],File not found,[],[],[],File not found,"[1, 3, 5, 6, 11, 23, 27, 34, 39, 45]",[],[],,[],[],[],File not found,"[1, 2, 3, 4, 5, 6, 7, 8, 9, 10, 11, 12, 13, 14, 15, 16, 17, 18, 19, 20, 21, 22, 23, 24, 25, 26, 27, 28, 29, 30, 31, 32, 33, 34, 35, 36, 37, 38, 39, 40, 41, 42, 43, 44, 45, 46, 47, 48, 49]",[],[],,1.0,1.0,1.0,1.0,0.0,0.0,0.0,0.0,0.0,0.0,0.0,0.0,0.0,0.0,0.0,0.0,0.0,0.0,0.0,0.0,0.0,0.0,0.0,0.0,0.0,0.0,0.0,0.0,0.0,0.0,0.0,0.0,0.0,0.0,0.0,0.0,0.0,0.0,0.0,0.0,0.0,0.0,0.0,0.0,0,0.0,0.0,0.0,0.37037037037037035,0.6666666666666666,0.0,0.3333333333333333,0,0.0,0.0,0.0,0,,,1.0,,,0.3389830508474576,,
50,SF,14,"[5, 15, 16, 26, 31, 34, 35, 40, 42, 44]","[5, 16, 34, 35, 40]","[15, 26, 31, 42, 44]","[1, 2, 3, 4, 5, 6, 7, 8, 9, 10, 11, 12, 13, 14, 15, 16, 17, 18, 19, 20, 21, 22, 23, 24, 25, 26, 27, 28, 29, 30, 31, 32, 33, 34, 35, 36, 37, 38, 39, 40, 41, 42, 43, 44, 45, 46, 47, 48, 49]","[5, 15, 16, 26, 31, 34, 35, 40, 42, 44]","[5, 16, 34, 35, 40]","[15, 26, 31, 42, 44]",,[],[],[],File not found with pattern: /data1/statduck/exp1_result_fans_swap/*nodes_50_SF_adj_14/*/fans_analysis/fans_*.json,[],[],[],File not found with pattern: /data1/statduck/exp1_result_fans_5000/*nodes_50_SF_adj_14/*/fans_analysis/fans_*.json,[],[],[],File not found with pattern: /data1/statduck/exp1_result_fans_10000/*nodes_50_SF_adj_14/*/fans_analysis/fans_*.json,[],[],[],File not found with pattern: /data1/statduck/exp1_result_fans_30000/*nodes_50_SF_adj_14/*/fans_analysis/fans_*.json,[],[],[],File not found with pattern: /data1/statduck/exp1_result_fans_100epochs/*nodes_50_SF_adj_14/*/fans_analysis/fans_*.json,[],[],[],File not found with pattern: /data1/statduck/exp1_result_fans_500epochs/*nodes_50_SF_adj_14/*/fans_analysis/fans_*.json,[],[],[],File not found with pattern: /data1/statduck/exp1_result_fans_dim8/*nodes_50_SF_adj_14/*/fans_analysis/fans_*.json,[],[],[],File not found with pattern: /data1/statduck/exp1_result_fans_dim16/*nodes_50_SF_adj_14/*/fans_analysis/fans_*.json,[],[],[],File not found with pattern: /data1/statduck/exp1_result_fans_anm/*nodes_50_SF_adj_14/*/fans_analysis/fans_*.json,[],[],[],File not found with pattern: /data1/statduck/exp1_result_fans_small/*nodes_50_SF_adj_14/*/fans_analysis/fans_*.json,"[2, 4, 5, 6, 8, 10, 11, 12, 13, 14, 15, 16, 17, 18, 19, 21, 22, 23, 24, 25, 26, 27, 28, 29, 30, 31, 32, 33, 34, 35, 36, 37, 38, 39, 40, 41, 42, 43, 44, 45, 46, 47, 48, 49]","[5, 15, 16, 26, 31, 34, 35, 40, 44]",[42],,[],[],[],File not found,[],[],[],File not found,"[5, 15, 16, 26, 31, 34, 35, 40, 42, 44]",[],[],,[],[],[],File not found,"[1, 2, 3, 4, 5, 6, 7, 8, 9, 10, 11, 12, 13, 14, 15, 16, 17, 18, 19, 20, 21, 22, 23, 24, 25, 26, 27, 28, 29, 30, 31, 32, 33, 34, 35, 36, 37, 38, 39, 40, 41, 42, 43, 44, 45, 46, 47, 48, 49]",[],[],,1.0,1.0,1.0,1.0,0.0,0.0,0.0,0.0,0.0,0.0,0.0,0.0,0.0,0.0,0.0,0.0,0.0,0.0,0.0,0.0,0.0,0.0,0.0,0.0,0.0,0.0,0.0,0.0,0.0,0.0,0.0,0.0,0.0,0.0,0.0,0.0,0.0,0.0,0.0,0.0,0.0,0.0,0.0,0.0,0,0.0,0.0,0.0,0.37037037037037035,0.7142857142857143,0.33333333333333337,0.5238095238095238,0,0.0,0.0,0.0,0,,,1.0,,,0.3389830508474576,,
50,SF,15,"[1, 7, 10, 18, 25, 28, 42, 44, 46, 48]","[1, 7, 42, 44, 46]","[10, 18, 25, 28, 48]","[1, 2, 3, 4, 5, 6, 7, 8, 9, 10, 11, 12, 13, 14, 15, 16, 17, 18, 19, 20, 21, 22, 23, 24, 25, 26, 27, 28, 29, 30, 31, 32, 33, 34, 35, 36, 37, 38, 39, 40, 41, 42, 43, 44, 45, 46, 47, 48, 49]","[1, 7, 10, 18, 25, 28, 42, 44, 46, 48]","[1, 7, 42, 44, 46]","[10, 18, 25, 28, 48]",,[],[],[],File not found with pattern: /data1/statduck/exp1_result_fans_swap/*nodes_50_SF_adj_15/*/fans_analysis/fans_*.json,[],[],[],File not found with pattern: /data1/statduck/exp1_result_fans_5000/*nodes_50_SF_adj_15/*/fans_analysis/fans_*.json,[],[],[],File not found with pattern: /data1/statduck/exp1_result_fans_10000/*nodes_50_SF_adj_15/*/fans_analysis/fans_*.json,[],[],[],File not found with pattern: /data1/statduck/exp1_result_fans_30000/*nodes_50_SF_adj_15/*/fans_analysis/fans_*.json,[],[],[],File not found with pattern: /data1/statduck/exp1_result_fans_100epochs/*nodes_50_SF_adj_15/*/fans_analysis/fans_*.json,[],[],[],File not found with pattern: /data1/statduck/exp1_result_fans_500epochs/*nodes_50_SF_adj_15/*/fans_analysis/fans_*.json,[],[],[],File not found with pattern: /data1/statduck/exp1_result_fans_dim8/*nodes_50_SF_adj_15/*/fans_analysis/fans_*.json,[],[],[],File not found with pattern: /data1/statduck/exp1_result_fans_dim16/*nodes_50_SF_adj_15/*/fans_analysis/fans_*.json,[],[],[],File not found with pattern: /data1/statduck/exp1_result_fans_anm/*nodes_50_SF_adj_15/*/fans_analysis/fans_*.json,[],[],[],File not found with pattern: /data1/statduck/exp1_result_fans_small/*nodes_50_SF_adj_15/*/fans_analysis/fans_*.json,"[5, 7, 8, 10, 16, 19, 21, 22, 25, 28, 38, 42, 44, 46, 48]","[1, 7, 10, 18, 28, 42, 44, 46, 48]",[25],,[],[],[],File not found,[],[],[],File not found,"[1, 7, 10, 18, 25, 28, 42, 44, 46, 48]",[],[],,[],[],[],File not found,"[1, 2, 3, 4, 5, 6, 7, 8, 9, 10, 11, 12, 13, 14, 15, 16, 17, 18, 19, 20, 21, 22, 23, 24, 25, 26, 27, 28, 29, 30, 31, 32, 33, 34, 35, 36, 37, 38, 39, 40, 41, 42, 43, 44, 45, 46, 47, 48, 49]",[],[],,1.0,1.0,1.0,1.0,0.0,0.0,0.0,0.0,0.0,0.0,0.0,0.0,0.0,0.0,0.0,0.0,0.0,0.0,0.0,0.0,0.0,0.0,0.0,0.0,0.0,0.0,0.0,0.0,0.0,0.0,0.0,0.0,0.0,0.0,0.0,0.0,0.0,0.0,0.0,0.0,0.0,0.0,0.0,0.0,0,0.0,0.0,0.0,0.64,0.7142857142857143,0.33333333333333337,0.5238095238095238,0,0.0,0.0,0.0,0,,,1.0,,,0.3389830508474576,,
50,SF,16,"[11, 16, 17, 19, 22, 29, 31, 33, 34, 41]","[16, 22, 31, 34, 41]","[11, 17, 19, 29, 33]","[1, 2, 3, 4, 5, 6, 7, 8, 9, 10, 11, 12, 13, 14, 15, 16, 17, 18, 19, 20, 21, 22, 23, 24, 25, 26, 27, 28, 29, 30, 31, 32, 33, 34, 35, 36, 37, 38, 39, 40, 41, 42, 43, 44, 45, 46, 47, 48, 49]","[11, 16, 17, 19, 22, 29, 31, 33, 34, 41]","[16, 22, 31, 34, 41]","[11, 17, 19, 29, 33]",,[],[],[],File not found with pattern: /data1/statduck/exp1_result_fans_swap/*nodes_50_SF_adj_16/*/fans_analysis/fans_*.json,[],[],[],File not found with pattern: /data1/statduck/exp1_result_fans_5000/*nodes_50_SF_adj_16/*/fans_analysis/fans_*.json,[],[],[],File not found with pattern: /data1/statduck/exp1_result_fans_10000/*nodes_50_SF_adj_16/*/fans_analysis/fans_*.json,[],[],[],File not found with pattern: /data1/statduck/exp1_result_fans_30000/*nodes_50_SF_adj_16/*/fans_analysis/fans_*.json,[],[],[],File not found with pattern: /data1/statduck/exp1_result_fans_100epochs/*nodes_50_SF_adj_16/*/fans_analysis/fans_*.json,[],[],[],File not found with pattern: /data1/statduck/exp1_result_fans_500epochs/*nodes_50_SF_adj_16/*/fans_analysis/fans_*.json,[],[],[],File not found with pattern: /data1/statduck/exp1_result_fans_dim8/*nodes_50_SF_adj_16/*/fans_analysis/fans_*.json,[],[],[],File not found with pattern: /data1/statduck/exp1_result_fans_dim16/*nodes_50_SF_adj_16/*/fans_analysis/fans_*.json,[],[],[],File not found with pattern: /data1/statduck/exp1_result_fans_anm/*nodes_50_SF_adj_16/*/fans_analysis/fans_*.json,[],[],[],File not found with pattern: /data1/statduck/exp1_result_fans_small/*nodes_50_SF_adj_16/*/fans_analysis/fans_*.json,"[11, 21, 22, 28, 31, 32, 33, 34, 41, 43]","[11, 16, 17, 19, 22, 31, 33, 34, 41]",[29],,[],[],[],File not found,[],[],[],File not found,"[11, 16, 17, 19, 22, 29, 31, 33, 34, 41]",[],[],,[],[],[],File not found,"[1, 2, 3, 4, 5, 6, 7, 8, 9, 10, 11, 12, 13, 14, 15, 16, 17, 18, 19, 20, 21, 22, 23, 24, 25, 26, 27, 28, 29, 30, 31, 32, 33, 34, 35, 36, 37, 38, 39, 40, 41, 42, 43, 44, 45, 46, 47, 48, 49]",[],[],,1.0,1.0,1.0,1.0,0.0,0.0,0.0,0.0,0.0,0.0,0.0,0.0,0.0,0.0,0.0,0.0,0.0,0.0,0.0,0.0,0.0,0.0,0.0,0.0,0.0,0.0,0.0,0.0,0.0,0.0,0.0,0.0,0.0,0.0,0.0,0.0,0.0,0.0,0.0,0.0,0.0,0.0,0.0,0.0,0,0.0,0.0,0.0,0.6,0.7142857142857143,0.33333333333333337,0.5238095238095238,0,0.0,0.0,0.0,0,,,1.0,,,0.3389830508474576,,
50,SF,17,"[8, 11, 13, 22, 23, 34, 36, 39, 43, 44]","[8, 22, 23, 34, 43]","[11, 13, 36, 39, 44]","[1, 2, 3, 4, 5, 6, 7, 8, 9, 10, 11, 12, 13, 14, 15, 16, 17, 18, 19, 20, 21, 22, 23, 24, 25, 26, 27, 28, 29, 30, 31, 32, 33, 34, 35, 36, 37, 38, 39, 40, 41, 42, 43, 44, 45, 46, 47, 48, 49]","[8, 11, 13, 22, 23, 34, 36, 39, 43, 44]","[8, 22, 23, 34, 43]","[11, 13, 36, 39, 44]",,[],[],[],File not found with pattern: /data1/statduck/exp1_result_fans_swap/*nodes_50_SF_adj_17/*/fans_analysis/fans_*.json,[],[],[],File not found with pattern: /data1/statduck/exp1_result_fans_5000/*nodes_50_SF_adj_17/*/fans_analysis/fans_*.json,[],[],[],File not found with pattern: /data1/statduck/exp1_result_fans_10000/*nodes_50_SF_adj_17/*/fans_analysis/fans_*.json,[],[],[],File not found with pattern: /data1/statduck/exp1_result_fans_30000/*nodes_50_SF_adj_17/*/fans_analysis/fans_*.json,[],[],[],File not found with pattern: /data1/statduck/exp1_result_fans_100epochs/*nodes_50_SF_adj_17/*/fans_analysis/fans_*.json,[],[],[],File not found with pattern: /data1/statduck/exp1_result_fans_500epochs/*nodes_50_SF_adj_17/*/fans_analysis/fans_*.json,[],[],[],File not found with pattern: /data1/statduck/exp1_result_fans_dim8/*nodes_50_SF_adj_17/*/fans_analysis/fans_*.json,[],[],[],File not found with pattern: /data1/statduck/exp1_result_fans_dim16/*nodes_50_SF_adj_17/*/fans_analysis/fans_*.json,[],[],[],File not found with pattern: /data1/statduck/exp1_result_fans_anm/*nodes_50_SF_adj_17/*/fans_analysis/fans_*.json,[],[],[],File not found with pattern: /data1/statduck/exp1_result_fans_small/*nodes_50_SF_adj_17/*/fans_analysis/fans_*.json,"[14, 22, 43, 44]","[8, 11, 13, 22, 23, 34, 39, 43]","[36, 44]",,[],[],[],File not found,[],[],[],File not found,"[8, 11, 13, 22, 23, 34, 36, 39, 43, 44]",[],[],,[],[],[],File not found,"[1, 2, 3, 4, 5, 6, 7, 8, 9, 10, 11, 12, 13, 14, 15, 16, 17, 18, 19, 20, 21, 22, 23, 24, 25, 26, 27, 28, 29, 30, 31, 32, 33, 34, 35, 36, 37, 38, 39, 40, 41, 42, 43, 44, 45, 46, 47, 48, 49]",[],[],,1.0,1.0,1.0,1.0,0.0,0.0,0.0,0.0,0.0,0.0,0.0,0.0,0.0,0.0,0.0,0.0,0.0,0.0,0.0,0.0,0.0,0.0,0.0,0.0,0.0,0.0,0.0,0.0,0.0,0.0,0.0,0.0,0.0,0.0,0.0,0.0,0.0,0.0,0.0,0.0,0.0,0.0,0.0,0.0,0,0.0,0.0,0.0,0.4285714285714285,0.7692307692307693,0.5714285714285715,0.6703296703296704,0,0.0,0.0,0.0,0,,,1.0,,,0.3389830508474576,,
50,SF,18,"[6, 8, 11, 14, 15, 16, 24, 36, 40, 41]","[8, 11, 14, 15, 40]","[6, 16, 24, 36, 41]","[1, 2, 3, 4, 5, 6, 7, 8, 9, 10, 11, 12, 13, 14, 15, 16, 17, 18, 19, 20, 21, 22, 23, 24, 25, 26, 27, 28, 29, 30, 31, 32, 33, 34, 35, 36, 37, 38, 39, 40, 41, 42, 43, 44, 45, 46, 47, 48, 49]","[6, 8, 11, 14, 15, 16, 24, 36, 40, 41]","[8, 11, 14, 15, 40]","[6, 16, 24, 36, 41]",,[],[],[],File not found with pattern: /data1/statduck/exp1_result_fans_swap/*nodes_50_SF_adj_18/*/fans_analysis/fans_*.json,[],[],[],File not found with pattern: /data1/statduck/exp1_result_fans_5000/*nodes_50_SF_adj_18/*/fans_analysis/fans_*.json,[],[],[],File not found with pattern: /data1/statduck/exp1_result_fans_10000/*nodes_50_SF_adj_18/*/fans_analysis/fans_*.json,[],[],[],File not found with pattern: /data1/statduck/exp1_result_fans_30000/*nodes_50_SF_adj_18/*/fans_analysis/fans_*.json,[],[],[],File not found with pattern: /data1/statduck/exp1_result_fans_100epochs/*nodes_50_SF_adj_18/*/fans_analysis/fans_*.json,[],[],[],File not found with pattern: /data1/statduck/exp1_result_fans_500epochs/*nodes_50_SF_adj_18/*/fans_analysis/fans_*.json,[],[],[],File not found with pattern: /data1/statduck/exp1_result_fans_dim8/*nodes_50_SF_adj_18/*/fans_analysis/fans_*.json,[],[],[],File not found with pattern: /data1/statduck/exp1_result_fans_dim16/*nodes_50_SF_adj_18/*/fans_analysis/fans_*.json,[],[],[],File not found with pattern: /data1/statduck/exp1_result_fans_anm/*nodes_50_SF_adj_18/*/fans_analysis/fans_*.json,[],[],[],File not found with pattern: /data1/statduck/exp1_result_fans_small/*nodes_50_SF_adj_18/*/fans_analysis/fans_*.json,"[6, 8, 11, 14, 15, 16, 22, 24, 26, 27, 29, 32, 33, 34, 36, 40, 41]","[6, 8, 11, 14, 15, 16, 24, 40, 41]",[36],,[],[],[],File not found,[],[],[],File not found,"[6, 8, 11, 14, 15, 16, 24, 36, 40, 41]",[],[],,[],[],[],File not found,"[1, 2, 3, 4, 5, 6, 7, 8, 9, 10, 11, 12, 13, 14, 15, 16, 17, 18, 19, 20, 21, 22, 23, 24, 25, 26, 27, 28, 29, 30, 31, 32, 33, 34, 35, 36, 37, 38, 39, 40, 41, 42, 43, 44, 45, 46, 47, 48, 49]",[],[],,1.0,1.0,1.0,1.0,0.0,0.0,0.0,0.0,0.0,0.0,0.0,0.0,0.0,0.0,0.0,0.0,0.0,0.0,0.0,0.0,0.0,0.0,0.0,0.0,0.0,0.0,0.0,0.0,0.0,0.0,0.0,0.0,0.0,0.0,0.0,0.0,0.0,0.0,0.0,0.0,0.0,0.0,0.0,0.0,0,0.0,0.0,0.0,0.7407407407407407,0.7142857142857143,0.33333333333333337,0.5238095238095238,0,0.0,0.0,0.0,0,,,1.0,,,0.3389830508474576,,
50,SF,19,"[4, 7, 14, 19, 21, 23, 34, 37, 41, 44]","[14, 21, 34, 37, 44]","[4, 7, 19, 23, 41]","[1, 2, 3, 4, 5, 6, 7, 8, 9, 10, 11, 12, 13, 14, 15, 16, 17, 18, 19, 20, 21, 22, 23, 24, 25, 26, 27, 28, 29, 30, 31, 32, 33, 34, 35, 36, 37, 38, 39, 40, 41, 42, 43, 44, 45, 46, 47, 48, 49]","[4, 7, 14, 19, 21, 23, 34, 37, 41, 44]","[14, 21, 34, 37, 44]","[4, 7, 19, 23, 41]",,[],[],[],File not found with pattern: /data1/statduck/exp1_result_fans_swap/*nodes_50_SF_adj_19/*/fans_analysis/fans_*.json,[],[],[],File not found with pattern: /data1/statduck/exp1_result_fans_5000/*nodes_50_SF_adj_19/*/fans_analysis/fans_*.json,[],[],[],File not found with pattern: /data1/statduck/exp1_result_fans_10000/*nodes_50_SF_adj_19/*/fans_analysis/fans_*.json,[],[],[],File not found with pattern: /data1/statduck/exp1_result_fans_30000/*nodes_50_SF_adj_19/*/fans_analysis/fans_*.json,[],[],[],File not found with pattern: /data1/statduck/exp1_result_fans_100epochs/*nodes_50_SF_adj_19/*/fans_analysis/fans_*.json,[],[],[],File not found with pattern: /data1/statduck/exp1_result_fans_500epochs/*nodes_50_SF_adj_19/*/fans_analysis/fans_*.json,[],[],[],File not found with pattern: /data1/statduck/exp1_result_fans_dim8/*nodes_50_SF_adj_19/*/fans_analysis/fans_*.json,[],[],[],File not found with pattern: /data1/statduck/exp1_result_fans_dim16/*nodes_50_SF_adj_19/*/fans_analysis/fans_*.json,[],[],[],File not found with pattern: /data1/statduck/exp1_result_fans_anm/*nodes_50_SF_adj_19/*/fans_analysis/fans_*.json,[],[],[],File not found with pattern: /data1/statduck/exp1_result_fans_small/*nodes_50_SF_adj_19/*/fans_analysis/fans_*.json,"[1, 3, 4, 5, 7, 8, 9, 12, 14, 21, 26, 29, 33, 34, 37, 41, 44, 45, 46]","[4, 7, 14, 21, 23, 34, 37, 44]","[19, 41]",,[],[],[],File not found,[],[],[],File not found,"[4, 7, 14, 19, 21, 23, 34, 37, 41, 44]",[],[],,[],[],[],File not found,"[1, 2, 3, 4, 5, 6, 7, 8, 9, 10, 11, 12, 13, 14, 15, 16, 17, 18, 19, 20, 21, 22, 23, 24, 25, 26, 27, 28, 29, 30, 31, 32, 33, 34, 35, 36, 37, 38, 39, 40, 41, 42, 43, 44, 45, 46, 47, 48, 49]",[],[],,1.0,1.0,1.0,1.0,0.0,0.0,0.0,0.0,0.0,0.0,0.0,0.0,0.0,0.0,0.0,0.0,0.0,0.0,0.0,0.0,0.0,0.0,0.0,0.0,0.0,0.0,0.0,0.0,0.0,0.0,0.0,0.0,0.0,0.0,0.0,0.0,0.0,0.0,0.0,0.0,0.0,0.0,0.0,0.0,0,0.0,0.0,0.0,0.5517241379310345,0.7692307692307693,0.5714285714285715,0.6703296703296704,0,0.0,0.0,0.0,0,,,1.0,,,0.3389830508474576,,
50,SF,20,"[8, 14, 19, 20, 23, 34, 35, 39, 44, 49]","[8, 19, 20, 23, 44]","[14, 34, 35, 39, 49]","[1, 2, 3, 4, 5, 6, 7, 8, 9, 10, 11, 12, 13, 14, 15, 16, 17, 18, 19, 20, 21, 22, 23, 24, 25, 26, 27, 28, 29, 30, 31, 32, 33, 34, 35, 36, 37, 38, 39, 40, 41, 42, 43, 44, 45, 46, 47, 48, 49]","[8, 14, 19, 20, 23, 34, 35, 39, 44, 49]","[8, 19, 20, 23, 44]","[14, 34, 35, 39, 49]",,[],[],[],File not found with pattern: /data1/statduck/exp1_result_fans_swap/*nodes_50_SF_adj_20/*/fans_analysis/fans_*.json,[],[],[],File not found with pattern: /data1/statduck/exp1_result_fans_5000/*nodes_50_SF_adj_20/*/fans_analysis/fans_*.json,[],[],[],File not found with pattern: /data1/statduck/exp1_result_fans_10000/*nodes_50_SF_adj_20/*/fans_analysis/fans_*.json,[],[],[],File not found with pattern: /data1/statduck/exp1_result_fans_30000/*nodes_50_SF_adj_20/*/fans_analysis/fans_*.json,[],[],[],File not found with pattern: /data1/statduck/exp1_result_fans_100epochs/*nodes_50_SF_adj_20/*/fans_analysis/fans_*.json,[],[],[],File not found with pattern: /data1/statduck/exp1_result_fans_500epochs/*nodes_50_SF_adj_20/*/fans_analysis/fans_*.json,[],[],[],File not found with pattern: /data1/statduck/exp1_result_fans_dim8/*nodes_50_SF_adj_20/*/fans_analysis/fans_*.json,[],[],[],File not found with pattern: /data1/statduck/exp1_result_fans_dim16/*nodes_50_SF_adj_20/*/fans_analysis/fans_*.json,[],[],[],File not found with pattern: /data1/statduck/exp1_result_fans_anm/*nodes_50_SF_adj_20/*/fans_analysis/fans_*.json,[],[],[],File not found with pattern: /data1/statduck/exp1_result_fans_small/*nodes_50_SF_adj_20/*/fans_analysis/fans_*.json,"[2, 7, 8, 10, 11, 15, 16, 17, 19, 20, 22, 23, 24, 25, 28, 30, 31, 32, 34, 35, 36, 37, 38, 39, 40, 41, 43, 44, 45, 46, 48, 49]","[8, 14, 19, 20, 23, 34, 35, 39, 44, 49]",[],,[],[],[],File not found,[],[],[],File not found,"[8, 14, 19, 20, 23, 34, 35, 39, 44, 49]",[],[],,[],[],[],File not found,"[1, 2, 3, 4, 5, 6, 7, 8, 9, 10, 11, 12, 13, 14, 15, 16, 17, 18, 19, 20, 21, 23, 24, 25, 26, 27, 28, 29, 30, 31, 32, 33, 34, 35, 36, 37, 38, 39, 40, 41, 42, 43, 44, 45, 46, 47, 48, 49]",[],[],,1.0,1.0,1.0,1.0,0.0,0.0,0.0,0.0,0.0,0.0,0.0,0.0,0.0,0.0,0.0,0.0,0.0,0.0,0.0,0.0,0.0,0.0,0.0,0.0,0.0,0.0,0.0,0.0,0.0,0.0,0.0,0.0,0.0,0.0,0.0,0.0,0.0,0.0,0.0,0.0,0.0,0.0,0.0,0.0,0,0.0,0.0,0.0,0.4285714285714286,0.6666666666666666,0.0,0.3333333333333333,0,0.0,0.0,0.0,0,,,1.0,,,0.3448275862068966,,
50,SF,21,"[9, 10, 13, 16, 17, 18, 21, 22, 30, 45]","[9, 10, 13, 16, 17, 18, 21, 22, 30, 45]",[],"[1, 2, 3, 4, 5, 6, 7, 8, 9, 10, 11, 12, 13, 14, 15, 16, 17, 18, 19, 20, 21, 22, 23, 24, 25, 26, 27, 28, 29, 30, 31, 32, 33, 34, 35, 36, 37, 38, 39, 40, 41, 42, 43, 44, 45, 46, 47, 48, 49]","[9, 10, 13, 16, 17, 18, 21, 22, 30, 45]","[9, 10, 13, 16, 17, 18, 21, 22, 30, 45]",[],,[],[],[],File not found with pattern: /data1/statduck/exp1_result_fans_swap/*nodes_50_SF_adj_21/*/fans_analysis/fans_*.json,[],[],[],File not found with pattern: /data1/statduck/exp1_result_fans_5000/*nodes_50_SF_adj_21/*/fans_analysis/fans_*.json,[],[],[],File not found with pattern: /data1/statduck/exp1_result_fans_10000/*nodes_50_SF_adj_21/*/fans_analysis/fans_*.json,[],[],[],File not found with pattern: /data1/statduck/exp1_result_fans_30000/*nodes_50_SF_adj_21/*/fans_analysis/fans_*.json,[],[],[],File not found with pattern: /data1/statduck/exp1_result_fans_100epochs/*nodes_50_SF_adj_21/*/fans_analysis/fans_*.json,[],[],[],File not found with pattern: /data1/statduck/exp1_result_fans_500epochs/*nodes_50_SF_adj_21/*/fans_analysis/fans_*.json,[],[],[],File not found with pattern: /data1/statduck/exp1_result_fans_dim8/*nodes_50_SF_adj_21/*/fans_analysis/fans_*.json,[],[],[],File not found with pattern: /data1/statduck/exp1_result_fans_dim16/*nodes_50_SF_adj_21/*/fans_analysis/fans_*.json,[],[],[],File not found with pattern: /data1/statduck/exp1_result_fans_anm/*nodes_50_SF_adj_21/*/fans_analysis/fans_*.json,[],[],[],File not found with pattern: /data1/statduck/exp1_result_fans_small/*nodes_50_SF_adj_21/*/fans_analysis/fans_*.json,"[9, 10, 11, 13, 17, 30, 34, 38, 40, 44, 45]","[9, 10, 13, 16, 17, 18, 21, 22, 30, 45]",[],,[],[],[],File not found,[],[],[],File not found,"[9, 10, 13, 16, 17, 18, 21, 22, 30, 38, 45]",[],[],,[],[],[],File not found,"[1, 2, 3, 4, 5, 6, 7, 8, 9, 10, 11, 12, 13, 14, 15, 16, 17, 18, 19, 20, 21, 22, 23, 24, 25, 26, 27, 28, 29, 30, 31, 32, 33, 34, 35, 36, 37, 38, 39, 40, 41, 42, 43, 44, 45, 46, 47, 48, 49]",[],[],,1.0,1.0,0.0,1.0,0.0,0.0,0.0,0.0,0.0,0.0,0.0,0.0,0.0,0.0,0.0,0.0,0.0,0.0,0.0,0.0,0.0,0.0,0.0,0.0,0.0,0.0,0.0,0.0,0.0,0.0,0.0,0.0,0.0,0.0,0.0,0.0,0.0,0.0,0.0,0.0,0.0,0.0,0.0,0.0,0,0.0,0.0,0.0,0.5714285714285713,1.0,0.0,1.0,0,0.0,0.0,0.0,0,,,0.9523809523809523,,,0.3389830508474576,,
50,SF,22,"[5, 7, 12, 15, 19, 23, 25, 28, 37, 38]","[5, 7, 12, 15, 19, 23, 25, 28, 37, 38]",[],"[1, 2, 3, 4, 5, 6, 7, 8, 9, 10, 11, 12, 13, 14, 15, 16, 17, 18, 19, 20, 21, 22, 23, 24, 25, 26, 27, 28, 29, 30, 31, 32, 33, 34, 35, 36, 37, 38, 39, 40, 41, 42, 43, 44, 45, 46, 47, 48, 49]","[5, 7, 12, 15, 19, 23, 25, 28, 37, 38]","[5, 7, 12, 15, 19, 23, 25, 28, 37, 38]",[],,[],[],[],File not found with pattern: /data1/statduck/exp1_result_fans_swap/*nodes_50_SF_adj_22/*/fans_analysis/fans_*.json,[],[],[],File not found with pattern: /data1/statduck/exp1_result_fans_5000/*nodes_50_SF_adj_22/*/fans_analysis/fans_*.json,[],[],[],File not found with pattern: /data1/statduck/exp1_result_fans_10000/*nodes_50_SF_adj_22/*/fans_analysis/fans_*.json,[],[],[],File not found with pattern: /data1/statduck/exp1_result_fans_30000/*nodes_50_SF_adj_22/*/fans_analysis/fans_*.json,[],[],[],File not found with pattern: /data1/statduck/exp1_result_fans_100epochs/*nodes_50_SF_adj_22/*/fans_analysis/fans_*.json,[],[],[],File not found with pattern: /data1/statduck/exp1_result_fans_500epochs/*nodes_50_SF_adj_22/*/fans_analysis/fans_*.json,[],[],[],File not found with pattern: /data1/statduck/exp1_result_fans_dim8/*nodes_50_SF_adj_22/*/fans_analysis/fans_*.json,[],[],[],File not found with pattern: /data1/statduck/exp1_result_fans_dim16/*nodes_50_SF_adj_22/*/fans_analysis/fans_*.json,[],[],[],File not found with pattern: /data1/statduck/exp1_result_fans_anm/*nodes_50_SF_adj_22/*/fans_analysis/fans_*.json,[],[],[],File not found with pattern: /data1/statduck/exp1_result_fans_small/*nodes_50_SF_adj_22/*/fans_analysis/fans_*.json,"[5, 8, 13, 15, 20, 22, 23, 25, 26, 28, 30, 37, 43, 49]","[5, 7, 12, 15, 19, 23, 25, 28, 37, 38]",[],,[],[],[],File not found,[],[],[],File not found,"[5, 7, 12, 15, 19, 23, 25, 28, 37, 38]",[],[],,[],[],[],File not found,"[1, 2, 3, 4, 5, 6, 7, 8, 9, 10, 11, 12, 13, 14, 15, 16, 17, 18, 19, 20, 21, 22, 23, 24, 25, 26, 27, 28, 29, 30, 31, 32, 33, 34, 35, 36, 37, 38, 39, 40, 41, 42, 43, 44, 45, 46, 47, 48, 49]",[],[],,1.0,1.0,0.0,1.0,0.0,0.0,0.0,0.0,0.0,0.0,0.0,0.0,0.0,0.0,0.0,0.0,0.0,0.0,0.0,0.0,0.0,0.0,0.0,0.0,0.0,0.0,0.0,0.0,0.0,0.0,0.0,0.0,0.0,0.0,0.0,0.0,0.0,0.0,0.0,0.0,0.0,0.0,0.0,0.0,0,0.0,0.0,0.0,0.5,1.0,0.0,1.0,0,0.0,0.0,0.0,0,,,1.0,,,0.3389830508474576,,
50,SF,23,"[5, 12, 13, 14, 27, 30, 31, 33, 39, 49]","[5, 12, 13, 14, 27, 30, 31, 33, 39, 49]",[],"[1, 2, 3, 4, 5, 6, 7, 8, 9, 10, 11, 12, 13, 14, 15, 16, 17, 18, 19, 20, 21, 22, 23, 24, 25, 26, 27, 28, 29, 30, 31, 32, 33, 34, 35, 36, 37, 38, 39, 40, 41, 42, 43, 44, 45, 46, 47, 48, 49]","[5, 12, 13, 14, 27, 30, 31, 33, 39, 49]","[5, 12, 13, 14, 27, 30, 31, 33, 39, 49]",[],,[],[],[],File not found with pattern: /data1/statduck/exp1_result_fans_swap/*nodes_50_SF_adj_23/*/fans_analysis/fans_*.json,[],[],[],File not found with pattern: /data1/statduck/exp1_result_fans_5000/*nodes_50_SF_adj_23/*/fans_analysis/fans_*.json,[],[],[],File not found with pattern: /data1/statduck/exp1_result_fans_10000/*nodes_50_SF_adj_23/*/fans_analysis/fans_*.json,[],[],[],File not found with pattern: /data1/statduck/exp1_result_fans_30000/*nodes_50_SF_adj_23/*/fans_analysis/fans_*.json,[],[],[],File not found with pattern: /data1/statduck/exp1_result_fans_100epochs/*nodes_50_SF_adj_23/*/fans_analysis/fans_*.json,[],[],[],File not found with pattern: /data1/statduck/exp1_result_fans_500epochs/*nodes_50_SF_adj_23/*/fans_analysis/fans_*.json,[],[],[],File not found with pattern: /data1/statduck/exp1_result_fans_dim8/*nodes_50_SF_adj_23/*/fans_analysis/fans_*.json,[],[],[],File not found with pattern: /data1/statduck/exp1_result_fans_dim16/*nodes_50_SF_adj_23/*/fans_analysis/fans_*.json,[],[],[],File not found with pattern: /data1/statduck/exp1_result_fans_anm/*nodes_50_SF_adj_23/*/fans_analysis/fans_*.json,[],[],[],File not found with pattern: /data1/statduck/exp1_result_fans_small/*nodes_50_SF_adj_23/*/fans_analysis/fans_*.json,"[12, 13, 17, 24, 25, 26, 27, 28, 33, 37, 38, 39, 45, 49]","[5, 12, 13, 14, 27, 30, 31, 33, 39, 49]",[],,[],[],[],File not found,[],[],[],File not found,"[12, 13, 14, 27, 30, 31, 33, 37, 39, 49]",[],[],,[],[],[],File not found,"[1, 2, 3, 4, 5, 6, 7, 8, 9, 10, 11, 12, 13, 15, 16, 17, 18, 19, 20, 21, 22, 23, 24, 25, 26, 27, 28, 29, 30, 31, 32, 33, 34, 35, 36, 37, 38, 39, 40, 41, 42, 43, 44, 45, 46, 47, 48, 49]",[],[],,1.0,1.0,0.0,1.0,0.0,0.0,0.0,0.0,0.0,0.0,0.0,0.0,0.0,0.0,0.0,0.0,0.0,0.0,0.0,0.0,0.0,0.0,0.0,0.0,0.0,0.0,0.0,0.0,0.0,0.0,0.0,0.0,0.0,0.0,0.0,0.0,0.0,0.0,0.0,0.0,0.0,0.0,0.0,0.0,0,0.0,0.0,0.0,0.5,1.0,0.0,1.0,0,0.0,0.0,0.0,0,,,0.9,,,0.31034482758620696,,
50,SF,24,"[3, 4, 12, 15, 20, 24, 28, 33, 48, 49]","[3, 4, 12, 15, 20, 24, 28, 33, 48, 49]",[],"[1, 2, 3, 4, 5, 6, 7, 8, 9, 10, 11, 12, 13, 14, 15, 16, 17, 18, 19, 20, 21, 22, 23, 24, 25, 26, 27, 28, 29, 30, 31, 32, 33, 34, 35, 36, 37, 38, 39, 40, 41, 42, 43, 44, 45, 46, 47, 48, 49]","[3, 4, 12, 15, 20, 24, 28, 33, 48, 49]","[3, 4, 12, 15, 20, 24, 28, 33, 48, 49]",[],,[],[],[],File not found with pattern: /data1/statduck/exp1_result_fans_swap/*nodes_50_SF_adj_24/*/fans_analysis/fans_*.json,[],[],[],File not found with pattern: /data1/statduck/exp1_result_fans_5000/*nodes_50_SF_adj_24/*/fans_analysis/fans_*.json,[],[],[],File not found with pattern: /data1/statduck/exp1_result_fans_10000/*nodes_50_SF_adj_24/*/fans_analysis/fans_*.json,[],[],[],File not found with pattern: /data1/statduck/exp1_result_fans_30000/*nodes_50_SF_adj_24/*/fans_analysis/fans_*.json,[],[],[],File not found with pattern: /data1/statduck/exp1_result_fans_100epochs/*nodes_50_SF_adj_24/*/fans_analysis/fans_*.json,[],[],[],File not found with pattern: /data1/statduck/exp1_result_fans_500epochs/*nodes_50_SF_adj_24/*/fans_analysis/fans_*.json,[],[],[],File not found with pattern: /data1/statduck/exp1_result_fans_dim8/*nodes_50_SF_adj_24/*/fans_analysis/fans_*.json,[],[],[],File not found with pattern: /data1/statduck/exp1_result_fans_dim16/*nodes_50_SF_adj_24/*/fans_analysis/fans_*.json,[],[],[],File not found with pattern: /data1/statduck/exp1_result_fans_anm/*nodes_50_SF_adj_24/*/fans_analysis/fans_*.json,[],[],[],File not found with pattern: /data1/statduck/exp1_result_fans_small/*nodes_50_SF_adj_24/*/fans_analysis/fans_*.json,"[3, 20, 28, 33, 47]","[3, 4, 12, 15, 20, 24, 28, 33, 48, 49]",[],,[],[],[],File not found,[],[],[],File not found,"[3, 12, 15, 16, 20, 24, 28, 33, 48, 49]",[],[],,[],[],[],File not found,"[1, 2, 3, 4, 5, 6, 7, 8, 9, 10, 11, 12, 13, 14, 16, 17, 18, 19, 20, 21, 22, 23, 24, 25, 26, 27, 28, 29, 30, 31, 32, 33, 34, 35, 36, 37, 38, 39, 40, 41, 42, 43, 44, 45, 46, 47, 48, 49]",[],[],,1.0,1.0,0.0,1.0,0.0,0.0,0.0,0.0,0.0,0.0,0.0,0.0,0.0,0.0,0.0,0.0,0.0,0.0,0.0,0.0,0.0,0.0,0.0,0.0,0.0,0.0,0.0,0.0,0.0,0.0,0.0,0.0,0.0,0.0,0.0,0.0,0.0,0.0,0.0,0.0,0.0,0.0,0.0,0.0,0,0.0,0.0,0.0,0.5333333333333333,1.0,0.0,1.0,0,0.0,0.0,0.0,0,,,0.9,,,0.31034482758620696,,
50,SF,25,"[2, 3, 7, 11, 12, 14, 26, 39, 43, 47]","[2, 3, 7, 11, 12, 14, 26, 39, 43, 47]",[],"[1, 2, 3, 4, 5, 6, 7, 8, 9, 10, 11, 12, 13, 14, 15, 16, 17, 18, 19, 20, 21, 22, 23, 24, 25, 26, 27, 28, 29, 30, 31, 32, 33, 34, 35, 36, 37, 38, 39, 40, 41, 42, 43, 44, 45, 46, 47, 48, 49]","[2, 3, 7, 11, 12, 14, 26, 39, 43, 47]","[2, 3, 7, 11, 12, 14, 26, 39, 43, 47]",[],,[],[],[],File not found with pattern: /data1/statduck/exp1_result_fans_swap/*nodes_50_SF_adj_25/*/fans_analysis/fans_*.json,[],[],[],File not found with pattern: /data1/statduck/exp1_result_fans_5000/*nodes_50_SF_adj_25/*/fans_analysis/fans_*.json,[],[],[],File not found with pattern: /data1/statduck/exp1_result_fans_10000/*nodes_50_SF_adj_25/*/fans_analysis/fans_*.json,[],[],[],File not found with pattern: /data1/statduck/exp1_result_fans_30000/*nodes_50_SF_adj_25/*/fans_analysis/fans_*.json,[],[],[],File not found with pattern: /data1/statduck/exp1_result_fans_100epochs/*nodes_50_SF_adj_25/*/fans_analysis/fans_*.json,[],[],[],File not found with pattern: /data1/statduck/exp1_result_fans_500epochs/*nodes_50_SF_adj_25/*/fans_analysis/fans_*.json,[],[],[],File not found with pattern: /data1/statduck/exp1_result_fans_dim8/*nodes_50_SF_adj_25/*/fans_analysis/fans_*.json,[],[],[],File not found with pattern: /data1/statduck/exp1_result_fans_dim16/*nodes_50_SF_adj_25/*/fans_analysis/fans_*.json,[],[],[],File not found with pattern: /data1/statduck/exp1_result_fans_anm/*nodes_50_SF_adj_25/*/fans_analysis/fans_*.json,[],[],[],File not found with pattern: /data1/statduck/exp1_result_fans_small/*nodes_50_SF_adj_25/*/fans_analysis/fans_*.json,"[3, 4, 7, 44]","[2, 3, 7, 11, 12, 14, 26, 39, 43, 47]",[],,[],[],[],File not found,[],[],[],File not found,"[2, 3, 7, 11, 12, 14, 26, 39, 43, 47]",[],[],,[],[],[],File not found,"[1, 2, 3, 4, 5, 6, 7, 8, 9, 10, 11, 12, 13, 14, 15, 16, 17, 18, 19, 20, 21, 22, 23, 24, 25, 26, 27, 28, 29, 30, 31, 32, 33, 34, 35, 36, 37, 38, 39, 40, 41, 42, 43, 44, 46, 47, 48, 49]",[],[],,1.0,1.0,0.0,1.0,0.0,0.0,0.0,0.0,0.0,0.0,0.0,0.0,0.0,0.0,0.0,0.0,0.0,0.0,0.0,0.0,0.0,0.0,0.0,0.0,0.0,0.0,0.0,0.0,0.0,0.0,0.0,0.0,0.0,0.0,0.0,0.0,0.0,0.0,0.0,0.0,0.0,0.0,0.0,0.0,0,0.0,0.0,0.0,0.28571428571428575,1.0,0.0,1.0,0,0.0,0.0,0.0,0,,,1.0,,,0.3448275862068966,,
50,SF,26,"[2, 8, 11, 14, 15, 26, 28, 33, 39, 42]",[],"[2, 8, 11, 14, 15, 26, 28, 33, 39, 42]","[1, 2, 3, 4, 5, 6, 7, 8, 9, 10, 11, 12, 13, 14, 15, 16, 17, 18, 19, 20, 21, 22, 23, 24, 25, 26, 27, 28, 29, 30, 31, 32, 33, 34, 35, 36, 37, 38, 39, 40, 41, 42, 43, 44, 45, 46, 47, 48, 49]","[2, 8, 11, 14, 15, 26, 28, 33, 39, 42]",[],"[2, 8, 11, 14, 15, 26, 28, 33, 39, 42]",,[],[],[],File not found with pattern: /data1/statduck/exp1_result_fans_swap/*nodes_50_SF_adj_26/*/fans_analysis/fans_*.json,[],[],[],File not found with pattern: /data1/statduck/exp1_result_fans_5000/*nodes_50_SF_adj_26/*/fans_analysis/fans_*.json,[],[],[],File not found with pattern: /data1/statduck/exp1_result_fans_10000/*nodes_50_SF_adj_26/*/fans_analysis/fans_*.json,[],[],[],File not found with pattern: /data1/statduck/exp1_result_fans_30000/*nodes_50_SF_adj_26/*/fans_analysis/fans_*.json,[],[],[],File not found with pattern: /data1/statduck/exp1_result_fans_100epochs/*nodes_50_SF_adj_26/*/fans_analysis/fans_*.json,[],[],[],File not found with pattern: /data1/statduck/exp1_result_fans_500epochs/*nodes_50_SF_adj_26/*/fans_analysis/fans_*.json,[],[],[],File not found with pattern: /data1/statduck/exp1_result_fans_dim8/*nodes_50_SF_adj_26/*/fans_analysis/fans_*.json,[],[],[],File not found with pattern: /data1/statduck/exp1_result_fans_dim16/*nodes_50_SF_adj_26/*/fans_analysis/fans_*.json,[],[],[],File not found with pattern: /data1/statduck/exp1_result_fans_anm/*nodes_50_SF_adj_26/*/fans_analysis/fans_*.json,[],[],[],File not found with pattern: /data1/statduck/exp1_result_fans_small/*nodes_50_SF_adj_26/*/fans_analysis/fans_*.json,"[8, 9, 12, 14, 15, 21, 26, 28, 33, 39, 40, 42, 47]","[11, 14, 28, 33, 39, 42]","[2, 8, 15, 26]",,[],[],[],File not found,[],[],[],File not found,"[2, 8, 11, 14, 15, 26, 28, 33, 39, 42]",[],[],,[],[],[],File not found,"[1, 2, 3, 4, 5, 6, 7, 8, 9, 10, 11, 12, 13, 14, 15, 16, 17, 18, 19, 20, 21, 22, 23, 24, 25, 26, 27, 28, 29, 30, 31, 32, 33, 34, 35, 36, 37, 38, 39, 40, 41, 42, 43, 44, 45, 46, 47, 48, 49]",[],[],,1.0,0.0,1.0,1.0,0.0,0.0,0.0,0.0,0.0,0.0,0.0,0.0,0.0,0.0,0.0,0.0,0.0,0.0,0.0,0.0,0.0,0.0,0.0,0.0,0.0,0.0,0.0,0.0,0.0,0.0,0.0,0.0,0.0,0.0,0.0,0.0,0.0,0.0,0.0,0.0,0.0,0.0,0.0,0.0,0,0.0,0.0,0.0,0.6956521739130435,0.0,0.5714285714285715,0.5714285714285715,0,0.0,0.0,0.0,0,,,1.0,,,0.3389830508474576,,
50,SF,27,"[5, 9, 12, 15, 26, 27, 28, 41, 44, 46]",[],"[5, 9, 12, 15, 26, 27, 28, 41, 44, 46]","[1, 2, 3, 4, 5, 6, 7, 8, 9, 10, 11, 12, 13, 14, 15, 16, 17, 18, 19, 20, 21, 22, 23, 24, 25, 26, 27, 28, 29, 30, 31, 32, 33, 34, 35, 36, 37, 38, 39, 40, 41, 42, 43, 44, 45, 46, 47, 48, 49]","[5, 9, 12, 15, 26, 27, 28, 41, 44, 46]",[],"[5, 9, 12, 15, 26, 27, 28, 41, 44, 46]",,[],[],[],File not found with pattern: /data1/statduck/exp1_result_fans_swap/*nodes_50_SF_adj_27/*/fans_analysis/fans_*.json,[],[],[],File not found with pattern: /data1/statduck/exp1_result_fans_5000/*nodes_50_SF_adj_27/*/fans_analysis/fans_*.json,[],[],[],File not found with pattern: /data1/statduck/exp1_result_fans_10000/*nodes_50_SF_adj_27/*/fans_analysis/fans_*.json,[],[],[],File not found with pattern: /data1/statduck/exp1_result_fans_30000/*nodes_50_SF_adj_27/*/fans_analysis/fans_*.json,[],[],[],File not found with pattern: /data1/statduck/exp1_result_fans_100epochs/*nodes_50_SF_adj_27/*/fans_analysis/fans_*.json,[],[],[],File not found with pattern: /data1/statduck/exp1_result_fans_500epochs/*nodes_50_SF_adj_27/*/fans_analysis/fans_*.json,[],[],[],File not found with pattern: /data1/statduck/exp1_result_fans_dim8/*nodes_50_SF_adj_27/*/fans_analysis/fans_*.json,[],[],[],File not found with pattern: /data1/statduck/exp1_result_fans_dim16/*nodes_50_SF_adj_27/*/fans_analysis/fans_*.json,[],[],[],File not found with pattern: /data1/statduck/exp1_result_fans_anm/*nodes_50_SF_adj_27/*/fans_analysis/fans_*.json,[],[],[],File not found with pattern: /data1/statduck/exp1_result_fans_small/*nodes_50_SF_adj_27/*/fans_analysis/fans_*.json,"[4, 5, 6, 7, 8, 9, 10, 12, 13, 14, 15, 16, 17, 18, 19, 20, 21, 22, 23, 24, 25, 26, 27, 28, 29, 30, 31, 32, 33, 34, 35, 37, 38, 39, 41, 42, 43, 44, 45, 46, 47, 48, 49]","[9, 12, 26, 27, 41, 44, 46]","[5, 15, 28]",,[],[],[],File not found,[],[],[],File not found,"[5, 9, 12, 15, 26, 27, 28, 41, 44, 46]",[],[],,[],[],[],File not found,"[1, 2, 3, 4, 5, 6, 7, 8, 9, 10, 11, 12, 13, 14, 15, 16, 17, 18, 19, 20, 21, 22, 23, 24, 25, 26, 27, 28, 29, 30, 31, 32, 33, 34, 35, 36, 37, 38, 39, 40, 41, 42, 43, 44, 45, 46, 47, 48, 49]",[],[],,1.0,0.0,1.0,1.0,0.0,0.0,0.0,0.0,0.0,0.0,0.0,0.0,0.0,0.0,0.0,0.0,0.0,0.0,0.0,0.0,0.0,0.0,0.0,0.0,0.0,0.0,0.0,0.0,0.0,0.0,0.0,0.0,0.0,0.0,0.0,0.0,0.0,0.0,0.0,0.0,0.0,0.0,0.0,0.0,0,0.0,0.0,0.0,0.37735849056603776,0.0,0.4615384615384615,0.4615384615384615,0,0.0,0.0,0.0,0,,,1.0,,,0.3389830508474576,,
50,SF,28,"[4, 7, 10, 14, 16, 20, 21, 25, 40, 41]",[],"[4, 7, 10, 14, 16, 20, 21, 25, 40, 41]","[1, 2, 3, 4, 5, 6, 7, 8, 9, 10, 11, 12, 13, 14, 15, 16, 17, 18, 19, 20, 21, 22, 23, 24, 25, 26, 27, 28, 29, 30, 31, 32, 33, 34, 35, 36, 37, 38, 39, 40, 41, 42, 43, 44, 45, 46, 47, 48, 49]","[4, 7, 10, 14, 16, 20, 21, 25, 40, 41]",[],"[4, 7, 10, 14, 16, 20, 21, 25, 40, 41]",,[],[],[],File not found with pattern: /data1/statduck/exp1_result_fans_swap/*nodes_50_SF_adj_28/*/fans_analysis/fans_*.json,[],[],[],File not found with pattern: /data1/statduck/exp1_result_fans_5000/*nodes_50_SF_adj_28/*/fans_analysis/fans_*.json,[],[],[],File not found with pattern: /data1/statduck/exp1_result_fans_10000/*nodes_50_SF_adj_28/*/fans_analysis/fans_*.json,[],[],[],File not found with pattern: /data1/statduck/exp1_result_fans_30000/*nodes_50_SF_adj_28/*/fans_analysis/fans_*.json,[],[],[],File not found with pattern: /data1/statduck/exp1_result_fans_100epochs/*nodes_50_SF_adj_28/*/fans_analysis/fans_*.json,[],[],[],File not found with pattern: /data1/statduck/exp1_result_fans_500epochs/*nodes_50_SF_adj_28/*/fans_analysis/fans_*.json,[],[],[],File not found with pattern: /data1/statduck/exp1_result_fans_dim8/*nodes_50_SF_adj_28/*/fans_analysis/fans_*.json,[],[],[],File not found with pattern: /data1/statduck/exp1_result_fans_dim16/*nodes_50_SF_adj_28/*/fans_analysis/fans_*.json,[],[],[],File not found with pattern: /data1/statduck/exp1_result_fans_anm/*nodes_50_SF_adj_28/*/fans_analysis/fans_*.json,[],[],[],File not found with pattern: /data1/statduck/exp1_result_fans_small/*nodes_50_SF_adj_28/*/fans_analysis/fans_*.json,"[2, 9, 10, 21, 25, 30, 33, 34, 39, 40, 41, 44]","[4, 7, 10, 14, 16, 20, 21, 25, 40, 41]",[],,[],[],[],File not found,[],[],[],File not found,"[4, 7, 10, 14, 16, 20, 21, 25, 40, 41]",[],[],,[],[],[],File not found,"[1, 2, 3, 4, 5, 6, 7, 8, 9, 10, 11, 12, 13, 14, 15, 16, 17, 18, 19, 20, 21, 22, 23, 24, 25, 26, 27, 28, 29, 30, 31, 32, 33, 35, 36, 37, 38, 39, 40, 41, 42, 43, 44, 45, 46, 47, 48, 49]",[],[],,1.0,0.0,1.0,1.0,0.0,0.0,0.0,0.0,0.0,0.0,0.0,0.0,0.0,0.0,0.0,0.0,0.0,0.0,0.0,0.0,0.0,0.0,0.0,0.0,0.0,0.0,0.0,0.0,0.0,0.0,0.0,0.0,0.0,0.0,0.0,0.0,0.0,0.0,0.0,0.0,0.0,0.0,0.0,0.0,0,0.0,0.0,0.0,0.45454545454545453,0.0,0.0,0.0,0,0.0,0.0,0.0,0,,,1.0,,,0.3448275862068966,,
50,SF,29,"[14, 18, 21, 23, 25, 27, 38, 43, 46, 49]",[],"[14, 18, 21, 23, 25, 27, 38, 43, 46, 49]","[1, 2, 3, 4, 5, 6, 7, 8, 9, 10, 11, 12, 13, 14, 15, 16, 17, 18, 19, 20, 21, 22, 23, 24, 25, 26, 27, 28, 29, 30, 31, 32, 33, 34, 35, 36, 37, 38, 39, 40, 41, 42, 43, 44, 45, 46, 47, 48, 49]","[14, 18, 21, 23, 25, 27, 38, 43, 46, 49]",[],"[14, 18, 21, 23, 25, 27, 38, 43, 46, 49]",,[],[],[],File not found with pattern: /data1/statduck/exp1_result_fans_swap/*nodes_50_SF_adj_29/*/fans_analysis/fans_*.json,[],[],[],File not found with pattern: /data1/statduck/exp1_result_fans_5000/*nodes_50_SF_adj_29/*/fans_analysis/fans_*.json,[],[],[],File not found with pattern: /data1/statduck/exp1_result_fans_10000/*nodes_50_SF_adj_29/*/fans_analysis/fans_*.json,[],[],[],File not found with pattern: /data1/statduck/exp1_result_fans_30000/*nodes_50_SF_adj_29/*/fans_analysis/fans_*.json,[],[],[],File not found with pattern: /data1/statduck/exp1_result_fans_100epochs/*nodes_50_SF_adj_29/*/fans_analysis/fans_*.json,[],[],[],File not found with pattern: /data1/statduck/exp1_result_fans_500epochs/*nodes_50_SF_adj_29/*/fans_analysis/fans_*.json,[],[],[],File not found with pattern: /data1/statduck/exp1_result_fans_dim8/*nodes_50_SF_adj_29/*/fans_analysis/fans_*.json,[],[],[],File not found with pattern: /data1/statduck/exp1_result_fans_dim16/*nodes_50_SF_adj_29/*/fans_analysis/fans_*.json,[],[],[],File not found with pattern: /data1/statduck/exp1_result_fans_anm/*nodes_50_SF_adj_29/*/fans_analysis/fans_*.json,[],[],[],File not found with pattern: /data1/statduck/exp1_result_fans_small/*nodes_50_SF_adj_29/*/fans_analysis/fans_*.json,"[4, 5, 7, 8, 9, 10, 11, 12, 13, 14, 15, 16, 17, 18, 19, 20, 21, 22, 23, 24, 25, 26, 27, 28, 29, 32, 34, 35, 36, 37, 38, 39, 40, 41, 42, 43, 44, 45, 46, 47, 48, 49]","[14, 25, 27, 43, 46, 49]","[18, 21, 23, 38]",,[],[],[],File not found,[],[],[],File not found,"[14, 18, 21, 23, 25, 27, 38, 43, 46, 49]",[],[],,[],[],[],File not found,"[1, 2, 3, 4, 5, 6, 7, 8, 9, 10, 11, 12, 13, 14, 15, 16, 17, 18, 19, 20, 21, 22, 23, 24, 25, 26, 27, 28, 29, 30, 31, 32, 33, 34, 35, 36, 37, 38, 39, 40, 41, 42, 43, 44, 45, 46, 47, 48, 49]",[],[],,1.0,0.0,1.0,1.0,0.0,0.0,0.0,0.0,0.0,0.0,0.0,0.0,0.0,0.0,0.0,0.0,0.0,0.0,0.0,0.0,0.0,0.0,0.0,0.0,0.0,0.0,0.0,0.0,0.0,0.0,0.0,0.0,0.0,0.0,0.0,0.0,0.0,0.0,0.0,0.0,0.0,0.0,0.0,0.0,0,0.0,0.0,0.0,0.3846153846153846,0.0,0.5714285714285715,0.5714285714285715,0,0.0,0.0,0.0,0,,,1.0,,,0.3389830508474576,,
50,SF,30,"[4, 9, 10, 11, 12, 13, 16, 23, 26, 43]",[],"[4, 9, 10, 11, 12, 13, 16, 23, 26, 43]","[1, 2, 3, 4, 5, 6, 7, 8, 9, 10, 11, 12, 13, 14, 15, 16, 17, 18, 19, 20, 21, 22, 23, 24, 25, 26, 27, 28, 29, 30, 31, 32, 33, 34, 35, 36, 37, 38, 39, 40, 41, 42, 43, 44, 45, 46, 47, 48, 49]","[4, 9, 10, 11, 12, 13, 16, 23, 26, 43]",[],"[4, 9, 10, 11, 12, 13, 16, 23, 26, 43]",,[],[],[],File not found with pattern: /data1/statduck/exp1_result_fans_swap/*nodes_50_SF_adj_30/*/fans_analysis/fans_*.json,[],[],[],File not found with pattern: /data1/statduck/exp1_result_fans_5000/*nodes_50_SF_adj_30/*/fans_analysis/fans_*.json,[],[],[],File not found with pattern: /data1/statduck/exp1_result_fans_10000/*nodes_50_SF_adj_30/*/fans_analysis/fans_*.json,[],[],[],File not found with pattern: /data1/statduck/exp1_result_fans_30000/*nodes_50_SF_adj_30/*/fans_analysis/fans_*.json,[],[],[],File not found with pattern: /data1/statduck/exp1_result_fans_100epochs/*nodes_50_SF_adj_30/*/fans_analysis/fans_*.json,[],[],[],File not found with pattern: /data1/statduck/exp1_result_fans_500epochs/*nodes_50_SF_adj_30/*/fans_analysis/fans_*.json,[],[],[],File not found with pattern: /data1/statduck/exp1_result_fans_dim8/*nodes_50_SF_adj_30/*/fans_analysis/fans_*.json,[],[],[],File not found with pattern: /data1/statduck/exp1_result_fans_dim16/*nodes_50_SF_adj_30/*/fans_analysis/fans_*.json,[],[],[],File not found with pattern: /data1/statduck/exp1_result_fans_anm/*nodes_50_SF_adj_30/*/fans_analysis/fans_*.json,[],[],[],File not found with pattern: /data1/statduck/exp1_result_fans_small/*nodes_50_SF_adj_30/*/fans_analysis/fans_*.json,"[3, 4, 6, 8, 9, 10, 11, 12, 13, 14, 15, 16, 17, 18, 19, 20, 21, 23, 24, 25, 26, 27, 28, 29, 30, 31, 32, 33, 34, 35, 36, 37, 38, 39, 40, 41, 42, 43, 44, 45, 46, 48, 49]","[10, 11, 12, 13, 23]","[4, 9, 16, 26, 43]",,[],[],[],File not found,[],[],[],File not found,"[4, 9, 10, 11, 12, 13, 16, 23, 26, 43]",[],[],,[],[],[],File not found,"[1, 2, 3, 4, 5, 6, 7, 8, 9, 10, 11, 12, 13, 14, 15, 16, 17, 18, 19, 20, 21, 22, 23, 24, 25, 26, 27, 28, 29, 30, 31, 32, 33, 34, 35, 36, 37, 38, 39, 40, 41, 42, 43, 44, 45, 46, 47, 48, 49]",[],[],,1.0,0.0,1.0,1.0,0.0,0.0,0.0,0.0,0.0,0.0,0.0,0.0,0.0,0.0,0.0,0.0,0.0,0.0,0.0,0.0,0.0,0.0,0.0,0.0,0.0,0.0,0.0,0.0,0.0,0.0,0.0,0.0,0.0,0.0,0.0,0.0,0.0,0.0,0.0,0.0,0.0,0.0,0.0,0.0,0,0.0,0.0,0.0,0.37735849056603776,0.0,0.6666666666666666,0.6666666666666666,0,0.0,0.0,0.0,0,,,1.0,,,0.3389830508474576,,
