{
  "dataset_info": {
    "seed": 234,
    "dataset_index": 13,
    "node_count": 40,
    "edge_count": 40,
    "graph_type": "ER",
    "shifted_nodes": [
      26,
      34,
      27,
      22,
      21,
      6,
      38,
      14
    ],
    "shift_types": {
      "26": [
        "pa_delete"
      ],
      "34": [
        "pa_delete"
      ],
      "27": [
        "pa_delete"
      ],
      "22": [
        "pa_delete"
      ],
      "21": [
        "noise_N02"
      ],
      "6": [
        "noise_N02"
      ],
      "38": [
        "noise_N02"
      ],
      "14": [
        "noise_N02"
      ]
    },
    "shift_case": "pa_delete_noise_N02",
    "deleted_parents": {
      "26": 10,
      "34": 14,
      "27": 0,
      "22": 20
    }
  },
  "model": "linearccp",
  "exp_type": "synthetic",
  "config_name": "ER",
  "device": "cuda:0",
  "linearccp": {
    "shifted_nodes": [
      6,
      7,
      9,
      14,
      18,
      21,
      22,
      26,
      27,
      28,
      29,
      31,
      34,
      39
    ],
    "functional_change_nodes": [
      7,
      9,
      14,
      18,
      26,
      28,
      29,
      31,
      39
    ],
    "noise_change_nodes": [
      6,
      14,
      21,
      22,
      26,
      27,
      34
    ],
    "node_results": {
      "6": {
        "is_shifted": true,
        "parents": [
          5
        ],
        "function_test": {
          "f_statistic": 0.5829554505811001,
          "p_value": 0.44524643969976396,
          "is_function_changed": false,
          "beta_env1": [
            0.01761444767531107
          ],
          "beta_env2": [
            0.045508269390942574
          ]
        },
        "noise_test": {
          "ks_statistic": 0.074,
          "p_value": 0.008353146175741297,
          "is_noise_changed": true
        }
      },
      "7": {
        "is_shifted": true,
        "parents": [
          1,
          4,
          5
        ],
        "function_test": {
          "f_statistic": 2.98087748328862,
          "p_value": 0.03030680862364732,
          "is_function_changed": true,
          "beta_env1": [
            0.017093754561182506,
            -0.05586643691129206,
            0.020172793032772564
          ],
          "beta_env2": [
            0.030215547339422947,
            0.06412843483753049,
            -0.023534268436402064
          ]
        },
        "noise_test": {
          "ks_statistic": 0.029,
          "p_value": 0.7946637387576738,
          "is_noise_changed": false
        }
      },
      "9": {
        "is_shifted": true,
        "parents": [
          4
        ],
        "function_test": {
          "f_statistic": 9.902175266305676,
          "p_value": 0.0016751949593194482,
          "is_function_changed": true,
          "beta_env1": [
            -0.05493601149898799
          ],
          "beta_env2": [
            0.040380592871099
          ]
        },
        "noise_test": {
          "ks_statistic": 0.03,
          "p_value": 0.7593695685682871,
          "is_noise_changed": false
        }
      },
      "11": {
        "is_shifted": false,
        "parents": [
          0,
          2
        ],
        "function_test": {
          "f_statistic": 0.39238681045076207,
          "p_value": 0.6754949379760942,
          "is_function_changed": false,
          "beta_env1": [
            0.007953275546933987,
            -0.008542639393988975
          ],
          "beta_env2": [
            -0.02213667672386725,
            -0.021365918289877297
          ]
        },
        "noise_test": {
          "ks_statistic": 0.024,
          "p_value": 0.9357699014782725,
          "is_noise_changed": false
        }
      },
      "13": {
        "is_shifted": false,
        "parents": [
          2
        ],
        "function_test": {
          "f_statistic": 0.2805386158146967,
          "p_value": 0.5964073115123742,
          "is_function_changed": false,
          "beta_env1": [
            0.011551135352777011
          ],
          "beta_env2": [
            -0.004607721677129412
          ]
        },
        "noise_test": {
          "ks_statistic": 0.029,
          "p_value": 0.7946637387576738,
          "is_noise_changed": false
        }
      },
      "14": {
        "is_shifted": true,
        "parents": [
          4,
          6
        ],
        "function_test": {
          "f_statistic": 4.02247374461304,
          "p_value": 0.01805412635342607,
          "is_function_changed": true,
          "beta_env1": [
            -0.018130436956555984,
            0.1997924949475178
          ],
          "beta_env2": [
            0.026653828364652216,
            0.057773135589268214
          ]
        },
        "noise_test": {
          "ks_statistic": 0.083,
          "p_value": 0.0020287627507189713,
          "is_noise_changed": true
        }
      },
      "16": {
        "is_shifted": false,
        "parents": [
          6
        ],
        "function_test": {
          "f_statistic": 3.212065473354251,
          "p_value": 0.07324855642291539,
          "is_function_changed": false,
          "beta_env1": [
            0.14484614280396965
          ],
          "beta_env2": [
            0.07312615560853454
          ]
        },
        "noise_test": {
          "ks_statistic": 0.026,
          "p_value": 0.8881734182535203,
          "is_noise_changed": false
        }
      },
      "17": {
        "is_shifted": false,
        "parents": [
          10
        ],
        "function_test": {
          "f_statistic": 0.3463039563800768,
          "p_value": 0.556279446600723,
          "is_function_changed": false,
          "beta_env1": [
            0.006272215936722141
          ],
          "beta_env2": [
            -0.012260852334045148
          ]
        },
        "noise_test": {
          "ks_statistic": 0.025,
          "p_value": 0.9136894237272155,
          "is_noise_changed": false
        }
      },
      "18": {
        "is_shifted": true,
        "parents": [
          1
        ],
        "function_test": {
          "f_statistic": 4.23186899864196,
          "p_value": 0.03980140185744563,
          "is_function_changed": true,
          "beta_env1": [
            -0.05553552485453998
          ],
          "beta_env2": [
            0.008778551614392772
          ]
        },
        "noise_test": {
          "ks_statistic": 0.038,
          "p_value": 0.4659595288557257,
          "is_noise_changed": false
        }
      },
      "19": {
        "is_shifted": false,
        "parents": [
          4
        ],
        "function_test": {
          "f_statistic": 3.1145648031891175,
          "p_value": 0.07774811352849587,
          "is_function_changed": false,
          "beta_env1": [
            -0.03642711429283486
          ],
          "beta_env2": [
            0.017468836223655974
          ]
        },
        "noise_test": {
          "ks_statistic": 0.034,
          "p_value": 0.6101664688189142,
          "is_noise_changed": false
        }
      },
      "20": {
        "is_shifted": false,
        "parents": [
          6
        ],
        "function_test": {
          "f_statistic": 3.377282899213638,
          "p_value": 0.06624949367624755,
          "is_function_changed": false,
          "beta_env1": [
            0.15552401625602616
          ],
          "beta_env2": [
            0.07768372642844823
          ]
        },
        "noise_test": {
          "ks_statistic": 0.028,
          "p_value": 0.8282194040312439,
          "is_noise_changed": false
        }
      },
      "21": {
        "is_shifted": true,
        "parents": [
          14
        ],
        "function_test": {
          "f_statistic": 2.7525125993028956,
          "p_value": 0.09725883244203704,
          "is_function_changed": false,
          "beta_env1": [
            0.035806860381929484
          ],
          "beta_env2": [
            -0.04192715156329127
          ]
        },