{
  "dataset_info": {
    "seed": 101,
    "dataset_index": 30,
    "node_count": 10,
    "edge_count": 10,
    "graph_type": "SF",
    "shifted_nodes": [
      8,
      3
    ],
    "shift_types": {
      "8": [
        "noise_N02"
      ],
      "3": [
        "noise_laplace"
      ]
    },
    "shift_case": "noise_N02_laplace",
    "deleted_parents": {}
  },
  "model": "linearccp",
  "exp_type": "synthetic",
  "config_name": "SF",
  "device": "cuda:0",
  "linearccp": {
    "shifted_nodes": [
      3,
      4,
      5,
      8
    ],
    "functional_change_nodes": [
      4,
      5
    ],
    "noise_change_nodes": [
      3,
      4,
      8
    ],
    "node_results": {
      "1": {
        "is_shifted": false,
        "parents": [
          0
        ],
        "function_test": {
          "f_statistic": 1.1638754794615307,
          "p_value": 0.28066584996579313,
          "is_function_changed": false,
          "beta_env1": [
            -0.0033831572679431047
          ],
          "beta_env2": [
            0.0013395621739057523
          ]
        },
        "noise_test": {
          "ks_statistic": 0.003720000000000001,
          "p_value": 0.8782096759340738,
          "is_noise_changed": false
        }
      },
      "2": {
        "is_shifted": false,
        "parents": [
          1
        ],
        "function_test": {
          "f_statistic": 0.4087118425745799,
          "p_value": 0.5226255127303958,
          "is_function_changed": false,
          "beta_env1": [
            0.14376151985934865
          ],
          "beta_env2": [
            0.1397038812569804
          ]
        },
        "noise_test": {
          "ks_statistic": 0.003920000000000035,
          "p_value": 0.8355215988696746,
          "is_noise_changed": false
        }
      },
      "3": {
        "is_shifted": true,
        "parents": [
          0
        ],
        "function_test": {
          "f_statistic": 1.3824282869694366,
          "p_value": 0.2396907537080294,
          "is_function_changed": false,
          "beta_env1": [
            0.0009323566379726349
          ],
          "beta_env2": [
            0.006762773402546915
          ]
        },
        "noise_test": {
          "ks_statistic": 0.03370000000000001,
          "p_value": 4.207905779564439e-25,
          "is_noise_changed": true
        }
      },
      "4": {
        "is_shifted": true,
        "parents": [
          3
        ],
        "function_test": {
          "f_statistic": 237.47252874658375,
          "p_value": 1.1102230246251565e-16,
          "is_function_changed": true,
          "beta_env1": [
            0.14480956238321158
          ],
          "beta_env2": [
            0.054970727569616344
          ]
        },
        "noise_test": {
          "ks_statistic": 0.012440000000000007,
          "p_value": 0.0008647899967296576,
          "is_noise_changed": true
        }
      },
      "5": {
        "is_shifted": true,
        "parents": [
          4
        ],
        "function_test": {
          "f_statistic": 6.077101772354821,
          "p_value": 0.013696193522918954,
          "is_function_changed": true,
          "beta_env1": [
            0.1197933983344537
          ],
          "beta_env2": [
            0.10455692625280243
          ]
        },
        "noise_test": {
          "ks_statistic": 0.004500000000000004,
          "p_value": 0.6902320574079138,
          "is_noise_changed": false
        }
      },
      "6": {
        "is_shifted": false,
        "parents": [
          2
        ],
        "function_test": {
          "f_statistic": 0.059107974161205626,
          "p_value": 0.8079119176434305,
          "is_function_changed": false,
          "beta_env1": [
            0.1109749473515742
          ],
          "beta_env2": [
            0.10945771729338205
          ]
        },
        "noise_test": {
          "ks_statistic": 0.004420000000000035,
          "p_value": 0.711378161757201,
          "is_noise_changed": false
        }
      },
      "7": {
        "is_shifted": false,
        "parents": [
          4
        ],
        "function_test": {
          "f_statistic": 1.0556811711088114,
          "p_value": 0.30420476593047874,
          "is_function_changed": false,
          "beta_env1": [
            0.11441644227995486
          ],
          "beta_env2": [
            0.10808148945366265
          ]
        },
        "noise_test": {
          "ks_statistic": 0.005140000000000033,
          "p_value": 0.5219305734232791,
          "is_noise_changed": false
        }
      },
      "8": {
        "is_shifted": true,
        "parents": [
          1
        ],
        "function_test": {
          "f_statistic": 2.9247484101802983,
          "p_value": 0.08723392342812342,
          "is_function_changed": false,
          "beta_env1": [
            0.13394693957718645
          ],
          "beta_env2": [
            0.14664610876414208
          ]
        },
        "noise_test": {
          "ks_statistic": 0.06984000000000001,
          "p_value": 1.7796048401484311e-106,
          "is_noise_changed": true
        }
      },
      "9": {
        "is_shifted": false,
        "parents": [
          1
        ],
        "function_test": {
          "f_statistic": 0.8860335086497404,
          "p_value": 0.3465567315976391,
          "is_function_changed": false,
          "beta_env1": [
            0.14112880620648557
          ],
          "beta_env2": [
            0.13517355902642075
          ]
        },
        "noise_test": {
          "ks_statistic": 0.005740000000000078,
          "p_value": 0.3809309757703301,
          "is_noise_changed": false
        }
      }
    },
    "metrics": {
      "true_positives": [
        3,
        8
      ],
      "false_positives": [
        4,
        5
      ],
      "false_negatives": [],
      "precision": 0.5,
      "recall": 1.0,
      "f1_score": 0.6666666666666666
    }
  },
  "complexity_analysis": {
    "success": true,
    "error": null,
    "dataset_params": {
      "n_samples": 50000,
      "n_nodes": 10,
      "avg_parents": 0.9,
      "max_parents": 1,
      "total_edges": 9
    },
    "time_complexity": {
      "execution_time_seconds": 0.58774733543396,
      "execution_time_minutes": 0.009795788923899333
    },
    "space_complexity": {
      "peak_rss_mb": 7367.7890625,
      "peak_memory_increase_mb": 0.0,
      "start_rss_mb": 7367.7890625,
      "os": "Linux"
    },
    "scalability_metrics": {
      "time_per_node_sec": 0.058774733543396,
      "time_per_sample_sec": 1.17549467086792e-05,
      "time_per_edge_sec": 0.06530525949266222,
      "memory_per_node_mb": 0.0,
      "memory_per_sample_mb": 0.0
    }
  }
}