{
  "dataset_info": {
    "seed": 73,
    "dataset_index": 2,
    "node_count": 10,
    "edge_count": 10,
    "graph_type": "SF",
    "shifted_nodes": [
      6,
      4
    ],
    "shift_types": {
      "6": [
        "sin_cos"
      ],
      "4": [
        "noise_N02"
      ]
    },
    "shift_case": "sin_cos_noise_N02",
    "deleted_parents": {}
  },
  "model": "linearccp",
  "exp_type": "synthetic",
  "config_name": "SF",
  "device": "cuda:0",
  "linearccp": {
    "shifted_nodes": [
      4,
      6
    ],
    "functional_change_nodes": [
      6
    ],
    "noise_change_nodes": [
      4,
      6
    ],
    "node_results": {
      "1": {
        "is_shifted": false,
        "parents": [
          0
        ],
        "function_test": {
          "f_statistic": 0.2645825477112281,
          "p_value": 0.6069903549341592,
          "is_function_changed": false,
          "beta_env1": [
            0.001174283736304779
          ],
          "beta_env2": [
            0.0034185932563187893
          ]
        },
        "noise_test": {
          "ks_statistic": 0.00470000000000001,
          "p_value": 0.6369608008888228,
          "is_noise_changed": false
        }
      },
      "2": {
        "is_shifted": false,
        "parents": [
          0
        ],
        "function_test": {
          "f_statistic": 0.5472838311825026,
          "p_value": 0.45943138463984323,
          "is_function_changed": false,
          "beta_env1": [
            0.0014608948137521949
          ],
          "beta_env2": [
            0.004703931703287821
          ]
        },
        "noise_test": {
          "ks_statistic": 0.0046000000000000485,
          "p_value": 0.6636267238054692,
          "is_noise_changed": false
        }
      },
      "3": {
        "is_shifted": false,
        "parents": [
          1
        ],
        "function_test": {
          "f_statistic": 3.5363312135768785,
          "p_value": 0.06004102523527577,
          "is_function_changed": false,
          "beta_env1": [
            0.14028409407852385
          ],
          "beta_env2": [
            0.15216122681728234
          ]
        },
        "noise_test": {
          "ks_statistic": 0.0025399999999999867,
          "p_value": 0.996913161253746,
          "is_noise_changed": false
        }
      },
      "4": {
        "is_shifted": true,
        "parents": [
          1
        ],
        "function_test": {
          "f_statistic": 2.450458885684586,
          "p_value": 0.11749368057703524,
          "is_function_changed": false,
          "beta_env1": [
            0.14361797772547294
          ],
          "beta_env2": [
            0.1552418771793414
          ]
        },
        "noise_test": {
          "ks_statistic": 0.06912000000000001,
          "p_value": 2.677795258332393e-104,
          "is_noise_changed": true
        }
      },
      "5": {
        "is_shifted": false,
        "parents": [
          1
        ],
        "function_test": {
          "f_statistic": 2.2964878754249085,
          "p_value": 0.1296700633016281,
          "is_function_changed": false,
          "beta_env1": [
            0.137161169132131
          ],
          "beta_env2": [
            0.146752646091447
          ]
        },
        "noise_test": {
          "ks_statistic": 0.004139999999999977,
          "p_value": 0.7832226944513005,
          "is_noise_changed": false
        }
      },
      "6": {
        "is_shifted": true,
        "parents": [
          2
        ],
        "function_test": {
          "f_statistic": 65.47961469428454,
          "p_value": 5.551115123125783e-16,
          "is_function_changed": true,
          "beta_env1": [
            0.14363545707567751
          ],
          "beta_env2": [
            0.1972338180152532
          ]
        },
        "noise_test": {
          "ks_statistic": 0.045559999999999934,
          "p_value": 1.5626768021962818e-45,
          "is_noise_changed": true
        }
      },
      "7": {
        "is_shifted": false,
        "parents": [
          2
        ],
        "function_test": {
          "f_statistic": 0.0522695429936146,
          "p_value": 0.8191606004486732,
          "is_function_changed": false,
          "beta_env1": [
            0.13718432992348972
          ],
          "beta_env2": [
            0.13574080761208834
          ]
        },
        "noise_test": {
          "ks_statistic": 0.005319999999999991,
          "p_value": 0.47721740321234773,
          "is_noise_changed": false
        }
      },
      "8": {
        "is_shifted": false,
        "parents": [
          2
        ],
        "function_test": {
          "f_statistic": 2.906105791478541,
          "p_value": 0.088247820704348,
          "is_function_changed": false,
          "beta_env1": [
            0.14273461171548743
          ],
          "beta_env2": [
            0.13200064091850583
          ]
        },
        "noise_test": {
          "ks_statistic": 0.0030800000000000827,
          "p_value": 0.9710836153272079,
          "is_noise_changed": false
        }
      },
      "9": {
        "is_shifted": false,
        "parents": [
          1
        ],
        "function_test": {
          "f_statistic": 1.6571131747223549,
          "p_value": 0.1979965278629342,
          "is_function_changed": false,
          "beta_env1": [
            0.14058985012414
          ],
          "beta_env2": [
            0.14871551967740743
          ]
        },
        "noise_test": {
          "ks_statistic": 0.0042200000000000015,
          "p_value": 0.7631618593486247,
          "is_noise_changed": false
        }
      }
    },
    "metrics": {
      "true_positives": [
        4,
        6
      ],
      "false_positives": [],
      "false_negatives": [],
      "precision": 1.0,
      "recall": 1.0,
      "f1_score": 1.0
    }
  },
  "complexity_analysis": {
    "success": true,
    "error": null,
    "dataset_params": {
      "n_samples": 50000,
      "n_nodes": 10,
      "avg_parents": 0.9,
      "max_parents": 1,
      "total_edges": 9
    },
    "time_complexity": {
      "execution_time_seconds": 0.5521128177642822,
      "execution_time_minutes": 0.00920188029607137
    },
    "space_complexity": {
      "peak_rss_mb": 7367.7890625,
      "peak_memory_increase_mb": 0.0,
      "start_rss_mb": 7367.7890625,
      "os": "Linux"
    },
    "scalability_metrics": {
      "time_per_node_sec": 0.05521128177642822,
      "time_per_sample_sec": 1.1042256355285644e-05,
      "time_per_edge_sec": 0.0613458686404758,
      "memory_per_node_mb": 0.0,
      "memory_per_sample_mb": 0.0
    }
  }
}