{
  "dataset_info": {
    "seed": 91,
    "dataset_index": 20,
    "node_count": 10,
    "edge_count": 10,
    "graph_type": "SF",
    "shifted_nodes": [
      4,
      1
    ],
    "shift_types": {
      "4": [
        "pa_delete"
      ],
      "1": [
        "noise_laplace"
      ]
    },
    "shift_case": "pa_delete_noise_laplace",
    "deleted_parents": {
      "4": 2
    }
  },
  "model": "linearccp",
  "exp_type": "synthetic",
  "config_name": "SF",
  "device": "cuda:0",
  "linearccp": {
    "shifted_nodes": [
      1,
      4,
      6
    ],
    "functional_change_nodes": [
      4,
      6
    ],
    "noise_change_nodes": [
      1,
      4
    ],
    "node_results": {
      "1": {
        "is_shifted": true,
        "parents": [
          0
        ],
        "function_test": {
          "f_statistic": 0.00963501768145949,
          "p_value": 0.9218069292592197,
          "is_function_changed": false,
          "beta_env1": [
            0.0006142924242915599
          ],
          "beta_env2": [
            0.0011033022822730036
          ]
        },
        "noise_test": {
          "ks_statistic": 0.02972000000000001,
          "p_value": 1.2843401228277508e-19,
          "is_noise_changed": true
        }
      },
      "2": {
        "is_shifted": false,
        "parents": [
          0
        ],
        "function_test": {
          "f_statistic": 0.5566706476490256,
          "p_value": 0.4556065621262607,
          "is_function_changed": false,
          "beta_env1": [
            0.001616172683967727
          ],
          "beta_env2": [
            -0.0016287006340204207
          ]
        },
        "noise_test": {
          "ks_statistic": 0.0042400000000000215,
          "p_value": 0.7580782658245451,
          "is_noise_changed": false
        }
      },
      "3": {
        "is_shifted": false,
        "parents": [
          0
        ],
        "function_test": {
          "f_statistic": 0.1380417964385538,
          "p_value": 0.7102363316014506,
          "is_function_changed": false,
          "beta_env1": [
            0.0008772885284228074
          ],
          "beta_env2": [
            -0.000741504796763967
          ]
        },
        "noise_test": {
          "ks_statistic": 0.006680000000000019,
          "p_value": 0.21359969753360408,
          "is_noise_changed": false
        }
      },
      "4": {
        "is_shifted": true,
        "parents": [
          2
        ],
        "function_test": {
          "f_statistic": 304.7368133321394,
          "p_value": 1.1102230246251565e-16,
          "is_function_changed": true,
          "beta_env1": [
            0.14256014003333917
          ],
          "beta_env2": [
            0.004164970894647351
          ]
        },
        "noise_test": {
          "ks_statistic": 0.10322,
          "p_value": 2.3202650224070944e-232,
          "is_noise_changed": true
        }
      },
      "5": {
        "is_shifted": false,
        "parents": [
          0
        ],
        "function_test": {
          "f_statistic": 1.438900643955977,
          "p_value": 0.23032016516341103,
          "is_function_changed": false,
          "beta_env1": [
            -0.0003704354796668375
          ],
          "beta_env2": [
            0.004863005071566975
          ]
        },
        "noise_test": {
          "ks_statistic": 0.0029,
          "p_value": 0.9841511328850727,
          "is_noise_changed": false
        }
      },
      "6": {
        "is_shifted": true,
        "parents": [
          5
        ],
        "function_test": {
          "f_statistic": 4.511392698411246,
          "p_value": 0.03367226214375152,
          "is_function_changed": true,
          "beta_env1": [
            0.14419667756872281
          ],
          "beta_env2": [
            0.13080128006829897
          ]
        },
        "noise_test": {
          "ks_statistic": 0.004180000000000017,
          "p_value": 0.7732497377117123,
          "is_noise_changed": false
        }
      },
      "7": {
        "is_shifted": false,
        "parents": [
          5
        ],
        "function_test": {
          "f_statistic": 0.6986947660571662,
          "p_value": 0.4032246168489282,
          "is_function_changed": false,
          "beta_env1": [
            0.13388044706094848
          ],
          "beta_env2": [
            0.13916660305380127
          ]
        },
        "noise_test": {
          "ks_statistic": 0.005360000000000031,
          "p_value": 0.46753626470535614,
          "is_noise_changed": false
        }
      },
      "8": {
        "is_shifted": false,
        "parents": [
          5
        ],
        "function_test": {
          "f_statistic": 0.4368099192455657,
          "p_value": 0.5086677265018508,
          "is_function_changed": false,
          "beta_env1": [
            0.1438810632893844
          ],
          "beta_env2": [
            0.1397070100853485
          ]
        },
        "noise_test": {
          "ks_statistic": 0.007280000000000009,
          "p_value": 0.14057959362762829,
          "is_noise_changed": false
        }
      },
      "9": {
        "is_shifted": false,
        "parents": [
          3
        ],
        "function_test": {
          "f_statistic": 0.5857875595278892,
          "p_value": 0.444054488305358,
          "is_function_changed": false,
          "beta_env1": [
            0.13867766504407789
          ],
          "beta_env2": [
            0.14351497253240003
          ]
        },
        "noise_test": {
          "ks_statistic": 0.005340000000000011,
          "p_value": 0.47236449791610335,
          "is_noise_changed": false
        }
      }
    },
    "metrics": {
      "true_positives": [
        1,
        4
      ],
      "false_positives": [
        6
      ],
      "false_negatives": [],
      "precision": 0.6666666666666666,
      "recall": 1.0,
      "f1_score": 0.8
    }
  },
  "complexity_analysis": {
    "success": true,
    "error": null,
    "dataset_params": {
      "n_samples": 50000,
      "n_nodes": 10,
      "avg_parents": 0.9,
      "max_parents": 1,
      "total_edges": 9
    },
    "time_complexity": {
      "execution_time_seconds": 0.5490682125091553,
      "execution_time_minutes": 0.009151136875152588
    },
    "space_complexity": {
      "peak_rss_mb": 7367.7890625,
      "peak_memory_increase_mb": 0.0,
      "start_rss_mb": 7367.7890625,
      "os": "Linux"
    },
    "scalability_metrics": {
      "time_per_node_sec": 0.054906821250915526,
      "time_per_sample_sec": 1.0981364250183105e-05,
      "time_per_edge_sec": 0.06100757916768392,
      "memory_per_node_mb": 0.0,
      "memory_per_sample_mb": 0.0
    }
  }
}