{
  "dataset_info": {
    "seed": 80,
    "dataset_index": 9,
    "node_count": 10,
    "edge_count": 10,
    "graph_type": "SF",
    "shifted_nodes": [
      1,
      5
    ],
    "shift_types": {
      "1": [
        "sin_cos"
      ],
      "5": [
        "noise_laplace"
      ]
    },
    "shift_case": "sin_cos_noise_laplace",
    "deleted_parents": {}
  },
  "model": "linearccp",
  "exp_type": "synthetic",
  "config_name": "SF",
  "device": "cuda:0",
  "linearccp": {
    "shifted_nodes": [
      1,
      3,
      5,
      6,
      7,
      9
    ],
    "functional_change_nodes": [
      1,
      3,
      6
    ],
    "noise_change_nodes": [
      1,
      3,
      5,
      6,
      7,
      9
    ],
    "node_results": {
      "1": {
        "is_shifted": true,
        "parents": [
          0
        ],
        "function_test": {
          "f_statistic": 2229.693299896582,
          "p_value": 1.1102230246251565e-16,
          "is_function_changed": true,
          "beta_env1": [
            -0.008421847433454359
          ],
          "beta_env2": [
            0.2147135927359303
          ]
        },
        "noise_test": {
          "ks_statistic": 0.07191999999999998,
          "p_value": 6.801382851064947e-113,
          "is_noise_changed": true
        }
      },
      "2": {
        "is_shifted": false,
        "parents": [
          0
        ],
        "function_test": {
          "f_statistic": 0.4642204278864152,
          "p_value": 0.4956597055524342,
          "is_function_changed": false,
          "beta_env1": [
            -0.001507328660209836
          ],
          "beta_env2": [
            -0.004494448405801323
          ]
        },
        "noise_test": {
          "ks_statistic": 0.005240000000000022,
          "p_value": 0.49686726811281556,
          "is_noise_changed": false
        }
      },
      "3": {
        "is_shifted": true,
        "parents": [
          1
        ],
        "function_test": {
          "f_statistic": 299.2881331284695,
          "p_value": 1.1102230246251565e-16,
          "is_function_changed": true,
          "beta_env1": [
            0.1381235412092315
          ],
          "beta_env2": [
            0.03541937190191029
          ]
        },
        "noise_test": {
          "ks_statistic": 0.013560000000000003,
          "p_value": 0.0002014705624367404,
          "is_noise_changed": true
        }
      },
      "4": {
        "is_shifted": false,
        "parents": [
          2
        ],
        "function_test": {
          "f_statistic": 0.009271921625721614,
          "p_value": 0.9232897963595523,
          "is_function_changed": false,
          "beta_env1": [
            0.14621874930359743
          ],
          "beta_env2": [
            0.14682651106074368
          ]
        },
        "noise_test": {
          "ks_statistic": 0.003919999999999979,
          "p_value": 0.8355215988696871,
          "is_noise_changed": false
        }
      },
      "5": {
        "is_shifted": true,
        "parents": [
          4
        ],
        "function_test": {
          "f_statistic": 3.5097758406975967,
          "p_value": 0.06101062389927847,
          "is_function_changed": false,
          "beta_env1": [
            0.11436704258053883
          ],
          "beta_env2": [
            0.10070664570036568
          ]
        },
        "noise_test": {
          "ks_statistic": 0.03968000000000001,
          "p_value": 1.2245652410069429e-34,
          "is_noise_changed": true
        }
      },
      "6": {
        "is_shifted": true,
        "parents": [
          1
        ],
        "function_test": {
          "f_statistic": 298.69394630545895,
          "p_value": 1.1102230246251565e-16,
          "is_function_changed": true,
          "beta_env1": [
            0.14057116284505217
          ],
          "beta_env2": [
            0.0382974112023319
          ]
        },
        "noise_test": {
          "ks_statistic": 0.013460000000000027,
          "p_value": 0.00023063115820391272,
          "is_noise_changed": true
        }
      },
      "7": {
        "is_shifted": true,
        "parents": [
          3
        ],
        "function_test": {
          "f_statistic": 0.31986486282800936,
          "p_value": 0.5716901377124572,
          "is_function_changed": false,
          "beta_env1": [
            0.11899486489605826
          ],
          "beta_env2": [
            0.11545283594668215
          ]
        },
        "noise_test": {
          "ks_statistic": 0.013480000000000047,
          "p_value": 0.00022449747228445773,
          "is_noise_changed": true
        }
      },
      "8": {
        "is_shifted": false,
        "parents": [
          2
        ],
        "function_test": {
          "f_statistic": 1.3550011756355673,
          "p_value": 0.2444084810637065,
          "is_function_changed": false,
          "beta_env1": [
            0.1417456186485242
          ],
          "beta_env2": [
            0.14905405578540837
          ]
        },
        "noise_test": {
          "ks_statistic": 0.0038399999999999546,
          "p_value": 0.8532323035610497,
          "is_noise_changed": false
        }
      },
      "9": {
        "is_shifted": true,
        "parents": [
          3
        ],
        "function_test": {
          "f_statistic": 0.20120760592897072,
          "p_value": 0.6537488339050888,
          "is_function_changed": false,
          "beta_env1": [
            0.11821900884002903
          ],
          "beta_env2": [
            0.11540875646753046
          ]
        },
        "noise_test": {
          "ks_statistic": 0.010380000000000056,
          "p_value": 0.009085512831535915,
          "is_noise_changed": true
        }
      }
    },
    "metrics": {
      "true_positives": [
        1,
        5
      ],
      "false_positives": [
        3,
        6,
        7,
        9
      ],
      "false_negatives": [],
      "precision": 0.3333333333333333,
      "recall": 1.0,
      "f1_score": 0.5
    }
  },
  "complexity_analysis": {
    "success": true,
    "error": null,
    "dataset_params": {
      "n_samples": 50000,
      "n_nodes": 10,
      "avg_parents": 0.9,
      "max_parents": 1,
      "total_edges": 9
    },
    "time_complexity": {
      "execution_time_seconds": 0.725170373916626,
      "execution_time_minutes": 0.012086172898610434
    },
    "space_complexity": {
      "peak_rss_mb": 7367.7890625,
      "peak_memory_increase_mb": 0.0,
      "start_rss_mb": 7367.7890625,
      "os": "Linux"
    },
    "scalability_metrics": {
      "time_per_node_sec": 0.0725170373916626,
      "time_per_sample_sec": 1.4503407478332519e-05,
      "time_per_edge_sec": 0.08057448599073622,
      "memory_per_node_mb": 0.0,
      "memory_per_sample_mb": 0.0
    }
  }
}