{
  "dataset_info": {
    "seed": 90,
    "dataset_index": 19,
    "node_count": 10,
    "edge_count": 10,
    "graph_type": "SF",
    "shifted_nodes": [
      7,
      1
    ],
    "shift_types": {
      "7": [
        "pa_delete"
      ],
      "1": [
        "noise_laplace"
      ]
    },
    "shift_case": "pa_delete_noise_laplace",
    "deleted_parents": {
      "7": 2
    }
  },
  "model": "linearccp",
  "exp_type": "synthetic",
  "config_name": "SF",
  "device": "cuda:0",
  "linearccp": {
    "shifted_nodes": [
      1,
      7,
      9
    ],
    "functional_change_nodes": [
      7,
      9
    ],
    "noise_change_nodes": [
      1,
      7,
      9
    ],
    "node_results": {
      "1": {
        "is_shifted": true,
        "parents": [
          0
        ],
        "function_test": {
          "f_statistic": 0.004031201220323089,
          "p_value": 0.949375062326089,
          "is_function_changed": false,
          "beta_env1": [
            -0.000984547249389661
          ],
          "beta_env2": [
            -0.0006699373723420809
          ]
        },
        "noise_test": {
          "ks_statistic": 0.030640000000000008,
          "p_value": 7.981616915073224e-21,
          "is_noise_changed": true
        }
      },
      "2": {
        "is_shifted": false,
        "parents": [
          0
        ],
        "function_test": {
          "f_statistic": 0.02285631111970215,
          "p_value": 0.879831634805359,
          "is_function_changed": false,
          "beta_env1": [
            -0.00010529578589991412
          ],
          "beta_env2": [
            0.000550121878041965
          ]
        },
        "noise_test": {
          "ks_statistic": 0.0041600000000000525,
          "p_value": 0.778251273012884,
          "is_noise_changed": false
        }
      },
      "3": {
        "is_shifted": false,
        "parents": [
          0
        ],
        "function_test": {
          "f_statistic": 1.076398999904629,
          "p_value": 0.2995070319644194,
          "is_function_changed": false,
          "beta_env1": [
            -0.0037443086676335925
          ],
          "beta_env2": [
            -0.008265677326562047
          ]
        },
        "noise_test": {
          "ks_statistic": 0.0040000000000000036,
          "p_value": 0.8170622524647269,
          "is_noise_changed": false
        }
      },
      "4": {
        "is_shifted": false,
        "parents": [
          2
        ],
        "function_test": {
          "f_statistic": 0.0010684054082177007,
          "p_value": 0.9739246776761353,
          "is_function_changed": false,
          "beta_env1": [
            0.13990682034145763
          ],
          "beta_env2": [
            0.14011541182117038
          ]
        },
        "noise_test": {
          "ks_statistic": 0.003239999999999965,
          "p_value": 0.9547672792582214,
          "is_noise_changed": false
        }
      },
      "5": {
        "is_shifted": false,
        "parents": [
          2
        ],
        "function_test": {
          "f_statistic": 2.8658428461966214,
          "p_value": 0.09048141742189308,
          "is_function_changed": false,
          "beta_env1": [
            0.14140505616074772
          ],
          "beta_env2": [
            0.15219426413416978
          ]
        },
        "noise_test": {
          "ks_statistic": 0.0048200000000000465,
          "p_value": 0.6050632197071476,
          "is_noise_changed": false
        }
      },
      "6": {
        "is_shifted": false,
        "parents": [
          3
        ],
        "function_test": {
          "f_statistic": 0.09377908868868878,
          "p_value": 0.7594273407795562,
          "is_function_changed": false,
          "beta_env1": [
            0.1477657128129835
          ],
          "beta_env2": [
            0.14970632414377466
          ]
        },
        "noise_test": {
          "ks_statistic": 0.00548000000000004,
          "p_value": 0.43910617686362996,
          "is_noise_changed": false
        }
      },
      "7": {
        "is_shifted": true,
        "parents": [
          2
        ],
        "function_test": {
          "f_statistic": 301.069928789997,
          "p_value": 1.1102230246251565e-16,
          "is_function_changed": true,
          "beta_env1": [
            0.1420377464838783
          ],
          "beta_env2": [
            0.004540856840004349
          ]
        },
        "noise_test": {
          "ks_statistic": 0.10208,
          "p_value": 2.964738772091076e-227,
          "is_noise_changed": true
        }
      },
      "8": {
        "is_shifted": false,
        "parents": [
          2
        ],
        "function_test": {
          "f_statistic": 8.165449375465149e-05,
          "p_value": 0.992790201774808,
          "is_function_changed": false,
          "beta_env1": [
            0.14131572064897394
          ],
          "beta_env2": [
            0.14125812167060525
          ]
        },
        "noise_test": {
          "ks_statistic": 0.006180000000000019,
          "p_value": 0.2941082650036865,
          "is_noise_changed": false
        }
      },
      "9": {
        "is_shifted": true,
        "parents": [
          7
        ],
        "function_test": {
          "f_statistic": 514.0544489183168,
          "p_value": 1.1102230246251565e-16,
          "is_function_changed": true,
          "beta_env1": [
            0.11755619695742468
          ],
          "beta_env2": [
            -0.005032888884002977
          ]
        },
        "noise_test": {
          "ks_statistic": 0.023920000000000052,
          "p_value": 7.382406186234151e-13,
          "is_noise_changed": true
        }
      }
    },
    "metrics": {
      "true_positives": [
        1,
        7
      ],
      "false_positives": [
        9
      ],
      "false_negatives": [],
      "precision": 0.6666666666666666,
      "recall": 1.0,
      "f1_score": 0.8
    }
  },
  "complexity_analysis": {
    "success": true,
    "error": null,
    "dataset_params": {
      "n_samples": 50000,
      "n_nodes": 10,
      "avg_parents": 0.9,
      "max_parents": 1,
      "total_edges": 9
    },
    "time_complexity": {
      "execution_time_seconds": 0.5769445896148682,
      "execution_time_minutes": 0.009615743160247802
    },
    "space_complexity": {
      "peak_rss_mb": 7367.7890625,
      "peak_memory_increase_mb": 0.0,
      "start_rss_mb": 7367.7890625,
      "os": "Linux"
    },
    "scalability_metrics": {
      "time_per_node_sec": 0.05769445896148682,
      "time_per_sample_sec": 1.1538891792297364e-05,
      "time_per_edge_sec": 0.06410495440165202,
      "memory_per_node_mb": 0.0,
      "memory_per_sample_mb": 0.0
    }
  }
}