{
  "dataset_info": {
    "seed": 79,
    "dataset_index": 8,
    "node_count": 10,
    "edge_count": 10,
    "graph_type": "SF",
    "shifted_nodes": [
      2,
      9
    ],
    "shift_types": {
      "2": [
        "sin_cos"
      ],
      "9": [
        "noise_laplace"
      ]
    },
    "shift_case": "sin_cos_noise_laplace",
    "deleted_parents": {}
  },
  "model": "linearccp",
  "exp_type": "synthetic",
  "config_name": "SF",
  "device": "cuda:0",
  "linearccp": {
    "shifted_nodes": [
      2,
      9
    ],
    "functional_change_nodes": [
      2
    ],
    "noise_change_nodes": [
      2,
      9
    ],
    "node_results": {
      "1": {
        "is_shifted": false,
        "parents": [
          0
        ],
        "function_test": {
          "f_statistic": 0.12976945243825108,
          "p_value": 0.7186719591634152,
          "is_function_changed": false,
          "beta_env1": [
            -0.006866892879831787
          ],
          "beta_env2": [
            -0.005299143757846549
          ]
        },
        "noise_test": {
          "ks_statistic": 0.0030400000000000427,
          "p_value": 0.9744522814612239,
          "is_noise_changed": false
        }
      },
      "2": {
        "is_shifted": true,
        "parents": [
          0
        ],
        "function_test": {
          "f_statistic": 2253.5798342081393,
          "p_value": 1.1102230246251565e-16,
          "is_function_changed": true,
          "beta_env1": [
            -0.0026247869920063786
          ],
          "beta_env2": [
            0.22034315560528453
          ]
        },
        "noise_test": {
          "ks_statistic": 0.0710400000000001,
          "p_value": 3.722841824703797e-110,
          "is_noise_changed": true
        }
      },
      "3": {
        "is_shifted": false,
        "parents": [
          0
        ],
        "function_test": {
          "f_statistic": 1.3205580541311472,
          "p_value": 0.25049467056044783,
          "is_function_changed": false,
          "beta_env1": [
            -0.004751014175335804
          ],
          "beta_env2": [
            0.00024858955207889076
          ]
        },
        "noise_test": {
          "ks_statistic": 0.006180000000000019,
          "p_value": 0.2941082650036865,
          "is_noise_changed": false
        }
      },
      "4": {
        "is_shifted": false,
        "parents": [
          0
        ],
        "function_test": {
          "f_statistic": 0.3296767996992848,
          "p_value": 0.5658507536146478,
          "is_function_changed": false,
          "beta_env1": [
            -0.008076112998920519
          ],
          "beta_env2": [
            -0.005572340031090505
          ]
        },
        "noise_test": {
          "ks_statistic": 0.0043400000000000105,
          "p_value": 0.7323179467578325,
          "is_noise_changed": false
        }
      },
      "5": {
        "is_shifted": false,
        "parents": [
          0
        ],
        "function_test": {
          "f_statistic": 0.06816488738916059,
          "p_value": 0.7940282199468298,
          "is_function_changed": false,
          "beta_env1": [
            -0.005702708263828318
          ],
          "beta_env2": [
            -0.004564773544412068
          ]
        },
        "noise_test": {
          "ks_statistic": 0.006460000000000021,
          "p_value": 0.24668850201125925,
          "is_noise_changed": false
        }
      },
      "6": {
        "is_shifted": false,
        "parents": [
          3
        ],
        "function_test": {
          "f_statistic": 0.38617938448413464,
          "p_value": 0.5343159640950113,
          "is_function_changed": false,
          "beta_env1": [
            0.14252368322414716
          ],
          "beta_env2": [
            0.14647293425686256
          ]
        },
        "noise_test": {
          "ks_statistic": 0.005179999999999962,
          "p_value": 0.5118419572168238,
          "is_noise_changed": false
        }
      },
      "7": {
        "is_shifted": false,
        "parents": [
          0
        ],
        "function_test": {
          "f_statistic": 0.9213419297638121,
          "p_value": 0.33712519267747454,
          "is_function_changed": false,
          "beta_env1": [
            -0.003038406952201493
          ],
          "beta_env2": [
            0.0011423991688849651
          ]
        },
        "noise_test": {
          "ks_statistic": 0.00537999999999994,
          "p_value": 0.46273310056860195,
          "is_noise_changed": false
        }
      },
      "8": {
        "is_shifted": false,
        "parents": [
          1
        ],
        "function_test": {
          "f_statistic": 0.7823021824749383,
          "p_value": 0.3764401006742757,
          "is_function_changed": false,
          "beta_env1": [
            0.1474781011288537
          ],
          "beta_env2": [
            0.15309454255584212
          ]
        },
        "noise_test": {
          "ks_statistic": 0.0034199999999999786,
          "p_value": 0.9308137128090315,
          "is_noise_changed": false
        }
      },
      "9": {
        "is_shifted": true,
        "parents": [
          0
        ],
        "function_test": {
          "f_statistic": 2.303421738645628,
          "p_value": 0.12909250339388434,
          "is_function_changed": false,
          "beta_env1": [
            -0.009229511000648944
          ],
          "beta_env2": [
            -0.0016635819817907723
          ]
        },
        "noise_test": {
          "ks_statistic": 0.033420000000000005,
          "p_value": 1.0775708568238168e-24,
          "is_noise_changed": true
        }
      }
    },
    "metrics": {
      "true_positives": [
        2,
        9
      ],
      "false_positives": [],
      "false_negatives": [],
      "precision": 1.0,
      "recall": 1.0,
      "f1_score": 1.0
    }
  },
  "complexity_analysis": {
    "success": true,
    "error": null,
    "dataset_params": {
      "n_samples": 50000,
      "n_nodes": 10,
      "avg_parents": 0.9,
      "max_parents": 1,
      "total_edges": 9
    },
    "time_complexity": {
      "execution_time_seconds": 0.5536046028137207,
      "execution_time_minutes": 0.00922674338022868
    },
    "space_complexity": {
      "peak_rss_mb": 7367.7890625,
      "peak_memory_increase_mb": 0.0,
      "start_rss_mb": 7367.7890625,
      "os": "Linux"
    },
    "scalability_metrics": {
      "time_per_node_sec": 0.05536046028137207,
      "time_per_sample_sec": 1.1072092056274414e-05,
      "time_per_edge_sec": 0.061511622534857854,
      "memory_per_node_mb": 0.0,
      "memory_per_sample_mb": 0.0
    }
  }
}