{
  "dataset_info": {
    "seed": 74,
    "dataset_index": 3,
    "node_count": 10,
    "edge_count": 10,
    "graph_type": "SF",
    "shifted_nodes": [
      1,
      6
    ],
    "shift_types": {
      "1": [
        "sin_cos"
      ],
      "6": [
        "noise_N02"
      ]
    },
    "shift_case": "sin_cos_noise_N02",
    "deleted_parents": {}
  },
  "model": "linearccp",
  "exp_type": "synthetic",
  "config_name": "SF",
  "device": "cuda:0",
  "linearccp": {
    "shifted_nodes": [
      1,
      2,
      3,
      6,
      8,
      9
    ],
    "functional_change_nodes": [
      1,
      2,
      3,
      6,
      8,
      9
    ],
    "noise_change_nodes": [
      1,
      2,
      3,
      6,
      9
    ],
    "node_results": {
      "1": {
        "is_shifted": true,
        "parents": [
          0
        ],
        "function_test": {
          "f_statistic": 1985.0649546735497,
          "p_value": 1.1102230246251565e-16,
          "is_function_changed": true,
          "beta_env1": [
            0.006086570444181794
          ],
          "beta_env2": [
            0.21627902975866276
          ]
        },
        "noise_test": {
          "ks_statistic": 0.07307999999999992,
          "p_value": 1.4835653764533362e-116,
          "is_noise_changed": true
        }
      },
      "2": {
        "is_shifted": true,
        "parents": [
          1
        ],
        "function_test": {
          "f_statistic": 368.35767348734,
          "p_value": 1.1102230246251565e-16,
          "is_function_changed": true,
          "beta_env1": [
            0.1458145193020044
          ],
          "beta_env2": [
            0.0313128476977324
          ]
        },
        "noise_test": {
          "ks_statistic": 0.011460000000000026,
          "p_value": 0.0027914157099975753,
          "is_noise_changed": true
        }
      },
      "3": {
        "is_shifted": true,
        "parents": [
          1
        ],
        "function_test": {
          "f_statistic": 275.0183560498772,
          "p_value": 1.1102230246251565e-16,
          "is_function_changed": true,
          "beta_env1": [
            0.13757259168449784
          ],
          "beta_env2": [
            0.03893679843643726
          ]
        },
        "noise_test": {
          "ks_statistic": 0.013600000000000056,
          "p_value": 0.00019081276081010283,
          "is_noise_changed": true
        }
      },
      "4": {
        "is_shifted": false,
        "parents": [
          0
        ],
        "function_test": {
          "f_statistic": 0.0038296896225528594,
          "p_value": 0.9506549457783758,
          "is_function_changed": false,
          "beta_env1": [
            0.0005345334987351512
          ],
          "beta_env2": [
            0.0008057549291356546
          ]
        },
        "noise_test": {
          "ks_statistic": 0.006120000000000014,
          "p_value": 0.30506070202723834,
          "is_noise_changed": false
        }
      },
      "5": {
        "is_shifted": false,
        "parents": [
          0
        ],
        "function_test": {
          "f_statistic": 2.7793076574779643,
          "p_value": 0.09549257073856998,
          "is_function_changed": false,
          "beta_env1": [
            0.006428184955859378
          ],
          "beta_env2": [
            -0.0008595041635093618
          ]
        },
        "noise_test": {
          "ks_statistic": 0.0034000000000000696,
          "p_value": 0.9337680314772026,
          "is_noise_changed": false
        }
      },
      "6": {
        "is_shifted": true,
        "parents": [
          1
        ],
        "function_test": {
          "f_statistic": 303.34211452372733,
          "p_value": 1.1102230246251565e-16,
          "is_function_changed": true,
          "beta_env1": [
            0.1486161052721927
          ],
          "beta_env2": [
            0.027913978843796528
          ]
        },
        "noise_test": {
          "ks_statistic": 0.07158,
          "p_value": 7.844805574009288e-112,
          "is_noise_changed": true
        }
      },
      "7": {
        "is_shifted": false,
        "parents": [
          5
        ],
        "function_test": {
          "f_statistic": 0.3934548091764396,
          "p_value": 0.5304904069340777,
          "is_function_changed": false,
          "beta_env1": [
            0.13778050785014329
          ],
          "beta_env2": [
            0.14173080858356968
          ]
        },
        "noise_test": {
          "ks_statistic": 0.005560000000000009,
          "p_value": 0.42069102245090895,
          "is_noise_changed": false
        }
      },
      "8": {
        "is_shifted": true,
        "parents": [
          7
        ],
        "function_test": {
          "f_statistic": 6.277903324261452,
          "p_value": 0.012226841920985665,
          "is_function_changed": true,
          "beta_env1": [
            0.11125833501601956
          ],
          "beta_env2": [
            0.1269217685612201
          ]
        },
        "noise_test": {
          "ks_statistic": 0.003019999999999995,
          "p_value": 0.9760339623405011,
          "is_noise_changed": false
        }
      },
      "9": {
        "is_shifted": true,
        "parents": [
          1
        ],
        "function_test": {
          "f_statistic": 347.28214070827755,
          "p_value": 1.1102230246251565e-16,
          "is_function_changed": true,
          "beta_env1": [
            0.14617493455341934
          ],
          "beta_env2": [
            0.03544762748285154
          ]
        },
        "noise_test": {
          "ks_statistic": 0.01424000000000003,
          "p_value": 7.825064244205738e-05,
          "is_noise_changed": true
        }
      }
    },
    "metrics": {
      "true_positives": [
        1,
        6
      ],
      "false_positives": [
        2,
        3,
        8,
        9
      ],
      "false_negatives": [],
      "precision": 0.3333333333333333,
      "recall": 1.0,
      "f1_score": 0.5
    }
  },
  "complexity_analysis": {
    "success": true,
    "error": null,
    "dataset_params": {
      "n_samples": 50000,
      "n_nodes": 10,
      "avg_parents": 0.9,
      "max_parents": 1,
      "total_edges": 9
    },
    "time_complexity": {
      "execution_time_seconds": 0.6452937126159668,
      "execution_time_minutes": 0.010754895210266114
    },
    "space_complexity": {
      "peak_rss_mb": 7367.7890625,
      "peak_memory_increase_mb": 0.0,
      "start_rss_mb": 7367.7890625,
      "os": "Linux"
    },
    "scalability_metrics": {
      "time_per_node_sec": 0.06452937126159668,
      "time_per_sample_sec": 1.2905874252319336e-05,
      "time_per_edge_sec": 0.0716993014017741,
      "memory_per_node_mb": 0.0,
      "memory_per_sample_mb": 0.0
    }
  }
}