{
  "dataset_info": {
    "seed": 98,
    "dataset_index": 27,
    "node_count": 10,
    "edge_count": 10,
    "graph_type": "SF",
    "shifted_nodes": [
      7,
      9
    ],
    "shift_types": {
      "7": [
        "noise_N02"
      ],
      "9": [
        "noise_laplace"
      ]
    },
    "shift_case": "noise_N02_laplace",
    "deleted_parents": {}
  },
  "model": "linearccp",
  "exp_type": "synthetic",
  "config_name": "SF",
  "device": "cuda:0",
  "linearccp": {
    "shifted_nodes": [
      1,
      5,
      7,
      9
    ],
    "functional_change_nodes": [
      1,
      5
    ],
    "noise_change_nodes": [
      7,
      9
    ],
    "node_results": {
      "1": {
        "is_shifted": true,
        "parents": [
          0
        ],
        "function_test": {
          "f_statistic": 7.420905865614229,
          "p_value": 0.006448154591066513,
          "is_function_changed": true,
          "beta_env1": [
            -0.007957103773984422
          ],
          "beta_env2": [
            0.0039182962685801615
          ]
        },
        "noise_test": {
          "ks_statistic": 0.0037599999999999856,
          "p_value": 0.8701092292159355,
          "is_noise_changed": false
        }
      },
      "2": {
        "is_shifted": false,
        "parents": [
          0
        ],
        "function_test": {
          "f_statistic": 2.994733085945701,
          "p_value": 0.08353876244425495,
          "is_function_changed": false,
          "beta_env1": [
            -0.0045993799402639845
          ],
          "beta_env2": [
            0.002912784609606439
          ]
        },
        "noise_test": {
          "ks_statistic": 0.005179999999999962,
          "p_value": 0.5118419572168238,
          "is_noise_changed": false
        }
      },
      "3": {
        "is_shifted": false,
        "parents": [
          2
        ],
        "function_test": {
          "f_statistic": 0.8116800233568491,
          "p_value": 0.36762618678221515,
          "is_function_changed": false,
          "beta_env1": [
            0.1435198531145831
          ],
          "beta_env2": [
            0.13779780237784758
          ]
        },
        "noise_test": {
          "ks_statistic": 0.0035199999999999676,
          "p_value": 0.9149700525923528,
          "is_noise_changed": false
        }
      },
      "4": {
        "is_shifted": false,
        "parents": [
          1
        ],
        "function_test": {
          "f_statistic": 0.17455006874360443,
          "p_value": 0.6761001732634748,
          "is_function_changed": false,
          "beta_env1": [
            0.13666650142711853
          ],
          "beta_env2": [
            0.1393121896707758
          ]
        },
        "noise_test": {
          "ks_statistic": 0.0047800000000000065,
          "p_value": 0.6156718810338904,
          "is_noise_changed": false
        }
      },
      "5": {
        "is_shifted": true,
        "parents": [
          0
        ],
        "function_test": {
          "f_statistic": 6.391131195402467,
          "p_value": 0.011470717848949263,
          "is_function_changed": true,
          "beta_env1": [
            -0.00511484796249111
          ],
          "beta_env2": [
            0.005941346354275901
          ]
        },
        "noise_test": {
          "ks_statistic": 0.00653999999999999,
          "p_value": 0.23423990760498448,
          "is_noise_changed": false
        }
      },
      "6": {
        "is_shifted": false,
        "parents": [
          2
        ],
        "function_test": {
          "f_statistic": 0.09611166249369171,
          "p_value": 0.7565472984025415,
          "is_function_changed": false,
          "beta_env1": [
            0.14148779506997536
          ],
          "beta_env2": [
            0.14345240283797778
          ]
        },
        "noise_test": {
          "ks_statistic": 0.00548000000000004,
          "p_value": 0.43910617686362996,
          "is_noise_changed": false
        }
      },
      "7": {
        "is_shifted": true,
        "parents": [
          4
        ],
        "function_test": {
          "f_statistic": 0.38684344465230575,
          "p_value": 0.533964723473449,
          "is_function_changed": false,
          "beta_env1": [
            0.10328681773676003
          ],
          "beta_env2": [
            0.09874244740415924
          ]
        },
        "noise_test": {
          "ks_statistic": 0.06578,
          "p_value": 1.7078323492510948e-94,
          "is_noise_changed": true
        }
      },
      "8": {
        "is_shifted": false,
        "parents": [
          4
        ],
        "function_test": {
          "f_statistic": 0.04434798508972355,
          "p_value": 0.8332079472924883,
          "is_function_changed": false,
          "beta_env1": [
            0.1147544496369535
          ],
          "beta_env2": [
            0.11606860646610768
          ]
        },
        "noise_test": {
          "ks_statistic": 0.002840000000000009,
          "p_value": 0.9873819480508299,
          "is_noise_changed": false
        }
      },
      "9": {
        "is_shifted": true,
        "parents": [
          0
        ],
        "function_test": {
          "f_statistic": 2.6700512621560213,
          "p_value": 0.10225587804726177,
          "is_function_changed": false,
          "beta_env1": [
            -0.008341707157133465
          ],
          "beta_env2": [
            -0.00018622144972764822
          ]
        },
        "noise_test": {
          "ks_statistic": 0.03190000000000004,
          "p_value": 1.5483441521247426e-22,
          "is_noise_changed": true
        }
      }
    },
    "metrics": {
      "true_positives": [
        7,
        9
      ],
      "false_positives": [
        1,
        5
      ],
      "false_negatives": [],
      "precision": 0.5,
      "recall": 1.0,
      "f1_score": 0.6666666666666666
    }
  },
  "complexity_analysis": {
    "success": true,
    "error": null,
    "dataset_params": {
      "n_samples": 50000,
      "n_nodes": 10,
      "avg_parents": 0.9,
      "max_parents": 1,
      "total_edges": 9
    },
    "time_complexity": {
      "execution_time_seconds": 0.56040358543396,
      "execution_time_minutes": 0.009340059757232667
    },
    "space_complexity": {
      "peak_rss_mb": 7367.7890625,
      "peak_memory_increase_mb": 0.0,
      "start_rss_mb": 7367.7890625,
      "os": "Linux"
    },
    "scalability_metrics": {
      "time_per_node_sec": 0.05604035854339599,
      "time_per_sample_sec": 1.12080717086792e-05,
      "time_per_edge_sec": 0.06226706504821777,
      "memory_per_node_mb": 0.0,
      "memory_per_sample_mb": 0.0
    }
  }
}