{
  "dataset_info": {
    "seed": 165,
    "dataset_index": 4,
    "node_count": 30,
    "edge_count": 30,
    "graph_type": "ER",
    "shifted_nodes": [
      23,
      26,
      16,
      17,
      25,
      13
    ],
    "shift_types": {
      "23": [
        "sin_cos"
      ],
      "26": [
        "sin_cos"
      ],
      "16": [
        "sin_cos"
      ],
      "17": [
        "noise_N02"
      ],
      "25": [
        "noise_N02"
      ],
      "13": [
        "noise_N02"
      ]
    },
    "shift_case": "sin_cos_noise_N02",
    "deleted_parents": {}
  },
  "model": "iscan",
  "config_name": "ER",
  "dag_structure": "standard",
  "device": "cuda:0",
  "iscan": {
    "detected_shifted_nodes": [
      13,
      25,
      26,
      17,
      21
    ],
    "order": [
      14,
      26,
      2,
      9,
      11,
      25,
      16,
      28,
      22,
      23,
      29,
      13,
      15,
      27,
      19,
      17,
      21,
      8,
      0,
      6,
      24,
      5,
      1,
      3,
      7,
      10,
      20,
      18,
      12,
      4
    ],
    "ratio_dict": {
      "13": 2.260591013083588,
      "25": 1.4502344484974965,
      "26": 1.4175290281708537,
      "17": 1.1524669791317224,
      "21": 1.0795798950179472,
      "6": 0.998914293661484,
      "0": 0.9673753440538948,
      "19": 0.9501268133354235,
      "5": 0.9373164524018238,
      "3": 0.9190064434003963,
      "8": 0.9061756575362185,
      "24": 0.8583804335357352,
      "27": 0.8357397138912513,
      "9": 0.8114732119338072,
      "29": 0.7968869111166774,
      "7": 0.7899751127188808,
      "1": 0.7794828664477702,
      "15": 0.7237592992169208,
      "22": 0.7165146858549397,
      "28": 0.6881086984147227,
      "10": 0.6310235323147512,
      "16": 0.6297420781699601,
      "18": 0.623593238020305,
      "4": 0.6210582400672079,
      "11": 0.593864939222049,
      "20": 0.5936887116989213,
      "12": 0.5874463351062147,
      "2": 0.5788556790379382,
      "23": 0.5375448013008329
    },
    "true_shifted_node_summary": {
      "13": {
        "is_detected_as_shifted": true,
        "has_functional_shift_detected": true
      },
      "16": {
        "is_detected_as_shifted": false,
        "has_functional_shift_detected": true
      },
      "17": {
        "is_detected_as_shifted": true,
        "has_functional_shift_detected": true
      },
      "23": {
        "is_detected_as_shifted": false,
        "has_functional_shift_detected": true
      },
      "25": {
        "is_detected_as_shifted": true,
        "has_functional_shift_detected": true
      },
      "26": {
        "is_detected_as_shifted": true,
        "has_functional_shift_detected": true
      }
    },
    "functional_shift_results": {
      "13": {
        "shifted_edges": [],
        "test_details": {
          "y_node": 13,
          "parents": [
            0,
            6
          ],
          "functional_shift_detected": true,
          "p_value_overall": 0.045205711256920855,
          "parent_specific_p_values": {
            "0": 0.058878402048279876,
            "6": 0.14780018783065785
          },
          "coefficients_env1": {
            "Intercept": -4.43781986054238,
            "bs(x0, df=4, degree=3)[0]": 3.136636591903419,
            "bs(x0, df=4, degree=3)[1]": 0.49889530264673465,
            "bs(x0, df=4, degree=3)[2]": 2.837075289498079,
            "bs(x0, df=4, degree=3)[3]": -0.07630534864039135,
            "bs(x6, df=4, degree=3)[0]": 5.79123493831454,
            "bs(x6, df=4, degree=3)[1]": 0.6977991644863522,
            "bs(x6, df=4, degree=3)[2]": 5.073020024424847,
            "bs(x6, df=4, degree=3)[3]": 0.39853674676708106
          },
          "coefficients_env2": {
            "Intercept": -3.8687463811938505,
            "bs(x0, df=4, degree=3)[0]": 4.206712803731711,
            "bs(x0, df=4, degree=3)[1]": 0.625299009784688,
            "bs(x0, df=4, degree=3)[2]": 3.9062434171280054,
            "bs(x0, df=4, degree=3)[3]": 1.34543987620301,
            "bs(x6, df=4, degree=3)[0]": 3.806429300129171,
            "bs(x6, df=4, degree=3)[1]": 0.011795649149015597,
            "bs(x6, df=4, degree=3)[2]": 3.74651536760489,
            "bs(x6, df=4, degree=3)[3]": -0.7405278664601546
          }
        },
        "has_functional_shift": true
      },
      "16": {
        "shifted_edges": [
          [
            14,
            16
          ]
        ],
        "test_details": {
          "y_node": 16,
          "parents": [
            14
          ],
          "functional_shift_detected": true,
          "p_value_overall": 1.1102230246251565e-16,
          "parent_specific_p_values": {
            "14": 1.1102230246251565e-16
          },
          "coefficients_env1": {
            "Intercept": 0.18684908690558671,
            "bs(x14, df=4, degree=3)[0]": 1.605115587757189,
            "bs(x14, df=4, degree=3)[1]": -2.5062472612334976,
            "bs(x14, df=4, degree=3)[2]": 2.8306545423775287,
            "bs(x14, df=4, degree=3)[3]": -3.5878028615358253
          },
          "coefficients_env2": {
            "Intercept": -0.062908027158178,
            "bs(x14, df=4, degree=3)[0]": -1.6184220211586446,
            "bs(x14, df=4, degree=3)[1]": 2.667344594518605,
            "bs(x14, df=4, degree=3)[2]": -0.47555226506356274,
            "bs(x14, df=4, degree=3)[3]": 0.20124754124343305
          }
        },
        "has_functional_shift": true
      },
      "17": {
        "shifted_edges": [
          [
            5,
            17
          ]
        ],
        "test_details": {
          "y_node": 17,
          "parents": [
            2,
            5
          ],
          "functional_shift_detected": true,
          "p_value_overall": 0.001602786865539163,
          "parent_specific_p_values": {
            "2": 0.4202702265728093,
            "5": 0.0003097288731650494
          },
          "coefficients_env1": {
            "Intercept": -3.484534511296837,
            "bs(x2, df=4, degree=3)[0]": 3.170764154067874,
            "bs(x2, df=4, degree=3)[1]": -1.9879058983776505,
            "bs(x2, df=4, degree=3)[2]": 3.634161893222035,
            "bs(x2, df=4, degree=3)[3]": -1.851404154372462,
            "bs(x5, df=4, degree=3)[0]": 4.875575577587254,
            "bs(x5, df=4, degree=3)[1]": 1.4931863077128047,
            "bs(x5, df=4, degree=3)[2]": 4.227991813804571,
            "bs(x5, df=4, degree=3)[3]": 1.7932586240169863
          },
          "coefficients_env2": {
            "Intercept": -1.1622101287567488,
            "bs(x2, df=4, degree=3)[0]": 2.15599235708459,
            "bs(x2, df=4, degree=3)[1]": -1.5736324768573136,
            "bs(x2, df=4, degree=3)[2]": 3.0190828028364876,
            "bs(x2, df=4, degree=3)[3]": -1.9448957580676036,
            "bs(x5, df=4, degree=3)[0]": 2.007971452989743,
            "bs(x5, df=4, degree=3)[1]": -0.16979020740325068,
            "bs(x5, df=4, degree=3)[2]": 2.204551049233809,
            "bs(x5, df=4, degree=3)[3]": -1.305245911601505
          }
        },
        "has_functional_shift": true
      },
      "23": {
        "shifted_edges": [
          [
            22,
            23
          ]
        ],
        "test_details": {
          "y_node": 23,
          "parents": [
            22
          ],
          "functional_shift_detected": true,
          "p_value_overall": 5.506956380907368e-07,
          "parent_specific_p_values": {
            "22": 5.506956380907368e-07
          },
          "coefficients_env1": {
            "Intercept": 3.4876923475546264,
            "bs(x22, df=4, degree=3)[0]": -5.252283025998147,
            "bs(x22, df=4, degree=3)[1]": -0.6241407835953716,
            "bs(x22, df=4, degree=3)[2]": -5.163680493276329,
            "bs(x22, df=4, degree=3)[3]": -1.9924282813038365
          },
          "coefficients_env2": {
            "Intercept": -0.4606794367383664,