{
  "dataset_info": {
    "seed": 183,
    "dataset_index": 22,
    "node_count": 30,
    "edge_count": 30,
    "graph_type": "ER",
    "shifted_nodes": [
      21,
      28,
      17,
      25,
      8,
      27
    ],
    "shift_types": {
      "21": [
        "sin_cos"
      ],
      "28": [
        "sin_cos"
      ],
      "17": [
        "sin_cos"
      ],
      "25": [
        "pa_delete"
      ],
      "8": [
        "pa_delete"
      ],
      "27": [
        "pa_delete"
      ]
    },
    "shift_case": "sin_cos_pa_delete",
    "deleted_parents": {
      "25": 14,
      "8": 4,
      "27": 16
    }
  },
  "model": "iscan",
  "config_name": "ER",
  "dag_structure": "standard",
  "device": "cuda:0",
  "iscan": {
    "detected_shifted_nodes": [
      12,
      3,
      21,
      7,
      28,
      4,
      18,
      14,
      16,
      0,
      19,
      29,
      1,
      6,
      8,
      9,
      13,
      23,
      11,
      26,
      17,
      25,
      24
    ],
    "order": [
      15,
      29,
      8,
      19,
      23,
      20,
      16,
      27,
      28,
      12,
      17,
      25,
      14,
      1,
      18,
      9,
      7,
      3,
      4,
      6,
      0,
      21,
      13,
      11,
      22,
      24,
      10,
      2,
      5,
      26
    ],
    "ratio_dict": {
      "12": 1.0470886595642726,
      "3": 1.0401920655801993,
      "21": 1.0216127654578064,
      "7": 0.9494457345242611,
      "28": 0.9397286843626363,
      "4": 0.9072900219660279,
      "18": 0.8736471374219775,
      "14": 0.8463239574282615,
      "16": 0.8355460708013789,
      "0": 0.8332375228284709,
      "19": 0.8087220086969994,
      "29": 0.8069145328865539,
      "1": 0.7951484596700326,
      "6": 0.7943247644954771,
      "8": 0.7655479120107549,
      "9": 0.7483282855642576,
      "13": 0.7392671869492548,
      "23": 0.7229633836425252,
      "11": 0.7071213493795213,
      "26": 0.7007953805486018,
      "17": 0.6911127597574072,
      "25": 0.6723191251271593,
      "24": 0.6411891952389946,
      "22": 0.6065089487247208,
      "20": 0.6027070822220221,
      "2": 0.5950488917537992,
      "27": 0.5941580252250447,
      "10": 0.5754755253639342,
      "5": 0.568296347290167
    },
    "true_shifted_node_summary": {
      "8": {
        "is_detected_as_shifted": true,
        "has_functional_shift_detected": true
      },
      "17": {
        "is_detected_as_shifted": true,
        "has_functional_shift_detected": true
      },
      "21": {
        "is_detected_as_shifted": true,
        "has_functional_shift_detected": true
      },
      "25": {
        "is_detected_as_shifted": true,
        "has_functional_shift_detected": true
      },
      "27": {
        "is_detected_as_shifted": false,
        "has_functional_shift_detected": true
      },
      "28": {
        "is_detected_as_shifted": true,
        "has_functional_shift_detected": true
      }
    },
    "functional_shift_results": {
      "8": {
        "shifted_edges": [
          [
            3,
            8
          ],
          [
            4,
            8
          ]
        ],
        "test_details": {
          "y_node": 8,
          "parents": [
            3,
            4
          ],
          "functional_shift_detected": true,
          "p_value_overall": 7.38050847287619e-05,
          "parent_specific_p_values": {
            "3": 0.04210201662436408,
            "4": 6.955591755986035e-05
          },
          "coefficients_env1": {
            "Intercept": -4.137267220608949,
            "bs(x3, df=4, degree=3)[0]": 4.079976218334057,
            "bs(x3, df=4, degree=3)[1]": 0.20157530255854933,
            "bs(x3, df=4, degree=3)[2]": 3.770625231211887,
            "bs(x3, df=4, degree=3)[3]": 0.49511724837056537,
            "bs(x4, df=4, degree=3)[0]": 4.253357879521096,
            "bs(x4, df=4, degree=3)[1]": 0.935827713954018,
            "bs(x4, df=4, degree=3)[2]": 3.802921754056719,
            "bs(x4, df=4, degree=3)[3]": 0.7052090653247223
          },
          "coefficients_env2": {
            "Intercept": -2.142609315149246,
            "bs(x3, df=4, degree=3)[0]": 4.0294402089841554,
            "bs(x3, df=4, degree=3)[1]": 1.1039520259372402,
            "bs(x3, df=4, degree=3)[2]": 3.6885529729981505,
            "bs(x3, df=4, degree=3)[3]": 1.929899826713215,
            "bs(x4, df=4, degree=3)[0]": 0.030757679300778426,
            "bs(x4, df=4, degree=3)[1]": -0.24777013678212897,
            "bs(x4, df=4, degree=3)[2]": -0.03588465817186319,
            "bs(x4, df=4, degree=3)[3]": -0.3293505546821683
          }
        },
        "has_functional_shift": true
      },
      "17": {
        "shifted_edges": [
          [
            1,
            17
          ],
          [
            9,
            17
          ]
        ],
        "test_details": {
          "y_node": 17,
          "parents": [
            1,
            9
          ],
          "functional_shift_detected": true,
          "p_value_overall": 1.1102230246251565e-16,
          "parent_specific_p_values": {
            "1": 1.1102230246251565e-16,
            "9": 1.1102230246251565e-16
          },
          "coefficients_env1": {
            "Intercept": -3.122263279656315,
            "bs(x1, df=4, degree=3)[0]": 3.3935370449649787,
            "bs(x1, df=4, degree=3)[1]": 0.41717634862699055,
            "bs(x1, df=4, degree=3)[2]": 3.7448640136016342,
            "bs(x1, df=4, degree=3)[3]": 0.3171146547861568,
            "bs(x9, df=4, degree=3)[0]": 3.197607795270134,
            "bs(x9, df=4, degree=3)[1]": -0.03908263090873326,
            "bs(x9, df=4, degree=3)[2]": 3.195321509795948,
            "bs(x9, df=4, degree=3)[3]": -1.6290632364523998
          },
          "coefficients_env2": {
            "Intercept": 2.3141550597591256,
            "bs(x1, df=4, degree=3)[0]": -2.923185384171357,
            "bs(x1, df=4, degree=3)[1]": -0.29600803564832967,
            "bs(x1, df=4, degree=3)[2]": -0.9033452305501941,
            "bs(x1, df=4, degree=3)[3]": -2.2891184873279604,
            "bs(x9, df=4, degree=3)[0]": -1.7168370781108906,
            "bs(x9, df=4, degree=3)[1]": 0.007640748472326334,
            "bs(x9, df=4, degree=3)[2]": 0.28504585274125566,
            "bs(x9, df=4, degree=3)[3]": -1.6854336405109316
          }
        },
        "has_functional_shift": true
      },
      "21": {
        "shifted_edges": [
          [
            9,
            21
          ],
          [
            4,
            21
          ],
          [
            12,
            21
          ],
          [
            11,
            21
          ]
        ],
        "test_details": {
          "y_node": 21,
          "parents": [
            4,
            8,
            9,
            11,
            12
          ],
          "functional_shift_detected": true,
          "p_value_overall": 1.1102230246251565e-16,
          "parent_specific_p_values": {
            "4": 2.220446049250313e-16,
            "8": 0.2670864862213256,
            "9": 5.474509734426647e-13,
            "11": 1.1102230246251565e-16,
            "12": 8.47477643617367e-11
          },
          "coefficients_env1": {
            "Intercept": -9.111036660059678,
            "bs(x4, df=4, degree=3)[0]": 5.709103034882456,
            "bs(x4, df=4, degree=3)[1]": 1.7408602957567028,
            "bs(x4, df=4, degree=3)[2]": 4.843700043520094,
            "bs(x4, df=4, degree=3)[3]": 2.5198910242988215,
            "bs(x8, df=4, degree=3)[0]": -2.174604926386955,
            "bs(x8, df=4, degree=3)[1]": 2.015970414198401,
            "bs(x8, df=4, degree=3)[2]": -0.7245008636433853,
            "bs(x8, df=4, degree=3)[3]": -0.3546032977452894,
            "bs(x9, df=4, degree=3)[0]": 3.9476619259750967,
            "bs(x9, df=4, degree=3)[1]": 0.13787594682086718,
            "bs(x9, df=4, degree=3)[2]": 3.5100276257967833,