{
  "dataset_info": {
    "seed": 166,
    "dataset_index": 5,
    "node_count": 30,
    "edge_count": 30,
    "graph_type": "ER",
    "shifted_nodes": [
      27,
      20,
      29,
      19,
      7,
      26
    ],
    "shift_types": {
      "27": [
        "sin_cos"
      ],
      "20": [
        "sin_cos"
      ],
      "29": [
        "sin_cos"
      ],
      "19": [
        "noise_N02"
      ],
      "7": [
        "noise_N02"
      ],
      "26": [
        "noise_N02"
      ]
    },
    "shift_case": "sin_cos_noise_N02",
    "deleted_parents": {}
  },
  "model": "iscan",
  "config_name": "ER",
  "dag_structure": "standard",
  "device": "cuda:0",
  "iscan": {
    "detected_shifted_nodes": [
      29,
      3,
      22,
      19,
      7,
      16,
      5,
      12,
      26,
      27,
      14,
      21,
      4,
      1,
      23,
      11,
      10,
      2,
      15,
      24,
      0,
      13,
      6,
      18
    ],
    "order": [
      17,
      7,
      3,
      8,
      11,
      9,
      19,
      23,
      24,
      25,
      20,
      5,
      26,
      1,
      16,
      0,
      4,
      14,
      29,
      21,
      12,
      22,
      6,
      13,
      10,
      2,
      27,
      15,
      28,
      18
    ],
    "ratio_dict": {
      "29": 1.438982267317862,
      "3": 1.1311646915368483,
      "22": 1.1234948056305594,
      "19": 1.0600660633657824,
      "7": 1.0586835107140955,
      "16": 1.0287289996483853,
      "5": 1.0187416180078974,
      "12": 1.0053856651056272,
      "26": 0.9521585151163279,
      "27": 0.9175331668410548,
      "14": 0.9174515093550807,
      "21": 0.9088362707569142,
      "4": 0.8991839189903432,
      "1": 0.8952069703609459,
      "23": 0.8479861907021274,
      "11": 0.7621706998798087,
      "10": 0.7303924827244498,
      "2": 0.7207239939700445,
      "15": 0.7204973320480169,
      "24": 0.7018799495313656,
      "0": 0.694185781354106,
      "13": 0.6868991671322051,
      "6": 0.6494309269712332,
      "18": 0.6459605131132704,
      "25": 0.608222610044016,
      "9": 0.597183221935583,
      "28": 0.5800569450167652,
      "8": 0.5613982568707417,
      "20": 0.5238398628802103
    },
    "true_shifted_node_summary": {
      "7": {
        "is_detected_as_shifted": true,
        "has_functional_shift_detected": false
      },
      "19": {
        "is_detected_as_shifted": true,
        "has_functional_shift_detected": true
      },
      "20": {
        "is_detected_as_shifted": false,
        "has_functional_shift_detected": true
      },
      "26": {
        "is_detected_as_shifted": true,
        "has_functional_shift_detected": true
      },
      "27": {
        "is_detected_as_shifted": true,
        "has_functional_shift_detected": true
      },
      "29": {
        "is_detected_as_shifted": true,
        "has_functional_shift_detected": true
      }
    },
    "functional_shift_results": {
      "7": {
        "shifted_edges": [],
        "test_details": {
          "y_node": 7,
          "parents": [
            3
          ],
          "functional_shift_detected": false,
          "p_value_overall": 0.08971550616090651,
          "parent_specific_p_values": {},
          "coefficients_env1": {
            "Intercept": -1.6370119590264942,
            "bs(x3, df=4, degree=3)[0]": 3.4803786455777823,
            "bs(x3, df=4, degree=3)[1]": -0.0546951058126951,
            "bs(x3, df=4, degree=3)[2]": 3.9523678130826414,
            "bs(x3, df=4, degree=3)[3]": -0.9098661957482692
          },
          "coefficients_env2": {
            "Intercept": -2.0430044854787472,
            "bs(x3, df=4, degree=3)[0]": 3.9901131085145853,
            "bs(x3, df=4, degree=3)[1]": 0.6401720917278391,
            "bs(x3, df=4, degree=3)[2]": 3.9627285721948597,
            "bs(x3, df=4, degree=3)[3]": -0.6626513215883821
          }
        },
        "has_functional_shift": false
      },
      "19": {
        "shifted_edges": [
          [
            3,
            19
          ]
        ],
        "test_details": {
          "y_node": 19,
          "parents": [
            3,
            4
          ],
          "functional_shift_detected": true,
          "p_value_overall": 0.016787244831043657,
          "parent_specific_p_values": {
            "3": 0.034590984554935034,
            "4": 0.09746229878025814
          },
          "coefficients_env1": {
            "Intercept": -4.353785095695317,
            "bs(x3, df=4, degree=3)[0]": 3.2617647805180368,
            "bs(x3, df=4, degree=3)[1]": 0.41654204808460915,
            "bs(x3, df=4, degree=3)[2]": 3.5520488306622213,
            "bs(x3, df=4, degree=3)[3]": -1.8664374435736362,
            "bs(x4, df=4, degree=3)[0]": 5.200275028038739,
            "bs(x4, df=4, degree=3)[1]": 0.804093479856451,
            "bs(x4, df=4, degree=3)[2]": 4.6923399683793665,
            "bs(x4, df=4, degree=3)[3]": 1.6967401373150188
          },
          "coefficients_env2": {
            "Intercept": -3.3074112232761688,
            "bs(x3, df=4, degree=3)[0]": 4.345112665306737,
            "bs(x3, df=4, degree=3)[1]": 0.41849237325460653,
            "bs(x3, df=4, degree=3)[2]": 4.152589816765642,
            "bs(x3, df=4, degree=3)[3]": 0.1738659327331385,
            "bs(x4, df=4, degree=3)[0]": 2.8302346974941637,
            "bs(x4, df=4, degree=3)[1]": 0.07028069520935004,
            "bs(x4, df=4, degree=3)[2]": 2.6098443048693327,
            "bs(x4, df=4, degree=3)[3]": 0.4433341272835106
          }
        },
        "has_functional_shift": true
      },
      "20": {
        "shifted_edges": [
          [
            0,
            20
          ]
        ],
        "test_details": {
          "y_node": 20,
          "parents": [
            0
          ],
          "functional_shift_detected": true,
          "p_value_overall": 1.1102230246251565e-16,
          "parent_specific_p_values": {
            "0": 1.1102230246251565e-16
          },
          "coefficients_env1": {
            "Intercept": -2.2995482746074547,
            "bs(x0, df=4, degree=3)[0]": 3.6889467117445225,
            "bs(x0, df=4, degree=3)[1]": 1.377658009520149,
            "bs(x0, df=4, degree=3)[2]": 3.8215975143657834,
            "bs(x0, df=4, degree=3)[3]": 0.3066564185358307
          },
          "coefficients_env2": {
            "Intercept": 0.9218904428019561,
            "bs(x0, df=4, degree=3)[0]": -1.792161801276647,
            "bs(x0, df=4, degree=3)[1]": -0.27438045067651995,
            "bs(x0, df=4, degree=3)[2]": 0.37714882658320525,
            "bs(x0, df=4, degree=3)[3]": -3.680842725098139
          }
        },
        "has_functional_shift": true
      },
      "26": {
        "shifted_edges": [
          [
            21,
            26
          ]
        ],
        "test_details": {
          "y_node": 26,
          "parents": [
            8,
            21
          ],
          "functional_shift_detected": true,
          "p_value_overall": 0.005207549482644014,
          "parent_specific_p_values": {
            "8": 0.35374620527154965,
            "21": 0.0021120303982488098
          },
          "coefficients_env1": {
            "Intercept": -0.9565374246999891,
            "bs(x8, df=4, degree=3)[0]": 1.2645743487770056,
            "bs(x8, df=4, degree=3)[1]": -1.639898139169796,
            "bs(x8, df=4, degree=3)[2]": 1.964141625440773,
            "bs(x8, df=4, degree=3)[3]": -2.7941118836632324,
            "bs(x21, df=4, degree=3)[0]": 2.3805186642573712,
            "bs(x21, df=4, degree=3)[1]": 0.30711809688571645,
            "bs(x21, df=4, degree=3)[2]": 2.5313650748782055,
            "bs(x21, df=4, degree=3)[3]": -0.5156520080818126
          },
          "coefficients_env2": {
            "Intercept": -2.3951961199751817,
            "bs(x8, df=4, degree=3)[0]": 1.0931163275685196,
            "bs(x8, df=4, degree=3)[1]": -2.5981635937023047,