{
  "dataset_info": {
    "seed": 179,
    "dataset_index": 18,
    "node_count": 30,
    "edge_count": 30,
    "graph_type": "ER",
    "shifted_nodes": [
      7,
      27,
      28,
      20,
      17,
      2
    ],
    "shift_types": {
      "7": [
        "pa_delete"
      ],
      "27": [
        "pa_delete"
      ],
      "28": [
        "pa_delete"
      ],
      "20": [
        "noise_laplace"
      ],
      "17": [
        "noise_laplace"
      ],
      "2": [
        "noise_laplace"
      ]
    },
    "shift_case": "pa_delete_noise_laplace",
    "deleted_parents": {
      "7": 5,
      "27": 19,
      "28": 27
    }
  },
  "model": "iscan",
  "config_name": "ER",
  "dag_structure": "standard",
  "device": "cuda:0",
  "iscan": {
    "detected_shifted_nodes": [
      6,
      20,
      16,
      19,
      27,
      23,
      24,
      28,
      0,
      5,
      22,
      25,
      21,
      17,
      14,
      12,
      9,
      7,
      29,
      2,
      13
    ],
    "order": [
      18,
      22,
      25,
      16,
      28,
      23,
      13,
      2,
      26,
      17,
      7,
      12,
      27,
      19,
      20,
      21,
      6,
      0,
      29,
      24,
      9,
      14,
      5,
      1,
      8,
      3,
      15,
      10,
      4,
      11
    ],
    "ratio_dict": {
      "6": 1.0704354717362123,
      "20": 1.066483238312168,
      "16": 1.0598833274587505,
      "19": 1.0526422282250787,
      "27": 1.0451146006484306,
      "23": 1.00375469275401,
      "24": 0.9922689073172823,
      "28": 0.9873168187047968,
      "0": 0.9831797596106909,
      "5": 0.9777976845143447,
      "22": 0.9329085561527158,
      "25": 0.9303692226111691,
      "21": 0.9160952769847219,
      "17": 0.876579729588305,
      "14": 0.8601816645238515,
      "12": 0.8596062331096938,
      "9": 0.8213423292505999,
      "7": 0.7954839462314225,
      "29": 0.7287768751866128,
      "2": 0.7067144382795665,
      "13": 0.6962837101904712,
      "3": 0.6514026515377752,
      "26": 0.6370085251735725,
      "8": 0.6172933521929158,
      "10": 0.6079217101352813,
      "1": 0.595698819593696,
      "15": 0.5533646100787404,
      "11": 0.5486909285291454,
      "4": 0.48265045000749573
    },
    "true_shifted_node_summary": {
      "2": {
        "is_detected_as_shifted": true,
        "has_functional_shift_detected": true
      },
      "7": {
        "is_detected_as_shifted": true,
        "has_functional_shift_detected": true
      },
      "17": {
        "is_detected_as_shifted": true,
        "has_functional_shift_detected": false
      },
      "20": {
        "is_detected_as_shifted": true,
        "has_functional_shift_detected": true
      },
      "27": {
        "is_detected_as_shifted": true,
        "has_functional_shift_detected": true
      },
      "28": {
        "is_detected_as_shifted": true,
        "has_functional_shift_detected": true
      }
    },
    "functional_shift_results": {
      "2": {
        "shifted_edges": [
          [
            0,
            2
          ]
        ],
        "test_details": {
          "y_node": 2,
          "parents": [
            0
          ],
          "functional_shift_detected": true,
          "p_value_overall": 0.0003917829396751227,
          "parent_specific_p_values": {
            "0": 0.0003917829396751227
          },
          "coefficients_env1": {
            "Intercept": -2.8573631249303166,
            "bs(x0, df=4, degree=3)[0]": 4.550832742660927,
            "bs(x0, df=4, degree=3)[1]": 1.5222594556642206,
            "bs(x0, df=4, degree=3)[2]": 4.855991185803127,
            "bs(x0, df=4, degree=3)[3]": 0.6489782521066564
          },
          "coefficients_env2": {
            "Intercept": -1.0115465818898153,
            "bs(x0, df=4, degree=3)[0]": 2.4456283782478128,
            "bs(x0, df=4, degree=3)[1]": -0.022141253062088417,
            "bs(x0, df=4, degree=3)[2]": 2.631853459977161,
            "bs(x0, df=4, degree=3)[3]": -0.3162608671116054
          }
        },
        "has_functional_shift": true
      },
      "7": {
        "shifted_edges": [
          [
            5,
            7
          ]
        ],
        "test_details": {
          "y_node": 7,
          "parents": [
            3,
            5
          ],
          "functional_shift_detected": true,
          "p_value_overall": 0.0001336710563181187,
          "parent_specific_p_values": {
            "3": 0.15848901148798622,
            "5": 5.98530562646582e-05
          },
          "coefficients_env1": {
            "Intercept": -3.0391237450108552,
            "bs(x3, df=4, degree=3)[0]": 3.522066009918441,
            "bs(x3, df=4, degree=3)[1]": 0.6085970999770335,
            "bs(x3, df=4, degree=3)[2]": 3.7328646947609743,
            "bs(x3, df=4, degree=3)[3]": 0.763523355512294,
            "bs(x5, df=4, degree=3)[0]": 2.656169491256902,
            "bs(x5, df=4, degree=3)[1]": 0.02967324756859077,
            "bs(x5, df=4, degree=3)[2]": 2.922735357043385,
            "bs(x5, df=4, degree=3)[3]": -0.09268580768571442
          },
          "coefficients_env2": {
            "Intercept": -0.4674842575910313,
            "bs(x3, df=4, degree=3)[0]": 2.140790059497344,
            "bs(x3, df=4, degree=3)[1]": -0.3525346615779635,
            "bs(x3, df=4, degree=3)[2]": 2.5372429506122556,
            "bs(x3, df=4, degree=3)[3]": -0.6192806215563056,
            "bs(x5, df=4, degree=3)[0]": -0.2046237819415997,
            "bs(x5, df=4, degree=3)[1]": -0.3586422299066351,
            "bs(x5, df=4, degree=3)[2]": -0.3320073246662453,
            "bs(x5, df=4, degree=3)[3]": -0.2966846738936515
          }
        },
        "has_functional_shift": true
      },
      "17": {
        "shifted_edges": [],
        "test_details": {
          "y_node": 17,
          "parents": [
            10
          ],
          "functional_shift_detected": false,
          "p_value_overall": 0.09338681729747556,
          "parent_specific_p_values": {},
          "coefficients_env1": {
            "Intercept": -1.4791774861104063,
            "bs(x10, df=4, degree=3)[0]": 2.8361237236980155,
            "bs(x10, df=4, degree=3)[1]": 0.6312602572175349,
            "bs(x10, df=4, degree=3)[2]": 2.9430647400082983,
            "bs(x10, df=4, degree=3)[3]": -0.6444849554299696
          },
          "coefficients_env2": {
            "Intercept": -1.6628504515748919,
            "bs(x10, df=4, degree=3)[0]": 3.5361568564363655,
            "bs(x10, df=4, degree=3)[1]": -0.09402897680742782,
            "bs(x10, df=4, degree=3)[2]": 4.006742977572515,
            "bs(x10, df=4, degree=3)[3]": -1.1938514614086206
          }
        },
        "has_functional_shift": false
      },
      "20": {
        "shifted_edges": [
          [
            19,
            20
          ]
        ],
        "test_details": {
          "y_node": 20,
          "parents": [
            19
          ],
          "functional_shift_detected": true,
          "p_value_overall": 7.13809710622959e-05,
          "parent_specific_p_values": {
            "19": 7.13809710622959e-05
          },
          "coefficients_env1": {
            "Intercept": 1.6153029487081743,
            "bs(x19, df=4, degree=3)[0]": -2.899514601395625,
            "bs(x19, df=4, degree=3)[1]": 1.078332266827491,
            "bs(x19, df=4, degree=3)[2]": -3.2103285799348495,
            "bs(x19, df=4, degree=3)[3]": -1.2867903993418488
          },
          "coefficients_env2": {
            "Intercept": 1.459428860174405,
            "bs(x19, df=4, degree=3)[0]": -2.3618307408942223,
            "bs(x19, df=4, degree=3)[1]": 0.02126491580245242,
            "bs(x19, df=4, degree=3)[2]": -1.3519525794787628,
            "bs(x19, df=4, degree=3)[3]": -2.622044075839713
          }
        },
        "has_functional_shift": true
      },