{
  "dataset_info": {
    "seed": 172,
    "dataset_index": 11,
    "node_count": 30,
    "edge_count": 30,
    "graph_type": "ER",
    "shifted_nodes": [
      20,
      12,
      5,
      16,
      29,
      10
    ],
    "shift_types": {
      "20": [
        "pa_delete"
      ],
      "12": [
        "pa_delete"
      ],
      "5": [
        "pa_delete"
      ],
      "16": [
        "noise_N02"
      ],
      "29": [
        "noise_N02"
      ],
      "10": [
        "noise_N02"
      ]
    },
    "shift_case": "pa_delete_noise_N02",
    "deleted_parents": {
      "20": 0,
      "12": 8,
      "5": 4
    }
  },
  "model": "linearccp",
  "exp_type": "synthetic",
  "config_name": "ER",
  "device": "cuda:0",
  "linearccp": {
    "shifted_nodes": [
      5,
      9,
      10,
      12,
      13,
      16,
      18,
      22
    ],
    "functional_change_nodes": [
      9,
      12,
      13,
      18,
      22
    ],
    "noise_change_nodes": [
      5,
      10,
      12,
      16
    ],
    "node_results": {
      "5": {
        "is_shifted": true,
        "parents": [
          4
        ],
        "function_test": {
          "f_statistic": 0.21447250385979386,
          "p_value": 0.6433347477774307,
          "is_function_changed": false,
          "beta_env1": [
            0.04703503932479659
          ],
          "beta_env2": [
            0.0295500558681252
          ]
        },
        "noise_test": {
          "ks_statistic": 0.115,
          "p_value": 3.528972349889754e-06,
          "is_noise_changed": true
        }
      },
      "8": {
        "is_shifted": false,
        "parents": [
          7
        ],
        "function_test": {
          "f_statistic": 0.15650380623426674,
          "p_value": 0.6924382687504622,
          "is_function_changed": false,
          "beta_env1": [
            -0.013313252812974978
          ],
          "beta_env2": [
            -0.000792366253246147
          ]
        },
        "noise_test": {
          "ks_statistic": 0.018,
          "p_value": 0.9969602438295625,
          "is_noise_changed": false
        }
      },
      "9": {
        "is_shifted": true,
        "parents": [
          0,
          4,
          5
        ],
        "function_test": {
          "f_statistic": 46.51687056522324,
          "p_value": 1.1102230246251565e-16,
          "is_function_changed": true,
          "beta_env1": [
            -0.020006680223217728,
            0.03514139284443091,
            0.6086233014426756
          ],
          "beta_env2": [
            -0.029674920596460656,
            -0.018402036276457905,
            0.01839301820404928
          ]
        },
        "noise_test": {
          "ks_statistic": 0.045,
          "p_value": 0.26347172719864703,
          "is_noise_changed": false
        }
      },
      "10": {
        "is_shifted": true,
        "parents": [
          8
        ],
        "function_test": {
          "f_statistic": 2.236623178098418,
          "p_value": 0.13493310981191697,
          "is_function_changed": false,
          "beta_env1": [
            0.19353423793336882
          ],
          "beta_env2": [
            0.11424970102051263
          ]
        },
        "noise_test": {
          "ks_statistic": 0.07,
          "p_value": 0.014870029418858987,
          "is_noise_changed": true
        }
      },
      "11": {
        "is_shifted": false,
        "parents": [
          10
        ],
        "function_test": {
          "f_statistic": 0.5124513458474356,
          "p_value": 0.4741633435608972,
          "is_function_changed": false,
          "beta_env1": [
            0.049285207803218795
          ],
          "beta_env2": [
            0.07767698606355812
          ]
        },
        "noise_test": {
          "ks_statistic": 0.028,
          "p_value": 0.8282194040312439,
          "is_noise_changed": false
        }
      },
      "12": {
        "is_shifted": true,
        "parents": [
          8
        ],
        "function_test": {
          "f_statistic": 9.845181379789059,
          "p_value": 0.0017276315566684408,
          "is_function_changed": true,
          "beta_env1": [
            0.18688026257737492
          ],
          "beta_env2": [
            0.014846683479368164
          ]
        },
        "noise_test": {
          "ks_statistic": 0.118,
          "p_value": 1.7492235820299696e-06,
          "is_noise_changed": true
        }
      },
      "13": {
        "is_shifted": true,
        "parents": [
          2,
          12
        ],
        "function_test": {
          "f_statistic": 3.9193778022932446,
          "p_value": 0.020006579984381268,
          "is_function_changed": true,
          "beta_env1": [
            0.023425383590474375,
            0.1070292904774919
          ],
          "beta_env2": [
            -0.00930769982814075,
            -0.016746600056139344
          ]
        },
        "noise_test": {
          "ks_statistic": 0.021,
          "p_value": 0.9802627322900355,
          "is_noise_changed": false
        }
      },
      "16": {
        "is_shifted": true,
        "parents": [
          8
        ],
        "function_test": {
          "f_statistic": 0.04134998645065293,
          "p_value": 0.8388845803064595,
          "is_function_changed": false,
          "beta_env1": [
            0.12196615849251813
          ],
          "beta_env2": [
            0.11157373483295095
          ]
        },
        "noise_test": {
          "ks_statistic": 0.074,
          "p_value": 0.008353146175741297,
          "is_noise_changed": true
        }
      },
      "18": {
        "is_shifted": true,
        "parents": [
          6
        ],
        "function_test": {
          "f_statistic": 8.641555592007679,
          "p_value": 0.003323560894101907,
          "is_function_changed": true,
          "beta_env1": [
            -0.03635920180508248
          ],
          "beta_env2": [
            0.053831296501289684
          ]
        },
        "noise_test": {
          "ks_statistic": 0.033,
          "p_value": 0.647814872077161,
          "is_noise_changed": false
        }
      },
      "19": {
        "is_shifted": false,
        "parents": [
          8
        ],
        "function_test": {
          "f_statistic": 0.0019169179613761963,
          "p_value": 0.9650820590367841,
          "is_function_changed": false,
          "beta_env1": [
            0.14846417900186154
          ],
          "beta_env2": [
            0.1464999156041637
          ]
        },
        "noise_test": {
          "ks_statistic": 0.034,
          "p_value": 0.6101664688189142,
          "is_noise_changed": false
        }
      },
      "20": {
        "is_shifted": false,
        "parents": [
          0,
          15
        ],
        "function_test": {
          "f_statistic": 2.859933049209379,
          "p_value": 0.05750755419870357,
          "is_function_changed": false,
          "beta_env1": [
            -0.032826157666767455,
            -0.06688385767576853
          ],
          "beta_env2": [
            0.0207979796235777,
            -0.0016680438553916023
          ]
        },
        "noise_test": {
          "ks_statistic": 0.048,
          "p_value": 0.19957365535779528,
          "is_noise_changed": false
        }
      },
      "22": {
        "is_shifted": true,
        "parents": [
          3,
          5,
          10,
          17
        ],
        "function_test": {
          "f_statistic": 6.532647654732039,
          "p_value": 3.203565846654488e-05,
          "is_function_changed": true,
          "beta_env1": [
            -0.058289844974837315,
            0.20932737107277483,
            0.1292214394267978,
            -0.013695020661983005
          ],
          "beta_env2": [
            -0.033424393508140235,
            -0.020819741924592086,
            -0.04870802211941555,
            -0.05640243513025788
          ]
        },