{
  "dataset_info": {
    "seed": 190,
    "dataset_index": 29,
    "node_count": 30,
    "edge_count": 30,
    "graph_type": "ER",
    "shifted_nodes": [
      23,
      13,
      24,
      27,
      11,
      20
    ],
    "shift_types": {
      "23": [
        "noise_N02"
      ],
      "13": [
        "noise_N02"
      ],
      "24": [
        "noise_N02"
      ],
      "27": [
        "noise_laplace"
      ],
      "11": [
        "noise_laplace"
      ],
      "20": [
        "noise_laplace"
      ]
    },
    "shift_case": "noise_N02_laplace",
    "deleted_parents": {}
  },
  "model": "linearccp",
  "exp_type": "synthetic",
  "config_name": "ER",
  "device": "cuda:0",
  "linearccp": {
    "shifted_nodes": [
      22,
      24
    ],
    "functional_change_nodes": [
      22
    ],
    "noise_change_nodes": [
      24
    ],
    "node_results": {
      "9": {
        "is_shifted": false,
        "parents": [
          0,
          1,
          3
        ],
        "function_test": {
          "f_statistic": 0.2589259273777167,
          "p_value": 0.8550026665945805,
          "is_function_changed": false,
          "beta_env1": [
            0.002006408466341347,
            0.06272912309884426,
            -0.0030053370444474516
          ],
          "beta_env2": [
            0.0074779932137117085,
            0.026445109266148962,
            -0.004318775993868929
          ]
        },
        "noise_test": {
          "ks_statistic": 0.029,
          "p_value": 0.7946637387576738,
          "is_noise_changed": false
        }
      },
      "11": {
        "is_shifted": false,
        "parents": [
          6
        ],
        "function_test": {
          "f_statistic": 1.010594133100227,
          "p_value": 0.31488239644133675,
          "is_function_changed": false,
          "beta_env1": [
            0.01758420630656822
          ],
          "beta_env2": [
            -0.016850138098302898
          ]
        },
        "noise_test": {
          "ks_statistic": 0.038,
          "p_value": 0.4659595288557257,
          "is_noise_changed": false
        }
      },
      "13": {
        "is_shifted": false,
        "parents": [
          9
        ],
        "function_test": {
          "f_statistic": 0.31682640753231034,
          "p_value": 0.5735843445933637,
          "is_function_changed": false,
          "beta_env1": [
            -0.10079648383734464
          ],
          "beta_env2": [
            -0.12956407220786073
          ]
        },
        "noise_test": {
          "ks_statistic": 0.06,
          "p_value": 0.05462666510701526,
          "is_noise_changed": false
        }
      },
      "16": {
        "is_shifted": false,
        "parents": [
          3,
          8
        ],
        "function_test": {
          "f_statistic": 0.7862292269497972,
          "p_value": 0.45570054643106106,
          "is_function_changed": false,
          "beta_env1": [
            -0.05195724961510467,
            -0.03167240443212819
          ],
          "beta_env2": [
            -0.006420991608259762,
            -0.03958547216303198
          ]
        },
        "noise_test": {
          "ks_statistic": 0.059,
          "p_value": 0.06153429181321559,
          "is_noise_changed": false
        }
      },
      "17": {
        "is_shifted": false,
        "parents": [
          4
        ],
        "function_test": {
          "f_statistic": 0.020533689545292475,
          "p_value": 0.8860710279519085,
          "is_function_changed": false,
          "beta_env1": [
            0.003998220513713681
          ],
          "beta_env2": [
            0.008316995170507416
          ]
        },
        "noise_test": {
          "ks_statistic": 0.03,
          "p_value": 0.7593695685682871,
          "is_noise_changed": false
        }
      },
      "19": {
        "is_shifted": false,
        "parents": [
          6,
          8,
          12
        ],
        "function_test": {
          "f_statistic": 0.4476213066772641,
          "p_value": 0.7190079458806959,
          "is_function_changed": false,
          "beta_env1": [
            -0.0243488129098926,
            -0.033289914767782605,
            -0.012465085901698788
          ],
          "beta_env2": [
            0.014737866009396961,
            -0.040202917802077034,
            0.013013705790105188
          ]
        },
        "noise_test": {
          "ks_statistic": 0.03,
          "p_value": 0.7593695685682871,
          "is_noise_changed": false
        }
      },
      "20": {
        "is_shifted": false,
        "parents": [
          13,
          18
        ],
        "function_test": {
          "f_statistic": 2.098311412756385,
          "p_value": 0.12293415079408176,
          "is_function_changed": false,
          "beta_env1": [
            0.04238067754876271,
            0.0009660842138592099
          ],
          "beta_env2": [
            -0.03464489847980053,
            -0.029361874945067038
          ]
        },
        "noise_test": {
          "ks_statistic": 0.06,
          "p_value": 0.05462666510701526,
          "is_noise_changed": false
        }
      },
      "21": {
        "is_shifted": false,
        "parents": [
          0,
          10,
          12
        ],
        "function_test": {
          "f_statistic": 0.8346091361464116,
          "p_value": 0.4747702819223265,
          "is_function_changed": false,
          "beta_env1": [
            -0.017981194740555994,
            0.007140278587171499,
            -0.03864798378958264
          ],
          "beta_env2": [
            0.032379048414976117,
            -0.0018206593349453376,
            0.0049447241314911905
          ]
        },
        "noise_test": {
          "ks_statistic": 0.031,
          "p_value": 0.7228251828701066,
          "is_noise_changed": false
        }
      },
      "22": {
        "is_shifted": true,
        "parents": [
          0,
          9,
          19
        ],
        "function_test": {
          "f_statistic": 3.146636450419141,
          "p_value": 0.02419811214649048,
          "is_function_changed": true,
          "beta_env1": [
            -0.016388235294696858,
            0.1247255489722309,
            -0.08082697078832354
          ],
          "beta_env2": [
            -0.10756323039424466,
            -0.006268063098217565,
            -0.012433789213008103
          ]
        },
        "noise_test": {
          "ks_statistic": 0.039,
          "p_value": 0.43260886958153144,
          "is_noise_changed": false
        }
      },
      "23": {
        "is_shifted": false,
        "parents": [
          15,
          22
        ],
        "function_test": {
          "f_statistic": 0.9828707178059322,
          "p_value": 0.37441646244598414,
          "is_function_changed": false,
          "beta_env1": [
            0.05699754077843574,
            -0.09244224688101552
          ],
          "beta_env2": [
            0.023556826128385968,
            -0.04035328908637446
          ]
        },
        "noise_test": {
          "ks_statistic": 0.052,
          "p_value": 0.13385273551786803,
          "is_noise_changed": false
        }
      },
      "24": {
        "is_shifted": true,
        "parents": [
          15
        ],
        "function_test": {
          "f_statistic": 0.9138775166589679,
          "p_value": 0.339203453872285,
          "is_function_changed": false,
          "beta_env1": [
            -0.005689556713364468
          ],
          "beta_env2": [
            -0.03921539749474842
          ]
        },
        "noise_test": {
          "ks_statistic": 0.076,
          "p_value": 0.006185603570160095,
          "is_noise_changed": true
        }
      },
      "25": {
        "is_shifted": false,
        "parents": [
          1,
          18,
          21
        ],
        "function_test": {
          "f_statistic": 2.0502263701133363,