{
  "dataset_info": {
    "seed": 188,
    "dataset_index": 27,
    "node_count": 30,
    "edge_count": 30,
    "graph_type": "ER",
    "shifted_nodes": [
      27,
      14,
      25,
      29,
      21,
      28
    ],
    "shift_types": {
      "27": [
        "noise_N02"
      ],
      "14": [
        "noise_N02"
      ],
      "25": [
        "noise_N02"
      ],
      "29": [
        "noise_laplace"
      ],
      "21": [
        "noise_laplace"
      ],
      "28": [
        "noise_laplace"
      ]
    },
    "shift_case": "noise_N02_laplace",
    "deleted_parents": {}
  },
  "model": "linearccp",
  "exp_type": "synthetic",
  "config_name": "ER",
  "device": "cuda:0",
  "linearccp": {
    "shifted_nodes": [
      14,
      16,
      19,
      22,
      24,
      25,
      27,
      29
    ],
    "functional_change_nodes": [
      16,
      19,
      22,
      24,
      27
    ],
    "noise_change_nodes": [
      14,
      25,
      27,
      29
    ],
    "node_results": {
      "3": {
        "is_shifted": false,
        "parents": [
          0,
          2
        ],
        "function_test": {
          "f_statistic": 0.8840476552488286,
          "p_value": 0.41326925850145535,
          "is_function_changed": false,
          "beta_env1": [
            -0.0010008709159520827,
            -0.01368186560630499
          ],
          "beta_env2": [
            0.03403347577732976,
            0.01901853099757151
          ]
        },
        "noise_test": {
          "ks_statistic": 0.026,
          "p_value": 0.8881734182535203,
          "is_noise_changed": false
        }
      },
      "7": {
        "is_shifted": false,
        "parents": [
          6
        ],
        "function_test": {
          "f_statistic": 0.009266146053372509,
          "p_value": 0.9233230887469368,
          "is_function_changed": false,
          "beta_env1": [
            0.035876759114421695
          ],
          "beta_env2": [
            0.03290595257249352
          ]
        },
        "noise_test": {
          "ks_statistic": 0.023,
          "p_value": 0.9542189106778983,
          "is_noise_changed": false
        }
      },
      "8": {
        "is_shifted": false,
        "parents": [
          3
        ],
        "function_test": {
          "f_statistic": 3.3473344180828963,
          "p_value": 0.06746302768145118,
          "is_function_changed": false,
          "beta_env1": [
            0.10353154963023531
          ],
          "beta_env2": [
            0.023971690631167466
          ]
        },
        "noise_test": {
          "ks_statistic": 0.035,
          "p_value": 0.5728904395829821,
          "is_noise_changed": false
        }
      },
      "10": {
        "is_shifted": false,
        "parents": [
          0,
          1
        ],
        "function_test": {
          "f_statistic": 0.27407056635891824,
          "p_value": 0.7603070585328682,
          "is_function_changed": false,
          "beta_env1": [
            0.008339417283609865,
            -0.027061301978048784
          ],
          "beta_env2": [
            -0.01968774663778469,
            -0.021997572584342345
          ]
        },
        "noise_test": {
          "ks_statistic": 0.042,
          "p_value": 0.34112475112661245,
          "is_noise_changed": false
        }
      },
      "13": {
        "is_shifted": false,
        "parents": [
          3,
          6,
          12
        ],
        "function_test": {
          "f_statistic": 0.761061581035693,
          "p_value": 0.5158913829048704,
          "is_function_changed": false,
          "beta_env1": [
            0.08887065522201976,
            0.029628641160104857,
            0.04006027805502588
          ],
          "beta_env2": [
            0.022127846766344696,
            0.02139564066958015,
            0.07833332848382105
          ]
        },
        "noise_test": {
          "ks_statistic": 0.036,
          "p_value": 0.5362766985932181,
          "is_noise_changed": false
        }
      },
      "14": {
        "is_shifted": true,
        "parents": [
          10
        ],
        "function_test": {
          "f_statistic": 0.7169492401845007,
          "p_value": 0.3972479460958517,
          "is_function_changed": false,
          "beta_env1": [
            0.020627164243286235
          ],
          "beta_env2": [
            0.06291480814901551
          ]
        },
        "noise_test": {
          "ks_statistic": 0.102,
          "p_value": 5.984567716622354e-05,
          "is_noise_changed": true
        }
      },
      "16": {
        "is_shifted": true,
        "parents": [
          15
        ],
        "function_test": {
          "f_statistic": 6.521684000627135,
          "p_value": 0.010730435859180876,
          "is_function_changed": true,
          "beta_env1": [
            -0.03203152447020092
          ],
          "beta_env2": [
            0.044206082496192754
          ]
        },
        "noise_test": {
          "ks_statistic": 0.025,
          "p_value": 0.9136894237272155,
          "is_noise_changed": false
        }
      },
      "18": {
        "is_shifted": false,
        "parents": [
          1,
          3
        ],
        "function_test": {
          "f_statistic": 0.3394594993847813,
          "p_value": 0.7121962861606717,
          "is_function_changed": false,
          "beta_env1": [
            -0.01503720429071497,
            0.06494339235463796
          ],
          "beta_env2": [
            -0.02401378267766625,
            0.025661434600785727
          ]
        },
        "noise_test": {
          "ks_statistic": 0.032,
          "p_value": 0.6854967337920594,
          "is_noise_changed": false
        }
      },
      "19": {
        "is_shifted": true,
        "parents": [
          3
        ],
        "function_test": {
          "f_statistic": 4.088170098978515,
          "p_value": 0.043317547491187214,
          "is_function_changed": true,
          "beta_env1": [
            0.09253227217015055
          ],
          "beta_env2": [
            0.002801892783468391
          ]
        },
        "noise_test": {
          "ks_statistic": 0.02,
          "p_value": 0.9883339509983219,
          "is_noise_changed": false
        }
      },
      "20": {
        "is_shifted": false,
        "parents": [
          8,
          18,
          19
        ],
        "function_test": {
          "f_statistic": 0.12933955993624555,
          "p_value": 0.9426940870560996,
          "is_function_changed": false,
          "beta_env1": [
            0.0620929770828614,
            -0.01470367123775617,
            0.10041424831492327
          ],
          "beta_env2": [
            0.08364066233014512,
            0.010956942918799326,
            0.09209600835253379
          ]
        },
        "noise_test": {
          "ks_statistic": 0.026,
          "p_value": 0.8881734182535203,
          "is_noise_changed": false
        }
      },
      "21": {
        "is_shifted": false,
        "parents": [
          8
        ],
        "function_test": {
          "f_statistic": 2.773863790304263,
          "p_value": 0.09597155324953821,
          "is_function_changed": false,
          "beta_env1": [
            0.013386394091445169
          ],
          "beta_env2": [
            0.08867267750092393
          ]
        },
        "noise_test": {
          "ks_statistic": 0.042,
          "p_value": 0.34112475112661245,
          "is_noise_changed": false
        }
      },
      "22": {
        "is_shifted": true,
        "parents": [
          14,
          17
        ],
        "function_test": {
          "f_statistic": 7.300374746376148,
          "p_value": 0.0006934880231471707,
          "is_function_changed": true,
          "beta_env1": [
            0.1302190015401273,
            0.007669282183384767
          ],