{
  "dataset_info": {
    "seed": 184,
    "dataset_index": 23,
    "node_count": 30,
    "edge_count": 30,
    "graph_type": "ER",
    "shifted_nodes": [
      16,
      7,
      9,
      23,
      24,
      29
    ],
    "shift_types": {
      "16": [
        "sin_cos"
      ],
      "7": [
        "sin_cos"
      ],
      "9": [
        "sin_cos"
      ],
      "23": [
        "pa_delete"
      ],
      "24": [
        "pa_delete"
      ],
      "29": [
        "pa_delete"
      ]
    },
    "shift_case": "sin_cos_pa_delete",
    "deleted_parents": {
      "23": 1,
      "24": 12,
      "29": 19
    }
  },
  "model": "linearccp",
  "exp_type": "synthetic",
  "config_name": "ER",
  "device": "cuda:0",
  "linearccp": {
    "shifted_nodes": [
      7,
      9,
      10,
      20,
      23,
      27,
      28,
      29
    ],
    "functional_change_nodes": [
      7,
      9,
      10,
      20,
      27,
      28,
      29
    ],
    "noise_change_nodes": [
      7,
      9,
      23,
      29
    ],
    "node_results": {
      "6": {
        "is_shifted": false,
        "parents": [
          3
        ],
        "function_test": {
          "f_statistic": 0.0016524093146292052,
          "p_value": 0.9675791175892745,
          "is_function_changed": false,
          "beta_env1": [
            -0.028169255290437244
          ],
          "beta_env2": [
            -0.029442411306888676
          ]
        },
        "noise_test": {
          "ks_statistic": 0.028,
          "p_value": 0.8282194040312439,
          "is_noise_changed": false
        }
      },
      "7": {
        "is_shifted": true,
        "parents": [
          3
        ],
        "function_test": {
          "f_statistic": 50.64563785847999,
          "p_value": 1.5364376437787541e-12,
          "is_function_changed": true,
          "beta_env1": [
            -0.027333499806742954
          ],
          "beta_env2": [
            0.2150682570838569
          ]
        },
        "noise_test": {
          "ks_statistic": 0.09,
          "p_value": 0.0006029005665324465,
          "is_noise_changed": true
        }
      },
      "9": {
        "is_shifted": true,
        "parents": [
          3,
          5
        ],
        "function_test": {
          "f_statistic": 26.47434084749898,
          "p_value": 4.490963156911221e-12,
          "is_function_changed": true,
          "beta_env1": [
            -0.023640904518207228,
            0.052439791804555456
          ],
          "beta_env2": [
            0.23067605988221698,
            0.2227514796408918
          ]
        },
        "noise_test": {
          "ks_statistic": 0.092,
          "p_value": 0.000418604197209586,
          "is_noise_changed": true
        }
      },
      "10": {
        "is_shifted": true,
        "parents": [
          4,
          7
        ],
        "function_test": {
          "f_statistic": 7.734807848489237,
          "p_value": 0.00045058739938164116,
          "is_function_changed": true,
          "beta_env1": [
            0.005162219116285073,
            0.23764650251750435
          ],
          "beta_env2": [
            0.011201285158880542,
            0.04340236986474752
          ]
        },
        "noise_test": {
          "ks_statistic": 0.019,
          "p_value": 0.9937026761524456,
          "is_noise_changed": false
        }
      },
      "11": {
        "is_shifted": false,
        "parents": [
          5
        ],
        "function_test": {
          "f_statistic": 3.336637758913777,
          "p_value": 0.06790220813386982,
          "is_function_changed": false,
          "beta_env1": [
            0.06531613677838945
          ],
          "beta_env2": [
            0.008657284525597194
          ]
        },
        "noise_test": {
          "ks_statistic": 0.041,
          "p_value": 0.37012017606173,
          "is_noise_changed": false
        }
      },
      "16": {
        "is_shifted": false,
        "parents": [
          11
        ],
        "function_test": {
          "f_statistic": 1.164376194437801,
          "p_value": 0.2806901786732897,
          "is_function_changed": false,
          "beta_env1": [
            0.11781502946751175
          ],
          "beta_env2": [
            0.16746984773850346
          ]
        },
        "noise_test": {
          "ks_statistic": 0.044,
          "p_value": 0.28779764348473313,
          "is_noise_changed": false
        }
      },
      "17": {
        "is_shifted": false,
        "parents": [
          0,
          15
        ],
        "function_test": {
          "f_statistic": 1.9951740308467238,
          "p_value": 0.13626137789096182,
          "is_function_changed": false,
          "beta_env1": [
            0.003332689796312023,
            -0.006682919649837548
          ],
          "beta_env2": [
            0.07736184193984734,
            0.009214076434029772
          ]
        },
        "noise_test": {
          "ks_statistic": 0.025,
          "p_value": 0.9136894237272155,
          "is_noise_changed": false
        }
      },
      "18": {
        "is_shifted": false,
        "parents": [
          11
        ],
        "function_test": {
          "f_statistic": 0.570426686434865,
          "p_value": 0.45017852244850665,
          "is_function_changed": false,
          "beta_env1": [
            0.14397421924053222
          ],
          "beta_env2": [
            0.11034164972924013
          ]
        },
        "noise_test": {
          "ks_statistic": 0.03,
          "p_value": 0.7593695685682871,
          "is_noise_changed": false
        }
      },
      "20": {
        "is_shifted": true,
        "parents": [
          9,
          13
        ],
        "function_test": {
          "f_statistic": 3.638987946903725,
          "p_value": 0.026453600038433556,
          "is_function_changed": true,
          "beta_env1": [
            0.013483226362119625,
            -0.01690851149674565
          ],
          "beta_env2": [
            -0.10515771588455769,
            -0.03359021756687428
          ]
        },
        "noise_test": {
          "ks_statistic": 0.034,
          "p_value": 0.6101664688189142,
          "is_noise_changed": false
        }
      },
      "21": {
        "is_shifted": false,
        "parents": [
          17
        ],
        "function_test": {
          "f_statistic": 0.11580953122759371,
          "p_value": 0.733660407198194,
          "is_function_changed": false,
          "beta_env1": [
            0.013054109715253101
          ],
          "beta_env2": [
            -0.002195141752026485
          ]
        },
        "noise_test": {
          "ks_statistic": 0.03,
          "p_value": 0.7593695685682871,
          "is_noise_changed": false
        }
      },
      "23": {
        "is_shifted": true,
        "parents": [
          1,
          2
        ],
        "function_test": {
          "f_statistic": 2.3977409217212555,
          "p_value": 0.09118523375073007,
          "is_function_changed": false,
          "beta_env1": [
            0.059579755663110336,
            0.013390891025816634
          ],
          "beta_env2": [
            -0.010603653042122314,
            -0.00626871979172074
          ]
        },
        "noise_test": {
          "ks_statistic": 0.07,
          "p_value": 0.014870029418858987,
          "is_noise_changed": true
        }
      },
      "24": {
        "is_shifted": false,
        "parents": [
          9,
          12
        ],
        "function_test": {
          "f_statistic": 2.5360697822224547,
          "p_value": 0.07943233592732324,
          "is_function_changed": false,
          "beta_env1": [
            0.001540902153380789,
            0.05120190988769628
          ],
          "beta_env2": [
            -0.08294139140072025,
            0.008592916749539804
          ]
        },
        "noise_test": {
          "ks_statistic": 0.055,