{
  "dataset_info": {
    "seed": 175,
    "dataset_index": 14,
    "node_count": 30,
    "edge_count": 30,
    "graph_type": "ER",
    "shifted_nodes": [
      25,
      17,
      23,
      20,
      11,
      16
    ],
    "shift_types": {
      "25": [
        "pa_delete"
      ],
      "17": [
        "pa_delete"
      ],
      "23": [
        "pa_delete"
      ],
      "20": [
        "noise_N02"
      ],
      "11": [
        "noise_N02"
      ],
      "16": [
        "noise_N02"
      ]
    },
    "shift_case": "pa_delete_noise_N02",
    "deleted_parents": {
      "25": 17,
      "17": 8,
      "23": 19
    }
  },
  "model": "linearccp",
  "exp_type": "synthetic",
  "config_name": "ER",
  "device": "cuda:0",
  "linearccp": {
    "shifted_nodes": [
      5,
      11,
      12,
      16,
      17,
      20,
      21,
      23,
      25
    ],
    "functional_change_nodes": [
      5,
      12,
      17,
      21,
      23
    ],
    "noise_change_nodes": [
      11,
      16,
      17,
      20,
      25
    ],
    "node_results": {
      "5": {
        "is_shifted": true,
        "parents": [
          1
        ],
        "function_test": {
          "f_statistic": 5.3760574877792155,
          "p_value": 0.02051552512296151,
          "is_function_changed": true,
          "beta_env1": [
            0.03218678618425169
          ],
          "beta_env2": [
            -0.03746321722627476
          ]
        },
        "noise_test": {
          "ks_statistic": 0.032,
          "p_value": 0.6854967337920594,
          "is_noise_changed": false
        }
      },
      "10": {
        "is_shifted": false,
        "parents": [
          6
        ],
        "function_test": {
          "f_statistic": 0.06966857224650265,
          "p_value": 0.7918471985205169,
          "is_function_changed": false,
          "beta_env1": [
            0.007307821657265723
          ],
          "beta_env2": [
            -0.0007431283019674402
          ]
        },
        "noise_test": {
          "ks_statistic": 0.031,
          "p_value": 0.7228251828701066,
          "is_noise_changed": false
        }
      },
      "11": {
        "is_shifted": true,
        "parents": [
          1,
          4
        ],
        "function_test": {
          "f_statistic": 1.2352587317679484,
          "p_value": 0.290981922568886,
          "is_function_changed": false,
          "beta_env1": [
            -0.02507098605605082,
            0.024096828936890365
          ],
          "beta_env2": [
            0.024031594954667335,
            -0.019634343134188575
          ]
        },
        "noise_test": {
          "ks_statistic": 0.062,
          "p_value": 0.042792013924212634,
          "is_noise_changed": true
        }
      },
      "12": {
        "is_shifted": true,
        "parents": [
          1
        ],
        "function_test": {
          "f_statistic": 4.108463090547195,
          "p_value": 0.042801807345915655,
          "is_function_changed": true,
          "beta_env1": [
            -0.00243833346900087
          ],
          "beta_env2": [
            -0.06467912841099424
          ]
        },
        "noise_test": {
          "ks_statistic": 0.04,
          "p_value": 0.4006338815832625,
          "is_noise_changed": false
        }
      },
      "14": {
        "is_shifted": false,
        "parents": [
          12
        ],
        "function_test": {
          "f_statistic": 0.005560939295166652,
          "p_value": 0.940562959501561,
          "is_function_changed": false,
          "beta_env1": [
            0.11971324285273012
          ],
          "beta_env2": [
            0.11638278907893658
          ]
        },
        "noise_test": {
          "ks_statistic": 0.032,
          "p_value": 0.6854967337920594,
          "is_noise_changed": false
        }
      },
      "15": {
        "is_shifted": false,
        "parents": [
          5,
          14
        ],
        "function_test": {
          "f_statistic": 1.9920058202807838,
          "p_value": 0.13669290297637327,
          "is_function_changed": false,
          "beta_env1": [
            0.10870367061400034,
            0.13436764204945675
          ],
          "beta_env2": [
            0.21238037104336216,
            0.1684483292020169
          ]
        },
        "noise_test": {
          "ks_statistic": 0.031,
          "p_value": 0.7228251828701066,
          "is_noise_changed": false
        }
      },
      "16": {
        "is_shifted": true,
        "parents": [
          2
        ],
        "function_test": {
          "f_statistic": 0.6521046168543668,
          "p_value": 0.41945744799821716,
          "is_function_changed": false,
          "beta_env1": [
            0.024583908343184625
          ],
          "beta_env2": [
            0.05347957530537203
          ]
        },
        "noise_test": {
          "ks_statistic": 0.075,
          "p_value": 0.007195361443046065,
          "is_noise_changed": true
        }
      },
      "17": {
        "is_shifted": true,
        "parents": [
          5,
          8
        ],
        "function_test": {
          "f_statistic": 4.081425137458917,
          "p_value": 0.017024636309742824,
          "is_function_changed": true,
          "beta_env1": [
            0.13090758427565832,
            -0.05383395912110862
          ],
          "beta_env2": [
            0.1855055454158857,
            0.0357609542712194
          ]
        },
        "noise_test": {
          "ks_statistic": 0.062,
          "p_value": 0.042792013924212634,
          "is_noise_changed": true
        }
      },
      "18": {
        "is_shifted": false,
        "parents": [
          16
        ],
        "function_test": {
          "f_statistic": 3.1203411105047665,
          "p_value": 0.0774734195115806,
          "is_function_changed": false,
          "beta_env1": [
            0.12425554798696091
          ],
          "beta_env2": [
            0.04860515885484658
          ]
        },
        "noise_test": {
          "ks_statistic": 0.031,
          "p_value": 0.7228251828701066,
          "is_noise_changed": false
        }
      },
      "19": {
        "is_shifted": false,
        "parents": [
          7
        ],
        "function_test": {
          "f_statistic": 0.466568912208986,
          "p_value": 0.49464915157332146,
          "is_function_changed": false,
          "beta_env1": [
            -0.008381108654388793
          ],
          "beta_env2": [
            -0.029341750667613763
          ]
        },
        "noise_test": {
          "ks_statistic": 0.02,
          "p_value": 0.9883339509983219,
          "is_noise_changed": false
        }
      },
      "20": {
        "is_shifted": true,
        "parents": [
          5,
          15
        ],
        "function_test": {
          "f_statistic": 0.45539144502306783,
          "p_value": 0.634265606873037,
          "is_function_changed": false,
          "beta_env1": [
            0.05796830943888721,
            0.10549382685941419
          ],
          "beta_env2": [
            0.12094654513904396,
            0.08244714879065398
          ]
        },
        "noise_test": {
          "ks_statistic": 0.078,
          "p_value": 0.004543821879051605,
          "is_noise_changed": true
        }
      },
      "21": {
        "is_shifted": true,
        "parents": [
          3,
          15,
          19
        ],
        "function_test": {
          "f_statistic": 2.631584451248397,
          "p_value": 0.04853341434234815,
          "is_function_changed": true,
          "beta_env1": [
            0.013786434053811313,
            0.011333984508135636,
            0.1527391875509746
          ],
          "beta_env2": [
            0.13477631027486364,
            -0.008808244314404745,
            0.10339530195650687
          ]
        },
        "noise_test": {
          "ks_statistic": 0.042,