{
  "dataset_info": {
    "seed": 132,
    "dataset_index": 1,
    "node_count": 20,
    "edge_count": 20,
    "graph_type": "SF",
    "shifted_nodes": [
      14,
      10,
      19,
      1
    ],
    "shift_types": {
      "14": [
        "sin_cos"
      ],
      "10": [
        "sin_cos"
      ],
      "19": [
        "noise_N02"
      ],
      "1": [
        "noise_N02"
      ]
    },
    "shift_case": "sin_cos_noise_N02",
    "deleted_parents": {}
  },
  "model": "iscan",
  "config_name": "SF",
  "dag_structure": "standard",
  "device": "cuda:0",
  "iscan": {
    "detected_shifted_nodes": [
      19,
      1,
      11
    ],
    "order": [
      3,
      4,
      5,
      7,
      9,
      17,
      13,
      10,
      11,
      8,
      15,
      16,
      2,
      1,
      18,
      14,
      6,
      12,
      19,
      0
    ],
    "ratio_dict": {
      "19": 1.6451243414064425,
      "1": 1.1692669403073717,
      "11": 1.1421190629017286,
      "6": 1.0197337132766844,
      "12": 1.0022402133641197,
      "0": 0.9491636669557046,
      "13": 0.9457493788334306,
      "5": 0.911928161816518,
      "8": 0.8875765447344842,
      "18": 0.8379091013644835,
      "16": 0.815642349440939,
      "9": 0.8116618159789191,
      "15": 0.8055132998020287,
      "7": 0.7810412657368049,
      "4": 0.7203365105062908,
      "2": 0.6949380391906126,
      "14": 0.6933200690607081,
      "17": 0.6402574366162276,
      "10": 0.4561622530860394
    },
    "true_shifted_node_summary": {
      "1": {
        "is_detected_as_shifted": true,
        "has_functional_shift_detected": false
      },
      "10": {
        "is_detected_as_shifted": false,
        "has_functional_shift_detected": true
      },
      "19": {
        "is_detected_as_shifted": true,
        "has_functional_shift_detected": true
      },
      "14": {
        "is_detected_as_shifted": false,
        "has_functional_shift_detected": true
      }
    },
    "functional_shift_results": {
      "1": {
        "shifted_edges": [],
        "test_details": {
          "y_node": 1,
          "parents": [
            0
          ],
          "functional_shift_detected": false,
          "p_value_overall": 0.12121497113839341,
          "parent_specific_p_values": {},
          "coefficients_env1": {
            "Intercept": -2.497699020870395,
            "bs(x0, df=4, degree=3)[0]": 4.482068209468167,
            "bs(x0, df=4, degree=3)[1]": 0.9007899592240447,
            "bs(x0, df=4, degree=3)[2]": 4.489029018847905,
            "bs(x0, df=4, degree=3)[3]": 0.628776660603255
          },
          "coefficients_env2": {
            "Intercept": -1.1251045031359066,
            "bs(x0, df=4, degree=3)[0]": 2.6976183116329793,
            "bs(x0, df=4, degree=3)[1]": -0.16797219049261847,
            "bs(x0, df=4, degree=3)[2]": 3.1164721938371986,
            "bs(x0, df=4, degree=3)[3]": -0.9420873807052931
          }
        },
        "has_functional_shift": false
      },
      "10": {
        "shifted_edges": [
          [
            0,
            10
          ]
        ],
        "test_details": {
          "y_node": 10,
          "parents": [
            0
          ],
          "functional_shift_detected": true,
          "p_value_overall": 1.1102230246251565e-16,
          "parent_specific_p_values": {
            "0": 1.1102230246251565e-16
          },
          "coefficients_env1": {
            "Intercept": -2.5155732008884604,
            "bs(x0, df=4, degree=3)[0]": 4.468429010445384,
            "bs(x0, df=4, degree=3)[1]": 1.06251439968228,
            "bs(x0, df=4, degree=3)[2]": 4.467829678832768,
            "bs(x0, df=4, degree=3)[3]": 0.16109701548512367
          },
          "coefficients_env2": {
            "Intercept": 0.3606642108528164,
            "bs(x0, df=4, degree=3)[0]": -1.4524096359557146,
            "bs(x0, df=4, degree=3)[1]": 1.038899577295732,
            "bs(x0, df=4, degree=3)[2]": 0.024141455925481725,
            "bs(x0, df=4, degree=3)[3]": -0.6885112632036687
          }
        },
        "has_functional_shift": true
      },
      "19": {
        "shifted_edges": [
          [
            14,
            19
          ]
        ],
        "test_details": {
          "y_node": 19,
          "parents": [
            14
          ],
          "functional_shift_detected": true,
          "p_value_overall": 0.0008276439394225843,
          "parent_specific_p_values": {
            "14": 0.0008276439394225843
          },
          "coefficients_env1": {
            "Intercept": -0.10299275698345085,
            "bs(x14, df=4, degree=3)[0]": 1.4722952086006924,
            "bs(x14, df=4, degree=3)[1]": -1.6085249583215073,
            "bs(x14, df=4, degree=3)[2]": 2.606811500728024,
            "bs(x14, df=4, degree=3)[3]": -1.3243757009728556
          },
          "coefficients_env2": {
            "Intercept": 0.6653439300394159,
            "bs(x14, df=4, degree=3)[0]": 0.9111329500303028,
            "bs(x14, df=4, degree=3)[1]": -2.2094797453496566,
            "bs(x14, df=4, degree=3)[2]": 1.6067827754936672,
            "bs(x14, df=4, degree=3)[3]": -3.6406798352772194
          }
        },
        "has_functional_shift": true
      },
      "14": {
        "shifted_edges": [
          [
            1,
            14
          ]
        ],
        "test_details": {
          "y_node": 14,
          "parents": [
            1
          ],
          "functional_shift_detected": true,
          "p_value_overall": 1.1102230246251565e-16,
          "parent_specific_p_values": {
            "1": 1.1102230246251565e-16
          },
          "coefficients_env1": {
            "Intercept": -0.737536313153187,
            "bs(x1, df=4, degree=3)[0]": 2.6911530246814546,
            "bs(x1, df=4, degree=3)[1]": -1.1387790995761122,
            "bs(x1, df=4, degree=3)[2]": 3.0885114363512427,
            "bs(x1, df=4, degree=3)[3]": -2.596910201951011
          },
          "coefficients_env2": {
            "Intercept": 0.17982785703594023,
            "bs(x1, df=4, degree=3)[0]": -2.6591287883893417,
            "bs(x1, df=4, degree=3)[1]": 2.590642029814673,
            "bs(x1, df=4, degree=3)[2]": -0.8434766245665413,
            "bs(x1, df=4, degree=3)[3]": -0.0565024119487465
          }
        },
        "has_functional_shift": true
      }
    },
    "all_shifted_edges": [
      [
        0,
        10
      ],
      [
        14,
        19
      ],
      [
        1,
        14
      ]
    ]
  }
}