{
  "dataset_info": {
    "seed": 155,
    "dataset_index": 24,
    "node_count": 20,
    "edge_count": 20,
    "graph_type": "SF",
    "shifted_nodes": [
      16,
      18,
      17,
      3
    ],
    "shift_types": {
      "16": [
        "sin_cos"
      ],
      "18": [
        "sin_cos"
      ],
      "17": [
        "pa_delete"
      ],
      "3": [
        "pa_delete"
      ]
    },
    "shift_case": "sin_cos_pa_delete",
    "deleted_parents": {
      "17": 2,
      "3": 1
    }
  },
  "model": "iscan",
  "config_name": "SF",
  "dag_structure": "standard",
  "device": "cuda:0",
  "iscan": {
    "detected_shifted_nodes": [
      17,
      0
    ],
    "order": [
      4,
      5,
      6,
      9,
      19,
      10,
      2,
      7,
      11,
      12,
      13,
      16,
      8,
      3,
      1,
      14,
      18,
      17,
      15,
      0
    ],
    "ratio_dict": {
      "17": 2.416859511279151,
      "0": 1.093411569502555,
      "3": 0.9811208357331003,
      "18": 0.9075400434798432,
      "6": 0.8967427090464035,
      "1": 0.8868790985074696,
      "16": 0.8683624731344484,
      "12": 0.8490003811805049,
      "14": 0.8472576905155971,
      "2": 0.8275296853546089,
      "15": 0.8126035973136527,
      "11": 0.748876591000031,
      "9": 0.7467444511620112,
      "13": 0.7332215068680683,
      "10": 0.7248243584340789,
      "5": 0.7083535325280369,
      "8": 0.7034441858439074,
      "7": 0.6846202403408977,
      "19": 0.6717125338326014
    },
    "true_shifted_node_summary": {
      "16": {
        "is_detected_as_shifted": false,
        "has_functional_shift_detected": true
      },
      "17": {
        "is_detected_as_shifted": true,
        "has_functional_shift_detected": true
      },
      "18": {
        "is_detected_as_shifted": false,
        "has_functional_shift_detected": true
      },
      "3": {
        "is_detected_as_shifted": false,
        "has_functional_shift_detected": true
      }
    },
    "functional_shift_results": {
      "16": {
        "shifted_edges": [
          [
            6,
            16
          ]
        ],
        "test_details": {
          "y_node": 16,
          "parents": [
            6
          ],
          "functional_shift_detected": true,
          "p_value_overall": 1.1102230246251565e-16,
          "parent_specific_p_values": {
            "6": 1.1102230246251565e-16
          },
          "coefficients_env1": {
            "Intercept": -0.017559540805050622,
            "bs(x6, df=4, degree=3)[0]": 1.875659706966177,
            "bs(x6, df=4, degree=3)[1]": -2.082941015473218,
            "bs(x6, df=4, degree=3)[2]": 2.830971590944106,
            "bs(x6, df=4, degree=3)[3]": -3.292761469163363
          },
          "coefficients_env2": {
            "Intercept": -0.17027059687054286,
            "bs(x6, df=4, degree=3)[0]": -1.8516360426284466,
            "bs(x6, df=4, degree=3)[1]": 3.024284111149286,
            "bs(x6, df=4, degree=3)[2]": -0.4043973306334796,
            "bs(x6, df=4, degree=3)[3]": 0.2945783622971993
          }
        },
        "has_functional_shift": true
      },
      "17": {
        "shifted_edges": [
          [
            2,
            17
          ]
        ],
        "test_details": {
          "y_node": 17,
          "parents": [
            2
          ],
          "functional_shift_detected": true,
          "p_value_overall": 6.631200978324259e-06,
          "parent_specific_p_values": {
            "2": 6.631200978324259e-06
          },
          "coefficients_env1": {
            "Intercept": 0.11481879387841137,
            "bs(x2, df=4, degree=3)[0]": 1.5998846364603136,
            "bs(x2, df=4, degree=3)[1]": -1.8851589078195614,
            "bs(x2, df=4, degree=3)[2]": 2.2109279319590884,
            "bs(x2, df=4, degree=3)[3]": -2.407655234796483
          },
          "coefficients_env2": {
            "Intercept": -0.05108632133878992,
            "bs(x2, df=4, degree=3)[0]": 0.18505165828251613,
            "bs(x2, df=4, degree=3)[1]": -0.2641167322168988,
            "bs(x2, df=4, degree=3)[2]": 0.12000660940763103,
            "bs(x2, df=4, degree=3)[3]": 0.42598129522720585
          }
        },
        "has_functional_shift": true
      },
      "18": {
        "shifted_edges": [
          [
            2,
            18
          ]
        ],
        "test_details": {
          "y_node": 18,
          "parents": [
            2
          ],
          "functional_shift_detected": true,
          "p_value_overall": 1.1102230246251565e-16,
          "parent_specific_p_values": {
            "2": 1.1102230246251565e-16
          },
          "coefficients_env1": {
            "Intercept": 0.16376490283135897,
            "bs(x2, df=4, degree=3)[0]": 1.7521878578152215,
            "bs(x2, df=4, degree=3)[1]": -2.149694255135865,
            "bs(x2, df=4, degree=3)[2]": 2.208539307758666,
            "bs(x2, df=4, degree=3)[3]": -2.0372171779702617
          },
          "coefficients_env2": {
            "Intercept": -1.0173677155956131,
            "bs(x2, df=4, degree=3)[0]": 0.05564445232535634,
            "bs(x2, df=4, degree=3)[1]": 2.932608258967249,
            "bs(x2, df=4, degree=3)[2]": 0.9269322959619395,
            "bs(x2, df=4, degree=3)[3]": 1.1660361992056711
          }
        },
        "has_functional_shift": true
      },
      "3": {
        "shifted_edges": [
          [
            1,
            3
          ]
        ],
        "test_details": {
          "y_node": 3,
          "parents": [
            1
          ],
          "functional_shift_detected": true,
          "p_value_overall": 5.85540262498796e-07,
          "parent_specific_p_values": {
            "1": 5.85540262498796e-07
          },
          "coefficients_env1": {
            "Intercept": -0.23489654711215305,
            "bs(x1, df=4, degree=3)[0]": 1.5941941341753827,
            "bs(x1, df=4, degree=3)[1]": -1.1914830969309997,
            "bs(x1, df=4, degree=3)[2]": 2.3094189779586096,
            "bs(x1, df=4, degree=3)[3]": -0.8588412624644346
          },
          "coefficients_env2": {
            "Intercept": 0.44096193329546085,
            "bs(x1, df=4, degree=3)[0]": -0.3334524375139868,
            "bs(x1, df=4, degree=3)[1]": -0.6234431903218608,
            "bs(x1, df=4, degree=3)[2]": -0.31852851121420844,
            "bs(x1, df=4, degree=3)[3]": -0.8124060994792823
          }
        },
        "has_functional_shift": true
      }
    },
    "all_shifted_edges": [
      [
        6,
        16
      ],
      [
        2,
        17
      ],
      [
        2,
        18
      ],
      [
        1,
        3
      ]
    ]
  }
}