{
  "dataset_info": {
    "seed": 117,
    "dataset_index": 16,
    "node_count": 20,
    "edge_count": 20,
    "graph_type": "ER",
    "shifted_nodes": [
      11,
      9,
      17,
      13
    ],
    "shift_types": {
      "11": [
        "pa_delete"
      ],
      "9": [
        "pa_delete"
      ],
      "17": [
        "noise_laplace"
      ],
      "13": [
        "noise_laplace"
      ]
    },
    "shift_case": "pa_delete_noise_laplace",
    "deleted_parents": {
      "11": 9,
      "9": 3
    }
  },
  "model": "iscan",
  "config_name": "ER",
  "dag_structure": "standard",
  "device": "cuda:0",
  "iscan": {
    "detected_shifted_nodes": [
      11,
      2,
      14,
      17,
      4,
      8,
      3,
      1,
      5,
      13,
      0,
      18,
      9,
      12
    ],
    "order": [
      7,
      10,
      2,
      9,
      6,
      15,
      11,
      12,
      16,
      13,
      3,
      8,
      17,
      0,
      14,
      5,
      19,
      4,
      1,
      18
    ],
    "ratio_dict": {
      "11": 1.4937804764616955,
      "2": 1.2674191418565521,
      "14": 1.2282279924098196,
      "17": 1.1349800006468933,
      "4": 1.120603775747886,
      "8": 1.083401233192982,
      "3": 1.0149607368127314,
      "1": 0.9955372794404255,
      "5": 0.9929650697166701,
      "13": 0.9530914867239761,
      "0": 0.9396711729555035,
      "18": 0.9294334317475672,
      "9": 0.9038308151303582,
      "12": 0.8916668853248578,
      "15": 0.8156442414023947,
      "19": 0.7983855237273525,
      "16": 0.7902415324101196,
      "6": 0.693983281994992,
      "10": 0.6216132427303522
    },
    "true_shifted_node_summary": {
      "9": {
        "is_detected_as_shifted": true,
        "has_functional_shift_detected": true
      },
      "11": {
        "is_detected_as_shifted": true,
        "has_functional_shift_detected": true
      },
      "13": {
        "is_detected_as_shifted": true,
        "has_functional_shift_detected": true
      },
      "17": {
        "is_detected_as_shifted": true,
        "has_functional_shift_detected": false
      }
    },
    "functional_shift_results": {
      "9": {
        "shifted_edges": [
          [
            3,
            9
          ]
        ],
        "test_details": {
          "y_node": 9,
          "parents": [
            3
          ],
          "functional_shift_detected": true,
          "p_value_overall": 1.3810885324261335e-08,
          "parent_specific_p_values": {
            "3": 1.3810885324261335e-08
          },
          "coefficients_env1": {
            "Intercept": -1.7663725733688254,
            "bs(x3, df=4, degree=3)[0]": 3.7382356775549224,
            "bs(x3, df=4, degree=3)[1]": -0.05159444844821223,
            "bs(x3, df=4, degree=3)[2]": 4.119473267111229,
            "bs(x3, df=4, degree=3)[3]": -1.2207959129303523
          },
          "coefficients_env2": {
            "Intercept": 0.3338195114005015,
            "bs(x3, df=4, degree=3)[0]": -0.5647380642471967,
            "bs(x3, df=4, degree=3)[1]": -0.01336157775639324,
            "bs(x3, df=4, degree=3)[2]": -0.626589401008144,
            "bs(x3, df=4, degree=3)[3]": -0.8224514528122426
          }
        },
        "has_functional_shift": true
      },
      "11": {
        "shifted_edges": [
          [
            9,
            11
          ]
        ],
        "test_details": {
          "y_node": 11,
          "parents": [
            9
          ],
          "functional_shift_detected": true,
          "p_value_overall": 6.980860334238059e-12,
          "parent_specific_p_values": {
            "9": 6.980860334238059e-12
          },
          "coefficients_env1": {
            "Intercept": 0.6797378700056923,
            "bs(x9, df=4, degree=3)[0]": 0.42387401858217855,
            "bs(x9, df=4, degree=3)[1]": -1.9728005412086445,
            "bs(x9, df=4, degree=3)[2]": 1.7065091462481266,
            "bs(x9, df=4, degree=3)[3]": -3.33998910345285
          },
          "coefficients_env2": {
            "Intercept": -0.2823073034427196,
            "bs(x9, df=4, degree=3)[0]": 0.09499103935419972,
            "bs(x9, df=4, degree=3)[1]": 0.44245267589970877,
            "bs(x9, df=4, degree=3)[2]": 0.06585903185689193,
            "bs(x9, df=4, degree=3)[3]": 1.5192279364796564
          }
        },
        "has_functional_shift": true
      },
      "13": {
        "shifted_edges": [
          [
            7,
            13
          ]
        ],
        "test_details": {
          "y_node": 13,
          "parents": [
            5,
            7
          ],
          "functional_shift_detected": true,
          "p_value_overall": 0.01169177519247322,
          "parent_specific_p_values": {
            "5": 0.2092486461346421,
            "7": 0.007708385698339204
          },
          "coefficients_env1": {
            "Intercept": -3.536340519809687,
            "bs(x5, df=4, degree=3)[0]": 3.970374750682879,
            "bs(x5, df=4, degree=3)[1]": 0.6986910500742292,
            "bs(x5, df=4, degree=3)[2]": 4.048481232383906,
            "bs(x5, df=4, degree=3)[3]": 0.20285348927769192,
            "bs(x7, df=4, degree=3)[0]": 3.4555361931756474,
            "bs(x7, df=4, degree=3)[1]": -0.8394842859292744,
            "bs(x7, df=4, degree=3)[2]": 4.031198798623465,
            "bs(x7, df=4, degree=3)[3]": -0.43449272313629966
          },
          "coefficients_env2": {
            "Intercept": -1.5287960929744118,
            "bs(x5, df=4, degree=3)[0]": 2.853976904923368,
            "bs(x5, df=4, degree=3)[1]": -0.39871876892783886,
            "bs(x5, df=4, degree=3)[2]": 2.909829994189797,
            "bs(x5, df=4, degree=3)[3]": -0.884462337087602,
            "bs(x7, df=4, degree=3)[0]": 2.032788779889997,
            "bs(x7, df=4, degree=3)[1]": -0.994344250501765,
            "bs(x7, df=4, degree=3)[2]": 2.528710405560914,
            "bs(x7, df=4, degree=3)[3]": -1.9886196548947055
          }
        },
        "has_functional_shift": true
      },
      "17": {
        "shifted_edges": [],
        "test_details": {
          "y_node": 17,
          "parents": [
            5,
            12
          ],
          "functional_shift_detected": false,
          "p_value_overall": 0.32999238854946444,
          "parent_specific_p_values": {},
          "coefficients_env1": {
            "Intercept": -1.159025574301949,
            "bs(x5, df=4, degree=3)[0]": 4.009744283251436,
            "bs(x5, df=4, degree=3)[1]": 1.1627856543126778,
            "bs(x5, df=4, degree=3)[2]": 3.9840308713175094,
            "bs(x5, df=4, degree=3)[3]": 0.5886681480667602,
            "bs(x12, df=4, degree=3)[0]": -2.460474241025154,
            "bs(x12, df=4, degree=3)[1]": 0.9989562125546518,
            "bs(x12, df=4, degree=3)[2]": -2.0386546218898043,
            "bs(x12, df=4, degree=3)[3]": -1.0303994860347412
          },
          "coefficients_env2": {
            "Intercept": 0.7902385506564016,
            "bs(x5, df=4, degree=3)[0]": 2.936410504700798,
            "bs(x5, df=4, degree=3)[1]": -0.5511309763143069,
            "bs(x5, df=4, degree=3)[2]": 3.0022030595886635,
            "bs(x5, df=4, degree=3)[3]": -1.0152127570478175,
            "bs(x12, df=4, degree=3)[0]": -3.028442492199564,
            "bs(x12, df=4, degree=3)[1]": 0.4715059200100745,
            "bs(x12, df=4, degree=3)[2]": -2.7141220763623517,
            "bs(x12, df=4, degree=3)[3]": -1.0033852918002666
          }
        },
        "has_functional_shift": false
      }
    },
    "all_shifted_edges": [
      [
        3,
        9
      ],
      [
        9,
        11
      ],
      [
        7,
        13
      ]
    ]
  }
}