{
  "dataset_info": {
    "seed": 265,
    "dataset_index": 14,
    "node_count": 40,
    "edge_count": 40,
    "graph_type": "SF",
    "shifted_nodes": [
      24,
      1,
      38,
      35,
      18,
      22,
      3,
      33
    ],
    "shift_types": {
      "24": [
        "pa_delete"
      ],
      "1": [
        "pa_delete"
      ],
      "38": [
        "pa_delete"
      ],
      "35": [
        "pa_delete"
      ],
      "18": [
        "noise_N02"
      ],
      "22": [
        "noise_N02"
      ],
      "3": [
        "noise_N02"
      ],
      "33": [
        "noise_N02"
      ]
    },
    "shift_case": "pa_delete_noise_N02",
    "deleted_parents": {
      "24": 7,
      "1": 0,
      "38": 6,
      "35": 4
    }
  },
  "model": "iscan",
  "config_name": "SF",
  "dag_structure": "standard",
  "device": "cuda:0",
  "iscan": {
    "detected_shifted_nodes": [
      15,
      9,
      6,
      5,
      4,
      26,
      24,
      35,
      38,
      22,
      2,
      18,
      33,
      25
    ],
    "order": [
      1,
      2,
      26,
      25,
      9,
      15,
      6,
      3,
      5,
      4,
      7,
      11,
      33,
      17,
      24,
      8,
      23,
      21,
      28,
      14,
      13,
      27,
      37,
      19,
      32,
      29,
      12,
      36,
      16,
      20,
      30,
      38,
      34,
      31,
      18,
      22,
      39,
      10,
      35,
      0
    ],
    "ratio_dict": {
      "15": 9.24842786003688,
      "9": 6.975335128153996,
      "6": 5.3730611742666285,
      "5": 4.932913549656312,
      "4": 3.3772626024599077,
      "26": 2.4416346649746363,
      "24": 2.078687878599118,
      "35": 2.069233122612762,
      "38": 1.8903264535922912,
      "22": 1.826540194706841,
      "2": 1.6734182275668201,
      "18": 1.51842872974849,
      "33": 1.3952714849661156,
      "25": 1.3291460779466153,
      "0": 1.0694350958732282,
      "8": 1.0170709850078918,
      "17": 0.9688649345229923,
      "39": 0.9621499784196772,
      "10": 0.9580061991003181,
      "23": 0.9434941452251152,
      "21": 0.9207951377806075,
      "14": 0.8896271339347569,
      "3": 0.8801840252949942,
      "30": 0.8772938487383095,
      "7": 0.8613371282139705,
      "16": 0.8473238017863031,
      "31": 0.8409532874266297,
      "11": 0.8404228859520296,
      "20": 0.8191860767171888,
      "27": 0.8114040061000406,
      "12": 0.805681711120834,
      "28": 0.7710758659217202,
      "29": 0.7651457383717944,
      "32": 0.7544777209853335,
      "19": 0.745939821768291,
      "34": 0.7260958283807715,
      "37": 0.7249032135709033,
      "36": 0.6863582694446813,
      "13": 0.6706564491252824
    },
    "true_shifted_node_summary": {
      "1": {
        "is_detected_as_shifted": false,
        "has_functional_shift_detected": true
      },
      "33": {
        "is_detected_as_shifted": true,
        "has_functional_shift_detected": true
      },
      "35": {
        "is_detected_as_shifted": true,
        "has_functional_shift_detected": true
      },
      "3": {
        "is_detected_as_shifted": false,
        "has_functional_shift_detected": true
      },
      "38": {
        "is_detected_as_shifted": true,
        "has_functional_shift_detected": true
      },
      "18": {
        "is_detected_as_shifted": true,
        "has_functional_shift_detected": true
      },
      "22": {
        "is_detected_as_shifted": true,
        "has_functional_shift_detected": true
      },
      "24": {
        "is_detected_as_shifted": true,
        "has_functional_shift_detected": true
      }
    },
    "functional_shift_results": {
      "1": {
        "shifted_edges": [
          [
            0,
            1
          ]
        ],
        "test_details": {
          "y_node": 1,
          "parents": [
            0
          ],
          "functional_shift_detected": true,
          "p_value_overall": 1.2167585522471214e-06,
          "parent_specific_p_values": {
            "0": 1.2167585522471214e-06
          },
          "coefficients_env1": {
            "Intercept": -2.127831218378204,
            "bs(x0, df=4, degree=3)[0]": 4.115096975805812,
            "bs(x0, df=4, degree=3)[1]": 0.6853330370685669,
            "bs(x0, df=4, degree=3)[2]": 3.8424602646915473,
            "bs(x0, df=4, degree=3)[3]": 0.42411132237417604
          },
          "coefficients_env2": {
            "Intercept": 0.3446203460523129,
            "bs(x0, df=4, degree=3)[0]": -0.44101402625315844,
            "bs(x0, df=4, degree=3)[1]": -0.10170548458189627,
            "bs(x0, df=4, degree=3)[2]": -0.44958325922557385,
            "bs(x0, df=4, degree=3)[3]": 0.18141522901486332
          }
        },
        "has_functional_shift": true
      },
      "33": {
        "shifted_edges": [
          [
            7,
            33
          ]
        ],
        "test_details": {
          "y_node": 33,
          "parents": [
            7
          ],
          "functional_shift_detected": true,
          "p_value_overall": 1.6151346926562837e-08,
          "parent_specific_p_values": {
            "7": 1.6151346926562837e-08
          },
          "coefficients_env1": {
            "Intercept": -0.35140651769809933,
            "bs(x7, df=4, degree=3)[0]": 1.6207072430591225,
            "bs(x7, df=4, degree=3)[1]": -0.9709770305005876,
            "bs(x7, df=4, degree=3)[2]": 2.456184197050681,
            "bs(x7, df=4, degree=3)[3]": -1.5150992584745844
          },
          "coefficients_env2": {
            "Intercept": 1.7173044531697115,
            "bs(x7, df=4, degree=3)[0]": -1.8699018846351636,
            "bs(x7, df=4, degree=3)[1]": -1.5491739920008523,
            "bs(x7, df=4, degree=3)[2]": -0.16409526880388334,
            "bs(x7, df=4, degree=3)[3]": -4.957694375963267
          }
        },
        "has_functional_shift": true
      },
      "35": {
        "shifted_edges": [
          [
            4,
            35
          ]
        ],
        "test_details": {
          "y_node": 35,
          "parents": [
            4
          ],
          "functional_shift_detected": true,
          "p_value_overall": 1.4715075824511814e-09,
          "parent_specific_p_values": {
            "4": 1.4715075824511814e-09
          },
          "coefficients_env1": {
            "Intercept": -0.22754424667405515,
            "bs(x4, df=4, degree=3)[0]": 1.6150082659947165,
            "bs(x4, df=4, degree=3)[1]": -1.4926065548318264,
            "bs(x4, df=4, degree=3)[2]": 2.739289864816855,
            "bs(x4, df=4, degree=3)[3]": -2.363221658221736
          },
          "coefficients_env2": {
            "Intercept": -1.1128340501817835,
            "bs(x4, df=4, degree=3)[0]": 0.8602224366580659,
            "bs(x4, df=4, degree=3)[1]": 1.2509522225379803,
            "bs(x4, df=4, degree=3)[2]": 1.2633752705578418,
            "bs(x4, df=4, degree=3)[3]": 0.9513039388336672
          }
        },
        "has_functional_shift": true
      },
      "3": {
        "shifted_edges": [
          [
            1,
            3
          ]
        ],
        "test_details": {
          "y_node": 3,
          "parents": [
            1
          ],
          "functional_shift_detected": true,
          "p_value_overall": 3.456023559256227e-05,
          "parent_specific_p_values": {
            "1": 3.456023559256227e-05
          },
          "coefficients_env1": {
            "Intercept": 0.07199297797602391,
            "bs(x1, df=4, degree=3)[0]": 1.370961676679664,
            "bs(x1, df=4, degree=3)[1]": -1.5365406356053861,
            "bs(x1, df=4, degree=3)[2]": 2.2558409979516822,
            "bs(x1, df=4, degree=3)[3]": -3.5997701092203536
          },
          "coefficients_env2": {
            "Intercept": -2.4326719024902443,
            "bs(x1, df=4, degree=3)[0]": 4.314030207095088,
            "bs(x1, df=4, degree=3)[1]": 0.9891961589039185,