{
  "dataset_info": {
    "seed": 280,
    "dataset_index": 29,
    "node_count": 40,
    "edge_count": 40,
    "graph_type": "SF",
    "shifted_nodes": [
      9,
      30,
      18,
      29,
      15,
      11,
      6,
      7
    ],
    "shift_types": {
      "9": [
        "noise_N02"
      ],
      "30": [
        "noise_N02"
      ],
      "18": [
        "noise_N02"
      ],
      "29": [
        "noise_N02"
      ],
      "15": [
        "noise_laplace"
      ],
      "11": [
        "noise_laplace"
      ],
      "6": [
        "noise_laplace"
      ],
      "7": [
        "noise_laplace"
      ]
    },
    "shift_case": "noise_N02_laplace",
    "deleted_parents": {}
  },
  "model": "iscan",
  "config_name": "SF",
  "dag_structure": "standard",
  "device": "cuda:0",
  "iscan": {
    "detected_shifted_nodes": [
      21
    ],
    "order": [
      35,
      9,
      6,
      21,
      14,
      36,
      16,
      31,
      13,
      38,
      17,
      24,
      1,
      3,
      7,
      4,
      22,
      10,
      12,
      2,
      34,
      15,
      5,
      23,
      28,
      25,
      8,
      11,
      19,
      18,
      33,
      30,
      37,
      39,
      20,
      27,
      32,
      29,
      26,
      0
    ],
    "ratio_dict": {
      "21": 7.239839834479506,
      "24": 1.4913379329088783,
      "16": 1.4516461391863984,
      "30": 1.376918961839682,
      "7": 1.3529825543851115,
      "15": 1.3310969790691372,
      "31": 1.3210660831020622,
      "29": 1.2993161122870196,
      "6": 1.2575195790512306,
      "18": 1.2297246256077818,
      "26": 1.0820707919139168,
      "10": 1.0730233326797136,
      "3": 1.0339151949292953,
      "11": 1.021291313945384,
      "22": 1.0045734932272334,
      "34": 0.9789815482911891,
      "12": 0.9722927609666016,
      "32": 0.9533207830222402,
      "0": 0.9457537231203816,
      "36": 0.9141691679932296,
      "19": 0.9103782126359953,
      "5": 0.8966641764686238,
      "4": 0.8933905858769176,
      "17": 0.8906102917665559,
      "37": 0.8852969442778297,
      "9": 0.8650691796833099,
      "39": 0.8544524281744611,
      "20": 0.8377856454460226,
      "27": 0.8300972739820125,
      "14": 0.8299795888044,
      "2": 0.820133269985693,
      "1": 0.8013692553753038,
      "38": 0.787863733993084,
      "28": 0.7624432282107272,
      "13": 0.7494371785989332,
      "8": 0.7451598696283317,
      "25": 0.6385337626555748,
      "23": 0.6360317972709465,
      "33": 0.6147894551886671
    },
    "true_shifted_node_summary": {
      "6": {
        "is_detected_as_shifted": false,
        "has_functional_shift_detected": true
      },
      "7": {
        "is_detected_as_shifted": false,
        "has_functional_shift_detected": false
      },
      "9": {
        "is_detected_as_shifted": false,
        "has_functional_shift_detected": true
      },
      "11": {
        "is_detected_as_shifted": false,
        "has_functional_shift_detected": true
      },
      "15": {
        "is_detected_as_shifted": false,
        "has_functional_shift_detected": true
      },
      "18": {
        "is_detected_as_shifted": false,
        "has_functional_shift_detected": true
      },
      "29": {
        "is_detected_as_shifted": false,
        "has_functional_shift_detected": true
      },
      "30": {
        "is_detected_as_shifted": false,
        "has_functional_shift_detected": false
      }
    },
    "functional_shift_results": {
      "6": {
        "shifted_edges": [
          [
            1,
            6
          ]
        ],
        "test_details": {
          "y_node": 6,
          "parents": [
            1
          ],
          "functional_shift_detected": true,
          "p_value_overall": 3.18302797609471e-05,
          "parent_specific_p_values": {
            "1": 3.18302797609471e-05
          },
          "coefficients_env1": {
            "Intercept": -0.35218325058873523,
            "bs(x1, df=4, degree=3)[0]": 2.9110075847157417,
            "bs(x1, df=4, degree=3)[1]": -1.9641547805379362,
            "bs(x1, df=4, degree=3)[2]": 2.6840264190367287,
            "bs(x1, df=4, degree=3)[3]": -2.429221741242867
          },
          "coefficients_env2": {
            "Intercept": -0.22015726663314128,
            "bs(x1, df=4, degree=3)[0]": 1.7719321656050027,
            "bs(x1, df=4, degree=3)[1]": -1.3913708926710384,
            "bs(x1, df=4, degree=3)[2]": 2.323521981480625,
            "bs(x1, df=4, degree=3)[3]": -0.6873452136419134
          }
        },
        "has_functional_shift": true
      },
      "7": {
        "shifted_edges": [],
        "test_details": {
          "y_node": 7,
          "parents": [
            3
          ],
          "functional_shift_detected": false,
          "p_value_overall": 0.3653377737129815,
          "parent_specific_p_values": {},
          "coefficients_env1": {
            "Intercept": -0.2288247459557854,
            "bs(x3, df=4, degree=3)[0]": 1.7456829221154857,
            "bs(x3, df=4, degree=3)[1]": -1.3994235967415918,
            "bs(x3, df=4, degree=3)[2]": 2.447160983745623,
            "bs(x3, df=4, degree=3)[3]": -1.7330496160977709
          },
          "coefficients_env2": {
            "Intercept": 1.6912708552067723,
            "bs(x3, df=4, degree=3)[0]": -0.6855354041661559,
            "bs(x3, df=4, degree=3)[1]": -2.792034201595521,
            "bs(x3, df=4, degree=3)[2]": 0.37982503648125643,
            "bs(x3, df=4, degree=3)[3]": -3.4594079584775517
          }
        },
        "has_functional_shift": false
      },
      "9": {
        "shifted_edges": [
          [
            6,
            9
          ]
        ],
        "test_details": {
          "y_node": 9,
          "parents": [
            6
          ],
          "functional_shift_detected": true,
          "p_value_overall": 0.03414606907391038,
          "parent_specific_p_values": {
            "6": 0.03414606907391038
          },
          "coefficients_env1": {
            "Intercept": 0.8087631918906965,
            "bs(x6, df=4, degree=3)[0]": 0.34318309809232017,
            "bs(x6, df=4, degree=3)[1]": -1.933928135740876,
            "bs(x6, df=4, degree=3)[2]": 1.1049314819518044,
            "bs(x6, df=4, degree=3)[3]": -2.441790538422033
          },
          "coefficients_env2": {
            "Intercept": -0.6062741401194296,
            "bs(x6, df=4, degree=3)[0]": 1.2255214366069607,
            "bs(x6, df=4, degree=3)[1]": 0.09893235882504776,
            "bs(x6, df=4, degree=3)[2]": 2.0858128078741864,
            "bs(x6, df=4, degree=3)[3]": -0.3384473977539524
          }
        },
        "has_functional_shift": true
      },
      "11": {
        "shifted_edges": [
          [
            6,
            11
          ]
        ],
        "test_details": {
          "y_node": 11,
          "parents": [
            6
          ],
          "functional_shift_detected": true,
          "p_value_overall": 0.0004072306287474792,
          "parent_specific_p_values": {
            "6": 0.0004072306287474792
          },
          "coefficients_env1": {
            "Intercept": 0.47219808977421135,
            "bs(x6, df=4, degree=3)[0]": 1.0918074062866026,
            "bs(x6, df=4, degree=3)[1]": -2.0398822271606494,
            "bs(x6, df=4, degree=3)[2]": 1.71684014989085,
            "bs(x6, df=4, degree=3)[3]": -1.9540292377012685
          },
          "coefficients_env2": {
            "Intercept": -0.44733111688836713,
            "bs(x6, df=4, degree=3)[0]": 0.8406102616007862,
            "bs(x6, df=4, degree=3)[1]": 0.1708057094949772,
            "bs(x6, df=4, degree=3)[2]": 1.8810277674834803,
            "bs(x6, df=4, degree=3)[3]": -1.1733765950028439
          }
        },
        "has_functional_shift": true
      },
      "15": {
        "shifted_edges": [
          [
            6,
            15
          ]
        ],
        "test_details": {
          "y_node": 15,