{
  "dataset_info": {
    "seed": 271,
    "dataset_index": 20,
    "node_count": 40,
    "edge_count": 40,
    "graph_type": "SF",
    "shifted_nodes": [
      19,
      38,
      37,
      33,
      8,
      21,
      2,
      17
    ],
    "shift_types": {
      "19": [
        "pa_delete"
      ],
      "38": [
        "pa_delete"
      ],
      "37": [
        "pa_delete"
      ],
      "33": [
        "pa_delete"
      ],
      "8": [
        "noise_laplace"
      ],
      "21": [
        "noise_laplace"
      ],
      "2": [
        "noise_laplace"
      ],
      "17": [
        "noise_laplace"
      ]
    },
    "shift_case": "pa_delete_noise_laplace",
    "deleted_parents": {
      "19": 1,
      "38": 33,
      "37": 20,
      "33": 3
    }
  },
  "model": "iscan",
  "config_name": "SF",
  "dag_structure": "standard",
  "device": "cuda:0",
  "iscan": {
    "detected_shifted_nodes": [
      19,
      0,
      37,
      33,
      18,
      38,
      8,
      17,
      21,
      16,
      7
    ],
    "order": [
      3,
      7,
      18,
      12,
      33,
      20,
      38,
      14,
      9,
      1,
      11,
      2,
      23,
      27,
      10,
      16,
      25,
      36,
      26,
      29,
      24,
      15,
      5,
      28,
      19,
      32,
      6,
      39,
      21,
      30,
      4,
      34,
      22,
      35,
      17,
      31,
      8,
      13,
      37,
      0
    ],
    "ratio_dict": {
      "19": 1.8264711339172686,
      "0": 1.7180532391496774,
      "37": 1.6962254211387466,
      "33": 1.677130820966017,
      "18": 1.5938067421401978,
      "38": 1.396229219821814,
      "8": 1.3892745151667532,
      "17": 1.358894370089245,
      "21": 1.3494859615462773,
      "16": 1.1969438761167641,
      "7": 1.1046619459516442,
      "15": 0.9902012286565258,
      "12": 0.9876593283108004,
      "29": 0.9800213549079192,
      "27": 0.9548409166047955,
      "26": 0.9271585469665364,
      "10": 0.9176055549503576,
      "20": 0.9151674141823879,
      "32": 0.9021156926500957,
      "4": 0.8930756679815788,
      "2": 0.8773713451676133,
      "22": 0.8565662735220181,
      "36": 0.838166909751874,
      "35": 0.8372282631115182,
      "24": 0.8323484598859174,
      "13": 0.8281450277856478,
      "34": 0.826942744662281,
      "31": 0.8239973182647535,
      "30": 0.8084115757038254,
      "11": 0.7825800959938914,
      "6": 0.7817673340252382,
      "1": 0.7508102982134274,
      "14": 0.7460875276809084,
      "25": 0.7426952939785133,
      "28": 0.7345683293361914,
      "23": 0.6853760928255683,
      "9": 0.6458264116715465,
      "5": 0.6451409207552944,
      "39": 0.5911230914454167
    },
    "true_shifted_node_summary": {
      "33": {
        "is_detected_as_shifted": true,
        "has_functional_shift_detected": true
      },
      "2": {
        "is_detected_as_shifted": false,
        "has_functional_shift_detected": true
      },
      "37": {
        "is_detected_as_shifted": true,
        "has_functional_shift_detected": true
      },
      "38": {
        "is_detected_as_shifted": true,
        "has_functional_shift_detected": true
      },
      "8": {
        "is_detected_as_shifted": true,
        "has_functional_shift_detected": false
      },
      "17": {
        "is_detected_as_shifted": true,
        "has_functional_shift_detected": false
      },
      "19": {
        "is_detected_as_shifted": true,
        "has_functional_shift_detected": true
      },
      "21": {
        "is_detected_as_shifted": true,
        "has_functional_shift_detected": false
      }
    },
    "functional_shift_results": {
      "33": {
        "shifted_edges": [
          [
            3,
            33
          ]
        ],
        "test_details": {
          "y_node": 33,
          "parents": [
            3
          ],
          "functional_shift_detected": true,
          "p_value_overall": 1.86925482426048e-07,
          "parent_specific_p_values": {
            "3": 1.86925482426048e-07
          },
          "coefficients_env1": {
            "Intercept": 0.4328949442756657,
            "bs(x3, df=4, degree=3)[0]": 0.33418981023566385,
            "bs(x3, df=4, degree=3)[1]": -1.3007271693424647,
            "bs(x3, df=4, degree=3)[2]": 1.597787478827211,
            "bs(x3, df=4, degree=3)[3]": -4.410250650096071
          },
          "coefficients_env2": {
            "Intercept": 0.65328591406028,
            "bs(x3, df=4, degree=3)[0]": -0.7915205177983127,
            "bs(x3, df=4, degree=3)[1]": -0.5376614841115739,
            "bs(x3, df=4, degree=3)[2]": -0.6717356272336343,
            "bs(x3, df=4, degree=3)[3]": -0.4079928257665695
          }
        },
        "has_functional_shift": true
      },
      "2": {
        "shifted_edges": [
          [
            0,
            2
          ]
        ],
        "test_details": {
          "y_node": 2,
          "parents": [
            0
          ],
          "functional_shift_detected": true,
          "p_value_overall": 0.04693045916440408,
          "parent_specific_p_values": {
            "0": 0.04693045916440408
          },
          "coefficients_env1": {
            "Intercept": -1.4737656329921593,
            "bs(x0, df=4, degree=3)[0]": 3.391084869750903,
            "bs(x0, df=4, degree=3)[1]": 0.08341956129686702,
            "bs(x0, df=4, degree=3)[2]": 3.427650775669877,
            "bs(x0, df=4, degree=3)[3]": -0.895108025689617
          },
          "coefficients_env2": {
            "Intercept": -0.2769481211971637,
            "bs(x0, df=4, degree=3)[0]": 1.5423128040969238,
            "bs(x0, df=4, degree=3)[1]": -0.5577819043628589,
            "bs(x0, df=4, degree=3)[2]": 1.8483609219624397,
            "bs(x0, df=4, degree=3)[3]": -1.6455204115083562
          }
        },
        "has_functional_shift": true
      },
      "37": {
        "shifted_edges": [
          [
            20,
            37
          ]
        ],
        "test_details": {
          "y_node": 37,
          "parents": [
            20
          ],
          "functional_shift_detected": true,
          "p_value_overall": 1.1872614003038962e-11,
          "parent_specific_p_values": {
            "20": 1.1872614003038962e-11
          },
          "coefficients_env1": {
            "Intercept": 0.8003499683133313,
            "bs(x20, df=4, degree=3)[0]": 0.24859484139249424,
            "bs(x20, df=4, degree=3)[1]": -2.3670339051964593,
            "bs(x20, df=4, degree=3)[2]": 1.7368186359504103,
            "bs(x20, df=4, degree=3)[3]": -3.0719396993715704
          },
          "coefficients_env2": {
            "Intercept": -0.15274163548428266,
            "bs(x20, df=4, degree=3)[0]": -0.22650164763808076,
            "bs(x20, df=4, degree=3)[1]": 0.47898196543397065,
            "bs(x20, df=4, degree=3)[2]": 0.004988443597649939,
            "bs(x20, df=4, degree=3)[3]": 0.3410029054023436
          }
        },
        "has_functional_shift": true
      },
      "38": {
        "shifted_edges": [
          [
            33,
            38
          ]
        ],
        "test_details": {
          "y_node": 38,
          "parents": [
            33
          ],
          "functional_shift_detected": true,
          "p_value_overall": 2.3314683517128287e-15,
          "parent_specific_p_values": {
            "33": 2.3314683517128287e-15
          },
          "coefficients_env1": {
            "Intercept": 0.021050666512958616,
            "bs(x33, df=4, degree=3)[0]": 2.186357869359609,
            "bs(x33, df=4, degree=3)[1]": -2.164410265981243,
            "bs(x33, df=4, degree=3)[2]": 2.369799335410866,
            "bs(x33, df=4, degree=3)[3]": -1.6174281869536773
          },
          "coefficients_env2": {
            "Intercept": 0.9085401456930432,
            "bs(x33, df=4, degree=3)[0]": -1.515535351801091,
            "bs(x33, df=4, degree=3)[1]": -0.25693681408174096,