{
  "dataset_info": {
    "seed": 65,
    "dataset_index": 24,
    "node_count": 10,
    "edge_count": 10,
    "graph_type": "ER",
    "shifted_nodes": [
      5,
      6
    ],
    "shift_types": {
      "5": [
        "sin_cos"
      ],
      "6": [
        "pa_delete"
      ]
    },
    "shift_case": "sin_cos_pa_delete",
    "deleted_parents": {
      "6": 0
    }
  },
  "model": "linearccp",
  "exp_type": "synthetic",
  "config_name": "ER",
  "device": "cuda:0",
  "linearccp": {
    "shifted_nodes": [
      5,
      6,
      7,
      9
    ],
    "functional_change_nodes": [
      5,
      7,
      9
    ],
    "noise_change_nodes": [
      5,
      6
    ],
    "node_results": {
      "3": {
        "is_shifted": false,
        "parents": [
          1,
          2
        ],
        "function_test": {
          "f_statistic": 0.31685692787235314,
          "p_value": 0.72847163641654,
          "is_function_changed": false,
          "beta_env1": [
            0.0018553937312419599,
            0.009515860885458598
          ],
          "beta_env2": [
            -0.0051522203801651935,
            -0.018332663347493384
          ]
        },
        "noise_test": {
          "ks_statistic": 0.042,
          "p_value": 0.34112475112661245,
          "is_noise_changed": false
        }
      },
      "4": {
        "is_shifted": false,
        "parents": [
          3
        ],
        "function_test": {
          "f_statistic": 0.021938710553487614,
          "p_value": 0.8822652214871582,
          "is_function_changed": false,
          "beta_env1": [
            0.03027594116605216
          ],
          "beta_env2": [
            0.02387381780706051
          ]
        },
        "noise_test": {
          "ks_statistic": 0.051,
          "p_value": 0.14836452078962484,
          "is_noise_changed": false
        }
      },
      "5": {
        "is_shifted": true,
        "parents": [
          2
        ],
        "function_test": {
          "f_statistic": 44.54783597524234,
          "p_value": 3.205891108137848e-11,
          "is_function_changed": true,
          "beta_env1": [
            -0.0028048816224284577
          ],
          "beta_env2": [
            0.20944221379433273
          ]
        },
        "noise_test": {
          "ks_statistic": 0.08,
          "p_value": 0.003311056963176061,
          "is_noise_changed": true
        }
      },
      "6": {
        "is_shifted": true,
        "parents": [
          0
        ],
        "function_test": {
          "f_statistic": 0.1726599552007257,
          "p_value": 0.6778032250584,
          "is_function_changed": false,
          "beta_env1": [
            0.012013387361693021
          ],
          "beta_env2": [
            -0.0034909703889981175
          ]
        },
        "noise_test": {
          "ks_statistic": 0.124,
          "p_value": 4.0687670654048253e-07,
          "is_noise_changed": true
        }
      },
      "7": {
        "is_shifted": true,
        "parents": [
          0,
          3,
          4
        ],
        "function_test": {
          "f_statistic": 3.850711436201595,
          "p_value": 0.009215009440143418,
          "is_function_changed": true,
          "beta_env1": [
            -0.029655483892693194,
            0.06411758555332447,
            0.3942173344517536
          ],
          "beta_env2": [
            0.07553364314948044,
            0.012636178519206662,
            0.27280238659984934
          ]
        },
        "noise_test": {
          "ks_statistic": 0.031,
          "p_value": 0.7228251828701066,
          "is_noise_changed": false
        }
      },
      "9": {
        "is_shifted": true,
        "parents": [
          3,
          6
        ],
        "function_test": {
          "f_statistic": 3.8568529378006087,
          "p_value": 0.021292250814704428,
          "is_function_changed": true,
          "beta_env1": [
            -0.0027238346581946625,
            0.1481548964488533
          ],
          "beta_env2": [
            0.024569270609097867,
            0.011713515819950013
          ]
        },
        "noise_test": {
          "ks_statistic": 0.034,
          "p_value": 0.6101664688189142,
          "is_noise_changed": false
        }
      }
    },
    "metrics": {
      "true_positives": [
        5,
        6
      ],
      "false_positives": [
        7,
        9
      ],
      "false_negatives": [],
      "precision": 0.5,
      "recall": 1.0,
      "f1_score": 0.6666666666666666
    }
  },
  "complexity_analysis": {
    "success": true,
    "error": null,
    "dataset_params": {
      "n_samples": 1000,
      "n_nodes": 10,
      "avg_parents": 1.0,
      "max_parents": 3,
      "total_edges": 10
    },
    "time_complexity": {
      "execution_time_seconds": 0.05628657341003418,
      "execution_time_minutes": 0.000938109556833903
    },
    "space_complexity": {
      "peak_rss_mb": 590.0390625,
      "peak_memory_increase_mb": 0.0,
      "start_rss_mb": 590.0390625,
      "os": "Linux"
    },
    "scalability_metrics": {
      "time_per_node_sec": 0.005628657341003418,
      "time_per_sample_sec": 5.628657341003418e-05,
      "time_per_edge_sec": 0.005628657341003418,
      "memory_per_node_mb": 0.0,
      "memory_per_sample_mb": 0.0
    }
  }
}